﻿"Album","Artist","AlbumArtist","Year","Genre","Folder","TrackCount","TotalTime","TotalTimeString","FormatExtention","UserArtist","UserGenre","UserStyle","OriginalMedia","Label","SourceDate","Source"
"Wow","大西順子","大西順子","1993","Jazz","E:\Data\Music\Jazz\大西順子\Wow","8","3076","00:51:16","MP3","大西順子","Jazz","Contemporary","CD","Somethin'Else","2015/02/01","IWASAKI"
"Village Vanguard 2","大西順子","大西順子","2004","Jazz","E:\Data\Music\Jazz\大西順子\Village Vanguard 2","5","3384","00:56:24","MP3","大西順子","Jazz","Contemporary","CD","Somethin'Else","2015/02/01","IWASAKI"
"Village Vanguard","大西順子","大西順子","1994","Jazz","E:\Data\Music\Jazz\大西順子\Village Vanguard","6","3333","00:55:33","MP3","大西順子","Jazz","Bop","CD","Somethin'Else","2015/02/01","IWASAKI"
"The Jazz Workshop Presents The Sextet","大西順子","大西順子","1997","Jazz","E:\Data\Music\Jazz\大西順子\The Jazz Workshop Presents The Sextet","7","2704","00:45:04","MP3","大西順子","Jazz","","CD","Somethin'Else","2015/02/01","IWASAKI"
"Self Portrait","大西順子","大西順子","1998","Jazz","E:\Data\Music\Jazz\大西順子\Self Portrait","8","3563","00:59:23","MP3","大西順子","Jazz","Contemporary","CD","Somethin'Else","2015/02/01","IWASAKI"
"Play, Piano, Play","大西順子","大西順子","1996","Jazz","E:\Data\Music\Jazz\大西順子\Play, Piano, Play","7","3710","01:01:50","MP3","大西順子","Jazz","Contemporary","CD","Somethin'Else","2015/02/01","IWASAKI"
"Piano Quintet Suite","大西順子","大西順子","1995","Jazz","E:\Data\Music\Jazz\大西順子\Piano Quintet Suite","9","3619","01:00:19","MP3","大西順子","Jazz","Contemporary","CD","Somethin'Else","2015/02/01","IWASAKI"
"Glamorous Life","大西順子","大西順子","2017","Jazz","E:\Data\Music\Jazz\大西順子\Glamorous Life","9","3095","00:51:35","MP3","大西順子","Jazz","Contemporary","CD","Somethin'Cool","2019/01/04","IWASAKI 図書館"
"Fragile","大西順子","大西順子","1998","Jazz","E:\Data\Music\Jazz\大西順子\Fragile","7","3406","00:56:46","MP3","大西順子","Jazz","Contemporary","CD","Somethin'Else","2015/02/01","IWASAKI"
"Cruisin'","大西順子","大西順子","1993","Jazz","E:\Data\Music\Jazz\大西順子\Cruisin'","9","3704","01:01:44","MP3","大西順子","Jazz","Bop","CD","Somethin'Else","2015/02/01","IWASAKI"
"Voice","斉藤真理子","斉藤真理子","2002","Jazz","E:\Data\Music\Jazz\斉藤真理子\Voice","9","3236","00:53:56","MP3","斉藤真理子","Jazz","","MP3","What'sNew","2022/01/20","購入 Amazon"
"So Many Stars","Mariko Saito","Mariko Saito","2005","Contemporary Jazz","E:\Data\Music\Jazz\斉藤真理子\So Many Stars","9","3389","00:56:29","MP3","斉藤真理子","Jazz","","CD","What's New","2022/01/23","購入 Amazon"
"When Octorber Goes","山中千尋","山中千尋","2002","Jazz","E:\Data\Music\Jazz\山中千尋\When Octorber Goes(澤野工房)","10","3331","00:55:31","MP3","山中千尋","Jazz","","CD","Atelier Sawano","2015/02/01","IWASAKI"
"Syncopation Hazard","山中千尋","山中千尋","2015","Jazz","E:\Data\Music\Jazz\山中千尋\Syncopation Hazard","11","3138","00:52:18","MP3","山中千尋","Jazz","Contemporary","CD","BlueNote","2017/01/03","IWASAKI 図書館"
"Runnin' Wild","山中千尋","山中千尋","2009","Jazz","E:\Data\Music\Jazz\山中千尋\Runnin' Wild","14","3499","00:58:19","MP3","山中千尋","Jazz","Contemporary","CD","Verve","2015/02/01","IWASAKI"
"Outside by the Swing","山中千尋","山中千尋","2005","Jazz","E:\Data\Music\Jazz\山中千尋\OUTSIDE BY THE SWING","13","3557","00:59:17","MP3","山中千尋","Jazz","Contemporary","CD","Verve","2015/02/01","IWASAKI"
"My Favorite Blue Note","山中千尋","山中千尋","2014","Jazz","E:\Data\Music\Jazz\山中千尋\My Favorite Blue Note","13","4500","01:15:00","MP3","山中千尋","Jazz","","CD","Universal","2016/01/03","IWASAKI 図書館"
"Monk Studies","山中千尋","","2017","Jazz","E:\Data\Music\Jazz\山中千尋\Monk Studies","10","2661","00:44:21","MP3","山中千尋","Jazz","Contemporary","CD","BlueNote","2019/01/04","IWASAKI 図書館"
"LACH DOCH MAL","山中千尋","山中千尋","","Jazz","E:\Data\Music\Jazz\山中千尋\LACH DOCH MAL","12","3193","00:53:13","MP3","山中千尋","Jazz","Contemporary","CD","Verve","2015/02/01","IWASAKI"
"Bravogue","山中千尋","山中千尋","2008","Jazz","E:\Data\Music\Jazz\山中千尋\Bravogue","12","3803","01:03:23","MP3","山中千尋","Jazz","Contemporary","CD","Verve","2015/02/01","IWASAKI"
"After Hours","山中千尋","山中千尋","2008","Jazz","E:\Data\Music\Jazz\山中千尋\After Hours","8","2115","00:35:15","MP3","山中千尋","Jazz","","CD","Verve","2015/02/01","IWASAKI"
"Reborn","小曽根真","小曽根真","2003","Jazz","E:\Data\Music\Jazz\小曽根真\Reborn [IWA]","13","3839","01:03:59","MP3","小曽根真","Jazz","","CD","Verve","2015/02/01","IWASAKI"
"Treasure","小曽根真","小曽根真","2002","Jazz","E:\Data\Music\Jazz\小曽根真\Treasure","12","4373","01:12:53","MP3","小曽根真","Jazz","Contemporary","CD","Verve","2015/02/01","不明"
"The Swell Of Time","小曽根真","小曽根真","2012","Jazz","E:\Data\Music\Jazz\小曽根真\The Swell Of Time","12","2508","00:41:48","MP3","小曽根真","Jazz","","CD","Universal","2017/01/03","IWASAKI 図書館"
"So Many Colors","小曽根真","小曽根真","2001","Jazz","E:\Data\Music\Jazz\小曽根真\So many Colors","11","3730","01:02:10","MP3","小曽根真","Jazz","","CD","Verve","2015/02/01","IWASAKI"
"Reborn","小曽根真","小曽根真","2003","Jazz","E:\Data\Music\Jazz\小曽根真\Reborn","13","3839","01:03:59","MP3","小曽根真","Jazz","","CD","Verve","2015/02/01","不明"
"New Spirit","小曽根真","小曽根真","2004","Jazz","E:\Data\Music\Jazz\小曽根真\New Spirit","9","3664","01:01:04","MP3","小曽根真","Jazz","Classical","CD","","2015/02/01","IWASAKI"
"My Witch's Blue","小曽根真","小曽根真, Christian McBride & Jeff \"Tain\" Watts","2012","Jazz","E:\Data\Music\Jazz\小曽根真\My Witch's Blue","10","3316","00:55:16","MP3","小曽根真","Jazz","","CD","Verve","2015/02/01","IWASAKI"
"DUET with Satoru Shionoya","小曽根真","小曽根真","2005","Jazz","E:\Data\Music\Jazz\小曽根真\DUET with Satoru Shionoya","8","3603","01:00:03","MP3","小曽根真","Jazz","","CD","JVC","2015/02/01","IWASAKI"
"Dimensions","小曽根真","小曽根真","2017","Jazz","E:\Data\Music\Jazz\小曽根真\Dimensions","9","2960","00:49:20","MP3","小曽根真","Jazz","","CD","Verve","2019/01/04","IWASAKI 図書館"
"Breakout","小曽根真","小曽根真","1994","Jazz","E:\Data\Music\Jazz\小曽根真\Breakout","13","3827","01:03:47","MP3","小曽根真","Jazz","Contemporary","CD","Verve","2015/02/01","IWASAKI"
"Ballads","小曽根真","小曽根真","2008","Jazz","E:\Data\Music\Jazz\小曽根真\Ballads","13","4071","01:07:51","MP3","小曽根真","Jazz","","CD","Verve","2015/02/01","IWASAKI"
"Back At The Club In Tribute","小曽根真","小曽根真","2011","Jazz","E:\Data\Music\Jazz\小曽根真\Back At The Club In Tribute","9","3389","00:56:29","MP3","小曽根真","Jazz","BigBand","CD","Verve","2015/02/01","IWASAKI"
"VOICE","上原ひろみ Feat. Anthony Jackson & Simon Phillips","上原ひろみ","2011","Jazz","E:\Data\Music\Jazz\上原ひろみ\VOICE","9","3955","01:05:55","MP3","上原ひろみ","Jazz","Fusion","CD","","2015/02/01","IWASAKI"
"Time Control","Hiromi's Sonicbloom","上原ひろみ","2007","Jazz","E:\Data\Music\Jazz\上原ひろみ\Time Control","9","3703","01:01:43","MP3","上原ひろみ","Jazz","","CD","Telarc","2015/02/01","購入 Amazon"
"Spiral","Hiromi's Sonicbloom","上原ひろみ","2005","Jazz","E:\Data\Music\Jazz\上原ひろみ\Spiral","9","4389","01:13:09","MP3","上原ひろみ","Jazz","PostBop","CD","Telarc","2015/02/01","IWASAKI"
"Spectrum","Hiromi Uehara","Hiromi Uehara","2019","Jazz","E:\Data\Music\Jazz\上原ひろみ\Spectrum","9","4397","01:13:17","MP3","上原ひろみ","Jazz","Contemporary","CD","Telarc","2020/12/01","IWASAKI 図書館"
"Place To Be","上原ひろみ","上原ひろみ","2009","Jazz","E:\Data\Music\Jazz\上原ひろみ\Place To Be","13","4151","01:09:11","MP3","上原ひろみ","Jazz","PostBop","CD","Telarc","2015/02/01","IWASAKI"
"Move; The Trio Project Featuring Anthony Jackson & Simon Phillips","上原ひろみ","上原ひろみ","2012","Jazz","E:\Data\Music\Jazz\上原ひろみ\Move_ The Trio Project Featuring Anthony","9","4165","01:09:25","MP3","上原ひろみ","Jazz","Fusion","CD","Telarc","2015/02/01","IWASAKI"
"Live in Montreal","上原ひろみ","上原ひろみ","2017","Jazz","E:\Data\Music\Jazz\上原ひろみ\Live in Montreal","9","4331","01:12:11","MP3","上原ひろみ","Jazz","Contemporary","CD","Telarc","2019/08/18","IWASAKI 図書館"
"Beyond Standard","Hiromi's Sonicbloom","上原ひろみ","2008","Jazz","E:\Data\Music\Jazz\上原ひろみ\Beyond Standard","10","4191","01:09:51","MP3","上原ひろみ","Jazz","Fusion","CD","Telarc","2015/02/01","購入 Amazon"
"Another Mind","上原ひろみ","上原ひろみ","2003","Jazz","E:\Data\Music\Jazz\上原ひろみ\Another Mind","9","4221","01:10:21","MP3","上原ひろみ","Jazz","PostBop","CD","Telarc","2004/03/20","購入 Amazon"
"Spark","Anthony Jackson; Hiromi; Simon Phillips","上原ひろみ","2016","Jazz","E:\Data\Music\Jazz\上原ひろみ\Spark","9","4335","01:12:15","MP3","上原ひろみ","Jazz","","CD","","2020/11/06","購入"
"Brain","上原ひろみ","上原ひろみ","2004","Jazz","E:\Data\Music\Jazz\上原ひろみ\BRAIN","9","4478","01:14:38","MP3","上原ひろみ","Jazz","Fusion","CD","Telarc","2004/05/22","購入 Amazon"
"Weather Report[1982]","Weather Report","Weather Report","1982","Jazz","E:\Data\Music\Jazz\Weather Report\Weather Report[1982]","7","2531","00:42:11","MP3","Weather Report","Jazz","Fusion","CD","Columbia","2015/02/01","購入"
"Weather Report","Weather Report","Weather Report","1971","Jazz","E:\Data\Music\Jazz\Weather Report\Weather Report [LP]","8","2412","00:40:12","MP3","Weather Report","Jazz","Fusion","LP","CBS/Sony","2015/02/01","購入"
"Weather Report","Weather Report","Weather Report","1971","Jazz","E:\Data\Music\Jazz\Weather Report\Weather Report [CD]","8","2401","00:40:01","MP3","Weather Report","Jazz","Fusion","CD","Columbia","2015/01/30","IWASAKI"
"Tale Spinnin'","Weather Report","Weather Report","1975","Jazz","E:\Data\Music\Jazz\Weather Report\Tale Spinnin'","6","2590","00:43:10","MP3","Weather Report","Jazz","Fusion","CD","Columbia","2015/02/01","購入"
"Sweetnighter","Weather Report","Weather Report","1973","Jazz","E:\Data\Music\Jazz\Weather Report\Sweetnighter","6","2672","00:44:32","MP3","Weather Report","Jazz","Fusion","CD","Columbia","2015/02/01","不明"
"Night Passage","Weather Report","Weather Report","1980","Jazz","E:\Data\Music\Jazz\Weather Report\Night Passage","8","2882","00:48:02","MP3","Weather Report","Jazz","Fusion","CD","ARC/ Columbia","2009/09/22","購入 Amazon"
"Mysterious Traveller","Weather Report","Weather Report","1974","Jazz","E:\Data\Music\Jazz\Weather Report\Mysterious Traveller","7","2459","00:40:59","MP3","Weather Report","Jazz","Fusion","CD","Columbia","2015/02/01","不明"
"Mr. Gone","Weather Report","Weather Report","1978","Jazz","E:\Data\Music\Jazz\Weather Report\Mr. Gone","8","2245","00:37:25","MP3","Weather Report","Jazz","Fusion","CD","ARC","2015/02/01","購入"
"Live In Tokyo-2012 Remaster [Disc 2]","Weather Report","Weather Report","1972","Jazz","E:\Data\Music\Jazz\Weather Report\Live In Tokyo-2012 Remaster","5","5308","01:28:28","MP3","Weather Report","Jazz","Fusion","CD","Columbia","2015/02/01","IWASAKI"
"Live In Tokyo","Weather Report","Weather Report","1972","Jazz","E:\Data\Music\Jazz\Weather Report\Live In Tokyo","5","5308","01:28:28","MP3","Weather Report","Jazz","Fusion","CD","Columbia","2015/02/01","IWASAKI"
"Heavy Weather","Weather Report","Weather Report","1976","Jazz","E:\Data\Music\Jazz\Weather Report\Heavy Weater","8","2315","00:38:35","MP3","Weather Report","Jazz","Fusion","LP","CBS/Sony","2015/02/01","購入"
"Black Market","Weather Report","Weather Report","1975","Jazz","E:\Data\Music\Jazz\Weather Report\Black Market","7","2237","00:37:17","MP3","Weather Report","Jazz","Fusion","LP","CBS/Sony","2015/02/01","購入"
"8:30","Weather Report","Weather Report","1979","Jazz","E:\Data\Music\Jazz\Weather Report\8_30","12","4287","01:11:27","MP3","Weather Report","Jazz","Fusion","CD","ARC","2006/11/05","購入 Amazon"
"Threesome","Hank Jones,Eddie Gomez,Jimmy Cobb","The Great Jazz Trio","1982","Jazz","E:\Data\Music\Jazz\The Great Jazz Trio\Threesome","9","2476","00:41:16","MP3","The Great Jazz Trio","Jazz","HardBop","CD","Eastworld","2019/10/24","IWASAKI"
"The Session / Sleepy Meets the Great Jazz Trio","The Great Jazz Trio","The Great Jazz Trio","1980","Jazz","E:\Data\Music\Jazz\The Great Jazz Trio\The Session _ Sleepy Meets The Great Jazz Trio","7","2475","00:41:15","MP3","The Great Jazz Trio","Jazz","","LP","NextWave","2020/09/03","IWASAKI"
"The Great Tokyo Meeting","Hank Jones","The Great Jazz Trio","1978","Jazz","E:\Data\Music\Jazz\The Great Jazz Trio\The Great Tokyo Meeting","7","2442","00:40:42","MP3","The Great Jazz Trio","Jazz","PostBop","LP","EastWind","2020/09/03","IWASAKI"
"The Great Jazz Trio Direct From L.A.","Hank Jones","The Great Jazz Trio","1977","Jazz","E:\Data\Music\Jazz\The Great Jazz Trio\The Great Jazz Trio Direct From L.A","4","1756","00:29:16","MP3","The Great Jazz Trio","Jazz","PostBop","LP","EastWind","2020/09/03","IWASAKI"
"The Club New Yorker","Lewis Eley","The Great Jazz Trio","1983","Jazz","E:\Data\Music\Jazz\The Great Jazz Trio\The Club New Yorker","10","2854","00:47:34","MP3","The Great Jazz Trio","Jazz","Bop","LP","Interface","2020/09/03","IWASAKI"
"Re-Visited - The Great Jazz Trio At The Village Vanguard Volume 2","Hank Jones","The Great Jazz Trio","1980","Jazz","E:\Data\Music\Jazz\The Great Jazz Trio\Re-Visited - The Great Jazz Trio At The Village Vanguard Volume 2","8","2832","00:47:12","MP3","The Great Jazz Trio","Jazz","","LP","EastWorld","2020/09/03","IWASAKI"
"Re-Visited - The Great Jazz Trio At The Village Vanguard Volume 1","Hank Jones","The Great Jazz Trio","1980","Jazz","E:\Data\Music\Jazz\The Great Jazz Trio\Re-Visited - The Great Jazz Trio At The Village Vanguard Volume 1","7","2679","00:44:39","MP3","The Great Jazz Trio","Jazz","","LP","Eastworld","2020/09/03","IWASAKI"
"New Wine In Old Bottles","Hank Jones","The Great Jazz Trio","1978","Jazz","E:\Data\Music\Jazz\The Great Jazz Trio\New Wine In Old Bottles","6","2411","00:40:11","MP3","The Great Jazz Trio","Jazz","PostBop","LP","EastWind","2020/09/03","IWASAKI"
"Moreover","Hank Jones","The Great Jazz Trio","1980","Jazz","E:\Data\Music\Jazz\The Great Jazz Trio\Moreover","8","2450","00:40:50","MP3","The Great Jazz Trio","Jazz","Bop","LP","EastWind","2020/09/03","IWASAKI"
"Monk's Moods","Hank Jones","The Great Jazz Trio","1984","Jazz","E:\Data\Music\Jazz\The Great Jazz Trio\Monk's Moods","9","2693","00:44:53","MP3","The Great Jazz Trio","Jazz","","LP","Interface","2020/09/03","IWASAKI"
"N.Y.Sophisticate: A Tribute To Duke Ellington","Hank Jones","The Great Jazz Trio","1983","Jazz","E:\Data\Music\Jazz\The Great Jazz Trio\N.Y. Sophisticate _ A Tribute To Duke Ellington","10","2647","00:44:07","MP3","The Great Jazz Trio","Jazz","","LP","Denon","2020/09/03","IWASAKI"
"Milestones","Hank Jones","The Great Jazz Trio","1978","Jazz","E:\Data\Music\Jazz\The Great Jazz Trio\Milestones","7","2338","00:38:58","MP3","The Great Jazz Trio","Jazz","","LP","EastWind","2020/09/03","IWASAKI"
"Love For sale","The Great Jazz Trio","The Great Jazz Trio","1976","Jazz","E:\Data\Music\Jazz\The Great Jazz Trio\Love For Sale","6","2341","00:39:01","MP3","The Great Jazz Trio","Jazz","Bop","CD","EastWind","2015/02/01","不明"
"Kindness Joy Love & Happiness","The Great Jazz Trio","The Great Jazz Trio","1977","Jazz","E:\Data\Music\Jazz\The Great Jazz Trio\Kindness Joy Love & Happiness","7","2352","00:39:12","MP3","The Great Jazz Trio","Jazz","Bop","LP","East Wind","2015/02/01","購入"
"I'm Old Fashioned _ LP","The Great Jazz Trio","The Great Jazz Trio","1976","Jazz","E:\Data\Music\Jazz\The Great Jazz Trio\I'm Old Fashioned _ LP","8","2674","00:44:34","MP3","The Great Jazz Trio","Jazz","PostBop","LP","EastWind","2020/09/03","IWASAKI"
"Great Standards Vol.5","The Great Jazz Trio","The Great Jazz Trio","1990","Jazz","E:\Data\Music\Jazz\The Great Jazz Trio\Great Standards Vol.5","10","3206","00:53:26","MP3","The Great Jazz Trio","Jazz","","CD","Alfa","2015/02/01","IWASAKI"
"Flowers for lady day","Hank Jones,George Mraz,Roy Haynes","The Great Jazz Trio","1991","Jazz","E:\Data\Music\Jazz\The Great Jazz Trio\Flowers for lady day","10","3263","00:54:23","MP3","The Great Jazz Trio","Jazz","Bop","CD","Alfa","2019/10/24","IWASAKI"
"Easy To Love: Eri Sings Cole Porter","Hank Jones","The Great Jazz Trio","1983","Jazz","E:\Data\Music\Jazz\The Great Jazz Trio\Easy To Love _ Eri Sings Cole Porter","11","2624","00:43:44","MP3","The Great Jazz Trio","Jazz","Contemporary","LP","Denon","2020/09/03","IWASAKI"
"Collaboration","Hank Jones","The Great Jazz Trio","2002","Jazz","E:\Data\Music\Jazz\The Great Jazz Trio\Collaboration","10","3032","00:50:32","MP3","The Great Jazz Trio","Jazz","","CD","EightyEights","2007/10/28","購入 Amazon"
"Chapter II","Hank Jones","The Great Jazz Trio","1980","Jazz","E:\Data\Music\Jazz\The Great Jazz Trio\Chapter II","8","2393","00:39:53","MP3","The Great Jazz Trio","Jazz","Bop","LP","EastWind","2020/09/03","IWASAKI"
"Bird of Paradise _ LP","Sadao Watanabe","The Great Jazz Trio","1977","Jazz","E:\Data\Music\Jazz\The Great Jazz Trio\Bird Of Paradise _ LP","8","2259","00:37:39","MP3","The Great Jazz Trio","Jazz","Contemporary","LP","FlyingDisk","2020/09/03","IWASAKI"
"Great Jazz Trio & Friends With Nancy Wilson","Hank Jones","The Great Jazz Trio","1981","Jazz","E:\Data\Music\Jazz\The Great Jazz Trio\Aurex Jazz Festival' 81 The Great Jazz Trio & Friends With Nancy Wilson","9","2834","00:47:14","MP3","The Great Jazz Trio","Jazz","","LP","Eastworld","2020/09/03","IWASAKI"
"At Village Vanguard","Hank Jones","The Great Jazz Trio","1977","Jazz","E:\Data\Music\Jazz\The Great Jazz Trio\At The Village Vangurd","4","2212","00:36:52","MP3","The Great Jazz Trio","Jazz","HardBop","LP","Wast Wind","2015/02/01","購入"
"At Village Vanguard Vol 2","Hank Jones","The Great Jazz Trio","1977","Jazz","E:\Data\Music\Jazz\The Great Jazz Trio\At The Village Vanguard Vol 2","4","2294","00:38:14","MP3","The Great Jazz Trio","Jazz","HardBop","CD","EastWind","2015/02/01","不明"
"Ambrosia","Hank Jones","The Great Jazz Trio","1983","Jazz","E:\Data\Music\Jazz\The Great Jazz Trio\Ambrosia","8","2599","00:43:19","MP3","The Great Jazz Trio","Jazz","EasyListening","LP","Denon","2020/09/03","IWASAKI"
"Trident","McCoy Tyner","McCoy Tyner","1975","Jazz","E:\Data\Music\Jazz\McCOY TYNER\Trident","6","2428","00:40:28","MP3","McCoy Tyner","Jazz","PostBop","LP","Milestone","2015/02/01","購入"
"Time For Tyner","McCoy Tyner","McCoy Tyner","1968","Jazz","E:\Data\Music\Jazz\McCOY TYNER\Time For Tyner","6","2580","00:43:00","MP3","McCoy Tyner","Jazz","PostBop","CD","BlueNote","2015/02/01","IWASAKI"
"The Real McCoy","McCoy Tyner","McCoy Tyner","1967","Jazz","E:\Data\Music\Jazz\McCOY TYNER\The Real McCoy#2","5","2231","00:37:11","MP3","McCoy Tyner","Jazz","PostBop","CD","BlueNote","2015/02/01","IWASAKI"
"The Real McCoy","McCoy Tyner","McCoy Tyner","1967","Jazz","E:\Data\Music\Jazz\McCOY TYNER\The Real McCoy","5","2209","00:36:49","MP3","McCoy Tyner","Jazz","HardBop","LP","Blue Note","2015/02/01","購入"
"Tender Moments","McCoy Tyner","McCoy Tyner","1967","Jazz","E:\Data\Music\Jazz\McCOY TYNER\Tender Moments","6","2291","00:38:11","MP3","McCoy Tyner","Jazz","PostBop","CD","BlueNote","2015/02/01","IWASAKI"
"Supertrios","McCoy Tyner","McCoy Tyner","1977","Jazz","E:\Data\Music\Jazz\McCOY TYNER\Supertrios","12","4658","01:17:38","MP3","McCoy Tyner","Jazz","PostBop","CD","Milestone","2007/12/23","購入 Amazon"
"Song Of The New World","McCoy Tyner","McCoy Tyner","1973","Jazz","E:\Data\Music\Jazz\McCOY TYNER\Song Of The New World","5","2484","00:41:24","MP3","McCoy Tyner","Jazz","Contemporary","CD","Milestone","2007/12/23","購入 Amazon"
"Song For My Lady","McCoy Tyner","McCoy Tyner","1972","Jazz","E:\Data\Music\Jazz\McCOY TYNER\Song For My Lady","5","2672","00:44:32","MP3","McCoy Tyner","Jazz","","LP","Milestone","2015/02/01","購入"
"Solo: Live from San Francisco","McCoy Tyner","McCoy Tyner","2007","Jazz","E:\Data\Music\Jazz\McCOY TYNER\Solo_ Live From San Francisco","11","3026","00:50:26","MP3","McCoy Tyner","Jazz","PostBop","CD","McCoyTynerMusic","2015/02/01","IWASAKI"
"Solar - Live at Sweet Basil's","McCoy Tyner,Avery Sharpe,Aaron Scott","McCoy Tyner","1991","Jazz","E:\Data\Music\Jazz\McCOY TYNER\Solar - Live at Sweet Basil's","5","3150","00:52:30","MP3","McCoy Tyner","Jazz","PostBop","CD","SweetBasil","2019/11/11","IWASAKI"
"Sama Layuca","McCoy Tyner","McCoy Tyner","1974","Jazz","E:\Data\Music\Jazz\McCOY TYNER\Sama Layuca","5","2610","00:43:30","MP3","McCoy Tyner","Jazz","Modal","MP3","Milestone","2019/07/12","購入 Amazon"
"Art Deco","Don Cherry","Don Cherry","1988","Jazz","E:\Data\Music\Jazz\Don Cherry\Art Deco","10","3379","00:56:19","MP3","Don Cherry","Jazz","PostBop","CD","A6M","2019/12/20","IWASAKI 図書館"
"'MU' (1ST PART)","Don Cherry","Mu","1969","Jazz","E:\Data\Music\Jazz\Don Cherry\'MU' (1ST PART)","2","2265","00:37:45","MP3","Don Cherry","Jazz","Free","LP","BYG","2015/02/01","購入"
"The Flowering","Charles Lloyd","Charles Lloyd","1966","Jazz","E:\Data\Music\Jazz\CHARLES LLOYD\The Flowering","5","2621","00:43:41","MP3","Charles Lloyd","Jazz","","CD","Atlantic","2016/01/03","IWASAKI 図書館"
"Soundtrack","Charles Lloyd","Charles Lloyd","1968","Jazz","E:\Data\Music\Jazz\CHARLES LLOYD\Soundtrack","4","2372","00:39:32","MP3","Charles Lloyd","Jazz","Contemporary","CD","Atlantic","2016/01/03","IWASAKI 図書館"
"Love-In","Charles Lloyd","Charles Lloyd","1967","Jazz","E:\Data\Music\Jazz\CHARLES LLOYD\Love-In","7","2717","00:45:17","MP3","Charles Lloyd","Jazz","","CD","Atlantic","2016/01/03","IWASAKI 図書館"
"Journey Within (US Release)","Charles Lloyd","Charles Lloyd","2005","Jazz","E:\Data\Music\Jazz\CHARLES LLOYD\Journey Within (US Release)","4","2236","00:37:16","MP3","Charles Lloyd","Jazz","PostBop","CD","Atlantic","2016/01/03","IWASAKI 図書館"
"Hyperion with Higgins","Charles Lloyd","Charles Lloyd","2001","Jazz","E:\Data\Music\Jazz\CHARLES LLOYD\HYPERION WITH HIGGINS","8","4222","01:10:22","MP3","Charles Lloyd","Jazz","PostBop","CD","ECM","2015/02/01","IWASAKI"
"Flower Charles Lloyd At Monterey","Charles Lloyd","Charles Lloyd","1966","Jazz","E:\Data\Music\Jazz\CHARLES LLOYD\Forest Flower Charles Lloyd At Monterey","5","2357","00:39:17","MP3","Charles Lloyd","Jazz","PostBop","CD","Atlantic","2016/01/03","IWASAKI 図書館"
"Dream Weaver","Charles Lloyd","Charles Lloyd","1966","Jazz","E:\Data\Music\Jazz\CHARLES LLOYD\Dream Weaver","5","2650","00:44:10","MP3","Charles Lloyd","Jazz","Contemporary","CD","Atlantic","2016/01/03","IWASAKI 図書館"
"Charles Lloyd In The Soviet Union (US Release)","Charles Lloyd","Charles Lloyd","1967","Jazz","E:\Data\Music\Jazz\CHARLES LLOYD\Charles Lloyd In The Soviet Union (US Re","4","2875","00:47:55","MP3","Charles Lloyd","Jazz","AvantGarde","CD","Atlantic","2016/01/03","IWASAKI 図書館"
"Charles Lloyd In Europe","Charles Lloyd","Charles Lloyd","1966","Jazz","E:\Data\Music\Jazz\CHARLES LLOYD\Charles Lloyd In Europe","6","2302","00:38:22","MP3","Charles Lloyd","Jazz","PostBop","CD","Atlantic","2016/01/03","IWASAKI 図書館"
"Our Point Of View [Disc 2]","Blue Note All-Stars","Blue Note All-Stars","2017","Jazz","E:\Data\Music\Jazz\Blue Note All Stars\Our Point Of View","11","5438","01:30:38","MP3","Blue Note All-Stars","Jazz","Contemporary","CD","BlueNote","2019/01/04","IWASAKI 図書館"
"DUO Live In Concert","Kenny Drew, Niels-Henning Ørsted Pedersen","Kenny Drew","1992","Jazz","E:\Data\Music\Jazz\Kenny Drew\DUO Live In Concert","12","4218","01:10:18","MP3","Kenny Drew","Jazz","Contemporary","MP3","SteepleChase","2019/07/11","購入 Amazon"
"Duo 2","Kenny Drew, Niels-Henning Ørsted Pedersen","Kenny Drew","2016","Bop","E:\Data\Music\Jazz\Kenny Drew\Duo 2","11","3106","00:51:46","MP3","Kenny Drew","Jazz","PostBop","CD","SteepleChase","2019/07/15","購入 Amazon"
"Duo","Kenny Drew","Kenny Drew","1973","Jazz","E:\Data\Music\Jazz\Kenny Drew\Duo","10","2450","00:40:50","MP3","Kenny Drew","Jazz","PostBop","LP","SteepleChase","2015/02/01","購入"
"Dream","Kenny Drew","Kenny Drew","1987","Jazz","E:\Data\Music\Jazz\Kenny Drew\Dream [IWA]","10","3476","00:57:56","MP3","Kenny Drew","Jazz","Cool","CD","Baystate","2015/02/01","IWASAKI"
"Dream","Kenny Drew","Kenny Drew","1987","Jazz","E:\Data\Music\Jazz\Kenny Drew\Dream","10","3476","00:57:56","MP3","Kenny Drew","Jazz","Contemporary","CD","BMG","2015/02/01","購入"
"dark beauty","Kenny Drew","Kenny Drew","1974","Jazz","E:\Data\Music\Jazz\Kenny Drew\dark beauty","8","2670","00:44:30","MP3","Kenny Drew","Jazz","","LP","SteepleChase","2015/02/01","購入"
"Cleopatra's Dream","Kenny Drew","Kenny Drew","1992","Jazz","E:\Data\Music\Jazz\Kenny Drew\Cleopatra's Dream","9","3466","00:57:46","MP3","Kenny Drew","Jazz","","CD","AlfaJazz","2019/10/15","IWASAKI"
"By Request","Kenny Drew","Kenny Drew","1991","Jazz","E:\Data\Music\Jazz\Kenny Drew\By Request [IWA]","10","2939","00:48:59","MP3","Kenny Drew","Jazz","Contemporary","CD","Baystate","2015/02/01","IWASAKI"
"By Request II","Kenny Drew","Kenny Drew","1985","Jazz","E:\Data\Music\Jazz\Kenny Drew\By Request II [IWA]","10","2717","00:45:17","MP3","Kenny Drew","Jazz","Bop","CD","Baystate","2015/02/01","IWASAKI"
"By Request II","Kenny Drew","Kenny Drew","1985","Jazz","E:\Data\Music\Jazz\Kenny Drew\By Request II","10","2717","00:45:17","MP3","Kenny Drew","Jazz","Contemporary","CD","BMG","2015/02/01","購入"
"By Request","Kenny Drew","Kenny Drew","1985","Jazz","E:\Data\Music\Jazz\Kenny Drew\By Request","10","2939","00:48:59","MP3","Kenny Drew","Jazz","Contemporary","CD","BMG","2015/02/01","購入"
"Autumn Leaves-Kenny Drew Trio Plays Standards Live","Kenny Drew","Kenny Drew","1991","Jazz","E:\Data\Music\Jazz\Kenny Drew\Autumn Leaves-Kenny Drew Trio Plays Standards Live","7","4568","01:16:08","MP3","Kenny Drew","Jazz","","CD","","2019/10/15","IWASAKI"
"Satin Doll","Hank Jones","Hank Jones","1976","Jazz","E:\Data\Music\Jazz\Hank Jones\Satin Doll","14","2730","00:45:30","MP3","Hank Jones","Jazz","Swing","LP","Trio","2020/09/03","IWASAKI"
"Arigato","Hank Jones","Hank Jones","1976","Jazz","E:\Data\Music\Jazz\Hank Jones\Arigato","8","2548","00:42:28","MP3","Hank Jones","Jazz","","LP","ProgressiveRecords","2020/09/03","IWASAKI"
"Eternal Rhythm","Don Cherry","Don Cherry","2014","Jazz","E:\Data\Music\Jazz\Don Cherry\Eternal Rhythm","2","2489","00:41:29","MP3","Don Cherry","Jazz","Free","MP3","MPS","2019/12/27","購入 Amazon"
"Evergreen","Kenny Drew","Kenny Drew","1991","Jazz","E:\Data\Music\Jazz\Kenny Drew\Evergreen","11","3380","00:56:20","MP3","Kenny Drew","Jazz","","CD","AlfaJazz","2015/02/01","IWASAKI"
"Elegy","Kenny Drew","Kenny Drew","1986","Jazz","E:\Data\Music\Jazz\Kenny Drew\Elegy","9","3148","00:52:28","MP3","Kenny Drew","Jazz","PostBop","LP","Baystate","2015/02/01","購入"
"Kenny Drew Trio _ LP","Kenny Drew","Kenny Drew","1956","Jazz","E:\Data\Music\Jazz\Kenny Drew\Kenny Drew Trio","8","2553","00:42:33","MP3","Kenny Drew","Jazz","Bop","LP","Riverside","2020/07/07","IWASAKI"
"Introducing The Kenny Drew Trio","Kenny Drew","Kenny Drew","1953","Jazz","E:\Data\Music\Jazz\Kenny Drew\Introducing The Kenny Drew Trio","8","1649","00:27:29","MP3","Kenny Drew","Jazz","Bop","CD","BlueNote","2016/01/03","IWASAKI 図書館"
"Impressions","Kenny Drew","Kenny Drew","1988","Jazz","E:\Data\Music\Jazz\Kenny Drew\Impressions [IWA]","10","3542","00:59:02","MP3","Kenny Drew","Jazz","","CD","AlfaJazz","2015/02/01","IWASAKI"
"Impressions","Kenny Drew","Kenny Drew","1988","Jazz","E:\Data\Music\Jazz\Kenny Drew\Impressions","10","3542","00:59:02","MP3","Kenny Drew","Jazz","Contemporary","CD","Alfa","2006/01/04","購入 Amazon"
"if you could see me now","Kenny Drew","Kenny Drew","1974","Jazz","E:\Data\Music\Jazz\Kenny Drew\if you could see me now","8","2856","00:47:36","MP3","Kenny Drew","Jazz","PostBop","LP","SteepleChase","2015/02/01","購入"
"Fantasia","Kenny Drew","Kenny Drew","1983","Jazz","E:\Data\Music\Jazz\Kenny Drew\Fantasia","8","2957","00:49:17","MP3","Kenny Drew","Jazz","","LP","Baystate","2020/07/07","IWASAKI"
"Expressions","Kenny Drew","Kenny Drew","1990","Jazz","E:\Data\Music\Jazz\Kenny Drew\Expressions","10","3162","00:52:42","MP3","Kenny Drew","Jazz","","CD","AlfaJazz","2019/10/15","IWASAKI"
"Beautiful Love","McCoy Tyner","McCoy Tyner","1991","Jazz","E:\Data\Music\Jazz\McCOY TYNER\Beautiful Love","12","3630","01:00:30","MP3","McCoy Tyner","Jazz","PostBop","CD","GiantsOfJazz","2019/11/11","IWASAKI"
"Atlantis","McCoy Tyner","McCoy Tyner","1974","Jazz","E:\Data\Music\Jazz\McCOY TYNER\Atlantis","6","4317","01:11:57","MP3","McCoy Tyner","Jazz","Modal","CD","Milestone","2007/12/23","購入 Amazon"
"A TRIBUTE TO JOHN COLTRANE","McCoy Tyner","McCOY TYNER","1987","Jazz","E:\Data\Music\Jazz\McCOY TYNER\A TRIBUTE TO JOHN COLTRANE","7","3147","00:52:27","MP3","McCOY TYNER","Jazz","Free","CD","impulse!","2015/02/01","IWASAKI"
"Your Soft Eyes","Kenny Drew","Kenny Drew","1981","Jazz","E:\Data\Music\Jazz\Kenny Drew\Your Soft Eyes","6","2420","00:40:20","MP3","Kenny Drew","Jazz","HardBop","LP","SoulNote","2020/07/07","IWASAKI"
"44th Street Suite","McCoy Tyner,Arthur Blythe,Ron Carter,Aaron Scott,David Murray","McCoy Tyner","1991","Jazz","E:\Data\Music\Jazz\McCOY TYNER\44th Street Suite","6","2577","00:42:57","MP3","McCoy Tyner","Jazz","PostBop","CD","RedBaron","2019/11/11","IWASAKI"
"Undercurrent","Kenny Drew","Kenny Drew","2013","Bop","E:\Data\Music\Jazz\Kenny Drew\Undercurrent","6","2314","00:38:34","MP3","Kenny Drew","Jazz","HardBop","MP3","BlueNote","2019/07/10","購入 Amazon"
"Trippin' _ LP","Kenny Drew","Kenny Drew","1984","Jazz","E:\Data\Music\Jazz\Kenny Drew\Trippin' [IWA]","8","2785","00:46:25","MP3","Kenny Drew","Jazz","","LP","Baystate","2020/07/07","IWASAKI"
"Trippin'","Kenny Drew","Kenny Drew","1984","Jazz","E:\Data\Music\Jazz\Kenny Drew\Trippin'","8","2793","00:46:33","MP3","Kenny Drew","Jazz","Contemporary","CD","BMG","2015/02/01","購入"
"The Lullaby","Kenny Drew","Kenny Drew","1982","Jazz","E:\Data\Music\Jazz\Kenny Drew\The Lullaby","8","2474","00:41:14","MP3","Kenny Drew","Jazz","","LP","Baystate","2020/07/07","IWASAKI"
"The Kenny Drew Trio","Kenny Drew","Kenny Drew","1956","Jazz","E:\Data\Music\Jazz\Kenny Drew\The Kenny Drew Trio","8","2557","00:42:37","MP3","Kenny Drew","Jazz","Bop","LP","Milestone","2015/02/01","購入"
"Recollections","Kenny Drew","Kenny Drew","1989","Jazz","E:\Data\Music\Jazz\Kenny Drew\Recollections [IWA]","11","3362","00:56:02","MP3","Kenny Drew","Jazz","","CD","AlfaJazz","2015/02/01","IWASAKI"
"Recollections","Kenny Drew","Kenny Drew","1989","Jazz","E:\Data\Music\Jazz\Kenny Drew\Recollections","11","3368","00:56:08","MP3","Kenny Drew","Jazz","Contemporary","CD","Alfa","2006/01/04","購入 Amazon"
"New York Stories","Kenny Drew","Kenny Drew","1989","Jazz","E:\Data\Music\Jazz\Kenny Drew\New York Stories","10","3543","00:59:03","MP3","Kenny Drew","Jazz","","CD","AlfaJazz","2015/02/01","IWASAKI"
"Moonlit Desert","Kenny Drew","Kenny Drew","1982","Jazz","E:\Data\Music\Jazz\Kenny Drew\Moonlit Desert","8","2286","00:38:06","MP3","Kenny Drew","Jazz","","LP","Baystate","2020/07/07","IWASAKI"
"Lite Flite","Kenny Drew","Kenny Drew","1977","Jazz","E:\Data\Music\Jazz\Kenny Drew\Lite Flite","6","2569","00:42:49","MP3","Kenny Drew","Jazz","","LP","SteepleChase","2020/07/07","IWASAKI"
"Kenny Drew by Request","Kenny Drew","Kenny Drew","1985","Jazz","E:\Data\Music\Jazz\Kenny Drew\Keny Drew by Request","10","2937","00:48:57","MP3","Kenny Drew","Jazz","","CD","Baystate","2015/02/01","不明"
"SAHARA","McCoy Tyner","McCoy Tyner","1972","Jazz","E:\Data\Music\Jazz\McCOY TYNER\SAHARA","5","2884","00:48:04","MP3","McCoy Tyner","Jazz","","LP","Milestine","2015/02/01","購入"
"Revelations","McCoy Tyner","McCoy Tyner","1988","Jazz","E:\Data\Music\Jazz\McCOY TYNER\Revelations","13","3615","01:00:15","MP3","McCoy Tyner","Jazz","PostBop","CD","BlueNote","2019/11/11","IWASAKI"
"Remembering John","McCoy Tyner","McCoy Tyner","1991","Jazz","E:\Data\Music\Jazz\McCOY TYNER\Remembering John","9","3461","00:57:41","MP3","McCoy Tyner","Jazz","PostBop","CD","Enja","2015/02/01","購入"
"Reaching Fourth","McCoy Tyner","McCoy Tyner","1962","Jazz","E:\Data\Music\Jazz\McCOY TYNER\Reaching Fourth","6","2057","00:34:17","MP3","McCoy Tyner","Jazz","PostBop","CD","impulse!","2015/02/01","購入"
"Prelude And Sonata","McCoy Tyner,Joshua Redman,Christian McBride,Marvin \"Smitty\" Smith,Antonio Hart","McCoy Tyner","1994","Jazz","E:\Data\Music\Jazz\McCOY TYNER\Prelude And Sonata","9","3821","01:03:41","MP3","McCoy Tyner","Jazz","Contemporary","CD","Milestone","2019/11/11","IWASAKI"
"Passion Dance","McCoy Tyner","McCoy Tyner","1978","Jazz","E:\Data\Music\Jazz\McCOY TYNER\Passion Dance","5","2477","00:41:17","MP3","McCoy Tyner","Jazz","","MP3","Milestone","2019/07/12","購入 Amazon"
"Nights Of Ballads & Blues","McCoy Tyner","McCoy Tyner","1963","Jazz","E:\Data\Music\Jazz\McCOY TYNER\Nights Of Ballads & Blues","8","2324","00:38:44","MP3","McCoy Tyner","Jazz","Soul","CD","impulse!","2015/02/01","購入"
"Looking Out","McCoy Tyner","McCoy Tyner","1982","Jazz","E:\Data\Music\Jazz\McCOY TYNER\Looking Out","6","2330","00:38:50","MP3","McCoy Tyner","Jazz","","LP","CBS/Sonny","2015/02/01","購入"
"Live At The Musicans Exchange Cafe","McCoy Tyner,Avery Sharpe,Louis Hayes","McCoy Tyner","1987","Jazz","E:\Data\Music\Jazz\McCOY TYNER\Live At The Musicans Exchange Cafe","7","3621","01:00:21","MP3","McCoy Tyner","Jazz","PostBop","CD","Who'sWhoInJazz","2019/11/11","IWASAKI"
"Live at Sweet Basil","McCoy Tyner,Avery Sharpe,Aaron Scott","McCoy Tyner","1989","Jazz","E:\Data\Music\Jazz\McCOY TYNER\Live at Sweet Basil","5","2683","00:44:43","MP3","McCoy Tyner","Jazz","PostBop","CD","PaddleWheel","2019/11/11","IWASAKI"
"Live at Newport","McCoy Tyner","McCoy Tyner","1963","Jazz","E:\Data\Music\Jazz\McCOY TYNER\Live at Newport","5","2303","00:38:23","MP3","McCoy Tyner","Jazz","PostBop","LP","Impulse!","2015/02/01","購入"
"Horizon","McCoy Tyner","McCoy Tyner","1979","Jazz","E:\Data\Music\Jazz\McCOY TYNER\Horizon","5","2318","00:38:38","MP3","McCoy Tyner","Jazz","PostBop","LP","Milestone","2015/02/01","購入"
"Focal Point","McCoy Tyner","McCoy Tyner","1976","Jazz","E:\Data\Music\Jazz\McCOY TYNER\FOCAL POINT","6","2450","00:40:50","MP3","McCoy Tyner","Jazz","Contemporary","LP","Milestone","2015/02/01","購入"
"Fly With The Wind","McCoy Tyner","McCoy Tyner","1976","Jazz","E:\Data\Music\Jazz\McCOY TYNER\Fly With The Wind","5","2316","00:38:36","MP3","McCoy Tyner","Jazz","PostBop","LP","Milestone","2015/02/01","購入"
"Extensions","McCoy Tyner","McCoy Tyner","1970","Jazz","E:\Data\Music\Jazz\McCOY TYNER\Extensions","4","2412","00:40:12","MP3","McCoy Tyner","Jazz","Contemporary","MP3","BlueNote","2019/07/12","購入 Amazon"
"Enlightenment","McCoy Tyner","McCoy Tyner","1973","Jazz","E:\Data\Music\Jazz\McCOY TYNER\Enlightenment","7","4224","01:10:24","MP3","McCoy Tyner","Jazz","","LP","Milestone","2015/02/01","購入"
"Echoes of Friend","McCoy Tyner","McCoy Tyner","1972","Jazz","E:\Data\Music\Jazz\McCOY TYNER\Echoes of Friend","5","2826","00:47:06","MP3","McCoy Tyner","Jazz","","LP","JVC","2015/02/01","購入"
"Double Trios","McCoy Tyner,Avery Sharpe,Louis Hayes,Steve Thornton,Marcus Miller,Jeff \"Tain\" Watts","McCoy Tyner","1986","Jazz","E:\Data\Music\Jazz\McCOY TYNER\Double Trios","8","3699","01:01:39","MP3","McCoy Tyner","Jazz","PostBop","CD","Denon","2019/11/11","IWASAKI"
"Dimensions","McCoy Tyner","McCoy Tyner","1984","Jazz","E:\Data\Music\Jazz\McCOY TYNER\Dimensions","6","2576","00:42:56","MP3","McCoy Tyner","Jazz","Contemporary","CD","Elektra","2016/01/03","IWASAKI 図書館"
"Inception","McCoy Tyner","McCoy Tyner","1962","Jazz","E:\Data\Music\Jazz\McCOY TYNER\Inception","6","1973","00:32:53","MP3","McCoy Tyner","Jazz","PostBop","CD","impulse!","2015/02/01","購入"
"Bon Voyage","McCoy Tyner,Avery Sharpe,Louis Hayes","McCoy Tyner","1987","Jazz","E:\Data\Music\Jazz\McCOY TYNER\Bon Voyage","8","3266","00:54:26","MP3","McCoy Tyner","Jazz","PostBop","CD","Timeless","2019/11/11","IWASAKI"
"Hanky Panky","Hank Jones","Hank Jones","1975","Jazz","E:\Data\Music\Jazz\Hank Jones\Hanky Panky","9","2667","00:44:27","MP3","Hank Jones","Jazz","Bop","LP","EastWind","2020/09/03","IWASAKI"
"My Little Dream","Harumi Kaneko","Harumi Kaneko","1985","Jazz","E:\Data\Music\JazzVocal\金子晴美\My Little Dream","10","2263","00:37:43","MP3","金子晴美","Jazz","Vocal","LP","Philips","2021/02/10","IWASAKI 弟"
"To you","綾戸智絵","綾戸智絵","2003","JAZZ & FUSION","E:\Data\Music\JazzVocal\綾戸智絵\綾戸智絵 - To you","14","3176","00:52:56","MP3","綾戸智絵","Jazz","Vocal","CD","","2015/02/01","IWASAKI"
"MY LIFE","綾戸智絵","綾戸智絵","2002","Jazz","E:\Data\Music\JazzVocal\綾戸智絵\綾戸智絵 - MY LIFE","13","3916","01:05:16","MP3","綾戸智絵","Jazz","Vocal","CD","","2015/02/01","IWASAKI"
"LOVE","綾戸智絵","綾戸智絵","2000","Jazz","E:\Data\Music\JazzVocal\綾戸智絵\綾戸智絵 - LOVE(全16曲_192Kbps)","15","3022","00:50:22","MP3","綾戸智絵","Jazz","Vocal","CD","","2015/02/01","IWASAKI"
"For All We Know","綾戸智絵","綾戸智絵","1999","Jazz","E:\Data\Music\JazzVocal\綾戸智絵\綾戸智絵 - For All We Know","15","3376","00:56:16","MP3","綾戸智絵","Jazz","Vocal","CD","","2015/02/01","IWASAKI"
"Chie Ayado Meets Junior Mance Trio Live","綾戸智絵 Meets Junior Mance Trio","綾戸智絵","2010","Jazz","E:\Data\Music\JazzVocal\綾戸智絵\綾戸智絵 - Chie Ayado Meets Junior Mance Trio Live","10","2661","00:44:21","MP3","綾戸智絵","Jazz","Vocal","CD","","2015/02/01","IWASAKI"
"But Beautiful","綾戸智絵","綾戸智絵","1981","Jazz","E:\Data\Music\JazzVocal\綾戸智絵\綾戸智絵 - But Beautiful","11","2946","00:49:06","MP3","綾戸智絵","Jazz","Vocal","CD","","2015/02/01","IWASAKI"
"YOUR SONGS","綾戸智絵","綾戸智絵","1998","JazzVocal","E:\Data\Music\JazzVocal\綾戸智絵\YOUR SONGS","14","3488","00:58:08","MP3","綾戸智絵","Jazz","Vocal","CD","EWE","2015/02/01","購入"
"My Life","綾戸智絵","綾戸智絵","2002","JazzVocal","E:\Data\Music\JazzVocal\綾戸智絵\My Life","13","3916","01:05:16","MP3","綾戸智絵","Jazz","Vocal","CD","EWE","2015/02/01","購入"
"Life","綾戸智絵","綾戸智絵","1999","JazzVocal","E:\Data\Music\JazzVocal\綾戸智絵\Life","14","3395","00:56:35","MP3","綾戸智絵","Jazz","Vocal","CD","EWE","2015/02/01","購入"
"EVERYBODY EVERYWHERE","綾戸智絵","綾戸智絵","2000","JazzVocal","E:\Data\Music\JazzVocal\綾戸智絵\EVERYBODY EVERYWHERE","7","1753","00:29:13","MP3","綾戸智絵","Jazz","Vocal","CD","EWE","2015/02/01","購入"
"Watching You","","Kimiko Kasai","1985","Jazz","E:\Data\Music\JazzVocal\笠井紀美子\Waching You","9","2260","00:37:40","MP3","笠井紀美子","Jazz","Vocal","LP","CBS/Sony","2021/02/10","IWASAKI 弟"
"TOKYO SPECIAL","笠井紀美子","笠井紀美子","1977","JazzVocal","E:\Data\Music\JazzVocal\笠井紀美子\TOKYO SPECIAL","9","2540","00:42:20","MP3","笠井紀美子","Jazz","Vocal","CD","CBS/Sony","2015/02/01","購入"
"Mr. Wonderful","","Ayako Hosokawa","1977","Jazz","E:\Data\Music\JazzVocal\細川綾子\To Mr. Wonderful","9","2316","00:38:36","MP3","細川綾子","Jazz","Vocal","LP","ThreeBlindMice","2021/03/03","IWASAKI"
"Thanks, Dear","笠井紀美子","笠井紀美子","1974","JazzVocal","E:\Data\Music\JazzVocal\笠井紀美子\Thanks, Dear","11","2198","00:36:38","MP3","笠井紀美子","Jazz","Vocal","CD","CBS/Sony","2015/02/01","購入"
"SATIN DOLL","笠井紀美子","Kimiko Kasai with Gil Evans Orchestra","1972","JazzVocal","E:\Data\Music\JazzVocal\笠井紀美子\SATIN DOLL","9","2120","00:35:20","MP3","笠井紀美子","Jazz","Vocal","CD","CBS/Sony","2015/02/01","購入"
"Round And Round","笠井紀美子","笠井紀美子","1978","JazzVocal","E:\Data\Music\JazzVocal\笠井紀美子\Round And Round","8","2272","00:37:52","MP3","笠井紀美子","Jazz","Vocal","LP","CBS/Sony","2015/02/01","購入"
"New Pastel","","Kimiko Kasai","1984","Jazz","E:\Data\Music\JazzVocal\笠井紀美子\New Pastel","10","2618","00:43:38","MP3","笠井紀美子","Jazz","Vocal","LP","CBS/Sony","2021/02/10","IWASAKI 弟"
"Love Talk","","Kimiko Kasai","1983","Jazz","E:\Data\Music\JazzVocal\笠井紀美子\Love Talk","8","2256","00:37:36","MP3","笠井紀美子","Jazz","Vocal","LP","CBS/Sony","2021/02/10","IWASAKI 弟"
"Kimiko Kasai In Person","笠井紀美子","笠井紀美子","1973","JazzVocal","E:\Data\Music\JazzVocal\笠井紀美子\Kimiko Kasai In Person","13","2674","00:44:34","MP3","笠井紀美子","Jazz","Vocal","LP","CBS/Sony","2015/02/01","購入"
"Kimiko","","Kimiko Kasai","1982","Jazz","E:\Data\Music\JazzVocal\笠井紀美子\Kimiko","8","2113","00:35:13","MP3","笠井紀美子","Jazz","Vocal","LP","CBS/Sony","2021/02/10","IWASAKI 弟"
"Just Friends","笠井紀美子","笠井紀美子","1970","JazzVocal","E:\Data\Music\JazzVocal\笠井紀美子\Just Friends","10","2579","00:42:59","MP3","笠井紀美子","Jazz","Vocal","CD","King","2015/02/01","購入"
"One Night Stand","Naomi Akimoto","Naomi Akimoto","1982","Jazz","E:\Data\Music\JazzVocal\秋本奈緒美\One Night Stand","10","2245","00:37:25","MP3","秋本奈緒美","Jazz","Vocal","LP","Invitation","2021/01/22","IWASAKI 弟"
"Act 13","","Naomi Akimoto","1984","Jazz","E:\Data\Music\JazzVocal\秋本奈緒美\Act 13","13","2970","00:49:30","MP3","秋本奈緒美","Jazz","Vocal","LP","","2021/01/22","IWASAKI 弟"
"The Man I Love","真梨邑ケイ","真梨邑ケイ","1982","JazzVocal","E:\Data\Music\JazzVocal\真梨邑ケイ\The Man I Love","11","2356","00:39:16","MP3","真梨邑ケイ","Jazz","Vocal","TAPE","Discomate","1983/06/21","購入"
"Mood Indigo","Kei Marimura","Kei Marimura","1982","Jazz","E:\Data\Music\JazzVocal\真梨邑ケイ\Mood Indigo","12","2266","00:37:46","MP3","真梨邑ケイ","Jazz","Vocal","CD","Discomate","2021/03/03","IWASAKI 弟"
"TORCH","樹里からん","樹里からん","2011","Jazz","E:\Data\Music\JazzVocal\樹里からん\TORCH","11","3758","01:02:38","MP3","樹里からん","Jazz","Vocal","CD","Universal","2015/02/01","IWASAKI"
"She -loves jazz-","樹里からん","樹里からん","2009","Jazz","E:\Data\Music\JazzVocal\樹里からん\She -loves jazz-","10","2880","00:48:00","MP3","樹里からん","Jazz","Vocal","CD","EMI","2015/02/01","IWASAKI"
"Blue Eyes","","Miki Matsubara","1984","Jazz","E:\Data\Music\JazzVocal\松原みき\Blue Eyes","9","2165","00:36:05","MP3","松原みき","Jazz","Vocal","LP","SeeSaw","2021/03/03","IWASAKI 弟"
"Loving for･･･","Mayuni Asaka","Mayumi Asaka","1984","Jazz","E:\Data\Music\JazzVocal\朝加真由美\Loving for・･・","12","2299","00:38:19","MP3","朝加真由美","Jazz","Vocal","LP","Camival","2021/01/22","IWASAKI 弟"
"Feel the Jazz breeze","早川えみ","早川えみ","2008","Jazz","E:\Data\Music\JazzVocal\早川えみ\Feel the Jazz breeze","12","2509","00:41:49","MP3","早川えみ","Jazz","Vocal","CD","GizaStudio","2015/02/01","IWASAKI"
"DAY DREAM","YOSHIKO GOTO","後藤芳子","2014","Jazz","E:\Data\Music\JazzVocal\後藤芳子\Day Dream","8","2573","00:42:53","MP3","後藤芳子","Jazz","Vocal","LP","ThreeBkindMice","2021/02/10","IWASAKI"
"Selecao","小野リサ","小野リサ","1992","BOSSANOVA","E:\Data\Music\JazzVocal\小野リサ\Selecao","16","3271","00:54:31","MP3","小野リサ","Jazz","Vocal","CD","Nana","2015/02/01","IWASAKI"
"NAIMA ～meu anjo～ [初回盤]","小野リサ","小野リサ","2004","BOSSANOVA","E:\Data\Music\JazzVocal\小野リサ\NAIMA ～meu anjo～ [初回盤]","14","2988","00:49:48","MP3","小野リサ","Jazz","Vocal","CD","EMI","2015/02/01","IWASAKI"
"Look To The Rainbow -Jazz Standards From L.A.-","小野リサ","小野リサ","2009","BOSSANOVA","E:\Data\Music\JazzVocal\小野リサ\Look To The Rainbow -Jazz Standards From","13","2986","00:49:46","MP3","小野リサ","Jazz","Vocal","CD","Avex Trax","2015/02/01","IWASAKI"
"ESSENCIA","小野リサ","小野リサ","1997","BOSSANOVA","E:\Data\Music\JazzVocal\小野リサ\ESSENCIA","12","2778","00:46:18","MP3","小野リサ","Jazz","Vocal","CD","Suite¡Supuesto!","2015/02/01","IWASAKI"
"DREAM","小野リサ","小野リサ","1999","BOSSANOVA","E:\Data\Music\JazzVocal\小野リサ\DREAM","13","2680","00:44:40","MP3","小野リサ","Jazz","Vocal","CD","Deckdisc","2015/02/01","IWASAKI"
"Cheek To Cheek -Jazz Standards from RIO-","小野リサ","小野リサ","2009","BOSSANOVA","E:\Data\Music\JazzVocal\小野リサ\Cheek To Cheek -Jazz Standards from RIO-","12","2715","00:45:15","MP3","小野リサ","Jazz","Vocal","CD","DoisIrmaos","2015/02/01","IWASAKI"
"BOSSA HULA NOVA","小野リサ","小野リサ","2001","BOSSANOVA","E:\Data\Music\JazzVocal\小野リサ\BOSSA HULA NOVA [IWA]","13","2868","00:47:48","MP3","小野リサ","Jazz","Vocal","CD","EMI","2015/02/01","IWASAKI"
"BOSSA HULA NOVA","小野リサ","小野リサ","2001","Jazz","E:\Data\Music\JazzVocal\小野リサ\BOSSA HULA NOVA","13","2866","00:47:46","MP3","小野リサ","Jazz","Vocal","CD","EMI","2015/02/01","不明"
"Bossa Carioca","小野リサ","小野リサ","1998","BOSSANOVA","E:\Data\Music\JazzVocal\小野リサ\Bossa Carioca","13","2621","00:43:41","MP3","小野リサ","Jazz","Vocal","CD","Deckdisc","2015/02/01","IWASAKI"
"Butterfly","","Sayoko","1985","Jazz","E:\Data\Music\JazzVocal\小夜子\Butterfly","11","2565","00:42:45","MP3","小夜子","Jazz","Vocal","LP","LOBSTER / PIONEER","2021/02/10","IWASAKI 弟"
"夜のアルバム","八代亜紀","八代亜紀","2012","Jazz","E:\Data\Music\JazzVocal\八代亜紀\夜のアルバム","12","2782","00:46:22","MP3","八代亜紀","Jazz","Vocal","CD","Universal","2015/02/01","IWASAKI"
"色彩感覚 = Shikisaikankaku","Tomoko Aran","Tomoko Aran","1982","Jazz","E:\Data\Music\JazzVocal\亜蘭知子\色彩感覚","10","2465","00:41:05","MP3","亜蘭知子","Jazz","Vocal","LP","WarnerBros","2021/01/22","IWASAKI 弟"
"Voice","中本マリ","中本マリ","1991","Jazz","E:\Data\Music\JazzVocal\中本マリ\Voice [IWA]","12","3604","01:00:04","MP3","中本マリ","Jazz","Vocal","CD","JVC","2015/02/01","IWASAKI"
"Voice","中本マリ","中本マリ","1991","JazzVocal","E:\Data\Music\JazzVocal\中本マリ\Voice","12","3604","01:00:04","MP3","中本マリ","Jazz","Vocal","CD","JVC","2015/02/01","購入"
"TV","","Mari Nakamoto","1984","Jazz","E:\Data\Music\JazzVocal\中本マリ\TV","9","2269","00:37:49","MP3","中本マリ","Jazz","Vocal","LP","JVC","2021/03/03","IWASAKI 弟"
"That Old Feeling","中本マリ","中本マリ","1977","JazzVocal","E:\Data\Music\JazzVocal\中本マリ\That Old Feeling","9","2028","00:33:48","MP3","中本マリ","Jazz","Vocal","CD","東芝EMI","2015/02/01","購入"
"Moods Of A Lady","","Mari Nakamoto","1982","Jazz","E:\Data\Music\JazzVocal\中本マリ\Moods Of A Lady","9","2276","00:37:56","MP3","中本マリ","Jazz","Vocal","LP","JVC","2021/03/03","IWASAKI 弟"
"Memories","中本マリ","中本マリ","1986","JazzVocal","E:\Data\Music\JazzVocal\中本マリ\Memories","12","2980","00:49:40","MP3","中本マリ","Jazz","Vocal","CD","JVC","2015/02/01","購入"
"Mari Nakamoto III","","Mari Nakamoto","1975","Jazz","E:\Data\Music\JazzVocal\中本マリ\Mari Nakamoto III","9","2276","00:37:56","MP3","中本マリ","Jazz","Vocal","LP","ThreeBlindMice","2021/03/03","IWASAKI"
"Mari","","Mari Nakamoto","1977","Jazz","E:\Data\Music\JazzVocal\中本マリ\Mari","8","2112","00:35:12","MP3","中本マリ","Jazz","Vocal","LP","ThreeBlindMice","2021/03/03","IWASAKI"
"Little Girl Blue","","Mari Nakamoto","1974","Jazz","E:\Data\Music\JazzVocal\中本マリ\Little Girl Blue","8","2462","00:41:02","MP3","中本マリ","Jazz","Vocal","LP","ThreeBlindMice","2021/03/03","IWASAKI"
"Lady In Love","中本マリ","中本マリ","1981","JazzVocal","E:\Data\Music\JazzVocal\中本マリ\Lady In Love","9","2392","00:39:52","MP3","中本マリ","Jazz","Vocal","LP","JVC","2015/02/01","購入"
"Who's Screamin'","Keiko Lee","Keiko Lee","2004","Jazz","E:\Data\Music\JazzVocal\ケイコ・リー\Who's Screamin'","14","3419","00:56:59","MP3","ケイコ・リー","Jazz","Vocal","CD","","2015/02/01","IWASAKI"
"What A Wonderful World","Keiko Lee","Keiko Lee","1999","Jazz","E:\Data\Music\JazzVocal\ケイコ・リー\WHAT A WONDERFUL WORLD","4","1330","00:22:10","MP3","ケイコ・リー","Jazz","Vocal","CD","","2015/02/01","IWASAKI"
"Voices - The Best Of Keiko Lee","ケイコ・リー","Keiko Lee","2002","Dixieland / Traditional","E:\Data\Music\JazzVocal\ケイコ・リー\Voices - The Best Of Keiko Lee","14","4212","01:10:12","MP3","ケイコ・リー","Jazz","Vocal","CD","CBS","2004/11/07","購入 Amazon"
"Voices The Best of Keiko Lee","Keiko Lee","Keiko Lee","2002","Jazz","E:\Data\Music\JazzVocal\ケイコ・リー\Voices","14","4214","01:10:14","MP3","ケイコ・リー","Jazz","Vocal","CD","CBS","2004/11/07","IWASAKI"
"Vitamin K","Keiko Lee","Keiko Lee","2003","Jazz","E:\Data\Music\JazzVocal\ケイコ・リー\Vitamin K","11","3784","01:03:04","MP3","ケイコ・リー","Jazz","Vocal","CD","Sony","2015/02/01","IWASAKI"
"Timeless 20th Century Japanese Popular Songs Collection","Keiko Lee","Keiko Lee","2017","Jazz","E:\Data\Music\JazzVocal\ケイコ・リー\Timeless 20th Century Japanese Popular Songs Collection","14","3998","01:06:38","MP3","ケイコ・リー","Jazz","Vocal","CD","Sony","2021/04/08","IWASAKI 図書館"
"The Golden Rule","Keiko Lee","Keiko Lee","2019","Jazz","E:\Data\Music\JazzVocal\ケイコ・リー\The Golden Rule","13","3339","00:55:39","MP3","ケイコ・リー","Jazz","Vocal","CD","Sony","2021/03/20","IWASAKI 図書館"
"Love XX","Keiko Lee","Keiko Lee","2015","Jazz","E:\Data\Music\JazzVocal\ケイコ・リー\Love XX","13","3407","00:56:47","MP3","ケイコ・リー","Jazz","Vocal","CD","","2017/12/01","IWASAKI 図書館"
"Keiko Lee sings THE BEATLES","Keiko Lee","Keiko Lee","2014","Jazz","E:\Data\Music\JazzVocal\ケイコ・リー\Keiko Lee sings THE BEATLES","12","3436","00:57:16","MP3","ケイコ・リー","Jazz","Vocal","CD","Sony","2017/01/04","IWASAKI 図書館"
"If It's Love","Keiko Lee","Keiko Lee","1998","Jazz","E:\Data\Music\JazzVocal\ケイコ・リー\IF It's Love","13","3971","01:06:11","MP3","ケイコ・リー","Jazz","Vocal","CD","Sony","2015/02/01","IWASAKI"
"FRAGILE","Keiko Lee","Keiko Lee","2009","Jazz","E:\Data\Music\JazzVocal\ケイコ・リー\Fragile","13","3397","00:56:37","MP3","ケイコ・リー","Jazz","Vocal","CD","Sony","2017/12/03","IWASAKI 図書館"
"Day Dreaming","Keiko Lee","Keiko Lee","1999","Jazz","E:\Data\Music\JazzVocal\ケイコ・リー\DAY DREAMING","12","3659","01:00:59","MP3","ケイコ・リー","Jazz","Vocal","CD","Sony","2015/02/01","IWASAKI"
"A Letter From Rome","Keiko Lee","Keiko Lee","2000","Jazz","E:\Data\Music\JazzVocal\ケイコ・リー\A LETTER FROM ROME [IWA]","13","3853","01:04:13","MP3","ケイコ・リー","Jazz","Vocal","CD","SME","2015/02/01","IWASAKI"
"In Tune","Oscar Peterson Trio & the Singers Unlimited","The Singers Unlimited","1971","JazzVocal","E:\Data\Music\JazzVocal\The Singers Unlimited\In Tune","9","1978","00:32:58","MP3","Singers Unlimited","Jazz","Vocal","CD","MPS","2008/03/18","購入 Amazon"
"Christmas","The Singers Unlimited","Singers Unlimited","1972","JazzVocal","E:\Data\Music\JazzVocal\The Singers Unlimited\Christmas","17","1993","00:33:13","MP3","Singers Unlimited","Jazz","Vocal","CD","MPS","2008/12/28","購入 Amazon"
"A Capella Ⅱ","The Singers Unlimited","Singers Unlimited","1975","JazzVocal","E:\Data\Music\JazzVocal\The Singers Unlimited\A Capella Ⅱ","12","2308","00:38:28","MP3","Singers Unlimited","Jazz","Vocal","CD","MPS","2008/03/02","購入 Amazon"
"A Capella III","The Singers Unlimited","Singers Unlimited","1980","JazzVocal","E:\Data\Music\JazzVocal\The Singers Unlimited\A Capella III","11","2287","00:38:07","MP3","Singers Unlimited","Jazz","Vocal","CD","MPS","2008/03/18","購入 Amazon"
"A Capella","The Singers Unlimited","Singers Unlimited","1959","JazzVocal","E:\Data\Music\JazzVocal\The Singers Unlimited\A Capella","10","2061","00:34:21","MP3","Singers Unlimited","Jazz","Vocal","CD","MPS","2008/03/02","購入 Amazon"
"Vocalese","The Manhattan Transfer","The Manhattan Transfer","1985","JazzVocal","E:\Data\Music\JazzVocal\The Manhattan Transfer\Vocalese","11","2732","00:45:32","MP3","The Manhattan Transfer","Jazz","Vocal","LP","Atlantic","2015/02/01","購入"
"The Offbeat OfAvenues","The Manhattan Transfer","The Manhattan Transfer","1991","JazzVocal","E:\Data\Music\JazzVocal\The Manhattan Transfer\The Offbeat OfAvenues","11","3364","00:56:04","MP3","The Manhattan Transfer","Jazz","Vocal","CD","Columbia","2015/02/01","購入"
"The Manhattan Trnsfer","The Manhattan Transfer","The Manhattan Transfer","1975","JazzVocal","E:\Data\Music\JazzVocal\The Manhattan Transfer\The Manhattan Transfer","12","2142","00:35:42","MP3","The Manhattan Transfer","Jazz","Vocal","LP","Atlantic","2015/02/01","購入"
"The Best Of The Manhattan Transfer _LP","The Manhattan Transfer","The Manhattan Transfer","1981","Jazz","E:\Data\Music\JazzVocal\The Manhattan Transfer\The Best Of The Manhattan Transfer [IWA]","13","2611","00:43:31","MP3","The Manhattan Transfer","Jazz","Vocal","LP","Atlantic","2020/10/11","IWASAKI 弟"
"The Best Of Mahattan Trnsfer","The Manhattan Transfer","The Manhattan Transfer","1975","JazzVocal","E:\Data\Music\JazzVocal\The Manhattan Transfer\The Best Of Manhattan Transfer","12","2614","00:43:34","MP3","The Manhattan Transfer","Jazz","Vocal","LP","Atlantic","2015/02/01","購入"
"Pastiche","The Manhattan Transfer","The Manhattan Transfer","1976","JazzVocal","E:\Data\Music\JazzVocal\The Manhattan Transfer\Pastiche","11","2237","00:37:17","MP3","The Manhattan Transfer","Jazz","Vocal","LP","Atlantic","2015/02/01","購入"
"Mecca for Moderns","The Manhattan Transfer","The Manhattan Transfer","1981","JazzVocal","E:\Data\Music\JazzVocal\The Manhattan Transfer\Mecca For Moderns","9","2182","00:36:22","MP3","The Manhattan Transfer","Jazz","Vocal","LP","Atlantic","2015/02/01","購入"
"Live","The Manhattan Transfer","The Manhattan Transfer","1978","JazzVocal","E:\Data\Music\JazzVocal\The Manhattan Transfer\Live","19","3524","00:58:44","MP3","The Manhattan Transfer","Jazz","Vocal","CD","Atlantic","2015/02/01","購入"
"Extensions _ LP","The Manhattan Transfer","The Manhattan Transfer","1979","Jazz","E:\Data\Music\JazzVocal\The Manhattan Transfer\Extensions [IWA]","10","2226","00:37:06","MP3","The Manhattan Transfer","Jazz","Vocal","LP","Atlantic","2020/10/11","IWASAKI 弟"
"Extensions","The Manhattan Transfer","The Manhattan Transfer","1979","JazzVocal","E:\Data\Music\JazzVocal\The Manhattan Transfer\Extensions","9","2234","00:37:14","MP3","The Manhattan Transfer","Jazz","Vocal","CD","Atlantic","2015/02/01","購入"
"Coming Out","The Manhattan Transfer","The Manhattan Transfer","1976","JazzVocal","E:\Data\Music\JazzVocal\The Manhattan Transfer\Coming Out","11","2129","00:35:29","MP3","The Manhattan Transfer","Jazz","Vocal","CD","Atlantic","2015/02/01","購入"
"Brasil","The Manhattan Transfer","The Manhattan Transfer","1987","JazzVocal","E:\Data\Music\JazzVocal\The Manhattan Transfer\Brasil","9","2566","00:42:46","MP3","The Manhattan Transfer","Jazz","Vocal","CD","Atlantic","2015/02/01","購入"
"Bop Doo-Wopp","The Manhattan Transfer","The Manhattan Transfer","1984","Jazz","E:\Data\Music\JazzVocal\The Manhattan Transfer\Bop Doo-Woop","10","1769","00:29:29","MP3","The Manhattan Transfer","Jazz","Vocal","LP","Atlantic","2020/10/11","IWASAKI 弟"
"Bodies and Souls _ LP","The Manhattan Transfer","The Manhattan Transfer","1983","Jazz","E:\Data\Music\JazzVocal\The Manhattan Transfer\Bodies And Souls [IWA]","11","2597","00:43:17","MP3","The Manhattan Transfer","Jazz","Vocal","LP","Atlantic","2020/10/11","IWASAKI 弟"
"Bodies and Souls","The Manhattan Transfer","The Manhattan Transfer","1983","JazzVocal","E:\Data\Music\JazzVocal\The Manhattan Transfer\Bodies And Souls","11","2596","00:43:16","MP3","The Manhattan Transfer","Jazz","Vocal","LP","Atlantic","2015/02/01","購入"
"Take Love Easy","Sophie Milman","Sophie Milman","2009","JazzVocal","E:\Data\Music\JazzVocal\Sophie Milman\Take Love Easy","13","3048","00:50:48","MP3","Sophie Milman","Jazz","Vocal","CD","E1","2009/08/12","購入 Amazon"
"Sophie Milman [Bonus Tracks]","Sophie Milman","Sophie Milman","2006","Jazz","E:\Data\Music\JazzVocal\Sophie Milman\Sophie Milman [Bonus Tracks]","14","3413","00:56:53","MP3","Sophie Milman","Jazz","Vocal","CD","Linus","2009/08/12","IWASAKI 図書館"
"Sophie Milman","Sophie Milman","Sophie Milman","2004","JazzVocal","E:\Data\Music\JazzVocal\Sophie Milman\Sophie Milman","12","2926","00:48:46","MP3","Sophie Milman","Jazz","Vocal","CD","Linus","2009/08/12","購入 amazon"
"In The Moonlight [Bonus Track]","Sophie Milman","Sophie Milman","2011","Jazz","E:\Data\Music\JazzVocal\Sophie Milman\In The Moonlight [Bonus Track]","14","3655","01:00:55","MP3","Sophie Milman","Jazz","Vocal","CD","eOne","2015/02/01","IWASAKI 図書館"
"A Singing Affair","Sonia Cat-Berro","Sonia Cat-Berro","1998","Jazz","E:\Data\Music\JazzVocal\Sonia Cat-Berro\A Singing Affair","9","2459","00:40:59","MP3","Sonia Cat-Berro","Jazz","Vocal","MP3","NotOnLabel","2022/01/03","購入 Amazon"
"Toyballoons","Sonia Cat-Berro","Sonia Cat-Berro","2008","Jazz","E:\Data\Music\JazzVocal\Sonia Cat-Berro\Toyballoons","10","2760","00:46:00","MP3","Sonia Cat-Berro","Jazz","Vocal","MP3","Le Chant Du Monde ","2021/07/05","購入 Amazon"
"Keep in Touch","Sonia Cat-Berro","Sonia Cat-Berro Quintet","2003","Contemporary Jazz","E:\Data\Music\JazzVocal\Sonia Cat-Berro\Keep in Touch","10","3434","00:57:14","MP3","Sonia Cat-Berro","Jazz","Vocal","CD","Charlotte Productions","2021/07/08","購入 Amazon"
"Songs Of The Beatles","Sarah Vaughan","Sarah Vaughan","1977","Jazz","E:\Data\Music\JazzVocal\SARAH VAUGHAN\Songs Of The Beatles","13","2654","00:44:14","MP3","Sarah Vaughan","Jazz","Vocal","CD","Atlantic","2019/01/04","IWASAKI 図書館"
"Sarah Vaughan With Clifford Brown","Sarah Vaughan","Sarah Vaughan","1954","Jazz","E:\Data\Music\JazzVocal\SARAH VAUGHAN\Sarah Vaughan With Clifford Brown","10","3032","00:50:32","MP3","Sarah Vaughan","Jazz","Vocal","CD","EmArcy","2016/01/03","IWASAKI 図書館"
"If This Isn't Love - Jazz At The Concertgebouw Amsterdam 1958","Sarah Vaughan","Sarah Vaughan","1958","Jazz","E:\Data\Music\JazzVocal\SARAH VAUGHAN\If This Isn't Love - Jazz At The Concert","14","2976","00:49:36","MP3","Sarah Vaughan","Jazz","Vocal","CD","MCN","2019/01/04","IWASAKI 図書館"
"Crazy and Mixed Up","Sarah Vaughan","Sarah Vaughan","1959","Jazz","E:\Data\Music\JazzVocal\SARAH VAUGHAN\CRAZY AND MIXED UP","8","2022","00:33:42","MP3","Sarah Vaughan","Jazz","Vocal","CD","PabloToday","2015/02/01","IWASAKI"
"After Hours","Sarah Vaughan","Sarah Vaughan","1961","Jazz","E:\Data\Music\JazzVocal\SARAH VAUGHAN\After Hours","10","1907","00:31:47","MP3","Sarah Vaughan","Jazz","Vocal","CD","Roulette","2015/02/01","IWASAKI"
"Sings The Music Of Cole Porter","Rosemary Clooney","Rosemary Clooney","1982","JazzVocal","E:\Data\Music\JazzVocal\Rosemary Clooney\Sings The Music Of Cole Porter","10","2343","00:39:03","MP3","Rosemary Clooney","Jazz","Vocal","TAPE","Concord","2015/02/01","購入"
"Love","Rosemary Clooney","Rosemary Clooney","1963","Easy Listening","E:\Data\Music\JazzVocal\Rosemary Clooney\Love","12","2712","00:45:12","MP3","Rosemary Clooney","Jazz","Vocal","CD","Reprise","2020/02/26","IWASAKI 図書館"
"Jazz Singer","Rosemary Clooney","Rosemary Clooney","2003","JazzVocal","E:\Data\Music\JazzVocal\Rosemary Clooney\Jazz Singer","18","3210","00:53:30","MP3","Rosemary Clooney","Jazz","Vocal","CD","Columbia","2010/03/16","購入 Amazon"
"Black Coffee","Peggy Lee","Peggy Lee","1953","Jazz","E:\Data\Music\JazzVocal\Peggy Lee\Black Coffee With Peggy Lee","12","2096","00:34:56","MP3","Peggy Lee","Jazz","Vocal","CD","VocalJazz","2019/12/14","IWASAKI 図書館"
"The Fall","Norah Jones","Norah Jones","2009","JazzVocal","E:\Data\Music\JazzVocal\Norah Jones\The Fall","13","2749","00:45:49","MP3","Norah Jones","Jazz","Vocal","CD","BlueNote","2010/03/16","購入 Amazon"
"Not Too Late","Norah Jones","Norah Jones","2006","JazzVocal","E:\Data\Music\JazzVocal\Norah Jones\Not Too Late","13","2724","00:45:24","MP3","Norah Jones","Jazz","Vocal","CD","BlueNote","2007/03/18","購入 Amazon"
"Little Broken Hearts","Norah Jones","Norah Jones","2012","Folk","E:\Data\Music\JazzVocal\Norah Jones\Little Broken Hearts","12","2695","00:44:55","MP3","Norah Jones","Jazz","Vocal","CD","BlueNote","2016/10/11","購入 Amazon"
"First Sessions [EP]","Norah Jones","","2001","Dixieland / Traditional","E:\Data\Music\JazzVocal\Norah Jones\First Sessions [EP]","6","1155","00:19:15","MP3","Norah Jones","Jazz","Vocal","CD","BlueNote","2021/03/06","購入 Amazon"
"feel like home","Norah Jones","Norah Jones","2004","JazzVocal","E:\Data\Music\JazzVocal\Norah Jones\feel like home","13","2779","00:46:19","MP3","Norah Jones","Jazz","Vocal","CD","BlueNote","2004/03/13","購入 Amazon"
"...Featuring Norah Jones","Norah Jones","M. Ward; Norah Jones","2010","JazzVocal","E:\Data\Music\JazzVocal\Norah Jones\Featuring Norah Jones","18","4275","01:11:15","MP3","Norah Jones","Jazz","Vocal","CD","BlueNote","2011/09/19","購入 Amazon"
"Day Breaks","Norah Jones","Norah Jones","2016","Jazz","E:\Data\Music\JazzVocal\Norah Jones\Day Breaks","12","2927","00:48:47","MP3","Norah Jones","Jazz","Vocal","CD","BlueNote","2016/10/26","購入 Amazon"
"come away with me","Norah Jones","Norah Jones","2002","JazzVocal","E:\Data\Music\JazzVocal\Norah Jones\come away with me","14","2703","00:45:03","MP3","Norah Jones","Jazz","Vocal","CD","BlueNote","2015/02/01","購入"
"My Fairy Tale","noon","noon","2004","Jazz","E:\Data\Music\JazzVocal\NOON\My Fairy Tale","13","2998","00:49:58","MP3","noon","Jazz","Vocal","CD","Platinum","2015/01/04","IWASAKI"
"Waltz For Debby","Monica Zetterlund","Monica Zetterlund","2006","Jazz","E:\Data\Music\JazzVocal\Monica Zetterlund\Waltz For Debby","10","2048","00:34:08","MP3","Monica Zetterlund","Jazz","Vocal","CD","Universal","2015/02/01","IWASAKI"
"Monday Michiru Free Soul Collection","Monday Michiru","Monday Michiru","2005","Jazz","E:\Data\Music\JazzVocal\Monday満ちる\Monday Michiru Free Soul Collection","16","4792","01:19:52","MP3","Monday Michiru","Jazz","Vocal","CD","Universal","2015/02/01","IWASAKI"
"Episodes in Color","Monday Michiru","Monday Michiru","2002","Jazz","E:\Data\Music\JazzVocal\Monday満ちる\Episodes in Color","13","3933","01:05:33","MP3","Monday Michiru","Jazz","Vocal","CD","SAR","2015/02/01","IWASAKI"
"4 Seasons","Monday Michiru","Monday Michiru","2000","Jazz","E:\Data\Music\JazzVocal\Monday満ちる\4 SEASONS\DISC Ⅱ","9","3878","01:04:38","MP3","Monday Michiru","Jazz","Vocal","CD","Emarcy","2015/02/01","IWASAKI"
"4 Seasons","Monday Michiru","Monday Michiru","2000","Jazz","E:\Data\Music\JazzVocal\Monday満ちる\4 SEASONS\DISC Ⅰ","11","4037","01:07:17","MP3","Monday Michiru","Jazz","Vocal","CD","Emarcy","2015/02/01","IWASAKI"
"Romantic Gershwin","MIZUHO","MIZUHO","2014","Jazz","E:\Data\Music\JazzVocal\MIZUHO\Romantic Gershwin","9","2948","00:49:08","MP3","MIZUHO","Jazz","Vocal","CD","PonyCanion","2016/01/03","IWASAKI 図書館"
"Worrisome Heart [Verve]","Melody Gardot","Melody Gardot","2008","JazzVocal","E:\Data\Music\JazzVocal\Melody Gardot\Worrisome Heart [Verve]","10","1986","00:33:06","MP3","Melody Gardot","Jazz","Vocal","CD","Verve","2015/02/01","購入"
"Deja Vu","Marlene","Marlene","1983","JazzVocal","E:\Data\Music\JazzVocal\Marlene\Deja Vu","10","2644","00:44:04","MP3","Marlene","Jazz","Vocal","CD","CBS/Sony","2015/02/01","購入"
"Be Pop","Marlene","Marlene","1985","JazzVocal","E:\Data\Music\JazzVocal\Marlene\Be Pop","10","2635","00:43:55","MP3","Marlene","Jazz","Vocal","LP","CBS/Sony","2015/02/01","購入"
"Who Is This Bitch, Anyway","Marlena Shaw","Marlena Shaw","1974","Jazz","E:\Data\Music\JazzVocal\Marlena Shaw\Who Is This Bitch, Anyway","10","2362","00:39:22","MP3","Marlena Shaw","Jazz","Vocal","DVD","BlueNote","2019/12/14","IWASAKI 図書館"
"Malene","Malene Mortensen","Malene Mortensen","2006","Singer-Songwriter","E:\Data\Music\JazzVocal\Malene Mortensen\Malene","12","2798","00:46:38","MP3","Malene Mortensen","Jazz","Vocal","CD","Columbia","2019/12/18","購入 Amazon"
"Date With A Dream","Malene Mortensen","Malene Mortensen","2005","Singer-Songwriter","E:\Data\Music\JazzVocal\Malene Mortensen\Date With A Dream","13","3492","00:58:12","MP3","Malene Mortensen","Jazz","Vocal","CD","STUNT/SUNDANCE","2019/12/05","購入 Amazon"
"Agony & Ecstacy","Malene Mortensen","Malene Mortensen","2009","Singer-Songwriter","E:\Data\Music\JazzVocal\Malene Mortensen\Agony & Ecstacy","13","3718","01:01:58","MP3","Malene Mortensen","Jazz","Vocal","CD","Sundance","2019/12/12","購入 Amazon"
"Standing On The Rooftop [Deluxe Edition]","Madeleine Peyroux","Madeleine Peyroux","2011","Dixieland / Traditional","E:\Data\Music\JazzVocal\MADELEINE PEYROUX\Standing On The Rooftop [Deluxe Edition]","15","3550","00:59:10","MP3","Madeleine Peyroux","Jazz","Vocal","CD","Decca/Universal","2021/08/31","購入 Amazon"
"Half The Perfect World","Madeleine Peyroux","Madeleine Peyroux","2006","Dixieland / Traditional","E:\Data\Music\JazzVocal\MADELEINE PEYROUX\Half The Perfect World","12","2934","00:48:54","MP3","Madeleine Peyroux","Jazz","Vocal","CD","Rounder/Universal","2019/12/12","購入 Amazon"
"Careless Love","Madeleine Peyroux","Madeleine Peyroux","2004","Jazz","E:\Data\Music\JazzVocal\MADELEINE PEYROUX\careless love","12","2569","00:42:49","MP3","Madeleine Peyroux","Jazz","Vocal","CD","Rounder","2015/02/01","IWASAKI 図書館"
"Bare Bones","Madeleine Peyroux","Madeleine Peyroux","2009","Dixieland / Traditional","E:\Data\Music\JazzVocal\MADELEINE PEYROUX\Bare Bones","11","2994","00:49:54","MP3","Madeleine Peyroux","Jazz","Vocal","CD","Rounder / Umgd","2019/12/14","購入 Amazon"
"Out of This Mood","Lyambiko","Lyambiko","2002","Jazz","E:\Data\Music\JazzVocal\Lyambiko\Out of This Mood","15","4302","01:11:42","MP3","Lyambiko","Jazz","Vocal","MP3","NagelHeyerRecords","2022/01/06","購入 Amazon"
"Saffronia","Lyambiko","Lyambiko","2008","Dixieland / Traditional","E:\Data\Music\JazzVocal\Lyambiko\Saffronia","11","3178","00:52:58","MP3","Lyambiko","Jazz","Vocal","CD","Sony","2019/12/12","購入 Amazon"
"The Absence","Melody Gardot","Melody Gardot","2012","Dixieland / Traditional","E:\Data\Music\JazzVocal\Melody Gardot\The Absence","11","2770","00:46:10","MP3","Melody Gardot","Jazz","Vocal","CD","Verve","2019/12/12","購入 Amazon"
"My One and Only Thrill","Melody Gardot","Melody Gardot","2009","JazzVocal","E:\Data\Music\JazzVocal\Melody Gardot\My One and Only Thrill","12","2882","00:48:02","MP3","Melody Gardot","Jazz","Vocal","CD","Verve","2015/02/01","購入"
"Summer Nights","Marlene","Marlene With Seawind","1982","Dixieland / Traditional","E:\Data\Music\JazzVocal\Marlene\Summer Nights","9","2127","00:35:27","MP3","Marlene","Jazz","Vocal","CD","CBS/Sony","2015/02/01","購入"
"Softly, As In A Morning Sunrise","Marlene","Marlene","1985","JazzVocal","E:\Data\Music\JazzVocal\Marlene\Softly, As In A Morning Sunrise","9","2233","00:37:13","MP3","Marlene","Jazz","Vocal","CD","CBS/Sony","2015/02/01","購入"
"My Favorite Songs","Marlene","Marlene","1982","JazzVocal","E:\Data\Music\JazzVocal\Marlene\My Favorite Songs","9","2619","00:43:39","MP3","Marlene","Jazz","Vocal","LP","CBS/Sony","2015/02/01","購入"
"Marlene Sings Donna Summer","Marlene","Marlene","2013","JazzVocal","E:\Data\Music\JazzVocal\Marlene\Marlene Sings Donna Summer","10","3361","00:56:01","MP3","Marlene","Jazz","Vocal","CD","RCA","2019/08/18","IWASAKI 図書館"
"Marlene","Marlene","Marlene","1990","Jazz","E:\Data\Music\JazzVocal\Marlene\Marlene","13","3607","01:00:07","MP3","Marlene","Jazz","Vocal","CD","WhoRing","2015/02/01","IWASAKI"
"Looking For Love","Marlene","Marlene","1984","JazzVocal","E:\Data\Music\JazzVocal\Marlene\Looking For Love","11","2547","00:42:27","MP3","Marlene","Jazz","Vocal","CD","CBS/Sony","2015/02/01","購入"
"Just Like First Love","Marlene","Marlene","1981","JazzVocal","E:\Data\Music\JazzVocal\Marlene\Just Like First Love","9","2427","00:40:27","MP3","Marlene","Jazz","Vocal","LP","CBS/Sony","2015/02/01","購入"
"A Letter from Rome","Keiko Lee","Keiko Lee","2000","JazzVocal","E:\Data\Music\JazzVocal\ケイコ・リー\A Letter from Rome","13","3853","01:04:13","MP3","ケイコ・リー","Jazz","","CD","SME","2004/11/07","購入 Amazon"
"Just In Time","The Singers Unlimited","Singers Unlimited","1977","JazzVocal","E:\Data\Music\JazzVocal\The Singers Unlimited\Just In Time","10","2517","00:41:57","MP3","Singers Unlimited","Jazz","Vocal","CD","MPS","2008/03/02","購入 Amazon"
"Muse","Lyambiko","Lyambiko","2015","Dixieland / Traditional","E:\Data\Music\JazzVocal\Lyambiko\Muse","14","3667","01:01:07","MP3","Lyambiko","Jazz","Instrumental","CD","SonyMusic","2021/08/25","購入 Amazon"
"BEST","綾戸智絵","綾戸智絵","2002","Jazz","E:\Data\Music\JazzVocal\綾戸智絵\綾戸智絵 - BEST","7","1911","00:31:51","MP3","綾戸智絵","Jazz","Vocal","CD","ewe","2015/02/01","IWASAKI"
"Digital 45","Anli Sugano","Anli Sugano","1983","Jazz","E:\Data\Music\JazzVocal\アンリ菅野\Digital 45","6","1545","00:25:45","MP3","アンリ菅野","Jazz","Vocal","LP","DAM","2021/02/10","IWASAKI 弟"
"Flyin' Over","阿川泰子","阿川泰子","1978","JazzVocal","E:\Data\Music\JazzVocal\阿川泰子\Flyin' Over","10","2500","00:41:40","MP3","阿川泰子","Jazz","Vocal","TAPE","invitation","2015/02/01","購入"
"Flyin' over/Yasuko Love-Bird","阿川泰子","阿川泰子","1973","Jazz","E:\Data\Music\JazzVocal\阿川泰子\Flyin' over_Yasuko Love-Bird","10","2487","00:41:27","MP3","阿川泰子","Jazz","Vocal","CD","Victor","2015/02/01","IWASAKI"
"Lady September","阿川泰子","阿川泰子","1985","JazzVocal","E:\Data\Music\JazzVocal\阿川泰子\Lady September","9","2329","00:38:49","MP3","阿川泰子","Jazz","Vocal","LP","invitation","2015/02/01","購入"
"Fine","阿川泰子","阿川泰子","1982","JazzVocal","E:\Data\Music\JazzVocal\阿川泰子\Fine","10","2435","00:40:35","MP3","阿川泰子","Jazz","Vocal","LP","invitation","2015/02/01","購入"
"Gravy","阿川泰子","阿川泰子","1984","JazzVocal","E:\Data\Music\JazzVocal\阿川泰子\Gravy","8","2026","00:33:46","MP3","阿川泰子","Jazz","Vocal","LP","invitation","2015/02/01","購入"
"Lyambiko","Lyambiko","Lyambiko","2018","Blues","E:\Data\Music\JazzVocal\Lyambiko\Lyambiko","14","3477","00:57:57","MP3","Lyambiko","Jazz","Vocal","MP3","GoldInJazz","2019/09/24","購入 Amazon"
"Love... And Then?","Lyambiko","","2006","Dixieland / Traditional","E:\Data\Music\JazzVocal\Lyambiko\Love... And Then-","15","3389","00:56:29","MP3","Lyambiko","Jazz","Vocal","CD","Sony","2021/08/30","購入 Amazon"
"EVERY THING MUST CHANGE","Lady Kim","Lady Kim","2005","Jazz","E:\Data\Music\JazzVocal\LADY KIM\EVERY THING MUST CHANGE","11","3016","00:50:16","MP3","Lady Kim","Jazz","Vocal","CD","Village","2015/02/01","IWASAKI"
"Something Cool","June Christy","June Christy","1953","Jazz","E:\Data\Music\JazzVocal\June Christy\Something Cool","11","2007","00:33:27","MP3","June Christy","Jazz","Vocal","CD","Capitol","2019/12/14","IWASAKI 図書館"
"Getting Sentimental Over Tommy Dorsey","Jo Stafford","Jo Stafford","1963","Jazz","E:\Data\Music\JazzVocal\Jo Stafford\Getting Sentimental Over Tommy Dorsey","11","1973","00:32:53","MP3","Jo Stafford","Jazz","Vocal","CD","Reprise","2019/10/23","IWASAKI 図書館"
"It's Wonderland","ITS","ITS","1981","Jazz","E:\Data\Music\JazzVocal\Its\It_s Wonderland","8","2476","00:41:16","MP3","ITS","Jazz","Vocal","LP","JVC","2021/01/22","IWASAKI 弟"
"Eleven Nights","Hilde Louise Asbjornsen","Hilde Louise Asbjornsen","2005","Dixieland / Traditional","E:\Data\Music\JazzVocal\Hilde Louise Asbjørnsen\Eleven Nights","14","3524","00:58:44","MP3","Hilde Louise Asbjornsen","Jazz","Vocal","CD","","2019/12/05","購入 Amazon"
"The Nearness Of You","Helen Merrill","Helen Merrill","1958","Jazz","E:\Data\Music\JazzVocal\HELEN MERRILL\The Nearness of You","12","2259","00:37:39","MP3","Helen Merrill","Jazz","Vocal","CD","EmArcy","2019/10/31","IWASAKI 図書館"
"Just Friends","Helen Merrill Feat. Stan Getz","Helen Merrill","1989","Jazz","E:\Data\Music\JazzVocal\HELEN MERRILL\Just Friends","9","2690","00:44:50","MP3","Helen Merrill","Jazz","Vocal","CD","EmArcy","2019/12/14","IWASAKI 図書館"
"In Yachiyo-Za","Helen Merrill","Helen Merrill","1996","Jazz","E:\Data\Music\JazzVocal\HELEN MERRILL\In Yachiyo-Za","10","3392","00:56:32","MP3","Helen Merrill","Jazz","Vocal","CD","スタジオソングス","2019/10/31","IWASAKI 図書館"
"Helen Merrill In Tokyo (HD Remastered)","Helen Merrill","Helen Merrill","1963","Jazz","E:\Data\Music\JazzVocal\HELEN MERRILL\Helen Merrill In Tokyo (HD Remastered)","10","2001","00:33:21","MP3","Helen Merrill","Jazz","Vocal","CD","King","2019/10/27","IWASAKI 図書館"
"Helen Merrill","Helen Merrill","Helen Merrill","1955","Jazz","E:\Data\Music\JazzVocal\HELEN MERRILL\Helen Merrill","7","2004","00:33:24","MP3","Helen Merrill","Jazz","Vocal","CD","EmArcy","2016/01/03","IWASAKI 図書館"
"Brownie Homage To Clifford Brown","Helen Merrill","Helen Merrill","1994","Jazz","E:\Data\Music\JazzVocal\HELEN MERRILL\Brownie Homage To Clifford Brown","13","3768","01:02:48","MP3","Helen Merrill","Jazz","Vocal","CD","Verve","2019/10/31","IWASAKI 図書館"
"In Time (Hope For Healing)","Halie Loren","Halie Loren","2011","Jazz","E:\Data\Music\JazzVocal\Halie Loren\In Time (Hope For Healing)","1","213","00:03:33","MP3","Halie Loren","Jazz","Vocal","MP3","","2011/03/30","購入 Amazon"
"Heart First","Halie Loren","Halie Loren","2011","Jazz","E:\Data\Music\JazzVocal\Halie Loren\Heart First","16","3674","01:01:14","MP3","Halie Loren","Jazz","Vocal","CD","JustinTime","2012/04/07","IWASAKI"
"BUTTERFLY BLUE","Halie Loren","HALIE LOREN","2015","Jazz","E:\Data\Music\JazzVocal\Halie Loren\BUTTERFLY BLUE","12","2998","00:49:58","MP3","HALIE LOREN","Jazz","Vocal","MP3","JustinTime","2019/09/24","購入 Amazon"
"Bittersweet and Blue","Gwyneth Herbert","Gwyneth Herbert","2004","Dixieland / Traditional","E:\Data\Music\JazzVocal\Gwyneth Herbert\Bittersweet and Blue","13","2974","00:49:34","MP3","Gwyneth Herbert","Jazz","Vocal","CD","Universal","2020/01/07","購入 Amazon"
"Over and Over","Erin Bode","Erin Bode","2016","Dixieland / Traditional","E:\Data\Music\JazzVocal\Erin Bode\Over and Over","14","3497","00:58:17","MP3","Erin Bode","Jazz","Vocal","CD","MaxJazz","2019/12/16","購入 Amazon"
"Respirar","Ema","Ema","2016","JazzVocal","E:\Data\Music\JazzVocal\Ema\Respirar","13","3500","00:58:20","MP3","Ema","Jazz","Vocal","CD","Sony","2019/08/18","IWASAKI 図書館"
"Things Ain't What They Used To Be (And You Better Believe It)","Ella Fitzgerald","Ella Fitzgerald","1970","Jazz","E:\Data\Music\JazzVocal\Ella Fitzgerald\Things Ain't What They Used To Be (And You Better Believe It)","12","2596","00:43:16","MP3","Ella Fitzgerald","Jazz","Vocal","CD","Reprise","2019/12/14","IWASAKI 図書館"
"Songs In A Mellow Mood","Ella Fitzgerald","Ella Fitzgerald","1954","Jazz","E:\Data\Music\JazzVocal\Ella Fitzgerald\Songs In A Mellow Mood","12","2300","00:38:20","MP3","Ella Fitzgerald","Jazz","Vocal","CD","Decca","2019/12/14","IWASAKI 図書館"
"Mack The Knife [Live]","Ella Fitzgerald","Ella Fitzgerald","1960","Jazz","E:\Data\Music\JazzVocal\Ella Fitzgerald\Mack The Knife [Live]","9","2139","00:35:39","MP3","Ella Fitzgerald","Jazz","Vocal","CD","Verve","2019/12/14","IWASAKI 図書館"
"Ella Fitzgerald Sings The Cole Porter Songbook Vol.1","Ella Fitzgerald","Ella Fitzgerald","1956","JazzVocal","E:\Data\Music\JazzVocal\Ella Fitzgerald\Ella Fitzgerald Sings The Cole Porter Songbook Vol.1","16","3238","00:53:58","MP3","Ella Fitzgerald","Jazz","Vocal","CD","Verve","2015/02/01","購入"
"Ella Fitzgerald At The Opera House","Ella Fitzgerald","Ella Fitzgerald","1957","Jazz","E:\Data\Music\JazzVocal\Ella Fitzgerald\Ella Fitzgerald At The Opera House","18","3567","00:59:27","MP3","Ella Fitzgerald","Jazz","Vocal","CD","Verve","2019/12/14","IWASAKI 図書館"
"Ella At Duke's Place","Ella Fitzgerald & Duke Ellington","Ella Fitzgerald","1965","Jazz","E:\Data\Music\JazzVocal\Ella Fitzgerald\Ella At Duke's Place","10","2826","00:47:06","MP3","Ella Fitzgerald","Jazz","Vocal","CD","Verve","2020/02/04","IWASAKI 図書館"
"Ella & Louis","Ella Fitzgerald & Louis Armstrong","Ella Fitzgerald","1956","Jazz","E:\Data\Music\JazzVocal\Ella Fitzgerald\Ella & Louis","11","3257","00:54:17","MP3","Ella Fitzgerald","Jazz","Swing","CD","Verve","2019/12/14","IWASAKI"
"Waves The Bossa Nova Session","Eden Atwood","","2002","Ragtime","E:\Data\Music\JazzVocal\Eden Atwood\Waves The Bossa Nova Session","11","3657","01:00:57","MP3","Eden Atwood","Jazz","Vocal","CD","GrooveNote","2021/08/18","購入 Amazon"
"Like Someone in Love","イーデン・アトウッド","イーデン・アトウッド","2010","Jazz","E:\Data\Music\JazzVocal\Eden Atwood\Like Someone in Love","12","3280","00:54:40","MP3","Eden Atwood","Jazz","Vocal","MP3","SSJ","2021/07/04","購入 Amazon"
"A Night In The Life","Eden Atwood","Eden Atwood","1996","Ragtime","E:\Data\Music\JazzVocal\Eden Atwood\A Night In The Life","11","3521","00:58:41","MP3","Eden Atwood","Jazz","Vocal","CD","Concord Jazz ","2021/06/29","購入 Amazon"
"Dinah Jams _ LP","","Dinah Washington","1954","Jazz","E:\Data\Music\JazzVocal\Dinah Washington\Dinah Jams","8","2340","00:39:00","MP3","Dinah Washington","Jazz","Bop","LP","EmArcy","2021/01/06","IWASAKI"
"Wallflower","Diana Krall","Diana Krall","2015","Vocal","E:\Data\Music\JazzVocal\Diana Krall\Wallflower","12","2714","00:45:14","MP3","Diana Krall","Jazz","Vocal","CD","Verve","2016/10/11","購入 Amazon"
"Turn Up The Quiet [Bonus Track]","Diana Krall","Diana Krall","2017","Jazz","E:\Data\Music\JazzVocal\Diana Krall\Turn Up The Quiet [Bonus Track]","12","3212","00:53:32","MP3","Diana Krall","Jazz","Vocal","CD","Verve","2019/01/04","IWASAKI 図書館"
"The Look of Love","Diana Krall","Diana Krall","2001","JazzVocal","E:\Data\Music\JazzVocal\Diana Krall\The Look of Love","10","3032","00:50:32","MP3","Diana Krall","Jazz","Vocal","CD","Verve","2005/05/22","購入 Amazon"
"Quiet Nights","Diana Krall","Diana Krall","2009","JazzVocal","E:\Data\Music\JazzVocal\Diana Krall\Quiet Nights","12","3295","00:54:55","MP3","Diana Krall","Jazz","Vocal","CD","Verve","2009/06/28","購入 Amazon"
"Live in Paris","Diana Krall","Diana Krall","2002","Jazz","E:\Data\Music\JazzVocal\Diana Krall\Live in Paris","12","4213","01:10:13","MP3","Diana Krall","Jazz","Vocal","CD","Verve","2016/10/11","購入 Amazon"
"From This Moment On","Diana Krall","Diana Krall","2006","JazzVocal","E:\Data\Music\JazzVocal\Diana Krall\From This Moment On","11","3091","00:51:31","MP3","Diana Krall","Jazz","Vocal","CD","Verve","2007/05/04","購入 Amazon"
"J'ai Deux Amours（フランスへのオマージュ）","Dee Dee Bridgewater","Dee Dee Bridgewater","2004","Jazz","E:\Data\Music\JazzVocal\DEE DEE BRIDGEWATER\J'ai Deux Amours（フランスへのオマージュ）","12","3694","01:01:34","MP3","Dee Dee Bridgewater","Jazz","Vocal","CD","DDB","2015/02/01","IWASAKI"
"Dee Dee Bridgewater","Dee Dee Bridgewater","Dee Dee Bridgewater","1976","Jazz","E:\Data\Music\JazzVocal\DEE DEE BRIDGEWATER\Dee Dee Bridgewater","8","2161","00:36:01","MP3","Dee Dee Bridgewater","Jazz","Vocal","CD","Atlantic","2019/11/11","IWASAKI 図書館"
"You Don't Know Me","Dannielle Gaha","Dannielle Gaha","2002","Vocals","E:\Data\Music\JazzVocal\Dannielle Gaha\You Don't Know Me","11","3714","01:01:54","MP3","Dannielle Gaha","Jazz","Vocal","CD","Danndelion Pty","2021/07/01","購入 Amazon"
"Embraceable You - The Best Of Vocal Standards -","Louis Armstrong","Various Artists","","Jazz","E:\Data\Music\JazzVocal\compilation\Embraceable You - The Best Of Vocal Standards","20","3974","01:06:14","MP3","Various Artists","Jazz","Vocal","CD","","2019/10/23","IWASAKI 図書館"
"Bossa Disney Best","Joyce","Various Artists","2014","Soundtrack","E:\Data\Music\JazzVocal\compilation\Bossa Disney Bes","13","2918","00:48:38","MP3","小野リサ","Jazz","Vocal","CD","Disney","2020/02/26","IWASAKI 図書館"
"I Miss You So","Chris Connor","Chris Connor","1960","Jazz","E:\Data\Music\JazzVocal\Chris Conner\I Miss You So","16","2522","00:42:02","MP3","Chris Connor","Jazz","Vocal","CD","Atlantic","2019/12/27","IWASAKI 図書館"
"Chris Connor","Chris Connor","Chris Connor","1956","Jazz","E:\Data\Music\JazzVocal\Chris Conner\Chris Connor","14","2439","00:40:39","MP3","Chris Connor","Jazz","Vocal","CD","Atlactic","2019/12/14","IWASAKI 図書館"
"Sings Standards","Cassandra Wilson","Cassandra Wilson","2002","Jazz","E:\Data\Music\JazzVocal\CASSANDRA WILSON\Sings Standards","11","3559","00:59:19","MP3","Cassandra Wilson","Jazz","Vocal","CD","Verve","2019/01/04","IWASAKI 図書館"
"She Who Weeps","Cassandra Wilson","Cassandra Wilson","1991","Jazz","E:\Data\Music\JazzVocal\CASSANDRA WILSON\She Who Weeps","7","2436","00:40:36","MP3","Cassandra Wilson","Jazz","Vocal","CD","JMT","2019/01/04","IWASAKI 図書館"
"Rendezvous","Jacky Terrasson & Cassandra Wilson","Cassandra Wilson","1997","Jazz","E:\Data\Music\JazzVocal\CASSANDRA WILSON\Rendezvous","13","3515","00:58:35","MP3","Cassandra Wilson","Jazz","Vocal","CD","BlueNote","2015/02/01","IWASAKI"
"New Moon Daughter","Cassandra Wilson","Cassandra Wilson","1995","Jazz","E:\Data\Music\JazzVocal\CASSANDRA WILSON\New Moon Daughter","13","4051","01:07:31","MP3","Cassandra Wilson","Jazz","Vocal","CD","BlueNote","2015/02/01","IWASAKI"
"Days Aweigh","Cassandra Wilson","Cassandra Wilson","1987","Jazz","E:\Data\Music\JazzVocal\CASSANDRA WILSON\Days Aweigh","9","2522","00:42:02","MP3","Cassandra Wilson","Jazz","Vocal","CD","JMT","2019/01/04","IWASAKI 図書館"
"This Is Carol - Jazz Beauties","","Carol Welsman","2018","Jazz","E:\Data\Music\JazzVocal\Carol Welsman\This Is Carol","15","2516","00:41:56","MP3","Carol Welsman","Jazz","Vocal","CD","Fab","2021/03/03","IWASAKI 図書館"
"The Great American Songbook [Disc 2]","Carmen McRae","Carmen McRae","1971","Jazz","E:\Data\Music\JazzVocal\Carmen McRae\The Great American Songbook [Disc 2]","18","3512","00:58:32","MP3","Carmen McRae","Jazz","Vocal","CD","Atlantic","2019/12/14","IWASAKI 図書館"
"The Great American Songbook [Disc 1]","Carmen McRae","Carmen McRae","1971","Jazz","E:\Data\Music\JazzVocal\Carmen McRae\The Great American Songbook [Disc 1]","20","3659","01:00:59","MP3","Carmen McRae","Jazz","Vocal","CD","Atlantic","2019/12/14","IWASAKI 図書館"
"Book Of Ballads","Carmen McRae","Carmen McRae","1958","Jazz","E:\Data\Music\JazzVocal\Carmen McRae\Book of Ballads","12","2467","00:41:07","MP3","Carmen McRae","Jazz","Vocal","CD","Kapp","2019/12/14","IWASAKI 図書館"
"Velvet Mood","Billie Holiday","Billie Holiday","1957","Dixieland / Traditional","E:\Data\Music\JazzVocal\BILLIE HOLIDAY\Velvet Mood","7","1974","00:32:54","MP3","Billie Holiday","Jazz","Vocal","CD","Clef","2019/12/17","購入 Amazon"
"The Greatest Interpretations of Bille Holiday","Billie Holiday","Billie Holiday","1939,44","Dixieland / Traditional","E:\Data\Music\JazzVocal\BILLIE HOLIDAY\The Greatest Interpretations of Billie Holiday - complete edition","16","3094","00:51:34","MP3","Billie Holiday","Jazz","Vocal","CD","Commodore","2019/12/17","購入 Amazon"
"Songs For Distingué Lovers","Billie Holiday","Billie Holiday","1957","Jazz","E:\Data\Music\JazzVocal\BILLIE HOLIDAY\Songs For Distingué Lovers","6","1999","00:33:19","MP3","Billie Holiday","Jazz","Vocal","CD","Verve","2015/02/01","IWASAKI"
"Solitude","Billie Holiday","Billie Holiday","1957","Dixieland / Traditional","E:\Data\Music\JazzVocal\BILLIE HOLIDAY\Solitude","8","1551","00:25:51","MP3","Billie Holiday","Jazz","Vocal","CD","Clef","2019/12/17","購入 Amazon"
"Selections From Songs for Distingue Lovers","Billie Holiday","Billie Holiday","1957","Dixieland / Traditional","E:\Data\Music\JazzVocal\BILLIE HOLIDAY\Selection from Songs for Distingue Lovers","4","1223","00:20:23","MP3","Billie Holiday","Jazz","Vocal","CD","Verve","2019/12/17","購入 Amazon"
"Music for Torching","Billie Holiday","Billie Holiday","1955","Jazz","E:\Data\Music\JazzVocal\BILLIE HOLIDAY\Music for Torching","8","2015","00:33:35","MP3","Billie Holiday","Jazz","Vocal","CD","Clef","2019/12/17","購入 Amazon"
"Lady Sings The Blues","Billie Holiday","Billie Holiday","1956","jazz","E:\Data\Music\JazzVocal\BILLIE HOLIDAY\Lady Sings The Blues [CD]","12","2288","00:38:08","MP3","Billie Holiday","Jazz","Vocal","CD","Clef","2019/12/17","購入 Amazon"
"Lady Sings The Blues","Billie Holiday","Billie Holiday","1956","Jazz","E:\Data\Music\JazzVocal\BILLIE HOLIDAY\Lady Sings The Blues","12","2302","00:38:22","MP3","Billie Holiday","Jazz","Vocal","LP","Verve","2015/02/21","購入"
"Lady in Satin","Billie Holiday","Billie Holiday","1958","Jazz","E:\Data\Music\JazzVocal\BILLIE HOLIDAY\Lady In Satin [IWA]","11","2388","00:39:48","MP3","Billie Holiday","Jazz","Vocal","LP","Columbia","2020/08/05","IWASAKI"
"Lady in Satin","Billie Holiday","Billie Holiday","1958","Jazz","E:\Data\Music\JazzVocal\BILLIE HOLIDAY\Lady in Satin","13","2912","00:48:32","MP3","Billie Holiday","Jazz","Vocal","LP","CBS/Sony","2015/02/21","購入"
"Lady Day","Billie Holiday","Billie Holiday","1940","Jazz","E:\Data\Music\JazzVocal\BILLIE HOLIDAY\Lady Day","16","2837","00:47:17","MP3","Billie Holiday","Jazz","Vocal","LP","CBS/Sony","2015/02/21","購入"
"Body and Soul","Billie Holiday","Billie Holiday","1957","Jazz","E:\Data\Music\JazzVocal\BILLIE HOLIDAY\Body and Soul","8","2431","00:40:31","MP3","Billie Holiday","Jazz","Vocal","CD","Verve","2019/12/17","購入 Amazon"
"Billie Holiday","Billie Holiday","Billie Holiday","1954","Jazz","E:\Data\Music\JazzVocal\BILLIE HOLIDAY\Billie Holiday","7","1260","00:21:00","MP3","Billie Holiday","Jazz","Vocal","CD","Clef","2019/12/17","購入 Amazon"
"An evening with Billie Holiday","Billie Holiday","Billie Holiday","1952","Jazz","E:\Data\Music\JazzVocal\BILLIE HOLIDAY\An Evening with Billie Holiday","7","1319","00:21:59","MP3","Billie Holiday","Jazz","Vocal","CD","Clef","2019/12/17","購入 Amazon"
"'Round Midnight","Betty Carter","Betty Carter","1962","Jazz","E:\Data\Music\JazzVocal\Betty Carter\'Round Midnight","13","2194","00:36:34","MP3","Betty Carter","Jazz","Vocal","CD","Atco","2019/12/14","IWASAKI 図書館"
"Cool Heat","Anita O'Day","Anita O'Day","1959","Jazz","E:\Data\Music\JazzVocal\Anita O'Day\Cool Heat","12","1901","00:31:41","MP3","Anita O'Day","Jazz","Vocal","CD","Verve","2019/10/27","IWASAKI"
"Anita Sings The Most","Anita O'Day","Anita O'Day","1956","Jazz","E:\Data\Music\JazzVocal\Anita O'Day\Anita Sings The Most","11","2059","00:34:19","MP3","Anita O'Day","Jazz","Vocal","CD","Verve","2019/10/31","IWASAKI"
"Anita","Anita O'Day","Anita O'Day","1956","Jazz","E:\Data\Music\JazzVocal\Anita O'Day\Anita","12","2286","00:38:06","MP3","Anita O'Day","Jazz","Vocal","CD","Verve","2019/10/31","IWASAKI"
"UPSTREAM","akiko","akiko","2001,2001","Jazz","E:\Data\Music\JazzVocal\AKIKO\Upstream","7","2060","00:34:20","MP3","akiko","Jazz","Vocal","CD","Unversal","2015/02/01","IWASAKI"
"Little Miss Jazz And Jive Goes Around The World!","akiko","akiko","2005","Jazz","E:\Data\Music\JazzVocal\AKIKO\LITTLE MISS JAZZ & JIVE","8","1569","00:26:09","MP3","akiko","Jazz","Vocal","CD","Verve","2015/02/01","IWASAKI"
"Girl Talk","akiko","akiko","2001","Jazz","E:\Data\Music\JazzVocal\AKIKO\GIRL TALK","13","3374","00:56:14","MP3","akiko","Jazz","Vocal","CD","Verve","2015/02/01","IWASAKI"
"akiko's holiday","akiko","akiko","2003","Jazz","E:\Data\Music\JazzVocal\AKIKO\akiko's holiday","12","3276","00:54:36","MP3","akiko","Jazz","Vocal","CD","Verve","2012/05/12","IWASAKI"
"Sentimental Lady","Agneta Baumann","Agneta Baumann","2002","Jazz","E:\Data\Music\JazzVocal\Agneta Baumann\Sentimental Lady","10","3439","00:57:19","MP3","Agneta Baumann","Jazz","Vocal","MP3","Touché Music","2021/06/28","購入 Amazon"
"Comes Love ...","Agneta Baumann","Agneta Baumann","1999","Jazz","E:\Data\Music\JazzVocal\Agneta Baumann\Comes Love","14","3865","01:04:25","MP3","Agneta Baumann","Jazz","Vocal","MP3","Touché Music","2021/06/27","購入 Amazon"
"That's Him!","Abbey Lincoln","Abbey Lincoln","1957","JazzVocal","E:\Data\Music\JazzVocal\Abbey Lincoln\That's Him!","12","3149","00:52:29","MP3","Abbey Lincoln","Jazz","Vocal","CD","Riverside","2015/02/01","購入"
"Straight Ahead [Four Classic Albums]","Abbey Lincoln","Abbey Lincoln","1961","Dixieland / Traditional","E:\Data\Music\JazzVocal\Abbey Lincoln\Straight Ahead [Four Classic Albums]","7","2346","00:39:06","MP3","Abbey Lincoln","Jazz","Vocal","CD","Condid","2021/09/30","購入 Amazon"
"It's Magic [Four Classic Albums]","Abbey Lincoln","Abbey Lincoln","1958","Dixieland / Traditional","E:\Data\Music\JazzVocal\Abbey Lincoln\It's Magic [Four Classic Albums]","10","2217","00:36:57","MP3","Abbey Lincoln","Jazz","Vocal","CD","Riverside","2021/09/30","購入 Amazon"
"Abbey Is Blue [Four Classic Albums]","Abbey Lincoln","Abbey Lincoln","1959","Dixieland / Traditional","E:\Data\Music\JazzVocal\Abbey Lincoln\Abbey Is Blue [Four Classic Albums]","10","2353","00:39:13","MP3","Abbey Lincoln","Jazz","Vocal","CD","Riverside","2021/09/30","購入 Amazon"
"MELODIES","阿川泰子","阿川泰子","1986","JazzVocal","E:\Data\Music\JazzVocal\阿川泰子\MELODIES","10","2247","00:37:27","MP3","阿川泰子","Jazz","Vocal","CD","invitation","2015/02/01","購入"
"Night Line","阿川泰子","阿川泰子","1983","JazzVocal","E:\Data\Music\JazzVocal\阿川泰子\Night Line","12","2963","00:49:23","MP3","阿川泰子","Jazz","Vocal","LP","invitation","2015/02/01","購入"
"Sunglow","阿川泰子","阿川泰子","1981","JazzVocal","E:\Data\Music\JazzVocal\阿川泰子\Sunglow","9","2359","00:39:19","MP3","阿川泰子","Jazz","Vocal","LP","invitation/Victor","2015/02/01","購入"
"TWIN BEST ポップス & ブラジリアン・ミュージック","阿川泰子","阿川泰子","1995","Jazz","E:\Data\Music\JazzVocal\阿川泰子\YASUKO AGAWA\TWIN BEST ポップス & ブラジリアン・ミュージック","16","4139","01:08:59","MP3","阿川泰子","Jazz","Vocal","CD","Victor","2015/02/01","IWASAKI"
"TWIN BEST 映画音楽 & スタンダード集","阿川泰子","阿川泰子","1995","Jazz","E:\Data\Music\JazzVocal\阿川泰子\YASUKO AGAWA\TWIN BEST 映画音楽 & スタンダード集","15","4284","01:11:24","MP3","阿川泰子","Jazz","Vocal","CD","Victor","2015/02/01","IWASAKI"
"Yasuko Love-Bird","阿川泰子","阿川泰子","1977","JazzVocal","E:\Data\Music\JazzVocal\阿川泰子\Yasuko Love-Bird","11","2281","00:38:01","MP3","阿川泰子","Jazz","Vocal","LP","Victor","2015/02/01","購入"
"Yasuko \"Love-Bird\"","阿川泰子","阿川泰子","1994","Jazz","E:\Data\Music\JazzVocal\阿川泰子\Yasuko _Love-Bird_","11","2291","00:38:11","MP3","阿川泰子","Jazz","Vocal","CD","Victor","2015/02/01","IWASAKI"
"YOUR SONGS","阿川泰子","阿川泰子","1990","Jazz","E:\Data\Music\JazzVocal\阿川泰子\Your Songs","10","2483","00:41:23","MP3","阿川泰子","Jazz","Vocal","CD","Victor","2015/02/01","IWASAKI"
"SHINING","青木カレン","青木カレン","2008","Jazz","E:\Data\Music\JazzVocal\青木カレン\SHINING","12","3398","00:56:38","MP3","青木カレン","Jazz","Vocal","CD","RamblingRecords","2015/02/01","IWASAKI"
"Dream Dancing (feat. Lars Jansson)","Katrine Madsen","Katrine Madsen","1997","Jazz","E:\Data\Music\JazzVocal\Katrine Madsen\Dream Dancing (feat. Lars Jansson)","13","3851","01:04:11","MP3","Katrine Madsen","Jazz","Vocal","MP3"," Music Mecca","2021/12/30","購入 Amazon"
"Back To Earth","Lisa Ekdahl & Peter Nordahl Trio","Lisa Ekdahl & Peter Nordahl Trio","1998","Pop","E:\Data\Music\JazzVocal\Lisa Ekdahl\Back To Earth","13","3275","00:54:35","MP3","Lisa Ekdahl","Jazz","Vocal","MP3","RCA Victor","2021/12/30","購入 Amazon"
"South. \"Yasuda Minami Live At The Rob-Roy\"","安田南","Minami Yasuda","1974","Jazz","E:\Data\Music\JazzVocal\安田南\South","8","2607","00:43:27","MP3","安田南","Jazz","Vocal","CD","King","2021/11/18","IWASAKI 図書館"
"Once In A Lifetime","Karen Lane","","2002","Contemporary Jazz","E:\Data\Music\JazzVocal\Karen Lane\Once In A Lifetime","12","3330","00:55:30","MP3","Karen Lane","Jazz","Vocal","CD","33Records","2022/01/06","購入 Amazon"
