﻿"タイトル","URLアドレス"
"ジャズ音楽家の一覧","https://ja.wikipedia.org/wiki/ジャズ音楽家の一覧"
"List of jazz musicians","https://en.wikipedia.org/wiki/List_of_jazz_musicians"
"List of jazz banjoists","https://en.wikipedia.org/wiki/List_of_jazz_musicians"
"List of jazz bassists","https://en.wikipedia.org/wiki/List_of_jazz_bassists"
"list of jazz drummers","https://en.wikipedia.org/wiki/List_of_jazz_drummers"
"list of jazz guitarists","https://en.wikipedia.org/wiki/List_of_jazz_guitarists"
"List of jazz organists","https://en.wikipedia.org/wiki/List_of_jazz_organists"
"list of jazz pianists","https://en.wikipedia.org/wiki/List_of_jazz_pianists"
"list of jazz saxophonists","https://en.wikipedia.org/wiki/List_of_jazz_saxophonists"
"list of jazz trombonistss","https://en.wikipedia.org/wiki/List_of_jazz_trombonists"
"List of jazz trumpeters","https://en.wikipedia.org/wiki/List_of_jazz_trumpeters"
"List of jazz vibraphonists","https://en.wikipedia.org/wiki/List_of_jazz_vibraphonists"
"List of jazz violinists","https://en.wikipedia.org/wiki/List_of_jazz_violinists"
"List of jazz vocalists","https://en.wikipedia.org/wiki/List_of_jazz_vocalists"
"フォークシンガー","https://ja.wikipedia.org/wiki/フォークシンガー"
"ミュージシャン一覧_(グループ)","https://ja.wikipedia.org/wiki/ミュージシャン一覧_(グループ)"
"Category_5人組の音楽グループ","https://ja.wikipedia.org/wiki/Category:5人組の音楽グループ"
"Category_5人組の音楽グループ_けえむしつきようしやわくわくはんと","https://ja.wikipedia.org/w/index.php?title=Category:5人組の音楽グループ&pagefrom=けえむしつきようしやわくわくはんと\nゲーム実況者わくわくバンド#mw-pages"
"Category_5人組の音楽グループ_ないんないんれていおさあひす","https://ja.wikipedia.org/w/index.php?title=Category:5人組の音楽グループ&pagefrom=ないんないんれていおさあひす\n99RadioService#mw-pages"
"Category_5人組の音楽グループ_めかろまにあ","https://ja.wikipedia.org/w/index.php?title=Category:5人組の音楽グループ&pagefrom=めかろまにあ\nMegaromania#mw-pages"
"Category_African-American_jazz_pianists","https://en.wikipedia.org/wiki/Category:African-American_jazz_pianists"
"Category_Alternative_rock_guitarists","https://en.wikipedia.org/wiki/Category:Alternative_rock_guitarists"
"Category_Alternative_rock_guitarists_Valenzuela,+Jesse","https://en.wikipedia.org/w/index.php?title=Category:Alternative_rock_guitarists&pagefrom=Valenzuela,+Jesse\nJesse+Valenzuela#mw-pages"
"Category_American_atheists","https://en.wikipedia.org/wiki/Category:American_atheists"
"Category_American_atheists_Feynman,+Richard","https://en.wikipedia.org/w/index.php?title=Category:American_atheists&pagefrom=Feynman,+Richard\nRichard+Feynman#mw-pages"
"Category_American_atheists_Lukianoff,+Greg","https://en.wikipedia.org/w/index.php?title=Category:American_atheists&pagefrom=Lukianoff,+Greg\nGreg+Lukianoff#mw-pages"
"Category_American_atheists_Smithies,+Oliver","https://en.wikipedia.org/w/index.php?title=Category:American_atheists&pagefrom=Smithies,+Oliver\nOliver+Smithies#mw-pages"
"Category_American_female_jazz_singers","https://en.wikipedia.org/wiki/Category:American_female_jazz_singers"
"Category_American_female_jazz_singers_Kole,+Hilary","https://en.wikipedia.org/w/index.php?title=Category:American_female_jazz_singers&pagefrom=Kole,+Hilary\nHilary+Kole#mw-pages"
"Category_American_jazz_double-bassists","https://en.wikipedia.org/wiki/Category:American_jazz_double-bassists"
"Category_American_jazz_double-bassists_Lesberg,+Jack","https://en.wikipedia.org/w/index.php?title=Category:American_jazz_double-bassists&pagefrom=Lesberg,+Jack\nJack+Lesberg#mw-pages"
"Category_American_jazz_drummers","https://en.wikipedia.org/wiki/Category:American_jazz_drummers"
"Category_American_jazz_drummers_Gardner,+June","https://en.wikipedia.org/w/index.php?title=Category:American_jazz_drummers&pagefrom=Gardner,+June\nJune+Gardner#mw-pages"
"Category_American_jazz_drummers_Peyton,+Benny","https://en.wikipedia.org/w/index.php?title=Category:American_jazz_drummers&pagefrom=Peyton,+Benny\nBenny+Peyton#mw-pages"
"Category_American_jazz_ensembles","https://en.wikipedia.org/wiki/Category:American_jazz_ensembles"
"Category_American_jazz_ensembles_Jazz+Passengers,+The","https://en.wikipedia.org/w/index.php?title=Category:American_jazz_ensembles&pagefrom=Jazz+Passengers,+The\nThe+Jazz+Passengers#mw-pages"
"Category_American_jazz_ensembles_ravis+Sullivans+Bjorkestra","https://en.wikipedia.org/w/index.php?title=Category:American_jazz_ensembles&pagefrom=Travis+Sullivans+Bjorkestra\nTravis+Sullivan's+Bjorkestra#mw-pages"
"Category_American_jazz_musicians","https://en.wikipedia.org/wiki/Category:American_jazz_musicians"
"Category_American_jazz_musicians_Pastor,+Tony","https://en.wikipedia.org/w/index.php?title=Category:American_jazz_musicians&pagefrom=Pastor,+Tony\nTony+Pastor+(bandleader)#mw-pages"
"Category_American_jazz_pianists","https://en.wikipedia.org/wiki/Category:American_jazz_pianists"
"Category_American_jazz_pianists_Degen,+Bob","https://en.wikipedia.org/w/index.php?title=Category:American_jazz_pianists&pagefrom=Degen,+Bob\nBob+Degen#mw-pages"
"Category_American_jazz_pianists_Johnson,+Lamont","https://en.wikipedia.org/w/index.php?title=Category:American_jazz_pianists&pagefrom=Johnson,+Lamont\nLaMont+Johnson#mw-pages"
"Category_American_jazz_pianists_Payne,+Bill","https://en.wikipedia.org/w/index.php?title=Category:American_jazz_pianists&pagefrom=Payne,+Bill\nBill+Payne#mw-pages"
"Category_American_jazz_pianists_Wein,+George","https://en.wikipedia.org/w/index.php?title=Category:American_jazz_pianists&pagefrom=Wein,+George\nGeorge+Wein#mw-pages"
"Category_American_jazz_saxophonists","https://en.wikipedia.org/wiki/Category:American_jazz_saxophonists"
"Category_American_jazz_saxophonists_Graham,+Bill","https://en.wikipedia.org/w/index.php?title=Category:American_jazz_saxophonists&pagefrom=Graham,+Bill\nBill+Graham+(musician)#mw-pages"
"Category_American_jazz_saxophonists_Mullenweg,+Matt","https://en.wikipedia.org/w/index.php?title=Category:American_jazz_saxophonists&pagefrom=Mullenweg,+Matt\nMatt+Mullenweg#mw-pages"
"Category_American_jazz_saxophonists_Williams,+Irv","https://en.wikipedia.org/w/index.php?title=Category:American_jazz_saxophonists&pagefrom=Williams,+Irv\nIrv+Williams#mw-pages"
"Category_American_jazz_tenor_saxophonists","https://en.wikipedia.org/wiki/Category:American_jazz_tenor_saxophonists"
"Category_American_jazz_trumpeters","https://en.wikipedia.org/wiki/Category:American_jazz_trumpeters"
"Category_American_jazz_trumpeters_Goode,+Brad","https://en.wikipedia.org/w/index.php?title=Category:American_jazz_trumpeters&pagefrom=Goode,+Brad\nBrad+Goode#mw-pages"
"Category_American_jazz_trumpeters_Randolph,+Zilner","https://en.wikipedia.org/w/index.php?title=Category:American_jazz_trumpeters&pagefrom=Randolph,+Zilner\nZilner+Randolph#mw-pages"
"Category_Australian_dance_musicians","https://en.wikipedia.org/wiki/Category:Australian_dance_musicians"
"Category_Australian_female_musicians","https://en.wikipedia.org/wiki/Category:Australian_female_musicians"
"Category_Canadian_female_jazz_singers","https://en.wikipedia.org/wiki/Category:Canadian_female_jazz_singers"
"Category_Danish_jazz_singers","https://en.wikipedia.org/wiki/Category:Danish_jazz_singers"
"Category_Electronic_music_groups_from_Illinois","https://en.wikipedia.org/wiki/Category:Electronic_music_groups_from_Illinois"
"Category_English_jazz_ensembles","https://en.wikipedia.org/wiki/Category:English_jazz_ensembles"
"Category_German_jazz_singers","https://en.wikipedia.org/wiki/Category:German_jazz_singers"
"Category_Japanese_jazz_double-bassists","https://en.wikipedia.org/wiki/Category:Japanese_jazz_double-bassists"
"Category_Japanese_jazz_ensembles","https://en.wikipedia.org/wiki/Category:Japanese_jazz_ensembles"
"Category_Japanese_jazz_guitarists","https://en.wikipedia.org/wiki/Category:Japanese_jazz_guitarists"
"Category_Japanese_jazz_musicians","https://en.wikipedia.org/wiki/Category:Japanese_jazz_musicians"
"Category_Japanese_jazz_pianists","https://en.wikipedia.org/wiki/Category:Japanese_jazz_pianists"
"Category_Japanese_jazz_trombonists","https://en.wikipedia.org/wiki/Category:Japanese_jazz_trombonists"
"Category_Japanese_jazz_trumpeters","https://en.wikipedia.org/wiki/Category:Japanese_jazz_trumpeters"
"Category_Jazz_keyboardists","https://en.wikipedia.org/wiki/Category:Jazz_keyboardists"
"Category_New-age_musicians","https://en.wikipedia.org/wiki/Category:New-age_musicians"
"Category_Norwegian_jazz_ensembles","https://en.wikipedia.org/wiki/Category:Norwegian_jazz_ensembles"
"Category_Polish_jazz_pianists","https://en.wikipedia.org/wiki/Category:Polish_jazz_pianists"
"Category_アメリカ合衆国のジャズ・ギタリスト","https://ja.wikipedia.org/wiki/Category:アメリカ合衆国のジャズ・ギタリスト"
"Category_アメリカ合衆国のジャズ・サクソフォーン奏者","https://ja.wikipedia.org/wiki/Category:アメリカ合衆国のジャズ・サクソフォーン奏者"
"Category_アメリカ合衆国のジャズ・トランペット奏者","https://ja.wikipedia.org/wiki/Category:アメリカ合衆国のジャズ・トランペット奏者"
"Category_アメリカ合衆国のジャズ・トロンボーン奏者","https://ja.wikipedia.org/wiki/Category:アメリカ合衆国のジャズ・トロンボーン奏者"
"Category_アメリカ合衆国のジャズ・ドラマー","https://ja.wikipedia.org/wiki/Category:アメリカ合衆国のジャズ・ドラマー"
"Category_アメリカ合衆国のジャズ・バンド","https://ja.wikipedia.org/wiki/Category:アメリカ合衆国のジャズ・バンド"
"Category_アメリカ合衆国のジャズ・ピアニスト","https://ja.wikipedia.org/wiki/Category:アメリカ合衆国のジャズ・ピアニスト"
"Category_アメリカ合衆国のジャズ・フルート奏者","https://ja.wikipedia.org/wiki/Category:アメリカ合衆国のジャズ・フルート奏者"
"Category_アメリカ合衆国のジャズ・ベーシスト","https://ja.wikipedia.org/wiki/Category:アメリカ合衆国のジャズ・ベーシスト"
"Category_アメリカ合衆国のジャズ・ミュージシャン","https://ja.wikipedia.org/wiki/Category:アメリカ合衆国のジャズ・ミュージシャン"
"Category_アメリカ合衆国のジャズ・ミュージシャン_はつとん+しよん","https://ja.wikipedia.org/w/index.php?title=Category:アメリカ合衆国のジャズ・ミュージシャン&pagefrom=はつとん+しよん\nジョン・パットン#mw-pages"
"Category_アメリカ合衆国のジャズ・ヴィブラフォン奏者","https://ja.wikipedia.org/wiki/Category:アメリカ合衆国のジャズ・ヴィブラフォン奏者"
"Category_アメリカ合衆国のジャズ歌手","https://ja.wikipedia.org/wiki/Category:アメリカ合衆国のジャズ歌手"
"Category_アメリカ合衆国の女性ジャズ歌手","https://ja.wikipedia.org/wiki/Category:アメリカ合衆国の女性ジャズ歌手"
"Category_グループ・サウンズのバンド","https://ja.wikipedia.org/wiki/Category:グループ・サウンズのバンド"
"Category_コーラス・グループ","https://ja.wikipedia.org/wiki/Category:コーラス・グループ"
"Category_ジャズ・ピアニスト","https://ja.wikipedia.org/wiki/Category:ジャズ・ピアニスト"
"Category_ジャズ・ミュージシャン","https://ja.wikipedia.org/wiki/Category:ジャズ・ミュージシャン"
"Category_デンマークの歌手","https://ja.wikipedia.org/wiki/Category:デンマークの歌手"
"Category_フュージョン・ミュージシャン","https://ja.wikipedia.org/wiki/Category:フュージョン・ミュージシャン"
"Category_フュージョン・ミュージシャン_わしんとん+くろおうああ+しゆにあ","https://ja.wikipedia.org/w/index.php?title=Category:フュージョン・ミュージシャン&pagefrom=わしんとん+くろおうああ+しゆにあ\nグローヴァー・ワシントン・ジュニア#mw-pages"
"Category_女性ジャズ歌手","https://ja.wikipedia.org/wiki/Category:女性ジャズ歌手"
"Category_日本のR&Bグループ","https://ja.wikipedia.org/wiki/Category:日本のR&Bグループ"
"Category_日本のアコーディオン奏者","https://ja.wikipedia.org/wiki/Category:日本のアコーディオン奏者"
"Category_日本のオルタナティヴ・ロック・ミュージシャン","https://ja.wikipedia.org/wiki/Category:日本のオルタナティヴ・ロック・ミュージシャン"
"Category_日本のシンガーソングライター","https://ja.wikipedia.org/wiki/Category:日本のシンガーソングライター"
"Category_日本のジャズ・ギタリスト","https://ja.wikipedia.org/wiki/Category:日本のジャズ・ギタリスト"
"Category_日本のジャズ・クラリネット奏者","https://ja.wikipedia.org/wiki/Category:日本のジャズ・クラリネット奏者"
"Category_日本のジャズ・サクソフォーン奏者","https://ja.wikipedia.org/wiki/Category:日本のジャズ・サクソフォーン奏者"
"Category_日本のジャズ・トランペット奏者","https://ja.wikipedia.org/wiki/Category:日本のジャズ・トランペット奏者"
"Category_日本のジャズ・トロンボーン奏者","https://ja.wikipedia.org/wiki/Category:日本のジャズ・トロンボーン奏者"
"Category_日本のジャズ・ドラマー","https://ja.wikipedia.org/wiki/Category:日本のジャズ・ドラマー"
"Category_日本のジャズ・ピアニスト","https://ja.wikipedia.org/wiki/Category:日本のジャズ・ピアニスト"
"Category_日本のジャズ・フルート奏者","https://ja.wikipedia.org/wiki/Category:日本のジャズ・フルート奏者"
"Category_日本のジャズ・ベーシスト","https://ja.wikipedia.org/wiki/Category:日本のジャズ・ベーシスト"
"Category_日本のジャズ・ミュージシャン","https://ja.wikipedia.org/wiki/Category:日本のジャズ・ミュージシャン"
"Category_日本のジャズ・ヴァイオリニスト","https://ja.wikipedia.org/wiki/Category:日本のジャズ・ヴァイオリニスト"
"Category_日本のジャズ歌手","https://ja.wikipedia.org/wiki/Category:日本のジャズ歌手"
"Category_日本のニューエイジ・ミュージシャン","https://ja.wikipedia.org/wiki/Category:日本のニューエイジ・ミュージシャン"
"Category_日本のフォークグループ","https://ja.wikipedia.org/wiki/Category:日本のフォークグループ"
"Category_日本のフォークシンガー","https://ja.wikipedia.org/wiki/Category:日本のフォークシンガー"
"Category_日本のフュージョン・ミュージシャン","https://ja.wikipedia.org/wiki/Category:日本のフュージョン・ミュージシャン"
"Category_日本のボーイ・バンド","https://ja.wikipedia.org/wiki/Category:日本のボーイ・バンド"
"Category_日本のポップ・ロック・バンド","https://ja.wikipedia.org/wiki/Category:日本のポップ・ロック・バンド"
"Category_日本のミュージシャン","https://ja.wikipedia.org/wiki/Category:日本のミュージシャン"
"Category_日本のミュージシャン_おひき+ひろし","https://ja.wikipedia.org/w/index.php?title=Category:日本のミュージシャン&pagefrom=おひき+ひろし\n尾引浩志#mw-pages"
"Category_日本のミュージシャン_しおのや+さとる","https://ja.wikipedia.org/w/index.php?title=Category:日本のミュージシャン&pagefrom=しおのや+さとる\n塩谷哲#mw-pages"
"Category_日本のミュージシャン_ていいしえいみそしるとえむしいごはん","https://ja.wikipedia.org/w/index.php?title=Category:日本のミュージシャン&pagefrom=ていいしえいみそしるとえむしいごはん\nDJみそしるとMCごはん#mw-pages"
"Category_日本のミュージシャン_ひらはら+まこと","https://ja.wikipedia.org/w/index.php?title=Category:日本のミュージシャン&pagefrom=ひらはら+まこと\n平原まこと#mw-pages"
"Category_日本のミュージシャン_やへ+まさき","https://ja.wikipedia.org/w/index.php?title=Category:日本のミュージシャン&pagefrom=やへ+まさき\n矢部昌暉#mw-pages"
"Category_日本のロック・ギタリスト","https://ja.wikipedia.org/wiki/Category:日本のロック・ギタリスト"
"Category_日本のロック・ギタリスト_たくや","https://ja.wikipedia.org/w/index.php?title=Category:日本のロック・ギタリスト&pagefrom=たくや\nTAKUYA#mw-pages"
"Category_日本のロック・バンド","https://ja.wikipedia.org/wiki/Category:日本のロック・バンド"
"Category_日本のロック・バンド_うらわさ","https://ja.wikipedia.org/w/index.php?title=Category:日本のロック・バンド&pagefrom=うらわさ\nTHE★裏ワザ#mw-pages"
"Category_日本のロック・バンド_きよにゆうまんたらおうこく","https://ja.wikipedia.org/w/index.php?title=Category:日本のロック・バンド&pagefrom=きよにゆうまんたらおうこく\n巨乳まんだら王国。#mw-pages"
"Category_日本のロック・バンド_さひすきやつつ","https://ja.wikipedia.org/w/index.php?title=Category:日本のロック・バンド&pagefrom=さひすきやつつ\nThe+Biscats#mw-pages"
"Category_日本のロック・バンド_すくうひいとう","https://ja.wikipedia.org/w/index.php?title=Category:日本のロック・バンド&pagefrom=すくうひいとう\nScoobie+Do#mw-pages"
"Category_日本のロック・バンド_ちりぬるをわか","https://ja.wikipedia.org/w/index.php?title=Category:日本のロック・バンド&pagefrom=ちりぬるをわか\nチリヌルヲワカ#mw-pages"
"Category_日本のロック・バンド_のきたん","https://ja.wikipedia.org/w/index.php?title=Category:日本のロック・バンド&pagefrom=のきたん\n乃木團#mw-pages"
"Category_日本のロック・バンド_ふあみりいきやんく","https://ja.wikipedia.org/w/index.php?title=Category:日本のロック・バンド&pagefrom=ふあみりいきやんく\nファミリーギャング#mw-pages"
"Category_日本のロック・バンド_まさとし","https://ja.wikipedia.org/w/index.php?title=Category:日本のロック・バンド&pagefrom=まさとし\nマサトシ#mw-pages"
"Category_日本のロック・バンド_らんくへつと","https://ja.wikipedia.org/w/index.php?title=Category:日本のロック・バンド&pagefrom=らんくへつと\nLUNKHEAD#mw-pages"
"Category_日本のロック・ミュージシャン","https://ja.wikipedia.org/wiki/Category:日本のロック・ミュージシャン"
"Category_日本の女性シンガーソングライター","https://ja.wikipedia.org/wiki/Category:日本の女性シンガーソングライター"
"Category_日本の女性シンガーソングライター_えに","https://ja.wikipedia.org/w/index.php?title=Category:日本の女性シンガーソングライター&pagefrom=えに"
"Category_日本の女性シンガーソングライター_こいけ+しよあんな","https://ja.wikipedia.org/w/index.php?title=Category:日本の女性シンガーソングライター&pagefrom=こいけ+しよあんな\n小池ジョアンナ#mw-pages"
"Category_日本の女性シンガーソングライター_たかおか+あい","https://ja.wikipedia.org/w/index.php?title=Category:日本の女性シンガーソングライター&pagefrom=たかおか+あい\n高岡亜衣#mw-pages"
"Category_日本の女性シンガーソングライター_ひくち+あい","https://ja.wikipedia.org/w/index.php?title=Category:日本の女性シンガーソングライター&pagefrom=ひくち+あい\nヒグチアイ#mw-pages"
"Category_日本の女性シンガーソングライター_もりもと+なむあ","https://ja.wikipedia.org/w/index.php?title=Category:日本の女性シンガーソングライター&pagefrom=もりもと+なむあ\n森本ナムア#mw-pages"
"Category_日本の女性ジャズ歌手","https://ja.wikipedia.org/wiki/Category:日本の女性ジャズ歌手"
"Category_日本の女性ピアニスト","https://ja.wikipedia.org/wiki/Category:日本の女性ピアニスト"
"Category_日本の女性ポップ歌手","https://ja.wikipedia.org/wiki/Category:日本の女性ポップ歌手"
"Category_日本の女性ポップ歌手_いとう+さちこ","https://ja.wikipedia.org/w/index.php?title=Category:日本の女性ポップ歌手&pagefrom=いとう+さちこ\n伊藤サチコ#mw-pages"
"Category_日本の女性ポップ歌手_かしたに+みゆき","https://ja.wikipedia.org/w/index.php?title=Category:日本の女性ポップ歌手&pagefrom=かしたに+みゆき\n梶谷美由紀#mw-pages"
"Category_日本の女性ポップ歌手_こたま+さおり","https://ja.wikipedia.org/w/index.php?title=Category:日本の女性ポップ歌手&pagefrom=こたま+さおり\nこだまさおり#mw-pages"
"Category_日本の女性ポップ歌手_すきた+かおる","https://ja.wikipedia.org/w/index.php?title=Category:日本の女性ポップ歌手&pagefrom=すきた+かおる\n杉田かおる#mw-pages"
"Category_日本の女性ポップ歌手_なかえ+ゆり","https://ja.wikipedia.org/w/index.php?title=Category:日本の女性ポップ歌手&pagefrom=なかえ+ゆり\n中江友梨#mw-pages"
"Category_日本の女性ポップ歌手_ひなみ+きよおこ","https://ja.wikipedia.org/w/index.php?title=Category:日本の女性ポップ歌手&pagefrom=ひなみ+きよおこ\n日南響子#mw-pages"
"Category_日本の女性ポップ歌手_みすろつく","https://ja.wikipedia.org/w/index.php?title=Category:日本の女性ポップ歌手&pagefrom=みすろつく\nMiz#mw-pages"
"Category_日本の女性ポップ歌手_ゆんな","https://ja.wikipedia.org/w/index.php?title=Category:日本の女性ポップ歌手&pagefrom=ゆんな\nユンナ#mw-pages"
"Category_日本の女性作曲家","https://ja.wikipedia.org/wiki/Category:日本の女性作曲家"
"Category_日本の女性作曲家_よすか","https://ja.wikipedia.org/w/index.php?title=Category:日本の女性作曲家&pagefrom=よすか\nYozuca*#mw-pages"
"Category_日本の女性歌手","https://ja.wikipedia.org/wiki/Category:日本の女性歌手"
"Category_日本の女性歌手_いしい+あけみ","https://ja.wikipedia.org/w/index.php?title=Category:日本の女性歌手&pagefrom=いしい+あけみ\n石井明美#mw-pages"
"Category_日本の女性歌手_おおの+まさえ","https://ja.wikipedia.org/w/index.php?title=Category:日本の女性歌手&pagefrom=おおの+まさえ\n大野方栄#mw-pages"
"Category_日本の女性歌手_かわしま+めくみ","https://ja.wikipedia.org/w/index.php?title=Category:日本の女性歌手&pagefrom=かわしま+めくみ\n川島恵+(アイドル)#mw-pages"
"Category_日本の女性歌手_こまき+まり","https://ja.wikipedia.org/w/index.php?title=Category:日本の女性歌手&pagefrom=こまき+まり\n小牧まり#mw-pages"
"Category_日本の女性歌手_しゆん+ひろこ","https://ja.wikipedia.org/w/index.php?title=Category:日本の女性歌手&pagefrom=しゆん+ひろこ\n順弘子#mw-pages"
"Category_日本の女性歌手_ちあき+しん","https://ja.wikipedia.org/w/index.php?title=Category:日本の女性歌手&pagefrom=ちあき+しん\nちあきしん#mw-pages"
"Category_日本の女性歌手_なるみ+しゆん","https://ja.wikipedia.org/w/index.php?title=Category:日本の女性歌手&pagefrom=なるみ+しゆん\n鳴海じゅん#mw-pages"
"Category_日本の女性歌手_ひろせ+あんゆ","https://ja.wikipedia.org/w/index.php?title=Category:日本の女性歌手&pagefrom=ひろせ+あんゆ\n広瀬晏夕#mw-pages"
"Category_日本の女性歌手_まりえ","https://ja.wikipedia.org/w/index.php?title=Category:日本の女性歌手&pagefrom=まりえ\n万里慧#mw-pages"
"Category_日本の女性歌手_やまくち+ももえ","https://ja.wikipedia.org/w/index.php?title=Category:日本の女性歌手&pagefrom=やまくち+ももえ\n山口百恵#mw-pages"
"Category_日本の歌手","https://ja.wikipedia.org/wiki/Category:日本の歌手"
"Category_日本の男性シンガーソングライター","https://ja.wikipedia.org/wiki/Category:日本の男性シンガーソングライター"
"Category_日本の男性シンガーソングライター_おおはし+ちつほけ","https://ja.wikipedia.org/w/index.php?title=Category:日本の男性シンガーソングライター&pagefrom=おおはし+ちつほけ\n大橋ちっぽけ#mw-pages"
"Category_日本の男性シンガーソングライター_くろすみ+けんこ","https://ja.wikipedia.org/w/index.php?title=Category:日本の男性シンガーソングライター&pagefrom=くろすみ+けんこ\n黒住憲五#mw-pages"
"Category_日本の男性シンガーソングライター_すきもとよしのり","https://ja.wikipedia.org/w/index.php?title=Category:日本の男性シンガーソングライター&pagefrom=すきもとよしのり\n杉本善徳#mw-pages"
"Category_日本の男性シンガーソングライター_なかの+てるを","https://ja.wikipedia.org/w/index.php?title=Category:日本の男性シンガーソングライター&pagefrom=なかの+てるを\n中野テルヲ#mw-pages"
"Category_日本の男性シンガーソングライター_ますた+たろう","https://ja.wikipedia.org/w/index.php?title=Category:日本の男性シンガーソングライター&pagefrom=ますた+たろう\n増田太郎#mw-pages"
"Category_日本の男性シンガーソングライター_りゆうのすけ","https://ja.wikipedia.org/w/index.php?title=Category:日本の男性シンガーソングライター&pagefrom=りゆうのすけ\n龍之介#mw-pages"
"Category_日本の男性作曲家","https://ja.wikipedia.org/wiki/Category:日本の男性作曲家"
"Category_日本の男性作曲家_かわい+けんし","https://ja.wikipedia.org/w/index.php?title=Category:日本の男性作曲家&pagefrom=かわい+けんし\n川井憲次#mw-pages"
"Category_日本の男性作曲家_すすき+やすよし","https://ja.wikipedia.org/w/index.php?title=Category:日本の男性作曲家&pagefrom=すすき+やすよし\n鈴木ヤスヨシ#mw-pages"
"Category_日本の男性作曲家_はやし+ひろゆき","https://ja.wikipedia.org/w/index.php?title=Category:日本の男性作曲家&pagefrom=はやし+ひろゆき\nハヤシヒロユキ#mw-pages"
"Category_日本の男性作曲家_わたなへ+たいち","https://ja.wikipedia.org/w/index.php?title=Category:日本の男性作曲家&pagefrom=わたなへ+たいち\n渡辺大地#mw-pages"
"Category_日本の男性歌手","https://ja.wikipedia.org/wiki/Category:日本の男性歌手"
"Category_日本の男性歌手_おおくら+しゆうこ","https://ja.wikipedia.org/w/index.php?title=Category:日本の男性歌手&pagefrom=おおくら+しゆうこ\n大倉修吾#mw-pages"
"Category_日本の男性歌手_くまかい+かねし","https://ja.wikipedia.org/w/index.php?title=Category:日本の男性歌手&pagefrom=くまかい+かねし\n熊谷金治#mw-pages"
"Category_日本の男性歌手_すすき+しろう","https://ja.wikipedia.org/w/index.php?title=Category:日本の男性歌手&pagefrom=すすき+しろう\n鈴木史朗#mw-pages"
"Category_日本の男性歌手_なかやま+ゆうき","https://ja.wikipedia.org/w/index.php?title=Category:日本の男性歌手&pagefrom=なかやま+ゆうき\n中山優貴#mw-pages"
"Category_日本の男性歌手_まつたいら+あきら","https://ja.wikipedia.org/w/index.php?title=Category:日本の男性歌手&pagefrom=まつたいら+あきら\n松平晃#mw-pages"
"Category_日本の男性歌手_わたなへ+しゆう","https://ja.wikipedia.org/w/index.php?title=Category:日本の男性歌手&pagefrom=わたなへ+しゆう\n渡部秀#mw-pages"
"Category_日本の音楽バンド","https://ja.wikipedia.org/wiki/Category:日本の音楽バンド"
"Category_日本の音楽バンド_しやむすたんましつく","https://ja.wikipedia.org/w/index.php?title=Category:日本の音楽バンド&pagefrom=しやむすたんましつく\nジャムスタンマジック#mw-pages"
"Category_日本の音楽バンド_ふるうへはあす","https://ja.wikipedia.org/w/index.php?title=Category:日本の音楽バンド&pagefrom=ふるうへはあす\nブルー・ペパーズ#mw-pages"
"Category_日本の音楽ユニット","https://ja.wikipedia.org/wiki/Category:日本の音楽ユニット"
"Category_日本の音楽ユニット_くりもえか","https://ja.wikipedia.org/w/index.php?title=Category:日本の音楽ユニット&pagefrom=くりもえか\n栗もえか#mw-pages"
"Category_日本の音楽ユニット_ていえむえいちあある","https://ja.wikipedia.org/w/index.php?title=Category:日本の音楽ユニット&pagefrom=ていえむえいちあある\nT.M.H.R.#mw-pages"
"Category_日本の音楽ユニット_ほさのは+かさのは","https://ja.wikipedia.org/w/index.php?title=Category:日本の音楽ユニット&pagefrom=ほさのは+かさのは\nボサノバカサノバ#mw-pages"
"Category_演歌歌手","https://ja.wikipedia.org/wiki/Category:演歌歌手"
"Category_演歌歌手_たかくら+けん","https://ja.wikipedia.org/w/index.php?title=Category:演歌歌手&pagefrom=たかくら+けん\n高倉健#mw-pages"
"Kategori_Svenska_jazzsångare(スウェーデンのジャズ歌手)","https://sv.wikipedia.org/wiki/Kategori:Svenska_jazzsångare"
"Kategorie_Jazz-Pianist","https://de.wikipedia.org/wiki/Kategorie:Jazz-Pianist"
"Category_Jazz_saxophonists","https://en.wikipedia.org/wiki/Category:Jazz_saxophonists"
"Category_British_female_jazz_singers","https://en.wikipedia.org/wiki/Category:British_female_jazz_singers"
"Category_Norwegian_female_jazz_singers","https://en.wikipedia.org/wiki/Category:Norwegian_female_jazz_singers"
