﻿"タイトル","コメント","出生名","別名","出身地","生誕","死没","ジャンル","職業","担当楽器","活動期間","レーベル","共同作業者","メンバー","URL","親リストタイトル","親リストURL"
"アイタカ"," アイロウ＆タカ は日本の 沖縄県 出身の フォーク デュオ。","","アイタカ","日本 沖縄県","","","フォーク","","","1993年 -","","","・アイロウ, ・タカ","https://ja.wikipedia.org/wiki/アイタカ","Category_日本のフォークグループ","https://ja.wikipedia.org/wiki/Category:日本のフォークグループ"
"赤い鳥 (フォークグループ)"," 赤い鳥 （あかいとり）は、 日本 の フォーク グループ。 1969年 に結成、 1970年代 を中心に活動し、 1974年 解散。","","","日本 ・ 兵庫県 尼崎市","","","フォークソング","","","1969年 - 1974年","東芝EMIレコード, 日本コロムビア, （ 原盤制作 は アルファ・ミュージック ）","ハイ・ファイ・セット, 紙ふうせん, ハミング・バード, 村井邦彦","後藤悦治郎（ ギター ）, 山本潤子 （ ボーカル ・ギター）, 平山泰代（ボーカル・ ピアノ ）, 山本俊彦（ギター）, 大川茂（ ベース ）, 渡辺俊幸 （ ドラムス ・ キーボード ）, 松田幸一 （ ハーモニカ ・ パーカッション ）, 大村憲司 （ギター）, 村上“ポンタ”秀一 （ドラムス）","https://ja.wikipedia.org/wiki/赤い鳥_(フォークグループ)","Category_日本のフォークグループ","https://ja.wikipedia.org/wiki/Category:日本のフォークグループ"
"赤えんぴつ (ユニット)"," 赤えんぴつ は、お笑いコンビ・ バナナマン の 設楽統 と 日村勇紀 が演じるキャラクター、「おーちゃん」と「ヒーとん」から成るフォークデュオ。2001年頃に結成。","","","日本","","","フォーク","","","2001年 頃 -","","","おーちゃん （ ボーカル ）, ヒーとん （ コーラス ・ ギター ）","https://ja.wikipedia.org/wiki/赤えんぴつ_(ユニット)","Category_日本のフォークグループ","https://ja.wikipedia.org/wiki/Category:日本のフォークグループ"
"秋風センチメンタル"," 秋風センチメンタル は、 宮城県 を拠点に活動する日本の フォークデュオ である。","","","日本","","","J-POP, フォークソング","","","2003年 - 現在","K&A CO.,LTD., Smile Sounds Records（ 2009年 - 2015年 ）, AQUA POINT RECORDS （ 2015年 - ）","","高野浩二（ ボーカル ・ ギター ）, 山田高士（ ボーカル ・ ギター ・ ハーモニカ ）","https://ja.wikipedia.org/wiki/秋風センチメンタル","Category_日本のフォークグループ","https://ja.wikipedia.org/wiki/Category:日本のフォークグループ"
"秋休 (音楽グループ)"," この記事には 複数の問題があります 。 改善 や ノートページ での議論にご協力ください。","","","","","","","","","","","","","https://ja.wikipedia.org/wiki/秋休_(音楽グループ)","Category_日本のフォークグループ","https://ja.wikipedia.org/wiki/Category:日本のフォークグループ"
"Acoustic Beatles Club"," Acoustic Beatles Club （アコースティック・ビートルズ・クラブ）は、 日本 の 音楽ユニット 。メンバーは 清水仁 、 大間ジロー 、 松尾一彦 。3人とも元 オフコース のメンバー。略称は ABC 。","","A.B.C.","日本 東京都","","","ロック, フォーク, AOR","","","1999年 3月 -","","","清水仁 （ ボーカル 、 ギター 、 ベース ）, 大間ジロー （ ドラム 、 カホン 、 パーカッション ）, 松尾一彦 （ボーカル、ギター）","https://ja.wikipedia.org/wiki/Acoustic_Beatles_Club","Category_日本のフォークグループ","https://ja.wikipedia.org/wiki/Category:日本のフォークグループ"
"あのねのね"," あのねのね は、日本の フォーク デュオ 。","","そのねのね、亜乃根野寝","日本","","","フォークソング 、 コミックソング 、 ニューミュージック","","","1973年 -","AAAD-VARK 、 ワーナー・パイオニア 、 DAIPRO-X","","清水国明 （ ボーカル 、 ギター ）, 原田伸郎 （ ボーカル 、 ギター ）","https://ja.wikipedia.org/wiki/あのねのね","Category_日本のフォークグループ","https://ja.wikipedia.org/wiki/Category:日本のフォークグループ"
"阿呆鳥"," 阿呆鳥 （あほうどり）は、 福島県 いわき市 出身の三人組の音楽グループ。","","信天翁","日本 ・ 福島県 いわき市","","","フォークソング, ニューミュージック","","","1974年, 1978年 - 1986年, 2003年 -","NEWSレコード, スカイミュージックエンターテイメント","","菊池章夫（ヴォーカル・ギター）, 北郷勇一（ヴォーカル・ベース）, 金子透（ヴォーカル・ギター・マンドリン）","https://ja.wikipedia.org/wiki/阿呆鳥","Category_日本のフォークグループ","https://ja.wikipedia.org/wiki/Category:日本のフォークグループ"
"ジ・アマリーズ"," ジ・アマリーズ （The Amarries）は、日本の フォーク グループ。","","","日本","","","フォークソング","","","1968年 - 1970年","","","田口清 （ボーカル、ギター）, 陣山俊一（ボーカル、12弦ギター）, 坪野隆（ベース、ハーモニカ）","https://ja.wikipedia.org/wiki/ジ・アマリーズ","Category_日本のフォークグループ","https://ja.wikipedia.org/wiki/Category:日本のフォークグループ"
"アリス (フォークグループ)"," アリス （ 英語 : Alice 、 ALICE ）は、 日本 の フォーク グループ 。2000年に限定的に再始動をした際に初めて NHK紅白歌合戦 に出場した。","","","日本 ・ 大阪府","","","フォーク , フォークロック , プログレッシブ・ロック , 演歌 , 歌謡曲 , ハードロック ","","","1971年 - 1981年, 1987年 - 1988年, 2000年, 2009年 -","東芝音楽工業→東芝EMI, ポリスター, アップフロントワークス, avex io","","谷村新司 （ ボーカル ・ ギター ）, 堀内孝雄 （ボーカル・ギター）, 矢沢透 （ ドラムス ・ パーカッション ）","https://ja.wikipedia.org/wiki/アリス_(フォークグループ)","Category_日本のフォークグループ","https://ja.wikipedia.org/wiki/Category:日本のフォークグループ"
"THE ALFEE"," THE ALFEE （ジ・アルフィー）は、 1973年 に結成、 1974年 8月25日 にデビューした、 日本 の ロックバンド 。 ユニバーサルミュージック 内の社内レーベルである Virgin Music 所属。事務所は Project III （ 田辺エージェンシー のグループ会社。 1985年 3月30日 設立）。","","ALFIE, BE∀T BOYS, M∀R∀C∀S BROS., The KanLeKeeZ","日本 東京都 港区","","","フォークロック , ハードロック , プログレッシブ・ロック ","","","1973年 -","ビクター音楽産業, ポニーキャニオン, EMIミュージック・ジャパン, ユニバーサルミュージック, Virgin Music","","桜井賢 （ ボーカル ・ ベース ）, 坂崎幸之助 （ボーカル・ アコースティックギター ・ パーカッション ）, 高見沢俊彦 （ボーカル・ エレクトリックギター ）","https://ja.wikipedia.org/wiki/THE_ALFEE","Category_日本のフォークグループ","https://ja.wikipedia.org/wiki/Category:日本のフォークグループ"
"五つの赤い風船"," 五つの赤い風船 （いつつのあかいふうせん）は、日本のフォークグループ。","","","日本","","","フォークソング","","","1967年 - 1972年, 1979年, 2000年 -","URC, ビクターレコード","","西岡たかし, 中川イサト, 竹田裕美子, 青木まり子","https://ja.wikipedia.org/wiki/五つの赤い風船","Category_日本のフォークグループ","https://ja.wikipedia.org/wiki/Category:日本のフォークグループ"
"唄人羽"," 唄人羽 （うたいびとはね）は、安岡信一と本多哲郎による フォークデュオ 。レコード会社は フォーライフミュージックエンタテイメント 。","","はね, うたいびとはね","日本","","","フォークソング","","","1998年 -","フォーライフミュージックエンタテイメント, (1999年 - 2009年), IVY Records, (2010年 - )","","安岡信一, 本多哲郎","https://ja.wikipedia.org/wiki/唄人羽","Category_日本のフォークグループ","https://ja.wikipedia.org/wiki/Category:日本のフォークグループ"
"ウッディ・ウー"," ウッディ・ウー （Woody-Woo）は、日本の フォーク グループ。","","","","","","","","","","","","","https://ja.wikipedia.org/wiki/ウッディ・ウー","Category_日本のフォークグループ","https://ja.wikipedia.org/wiki/Category:日本のフォークグループ"
"ウッドペッカー (フォークグループ)"," ウッドペッカー （Woodpecker）は、日本の フォーク グループ。","","","","","","","","","","","","","https://ja.wikipedia.org/wiki/ウッドペッカー_(フォークグループ)","Category_日本のフォークグループ","https://ja.wikipedia.org/wiki/Category:日本のフォークグループ"
"NSP (バンド)"," NSP （エヌエスピー）は、 岩手県 出身の三人組の フォーク ・グループ。 一関工業高等専門学校 の同級生であった三人が在学中の 1972年 に結成した。","","ニュー・サディスティック・ピンク","日本 ・ 岩手県","","","フォークソング, ニューミュージック","","","1972年 - 1987年, 2002年 -","キャニオン・レコード / AARD-VARK, 日本クラウン, ヤマハミュージックコミュニケーションズ","","天野滋 （ヴォーカル・ギター）, 中村貴之（ヴォーカル・ギター）, 平賀和人（ヴォーカル・ベース）","https://ja.wikipedia.org/wiki/NSP_(バンド)","Category_日本のフォークグループ","https://ja.wikipedia.org/wiki/Category:日本のフォークグループ"
"N.U."," N.U. （ エヌユー ）は、 神奈川県 横浜市 を中心に活動している フォーク デュオ 。2018年より独立。","","","日本 ・ 大阪府","","","フォークソング","","","2000年 - 現在","","","庭瀬幸一郎, 宇田晋也","https://ja.wikipedia.org/wiki/N.U.","Category_日本のフォークグループ","https://ja.wikipedia.org/wiki/Category:日本のフォークグループ"
"音つばめ"," 音つばめ （おとつばめ）は、 1978年 から 1986年 にかけて活動していた 日本 の フォーク グループ 。","","","日本","","","フォークソング","","","1978年 - 1986年","","","花岡優平 （リーダー・ ボーカル ）, 花岡茂 （ ベース 、ボーカル）, 根岸一博 （ ギター 、ボーカル）","https://ja.wikipedia.org/wiki/音つばめ","Category_日本のフォークグループ","https://ja.wikipedia.org/wiki/Category:日本のフォークグループ"
"オフコース"," オフコース （ 英語 : OFF COURSE ）は、 1967年 から 1989年 まで活動した 日本 の バンド 。 1970年 デビュー。「 さよなら 」や「 Yes-No 」などのヒットで知られ、 1982年 には 日本武道館 において連続10日間のコンサートを成功させた。","","ジ・オフ・コース, オフ・コース","日本 神奈川県","","","ロック , フォークロック , サイケデリア , ソフトロック , ポップス ","","","1967年  ( 1967 ) - 1989年  ( 1989 )","エキスプレス ⁄ 東芝EMI, ファンハウス","","小田和正 （ ボーカル ・ キーボード ・ ギター ）, 清水仁 （ ベース ・ コーラス ）, 大間ジロー （ ドラムス ・コーラス）, 松尾一彦 （ギター・ ハーモニカ ・コーラス）, （※途中脱退者は 下記 を参照）","https://ja.wikipedia.org/wiki/オフコース","Category_日本のフォークグループ","https://ja.wikipedia.org/wiki/Category:日本のフォークグループ"
"親分&amp;子分ズ"," 親分＆子分ズ （おやぶん あんど こぶんず）は、 1969年 （ 昭和 44年）に キングレコード からデビューしたカレッジ・フォーク系のバンドである。 コミックソング を得意とした。","","","","","","","","","","","","","https://ja.wikipedia.org/wiki/親分&子分ズ","Category_日本のフォークグループ","https://ja.wikipedia.org/wiki/Category:日本のフォークグループ"
"海援隊 (フォークグループ)"," 海援隊 （かいえんたい）は、 武田鉄矢 ・ 中牟田俊男 ・ 千葉和臣 の3人組（プロデビュー時）の フォークグループ 。","","","日本","","","フォーク, ニューミュージック","","","1971年 - 1982年, 1994年 -","エレックレコード, テイチクレコード / ブラックレコード, ポリドール・レコード, ユニバーサルミュージック","","武田鉄矢 （ ボーカル ）, 中牟田俊男 （ ギター ）, 千葉和臣 （ギター）","https://ja.wikipedia.org/wiki/海援隊_(フォークグループ)","Category_日本のフォークグループ","https://ja.wikipedia.org/wiki/Category:日本のフォークグループ"
"甲斐バンド"," 甲斐バンド （かいバンド）は、 日本 の ロック バンド 。主に フォークロック の作品で有名である。","","","日本 福岡県 福岡市","","","ロック, フォークロック","","","1974年 - 1986年, 1996年, 1999年 - 2001年, 2007年, 2008年 - 2009年, 2009年 -","東芝EMI, （ 1974年 - 1986年 、 1996年 ）, ファンハウス, （ 1984年 - 1985年 ）, イーストウエスト・ジャパン, （ 1999年 - 2001年 ）, EMIミュージックジャパン, （ 2007年 - 2010年 ）, BEAT VISION/KAI OFFICE, （2010年 - ）, アイビーレコード, （ 2012年 - 2014年 ）, キングレコード, （2014年 - ）","","甲斐よしひろ （ ボーカル ・ ギター ）, 松藤英男 （ ドラムス ・ボーカル・ギター）, 田中一郎 （ギター）","https://ja.wikipedia.org/wiki/甲斐バンド","Category_日本のフォークグループ","https://ja.wikipedia.org/wiki/Category:日本のフォークグループ"
"かかし (フォークバンド)"," かかし とは 日本 のフォークバンド。","","","日本","","","フォーク","","","1992年 -","ダブル・オーレコード, ↓, ソニー・ミュージックダイレクト, Sweetstar Labal （2007年）","田井モトヨシ","バカボン鬼塚 (ボーカル&ギター), 村上雄信 (ギター&コーラス), Happy だんばら","https://ja.wikipedia.org/wiki/かかし_(フォークバンド)","Category_日本のフォークグループ","https://ja.wikipedia.org/wiki/Category:日本のフォークグループ"
"かぐや姫 (フォークグループ)"," かぐや姫 （かぐやひめ）は、 日本 の フォーク バンド である。1970年にデビューし、1973年に発売した『 神田川 』は160万枚のヒットを記録した。","","南高節とかぐや姫, 変調田原坂, 南こうせつとかぐや姫","日本","","","フォーク ","","","1970年 - 1975年, 1978年, 1980年, 1985年, 1999年 - 2001年, 2005年, 2006年","日本クラウン / PANAM","シュリークス, 風, 吉田拓郎, イルカ, 石川鷹彦, 木田高介, 瀬尾一三","南こうせつ （ ボーカル ・ ギター ）, 伊勢正三 （ボーカル・ギター）, 山田パンダ （ボーカル・ ベース ）, 森進一郎, 大島三平","https://ja.wikipedia.org/wiki/かぐや姫_(フォークグループ)","Category_日本のフォークグループ","https://ja.wikipedia.org/wiki/Category:日本のフォークグループ"
"かぐら"," かぐら は、関隆浩と飯嶋康平の2人から成る日本の フォークデュオ 。2004年8月にデビュー。現在のレコード会社はシンクバンクレコーズ。所属事務所は、株式会社シンクバンクレコーズであるが、株式会社シンクバンクと業務提携している。結成は2000年。2012年に解散。","","","","","","","","","","","","","https://ja.wikipedia.org/wiki/かぐら","Category_日本のフォークグループ","https://ja.wikipedia.org/wiki/Category:日本のフォークグループ"
"風 (歌手)"," 風 （かぜ）は、 かぐや姫 の 伊勢正三 と、 猫 の 大久保一久 が 1975年 に結成した フォークデュオ 。「風」というデュオ名は伊勢が名付け、「空気のように留まらず、音楽的に常に進化していくことを目指す」という意味が込められている  。","","","日本","","","フォークソング, ソフトロック, アダルト・コンテンポラリー・ミュージック","","","1975年 - 1979年","日本クラウン / PANAM","","伊勢正三, 大久保一久","https://ja.wikipedia.org/wiki/風_(歌手)","Category_日本のフォークグループ","https://ja.wikipedia.org/wiki/Category:日本のフォークグループ"
"紙ふうせん"," 紙ふうせん （かみふうせん）は、 1974年 （昭和49年）に結成された日本の フォーク グループである。 近畿地方 を中心に息の長い活動を続けている。","","","","","","フォークソング","","","1974年 - 現在","アルファ・アンド・アソシエイツ / 東芝EMI, CBSソニー, キングレコード","赤い鳥, Hi-Fi Set","後藤悦治郎, 平山泰代","https://ja.wikipedia.org/wiki/紙ふうせん","Category_日本のフォークグループ","https://ja.wikipedia.org/wiki/Category:日本のフォークグループ"
"雅夢"," 雅夢 （がむ）は、 1980年代 前半に活動した日本の フォークデュオ 。代表曲に「 愛はかげろう 」などがある。 1984年 、解散  。","","","日本","","","フォークソング","","","1980年 - 1984年","テイチクレコード","","中川敏一, 三浦和人","https://ja.wikipedia.org/wiki/雅夢","Category_日本のフォークグループ","https://ja.wikipedia.org/wiki/Category:日本のフォークグループ"
"がむがむ"," がむがむ （ GAM GAM ）は、1974年から1976年まで活動した日本のフォークグループ。全員がリードボーカルをとれる歌唱力を生かした、層の厚いコーラスを前面に出していた。 チューリップ の 宮城伸一郎 が所属していたグループとしても知られる。 シンコー・ミュージック に所属していた。","","","日本","","","フォーク 、 ロック","","","1974年 - 1976年","エキスプレス/ 東芝EMI, (1974年 - 1976年)","","","https://ja.wikipedia.org/wiki/がむがむ","Category_日本のフォークグループ","https://ja.wikipedia.org/wiki/Category:日本のフォークグループ"
"ガロ (フォークグループ)"," ガロ ( GARO ) は、 1970年 から 1976年 まで活動した日本の フォークロック グループ。","","","日本","","","フォークロック , ソフトロック ","","","1970年 - 1976年","マッシュルーム/ コロムビア, （ 原盤制作 は アルファ・アンド・アソシエイツ ）","かまやつひろし, ミッキー・カーチス, 村井邦彦, 小原礼, 高橋幸宏, ALFIE","堀内護 (MARK), 日高富明 (TOMMY), 大野真澄 (VOCAL)","https://ja.wikipedia.org/wiki/ガロ_(フォークグループ)","Category_日本のフォークグループ","https://ja.wikipedia.org/wiki/Category:日本のフォークグループ"
"キャッスル&amp;ゲイツ"," キャッスル&ゲイツ は、日本の フォーク グループ。1965年に結成、1972年に解散した。","","","日本 高知県","","","フォークソング","","","1965年 - 1968年, 1970年 - 1972年","RCAレコード （ 日本ビクター ）","","第一期 町田義人 （ ギター 、 ボーカル ）, 田村守（ギター、ボーカル）, 上地健一（ ベース 、ボーカル）, 第二期 田村和郎 （ギター、ボーカル）, 山下和久 （ギター、ボーカル）, 水田奏夫 （ベース、ボーカル）, 島崎章 （ ドラムス 、ボーカル）","https://ja.wikipedia.org/wiki/キャッスル&ゲイツ","Category_日本のフォークグループ","https://ja.wikipedia.org/wiki/Category:日本のフォークグループ"
"愚 (フォークバンド)"," 愚 （ぐ）は 1969年 から 1970年 にかけて 関西フォーク ・シーンで活動した フォーク グループ である。","","","日本","","","フォークソング","","","1969年 - 1970年","","","松田幸一, 瀬尾一三, 金延幸子, 中川イサト","https://ja.wikipedia.org/wiki/愚_(フォークバンド)","Category_日本のフォークグループ","https://ja.wikipedia.org/wiki/Category:日本のフォークグループ"
"くまごろう"," くまごろう は、 兵庫県 在住の男性2人で結成された インディーズ ミュージシャン。関西、神戸を中心に活動中の フォークデュオ 。｢KM56｣, ｢KUMA56｣と表記されることも多い。各地で路上ライブを行うほか、月1回程度ライブハウス等でライブを実施している。また関西エリアで花見イベントや大学学祭にもライブ出演している。","","","","","","J-POP","","","2007年 -","","","じん ( ボーカル ), よっちゃん (ボーカル・ ギター ・ ハーモニカ )","https://ja.wikipedia.org/wiki/くまごろう","Category_日本のフォークグループ","https://ja.wikipedia.org/wiki/Category:日本のフォークグループ"
"クラフト (フォークグループ)"," クラフト は、 日本 の フォークソング グループ 。","","","日本","","","フォークソング","","","1973年 - 1978年, 2012年 -","","","三井誠, 森谷有孝, 松藤一美, 浜田金吾","https://ja.wikipedia.org/wiki/クラフト_(フォークグループ)","Category_日本のフォークグループ","https://ja.wikipedia.org/wiki/Category:日本のフォークグループ"
"栗もえか"," 栗もえか （くりもえか）は、 ガチンコ3 から派生した スターダストプロモーション 所属の 栗本柚希 と 鈴木萌花 からなる STARDUST PLANET （スターダストプラネット）出身の 音楽ユニット であり女性 ギター デュオ である。","","","日本","","","J-POP","","","2018年","","きくちP （ プロデューサー ）","■ 栗本柚希 （ ボーカル ・ ギター ）, ■ 鈴木萌花 （ボーカル・ギター）","https://ja.wikipedia.org/wiki/栗もえか","Category_日本のフォークグループ","https://ja.wikipedia.org/wiki/Category:日本のフォークグループ"
"グレープ (ユニット)"," グレープ は、 さだまさし と吉田 正美 （現・ 吉田政美 ）による日本の フォークデュオ 。 1972年 結成、 1976年 解散。","","","日本","","","フォークソング","","","1972年 - 1976年","ワーナー・パイオニア","","さだまさし （ ボーカル ・ ギター ・ ヴァイオリン ）, 吉田政美 （ギター）","https://ja.wikipedia.org/wiki/グレープ_(ユニット)","Category_日本のフォークグループ","https://ja.wikipedia.org/wiki/Category:日本のフォークグループ"
"KUROKO∞SHOW"," KUROKO∞SHOW (くろこしょー)は、 島根県 松江市 出身の洋介と章吾による二人組の フォークデュオ である。 1998年 、同高校在学中に黒子ショーという名で結成された。 1999年 からの週一回の 路上ライブ 経験を経て、 2001年 、大阪の音楽専門学校に入学、2年間音楽を学んだ。 2003年 から、KUROKO∞SHOWに改名、路上ライブの拠点を大阪 心斎橋 の商店街に移し、2005年3月、 ミニアルバム 「SSW」を製作、300枚を大阪、島根で発売する。 2006年 1月 、活動場所を地元島根に移し、活動を再開する。 2006年 9月 、 マキシシングル 「about you」、 2007年 8月 、ミニアルバム「infinity」をリリース、2009年5月にデビューシングル「RIFF-RAIN」を発売、2010年6月から鳥取県は米子市に新しくできたラジオ局「DARAZ FM」でのレギュラー放送が開始、ラジオスタイルは自身のマネージャーと3人でパーソナリティを務めている、ちなみにマネージャーのパーソナリティ名は「大栗 純」と言う、昨年 鳥取県は米子市にある大山で行われたイベント「バーガーフェスタ VoL,1」のテーマソングを歌う、このフェスタには全国各地から人々がかけつけ2日間でのべ2万人の人が会場に足を運んだ、2010年8月には待望の2nd シングルが全国発売決定","","","","","","","","","","","","","https://ja.wikipedia.org/wiki/KUROKO∞SHOW","Category_日本のフォークグループ","https://ja.wikipedia.org/wiki/Category:日本のフォークグループ"
"ケイタク"," ケイタク は、2人組の フォークシンガー デュオ 。ストリートでたまたま隣に居合わせた2人が2001年5月結成、2005年7月6日メジャーデビュー。","","","日本","","","J-POP","","","2001年 -","B.I.C.Records","","内山敬太 （ ボーカル 、 アコースティックギター ）, 遠山卓也 （ ギター ）","https://ja.wikipedia.org/wiki/ケイタク","Category_日本のフォークグループ","https://ja.wikipedia.org/wiki/Category:日本のフォークグループ"
"月光 (日本の音楽グループ)"," 月光 （げっこう）は、 日本 の音楽グループ。2014年結成。","","","","","","J-POP, ロック ・ フォーク","","","2014年 -","","","田中裕希（ ボーカル ）, 齋藤知輝（ボーカル・ギター）","https://ja.wikipedia.org/wiki/月光_(日本の音楽グループ)","Category_日本のフォークグループ","https://ja.wikipedia.org/wiki/Category:日本のフォークグループ"
"小泉まさみ&amp;こんがりトースト"," 小泉まさみ&こんがりトースト （こいずみまさみあんど-）は、日本の フォーク グループ 。","","","","","","","","","","","","","https://ja.wikipedia.org/wiki/小泉まさみ&こんがりトースト","Category_日本のフォークグループ","https://ja.wikipedia.org/wiki/Category:日本のフォークグループ"
"コブクロ"," コブクロ は、 黒田俊介 と 小渕健太郎 からなる 日本 の音楽デュオである。所属レーベルは ワーナーミュージック・ジャパン 。所属芸能事務所は ミノスケオフィスコブクロ で、 研音 と業務提携している。","","KOBUKURO","日本 大阪府 堺市","","","フォークロック , ポップ , ポップ・ロック ","","","1998年 - 2011年, 2012年 -","MINOSUKE RECORDS （1999年 - 2000年）, ワーナーミュージック・ジャパン （2001年 - ）","","黒田俊介 （ ボーカル ）, 小渕健太郎 （ ギター ・ コーラス ）","https://ja.wikipedia.org/wiki/コブクロ","Category_日本のフォークグループ","https://ja.wikipedia.org/wiki/Category:日本のフォークグループ"
"The GEE GEES"," この記事には 複数の問題があります 。 改善 や ノートページ での議論にご協力ください。","","","","","","","","","","","","","https://ja.wikipedia.org/wiki/The_GEE_GEES","Category_日本のフォークグループ","https://ja.wikipedia.org/wiki/Category:日本のフォークグループ"
"サエラ"," サエラ は、ボーカルの 菊地由利子 ( 1959年 1月12日 - )とピアノの 高橋朋子 ( 1955年 2月1日 - )によって構成される日本の音楽ユニット。元 アミューズ 所属。オリジナル曲のほか歌謡曲、童謡、民謡などのレパートリーを持つ。","","","","","","","","","","","","","https://ja.wikipedia.org/wiki/サエラ","Category_日本のフォークグループ","https://ja.wikipedia.org/wiki/Category:日本のフォークグループ"
"さくらしめじ"," さくらしめじ は、 日本 の フォークデュオ 。 スターダストプロモーション の若手男性タレント集団「 EBiDAN39&KiDS 」から選抜された、初のフォークデュオである。さくらしめじの他に、「ガク&ヒョウガ」や、「ヒョーガク」、「しめじ」と呼ばれることもある。","","ガク&ヒョウガ","日本","","","J-POP 、 フォーク","","","2014年 -","SDR（スターダスト音楽出版）","EBiDAN","田中雅功 （ ボーカル ・ ギター ）, 髙田彪我 （ ボーカル ・ ギター ）","https://ja.wikipedia.org/wiki/さくらしめじ","Category_日本のフォークグループ","https://ja.wikipedia.org/wiki/Category:日本のフォークグループ"
"サスケ (埼玉県出身のデュオ)"," サスケ （SASUKE）は、 日本 の男性 デュオ 。メンバーの北清水雄太と奥山裕次の二人は 高校 時代の同級生で、 埼玉県 毛呂山町 出身。2000年結成、2009年4月に解散したが、2014年4月に再結成した  。代表曲は「 青いベンチ 」。","","","日本 埼玉県 毛呂山町","","","J-POP, ポップ・ロック","","","2000年 - 2009年, 2014年 -","ユニバーサルミュージック","","奥山裕次 （ ボーカル ・ ギター ・ ピアニカ ）, 北清水雄太 （ボーカル・ギター・ ピアノ ・ ハーモニカ ）","https://ja.wikipedia.org/wiki/サスケ_(埼玉県出身のデュオ)","Category_日本のフォークグループ","https://ja.wikipedia.org/wiki/Category:日本のフォークグループ"
"サスケ (愛媛県出身のデュオ)"," サスケ は、 愛媛県 出身の 双子 の フォークデュオ である。","","","","","","","","","","","","","https://ja.wikipedia.org/wiki/サスケ_(愛媛県出身のデュオ)","Category_日本のフォークグループ","https://ja.wikipedia.org/wiki/Category:日本のフォークグループ"
"三輪車 (フォークグループ)"," 三輪車（さんりんしゃ） は、3人組みの日本の フォークソング グループ 。","","","","","","","","","","","","","https://ja.wikipedia.org/wiki/三輪車_(フォークグループ)","Category_日本のフォークグループ","https://ja.wikipedia.org/wiki/Category:日本のフォークグループ"
"シグナル (フォークグループ)"," シグナル は、日本の フォークソング グループ 。主に関西を中心に活躍していた。","","","","","","","","","","","","","https://ja.wikipedia.org/wiki/シグナル_(フォークグループ)","Category_日本のフォークグループ","https://ja.wikipedia.org/wiki/Category:日本のフォークグループ"
"シモンズ (歌手)"," シモンズ は、田中ユミ、玉井タエの女性 フォークデュオ である。","","","日本 大阪府","","","フォークソング","","","1971年 - 1974年","RCA ／ ビクター音楽産業","","田中ユミ, 玉井タエ","https://ja.wikipedia.org/wiki/シモンズ_(歌手)","Category_日本のフォークグループ","https://ja.wikipedia.org/wiki/Category:日本のフォークグループ"
"ジャックス (バンド)"," ジャックス は、 1960年代 後半に活動した 日本 の サイケデリック・ロック バンド 。活動当時は一般的な人気を得ることもなかったが、解散後、 日本のロック の先駆者として高い評価を受けるようになった。","","ナイチンゲイル","日本 東京都 町田市","","","サイケデリック・ロック, プログレッシブ・ロック, ニューロック","","","1965年 - 1969年","タクト, （1968年）, 日本コロムビア, （1968年）, 東芝音楽工業→東芝EMI, （1968年-1971年、1986年）","","早川義夫, 谷野ひとし, 木田高介, 角田ひろ","https://ja.wikipedia.org/wiki/ジャックス_(バンド)","Category_日本のフォークグループ","https://ja.wikipedia.org/wiki/Category:日本のフォークグループ"
"ザ・シャデラックス"," ザ・シャデラックス (The Shadracks) は、 1960年代 後半に活動した、 日本 のカレッジ・フォーク・グループ、コーラス・グループ。1966年の「君について行こう」などのヒットで知られる  。","","","","","","","","","","","","","https://ja.wikipedia.org/wiki/ザ・シャデラックス","Category_日本のフォークグループ","https://ja.wikipedia.org/wiki/Category:日本のフォークグループ"
"19 (音楽グループ)"," 19 （ジューク）は、 日本 の フォークデュオ 。 岡平健治 と 岩瀬敬吾 によるデュオ。デビュー当初は 326 （みつる）がビジュアルプロデュースと作詞を担当するメンバーとして参加していた。 2002年 （平成14年）3月解散。","","","日本","","","J-POP","","","1998年 - 2002年","ビクターエンタテインメント, （1998年 - 2002年）","","岡平健治 （ ボーカル ・ ギター ・ ハーモニカ ）, 岩瀬敬吾 （ボーカル・ギター）","https://ja.wikipedia.org/wiki/19_(音楽グループ)","Category_日本のフォークグループ","https://ja.wikipedia.org/wiki/Category:日本のフォークグループ"
"シュリークス"," シュリークス は、 日本 の フォークソング グループ。1969年結成。","","","日本","","","フォークソング","","","1969年 - 1973年","日本コロムビア （1969年）, EXPRESS／東芝EMI （ 1970年 - 1973年）","ザ・リガニーズ, かぐや姫, 風","神部和夫, 山田嗣人, 嘉屋泰雄, 所太郎, 保坂としえ","https://ja.wikipedia.org/wiki/シュリークス","Category_日本のフォークグループ","https://ja.wikipedia.org/wiki/Category:日本のフォークグループ"
"JULEPS"," JULEPS （ジュレップス）は、 日本 の ピアノ & コーラス・グループ 。2人の男性 ヴォーカル と女性 ピアニスト からなる3人組。 ユニバーサルミュージック 所属。","","","日本 ・ 埼玉県","","","","","","2004年 - 2012年 11月12日, 2018年 -","UNIVERSAL J, （2007年 - 2008年）, JULEPS（自主レーベル）, （2010年 - 2012年、2019年 - ）","秋元康","松山優太, 有尾文也, 佐藤めぐみ","https://ja.wikipedia.org/wiki/JULEPS","Category_日本のフォークグループ","https://ja.wikipedia.org/wiki/Category:日本のフォークグループ"
"★ジョージ★"," ★ジョージ★ は、現役高校生による アコースティックデュオ 。 2007年 に 解散 した。","","","日本 広島県 広島市","","","J-POP","","","2006年 - 2007年","ポニーキャニオン, （ 2007年 ）","","小早川彩 （ ボーカル ）, 尾山翔 （ ギター ）","https://ja.wikipedia.org/wiki/★ジョージ★","Category_日本のフォークグループ","https://ja.wikipedia.org/wiki/Category:日本のフォークグループ"
"ジローズ"," ジローズ は、日本の 関西地方 で活動した フォーク ・バンド。2回結成されたが、 1971年 に発表された「 戦争を知らない子供たち 」（作詞： 北山修 、作曲： 杉田二郎 ）で大ヒットした第2次ジローズ（杉田二郎、森下次郎）が広く知られる。英字表記は JIROS または JIRO's 。","","","日本","","","フォークソング","","","1967年 - 1968年, 1970年 - 1972年, 2013年 -","東芝レコード","","杉田二郎, 森下悦伸 （旧：森下次郎）","https://ja.wikipedia.org/wiki/ジローズ","Category_日本のフォークグループ","https://ja.wikipedia.org/wiki/Category:日本のフォークグループ"
"すいかずら"," すいかずら は男性 フォークデュオ 。","","","","","","","","","","","","","https://ja.wikipedia.org/wiki/すいかずら","Category_日本のフォークグループ","https://ja.wikipedia.org/wiki/Category:日本のフォークグループ"
"SWAY (フォークグループ)"," SWAY （スウェイ）は、 1980年代 後半から 2000年代 初め頃にかけて活動した日本の女性 フォークデュオ である。","","さそり座（旧称）","","","","J-POP / フォーク","","","1985年 -","ポリドール, ブルースシティレコード","","杉山加奈, 丸尾めぐみ","https://ja.wikipedia.org/wiki/SWAY_(フォークグループ)","Category_日本のフォークグループ","https://ja.wikipedia.org/wiki/Category:日本のフォークグループ"
"ズー・ニー・ヴー"," ズー・ニー・ヴー （Zoo Nee Voo）は、日本の グループ・サウンズ バンド。所属レコード会社は 日本コロムビア を経て キャニオン・レコード（現：ポニーキャニオン） 。 1968年春に結成し、1971年解散。","","","日本","","","グループ・サウンズ","","","1968年 - 1971年","日本コロムビア, （1968年-1970年）, キャニオン・レコード, （1971年）","","上地健一 （ ボーカル ）, 高橋英介 （ ギター ）, 山本翔 （ボーカル）","https://ja.wikipedia.org/wiki/ズー・ニー・ヴー","Category_日本のフォークグループ","https://ja.wikipedia.org/wiki/Category:日本のフォークグループ"
"スーパーバンド"," スーパーバンド は、 2000年 5月 に 高知県 高知市 で結成された女性 アコースティックデュオ 。略称は「 スパバン 」。 2006年 9月 メジャーデビュー。","","スパバン","日本 高知県 高知市","","","J-POP, ニュー・フォーク","","","2000年 -","ドリームファクトリー, （2004年 - ）, ビクターミュージックアーツ （旧称:JVCエンタテインメント・ネットワークス→ビクター・ミュージックパブリッシング）, （2006年 - ）","吉浦芳一, 野澤孝智","ドラ（ ボーカル ・ ギター ・ ブルースハープ ）, ゴッチ（ボーカル・ギター・ブルースハープ）","https://ja.wikipedia.org/wiki/スーパーバンド","Category_日本のフォークグループ","https://ja.wikipedia.org/wiki/Category:日本のフォークグループ"
"スモゥルフィッシュ"," スモゥルフィッシュ （ smoulfish ）は、 札幌市 を中心に活動している 日本 の フォーク バンド である。  バンド名は G. LOVE&SPECIAL SAUCE の” Small Fish”という曲名に由来する。 ","","smoulfish","日本 北海道","","","ロック, フォーク, ブルース, カントリー","","","2005年 -","DEEP ZONE","上田健司","磯部和宏（ ボーカル ・ ギター ）, 金村東允（ ドラムス ） 阿部康史（ ベース ）","https://ja.wikipedia.org/wiki/スモゥルフィッシュ","Category_日本のフォークグループ","https://ja.wikipedia.org/wiki/Category:日本のフォークグループ"
"ソルティー・シュガー"," ソルティー・シュガー は、 日本のフォークシンガー グループ。","","","日本","","","フォークソング","","","1969年 - 1971年","ビクター","","山本コウタロー, 佐藤敏夫, 手塚通夫, 高橋隆","https://ja.wikipedia.org/wiki/ソルティー・シュガー","Category_日本のフォークグループ","https://ja.wikipedia.org/wiki/Category:日本のフォークグループ"
"ダ・カーポ (歌手グループ)"," ダ・カーポ （ 伊 : DA CAPO ）は、 日本 の男女 フォーク 歌手 グループ。久保田広子と榊原まさとしにより結成され、 1973年 8月にデビューした  。翌 1974年 6月1日発売のシングル『 結婚するって本当ですか 』がヒット。久保田は 1980年 に榊原と結婚して榊原姓になり、以降は 夫婦 デュオ として活動する。","","","日本","","","","","","1973年 -","日本コロムビア","","榊原 広子（女声・ 作詞 ）, 榊原 まさとし（男声・ 作詞 ・ 作曲 ・ ギター ）, 榊原 麻理子（女声・ フルート )","https://ja.wikipedia.org/wiki/ダ・カーポ_(歌手グループ)","Category_日本のフォークグループ","https://ja.wikipedia.org/wiki/Category:日本のフォークグループ"
"たま (バンド)"," たま は、 日本 の フォークロック ・ バンド である。 1984年 に3人で結成され、 1986年 に4人体制となり、 1990年 にメジャーデビュー、 たま現象 とも言われるほど話題となった。 1996年 から再び3人になり、 2003年 に解散した。","","かき揚げ丼","日本 ・ 東京都","","","フォークロック ","","","1984年 - 2003年","ナゴムレコード, アクシック, 東芝EMI, パイオニアLDC, 地球レコード","","知久寿焼 （ ボーカル ・ ギター ）, 石川浩司 （ボーカル・ パーカッション ）, 滝本晃司 （ボーカル・ ベース ）, 柳原陽一郎 （ボーカル・ キーボード ）","https://ja.wikipedia.org/wiki/たま_(バンド)","Category_日本のフォークグループ","https://ja.wikipedia.org/wiki/Category:日本のフォークグループ"
"タンポポ (フォークデュオ)"," タンポポ は、1970年代後半に活動した姉妹 フォークデュオ である。","","","","","","","","","","","","","https://ja.wikipedia.org/wiki/タンポポ_(フォークデュオ)","Category_日本のフォークグループ","https://ja.wikipedia.org/wiki/Category:日本のフォークグループ"
"チェリッシュ (歌手グループ)"," チェリッシュ は、 愛知県 出身の 夫婦 デュオ で知られる 歌手グループ 。","","","日本 , 愛知県 名古屋市","","","フォークソング, J-POP","","","1968年 -","ビクターエンタテインメント → テイチクエンタテインメント","","松崎好孝, 松崎悦子（旧姓：松井）","https://ja.wikipedia.org/wiki/チェリッシュ_(歌手グループ)","Category_日本のフォークグループ","https://ja.wikipedia.org/wiki/Category:日本のフォークグループ"
"CHAGE and ASKA"," CHAGE and ASKA （チャゲ・アンド・アスカ）（ 韓 : 차게 앤 아스카  ）（ 簡 : 恰克与飞鸟  ）（ 繁 : 恰克與飛鳥  ）は、 日本 の 音楽ユニット 。通称： チャゲアス 。略表記： C&A 。表記は、 チャゲ&飛鳥 （1979年 - 1988年）、 CHAGE&ASUKA （1989年）、 CHAGE&ASKA （1990年 - 2000年）、 CHAGE and ASKA （2001年 - ）と変わっている。公式ファンクラブは TUG OF C&A  。","","チャゲ&飛鳥, CHAGE&ASUKA, CHAGE&ASKA, C&A with BLACK EYES ","日本 福岡県","","","J-POP , ポップ・ロック , ニューミュージック , フォーク ","","","1978年 - 1996年, 1999年 - 2009年","ワーナー・パイオニア （ 1979年 - 1985年 ）, キャニオン・レコード → ポニーキャニオン （1985年 - 1997年 ）, 東芝EMI （1997年 - 2000年 ）, ヤマハミュージックコミュニケーションズ （2000年）, キティMME → ユニバーサル シグマ （ 2001年 - 2009年 ）","山里剛, 瀬尾一三, 松井五郎, 澤地隆, 佐藤準, 十川ともじ, 井上鑑, 澤近泰輔, 松本晃彦, 村上啓介, 村田努","Chage （ ボーカル ・ ギター ）","https://ja.wikipedia.org/wiki/CHAGE_and_ASKA","Category_日本のフォークグループ","https://ja.wikipedia.org/wiki/Category:日本のフォークグループ"
"ちゃんちゃこ"," ちゃんちゃこ は、 1970年代 に活躍していた2人組の フォークデュオ 。","","","","","","","","","","","","","https://ja.wikipedia.org/wiki/ちゃんちゃこ","Category_日本のフォークグループ","https://ja.wikipedia.org/wiki/Category:日本のフォークグループ"
"チューインガム (フォークデュオ)"," メンバーの松田りかと松田マミは実の姉妹である  。 大阪府 豊中市 出身。","","バル・バルーン、ラッキーリップス、MORE","日本 大阪府豊中市","","","フォーク","","","1972年 - 1985年","CBS・ソニー","","","https://ja.wikipedia.org/wiki/チューインガム_(フォークデュオ)","Category_日本のフォークグループ","https://ja.wikipedia.org/wiki/Category:日本のフォークグループ"
"チューリップ (バンド)"," チューリップ (TULIP) は、日本の音楽グループである。 1968年 に前身の ザ・フォーシンガーズ として結成し、 1989年 に一時解散するが1997年に再結成。 ビートルズ に影響を受けたメロディ・ラインやコーラスにより洋楽ファンからの支持を集めた  。また、メンバー全員が 作詞 ・ 作曲 ・ ボーカル およびコーラスを担当していることも特徴で、この方針は伝統的に続けている。","","","日本 ・ 福岡県 福岡市","","","ポップ・ロック , ニューミュージック ","","","1971年 - 1989年, 1997年 - 2008年, 2012年 - 2013年, 2016年 -","東芝EMI, ファンハウス, 日本コロムビア, ビクターエンタテインメント","","財津和夫 （ ボーカル ・ ギター ・ キーボード ）, 姫野達也 （ボーカル・ギター・キーボード）, 上田雅利 （ ドラムス ・ボーカル）, 宮城伸一郎 （ ベース ・ボーカル・ギター）","https://ja.wikipedia.org/wiki/チューリップ_(バンド)","Category_日本のフォークグループ","https://ja.wikipedia.org/wiki/Category:日本のフォークグループ"
"ザ・ディランII"," ザ・ディランII （ザ・ディラン・セカンド 1971年 - 1974年 ）は、 大塚まさじ （メインヴォーカル・ギター）と 永井洋 （リードギター・サイドヴォーカル）の フォークデュオ 。あるいは バンド 。","","","","","","","","","","","","","https://ja.wikipedia.org/wiki/ザ・ディランII","Category_日本のフォークグループ","https://ja.wikipedia.org/wiki/Category:日本のフォークグループ"
"手風琴 (フォークグループ)"," 手風琴 （てふうきん）は、 北海道 出身の 歌手 グループ。","","","日本 北海道","","","フォークソング","","","1980年 -","VAPレコード","","鈴木陽（メインボーカル、ギター、口笛）, 藤井要一 （ギター、マンドリン、キーボード）, 深川忠義（ベース、ギター、コーラス）, 小松幸雄（ボーカル、ギター）","https://ja.wikipedia.org/wiki/手風琴_(フォークグループ)","Category_日本のフォークグループ","https://ja.wikipedia.org/wiki/Category:日本のフォークグループ"
"伝書鳩 (フォークグループ)"," 伝書鳩 （でんしょばと）は、 1970年代 に活動していた 日本 の フォーク グループ 。","","","日本","","","フォークソング","","","1970年代","","","荒木とよひさ （ ベース ）, 山口ますひろ （ ボーカル 、 ギター ）, 小川よしあき （ギター）, 関田昇介","https://ja.wikipedia.org/wiki/伝書鳩_(フォークグループ)","Category_日本のフォークグループ","https://ja.wikipedia.org/wiki/Category:日本のフォークグループ"
"トゥインクル (フォークデュオ)"," トゥインクル は仙台出身の フォークデュオ である。","","","","","","","","","","","","","https://ja.wikipedia.org/wiki/トゥインクル_(フォークデュオ)","Category_日本のフォークグループ","https://ja.wikipedia.org/wiki/Category:日本のフォークグループ"
"どついたるねん (バンド)"," どついたるねん は、 日本 の バンド である。英語圏では SUSHI BOMBER （スシボンバー）名義で活動している  。音楽活動のほか、ファッションブランド BEAMS のモデル、映画、演劇、 アダルトビデオ への出演、写真集の発表など、活動は多岐にわたる。キャッチフレーズは「東京で一番かっこいいバンド」「東京で一番おもしろいバンド」  など。","","英語圏：SUSHI BOMBER（スシボンバー）, 旧名：キーマカリーズ、最高は今（GREATEST NOW）","日本","","","パンク・ロック, ミクスチャー, ヒップホップ, インディー・ロック, R&B, ファンク","","","2006年 - キーマカリーズとして, 2007年 - どついたるねんとして","TRAIN TRAIN RECORDS, EVIL LINE RECORDS, MY BEST! RECORDS, のりちゃんレコード","","ワトソン, 先輩, うーちゃん, 浜 公氣, 山中治雄, 冷牟田敬, セナ・グランデ, もつお","https://ja.wikipedia.org/wiki/どついたるねん_(バンド)","Category_日本のフォークグループ","https://ja.wikipedia.org/wiki/Category:日本のフォークグループ"
"Trunk"," trunk （トランク）は、新井寿光と小山貴彰の2人から成る フォークデュオ 。2008年4月23日にシングル runner/僕等の道 でメジャーデビュー。","","","日本 大阪府","","","J-POP","","","2001年 - 2016年 9月4日 、 解散","ロックチッパーレコード, （ 2008年 - ）","","新井寿光 （ ボーカル 、 ギター ）, 小山貴彰 （ ボーカル ）","https://ja.wikipedia.org/wiki/Trunk","Category_日本のフォークグループ","https://ja.wikipedia.org/wiki/Category:日本のフォークグループ"
"とんぼちゃん"," とんぼちゃん は、日本の フォークデュオ 。 1972年 に結成。 1982年 に解散。","","とんぼ（1977年改名後）","日本 　 秋田県","","","フォークソング","","","1972年 - 1982年","キャニオンレコード （ AARD-VARK ）, 日本コロムビア","","伊藤豊昇, 市川善光","https://ja.wikipedia.org/wiki/とんぼちゃん","Category_日本のフォークグループ","https://ja.wikipedia.org/wiki/Category:日本のフォークグループ"
"なごみーず"," なごみーず は、元 かぐや姫 ・ 風 の 伊勢正三 、 太田裕美 、元 ガロ の 大野真澄 によるユニット。","","","","","","","","","","","","","https://ja.wikipedia.org/wiki/なごみーず","Category_日本のフォークグループ","https://ja.wikipedia.org/wiki/Category:日本のフォークグループ"
"ザ・ナターシャー・セブン"," ザ・ナターシャー・セブン は、1970年代から1980年代前半にかけて活躍したフォークバンド。 ブルーグラス やアメリカのトラディショナルフォーク、日本の民謡の他、世界各国の伝承曲をレパートリーとしていた。宵々山コンサートの開催や、107 SONG BOOKの発行を行う。メンバーは、 高石ともや （友也）、 城田じゅんじ （純二）、 坂庭しょうご （省悟）、 木田たかすけ （高介）の4名が有名。","","ザ・ナターシャ・セブン","日本","","","フォークソング, ブルーグラス","","","1971年  ( 1971 ) -2002年, 2011年","東芝EMI","","高石ともや （ ボーカル ・ ギター ・ バンジョー ・ フィドル ・ オートハープ ）, 城田じゅんじ （ボーカル・バンジョー・ギター・フィドル）","https://ja.wikipedia.org/wiki/ザ・ナターシャー・セブン","Category_日本のフォークグループ","https://ja.wikipedia.org/wiki/Category:日本のフォークグループ"
"猫 (フォークグループ)"," 猫 （ねこ・NEKO）は、 日本 のニューミュージック、 フォーク バンド である。","","","日本","","","フォークソング, ニューミュージック","","","1971年 - 1975年, 2004年 -","東芝音工, ODYSSEY/CBS SONY, FLME, OMERICE MUSIC","吉田拓郎","常富喜雄, 日暮風太","https://ja.wikipedia.org/wiki/猫_(フォークグループ)","Category_日本のフォークグループ","https://ja.wikipedia.org/wiki/Category:日本のフォークグループ"
"ハイ・ファイ・セット"," ハイ・ファイ・セット ( Hi-Fi Set ) は、日本の コーラス グループ。 1974年 結成、 1994年 解散。","","","日本","","","フォーク, ニューミュージック, ポップス","","","1974年 - 1994年","アルファ・アンド・アソシエイツ, （ 1975年 - 1978年）, 東芝EMI, （ 1978年 - 1983年 ）, CBS・ソニー, →CBS/SONY RECORDS, →Sony Records, （ 1984年 - 1994年 ）","赤い鳥, 紙ふうせん, 荒井（松任谷）由実, 細野晴臣, 村井邦彦, 小田和正","山本潤子, 山本俊彦, 大川茂","https://ja.wikipedia.org/wiki/ハイ・ファイ・セット","Category_日本のフォークグループ","https://ja.wikipedia.org/wiki/Category:日本のフォークグループ"
"はしだのりひことシューベルツ"," はしだのりひことシューベルツ は、 ザ・フォーク・クルセダーズ の端田宣彦（ はしだのりひこ ）が1968年の後半に結成したカレッジフォーク・グループ、 ポップ ・ フォーク ・グループ。同グループの デビュー ・ シングル 「 風 」（作詞： 北山修 　作曲：端田宣彦）の大ヒットでも知られる。","","","日本","","","フォークソング","","","1968年 - 1970年","東芝レコード","","はしだのりひこ, 越智友嗣, 杉田二郎, 井上博","https://ja.wikipedia.org/wiki/はしだのりひことシューベルツ","Category_日本のフォークグループ","https://ja.wikipedia.org/wiki/Category:日本のフォークグループ"
"バズ (バンド)"," バズ （ BUZZ ）は、小出博志  （こいで ひろし、 1951年 2月13日 - ）と東郷昌和（とうごう まさかず、 1952年 4月29日 - ）による日本の フォークデュオ である。","","","日本","","","フォークソング","","","1972年 - 1982年, 2007年 -","","高橋信之","小出博志（ボーカル&ギター）, 東郷昌和（ボーカル&ピアノ）","https://ja.wikipedia.org/wiki/バズ_(バンド)","Category_日本のフォークグループ","https://ja.wikipedia.org/wiki/Category:日本のフォークグループ"
"はっぴいえんど"," はっぴいえんど ( 英語 : HAPPY END ) は、 日本 の フォークロック バンド 。 細野晴臣 、 大瀧詠一 、 松本隆 、 鈴木茂 によって結成された。日本産 ロック 史の草創期に活動したグループの一つ。","","ヴァレンタイン・ブルー（旧名）","日本 ・ 東京都 千代田区","","","ロック , フォークロック , サイケデリア ","","","1969年 - 1972年, 1973年, 1985年","URC, Bellwood ⁄ KING","小倉栄司 （ディレクター） （1969年 - 1970年）, 三浦光紀 （ディレクター） （1971年 - 1973年）, 石浦信三（マネージメント） （1971年 - 1972年）","細野晴臣 （ ボーカル ・ ベース ・ ギター ・ キーボード ）, 大瀧詠一 （ボーカル・ギター）, 松本隆 （ ドラムス ・ パーカッション ）, 鈴木茂 （ギター・ボーカル）","https://ja.wikipedia.org/wiki/はっぴいえんど","Category_日本のフォークグループ","https://ja.wikipedia.org/wiki/Category:日本のフォークグループ"
"ハルカトミユキ"," ハルカトミユキ は、 日本 の女性 フォーク・ロック ユニット。","","","日本","","","フォークロック, ニュー・ウェイヴ, アート・ロック, オルタナティヴ・ロック, ドリーム・ポップ","","","2012年 -","H+M Records, → Sony Music Associated Records","","ハルカ（ ボーカル ・ ギター ）, ミユキ（ キーボード ・ コーラス ）","https://ja.wikipedia.org/wiki/ハルカトミユキ","Category_日本のフォークグループ","https://ja.wikipedia.org/wiki/Category:日本のフォークグループ"
"ハルシオン (バンド)"," この記事には 複数の問題があります 。 改善 や ノートページ での議論にご協力ください。","","","","","","","","","","","","","https://ja.wikipedia.org/wiki/ハルシオン_(バンド)","Category_日本のフォークグループ","https://ja.wikipedia.org/wiki/Category:日本のフォークグループ"
"パンダフルハウス"," パンダフルハウス は、 1970年代 に活躍した フォーク グループ。 1977年 、元 かぐや姫 の 山田パンダ を中心に結成された。 1979年 に 日本クラウン から 日本コロムビア に移籍。 1980年 頃解散した。","","","","","","","","","","","","","https://ja.wikipedia.org/wiki/パンダフルハウス","Category_日本のフォークグループ","https://ja.wikipedia.org/wiki/Category:日本のフォークグループ"
"バンバン (フォークグループ)"," バンバン は「 『いちご白書』をもう一度 」の大ヒットで知られるフォーク・バンドである。グループ名の由来は ばんばひろふみ の愛称「ばんばん」であり、同時期から活動しているフォークグループ「 ビリーバンバン 」とは名前の由来などにおいて全く関連はない。","","","日本 大阪府","","","フォークソング","","","1971年 - 1977年","CBSソニー","アリス, 荒井由実, 瀬尾一三, 木田高介","ばんばひろふみ, 今井ひろし, 高山弘, 高尾稔, 首藤英信, 上山信博, 吉田健志 （ サポートメンバー ）","https://ja.wikipedia.org/wiki/バンバン_(フォークグループ)","Category_日本のフォークグループ","https://ja.wikipedia.org/wiki/Category:日本のフォークグループ"
"ピース (ミュージシャン)"," ピース （ PEACE ）は、 福岡県 福岡市 在住の山下恭信・山下恭長の兄弟によるアコースティック デュオ 。 2005年 11月結成。 2007年 7月4日 に、 ヤマハ音楽振興会 所属、 ヤマハミュージックコミュニケーションズ レーベルにて メジャーデビュー 。なお、2007年8月1日、ヤマハグループ内に新たにアーティストマネージメント会社である(株)ヤマハミュージックアーティストが設立されたことに伴い、ヤマハ音楽振興会所属のアーティストは新会社に移籍した。 2009年 6月28日 をもって解散  。","","","日本 福岡県 福岡市","","","J-POP","","","2005年 - 2009年","ヤマハミュージックコミュニケーションズ","","山下恭信（ボーカル、ギター）, 山下恭長（ボーカル、ギター、ハープ）","https://ja.wikipedia.org/wiki/ピース_(ミュージシャン)","Category_日本のフォークグループ","https://ja.wikipedia.org/wiki/Category:日本のフォークグループ"
"PPMフォロワーズ"," PPMフォロワーズ （PPM Followers）は、 1964年 〜 1967年 に活動した日本の フォーク グループ。","","","","","","","","","","","","","https://ja.wikipedia.org/wiki/PPMフォロワーズ","Category_日本のフォークグループ","https://ja.wikipedia.org/wiki/Category:日本のフォークグループ"
"ひいらぎ (フォークグループ)"," ひいらぎ は、 日本 の フォークソング バンド 。 北海道 出身。","","","日本 ・ 北海道","","","J-POP, フォーク","","","2000年 - 2005年, 2006年 - 2013年","ソニー・ミュージックレコーズ （2009年 - 2013年）","","千晶（ボーカル、ギター）, 恵梨香（コーラス、ギター）","https://ja.wikipedia.org/wiki/ひいらぎ_(フォークグループ)","Category_日本のフォークグループ","https://ja.wikipedia.org/wiki/Category:日本のフォークグループ"
"日暮し (音楽グループ)"," 日暮し （ひぐらし）は、1970年代に活動していた フォーク グループ。","","","日本","","","フォーク","","","1972年 - 1979年","BLOW UP/ 日本コロムビア （ 1973年 - 1977年 ）, ビクターインビテーション （1977年 - 1979年）","","榊原尚美 (vo, key), 武田清一 (g), 中村幸雄 (g), 野間義男 (g)","https://ja.wikipedia.org/wiki/日暮し_(音楽グループ)","Category_日本のフォークグループ","https://ja.wikipedia.org/wiki/Category:日本のフォークグループ"
"ピピ&amp;コット"," ピピ&コット は、1960年代末から1970年代初頭に活動していた フォーク バンド 。綺麗なメロディラインとハーモニーを特徴としていた。","","","日本","","","フォークソング","","","1967年 - 1975年","エレックレコード","","金谷厚, よしだよしこ, 早川隆, 板垣秀雄, 丸山圭子","https://ja.wikipedia.org/wiki/ピピ&コット","Category_日本のフォークグループ","https://ja.wikipedia.org/wiki/Category:日本のフォークグループ"
"ビリーバンバン"," ビリー・バンバン （ Billy BanBan ）は、菅原孝、進の兄弟2人による 日本 の フォークユニット 。 ハブ・マーシー 所属。","","","日本 ・ 東京都 国立市","","","フォークソング ","","","1969年 - 1976年, 1983年 -","キングレコード, 芸音レコード , 日本コロムビア, CBS・ソニー, RCA / RVC, ユニバーサル","","菅原孝（ ボーカル ・ コントラバス ）, 菅原進（ボーカル・ ギター ）","https://ja.wikipedia.org/wiki/ビリーバンバン","Category_日本のフォークグループ","https://ja.wikipedia.org/wiki/Category:日本のフォークグループ"
"ビリケン (歌手)"," ビリケン は、ミヤノタカヒロ（ビリー）とオクダケン（ケン）による ヒップホップ と フォークソング の融合「ヒップフォークデュオ」。","","","日本","","","ヒップホップ + フォークソング","","","2003年 - 2019年","ソルブレイド","","オクダケン （ケン）, ミヤノタカヒロ （ビリー）","https://ja.wikipedia.org/wiki/ビリケン_(歌手)","Category_日本のフォークグループ","https://ja.wikipedia.org/wiki/Category:日本のフォークグループ"
"ピンク・ピクルス"," ピンク・ピクルス は、 茶木みやこ と小林京子が1971年に結成したフォークデュオ。","","","日本","","","フォークソング","","","1971年 - 1972年","テイチクレコード","","茶木みやこ, 小林京子","https://ja.wikipedia.org/wiki/ピンク・ピクルス","Category_日本のフォークグループ","https://ja.wikipedia.org/wiki/Category:日本のフォークグループ"
"ザ・フォーク・クルセダーズ"," ザ・フォーク・クルセダーズ （ 英語 : The Folk Crusaders ）は、 1960年代 後半にデビューした音楽制作集団で、 フォークル という略称でも呼ばれる。「ザ・フォーク・クルセイダーズ」と表記されることもある。","","","日本 京都府 京都市","","","フォーク","","","1965年 - 1967年, 1967年 - 1968年, 2002年, 2013年","キャピトル・レコード, EXPRESS","","加藤和彦, 北山修, 平沼義男, 井村幹生, 芦田雅喜, はしだのりひこ, 坂崎幸之助","https://ja.wikipedia.org/wiki/ザ・フォーク・クルセダーズ","Category_日本のフォークグループ","https://ja.wikipedia.org/wiki/Category:日本のフォークグループ"
"フォー・セインツ"," フォー・セインツ は、 1968年 から 1972年 に活動し、 2006年 に活動を再開した日本の フォーク グループ。","","フォー・クローバース","日本","","","フォークソング","","","1968年 - 1973年, 2006年 -","エキスプレス／ 東芝音楽工業, Kit／ 日本コロムビア, ユニバーサルミュージック","","上原徹 （ ボーカル 、 ギター ）, 志賀正浩 （ ベース ）","https://ja.wikipedia.org/wiki/フォー・セインツ","Category_日本のフォークグループ","https://ja.wikipedia.org/wiki/Category:日本のフォークグループ"
"ふきのとう (フォークグループ)"," ふきのとう （FUKINOTOU）は、 山木康世 と 細坪基佳 による フォークデュオ 。","","","日本 北海道","","","フォークソング, ニューミュージック","","","1972年 - 1992年","CBS・ソニー, （ 1974年 - 1980年 ）, CBS・ソニー / Silverland, （ 1981年 - 1990年 ）, Sony Records, （ 1991年 - 1992年 ）","","山木康世, 細坪基佳","https://ja.wikipedia.org/wiki/ふきのとう_(フォークグループ)","Category_日本のフォークグループ","https://ja.wikipedia.org/wiki/Category:日本のフォークグループ"
"藤岡藤巻"," 藤岡藤巻 （ふじおかふじまき）は、 日本 の 音楽ユニット である。フォーク（ コミック ）バンドの「 まりちゃんズ 」の元メンバー2人からなる。","","","日本","","","フォークソング","","","2004年 -","エスエムイーレコーズ","","藤岡孝章, 藤巻直哉","https://ja.wikipedia.org/wiki/藤岡藤巻","Category_日本のフォークグループ","https://ja.wikipedia.org/wiki/Category:日本のフォークグループ"
"ブラザーズ5"," ブラザーズ5 は、 堀内孝雄 、 ばんばひろふみ 、 杉田二郎 、 高山厳 、 因幡晃 の5人で作られたユニット。所属事務所は アップフロントクリエイト 。杉田の呼びかけで2014年春に結成された  。","","","","","","","","","","","","","https://ja.wikipedia.org/wiki/ブラザーズ5","Category_日本のフォークグループ","https://ja.wikipedia.org/wiki/Category:日本のフォークグループ"
"フリージャズ (音楽グループ)"," フリージャズ は、日本の フォークデュオ 。1994年に結成。2000年にデビューし、2003年7月13日に一度解散したが、2007年5月27日に再結成した。","","","日本 ・ 福岡県","","","J-POP","","","1994年 - 2003年 、 2007年 -","","","岡村美成 （ボーカル、ギター）, 藤村祐児 （ボーカル、ギター、ハープ）","https://ja.wikipedia.org/wiki/フリージャズ_(音楽グループ)","Category_日本のフォークグループ","https://ja.wikipedia.org/wiki/Category:日本のフォークグループ"
"ブリーフ&amp;トランクス"," ブリーフ&トランクス （ブリーフアンドトランクス、略称 ブリトラ ）は、 日本 の フォークデュオ 。 静岡県 出身で、高校の同級生だった伊藤多賀之と細根誠によって結成。「半径5メートル以内の日常生活」をテーマに歌う。作風は、 コミカルな楽曲 （「 青のり 」、「 コンビニ 」など）が主であるが、真面目な楽曲（「風のとらえかた」、「 石焼イモ 」など）も存在する。作詞・作曲は主に伊藤が担当している。 @media screen{.mw-parser-output .fix-domain{border-bottom:dashed 1px}} 歌のほとんどの部分がハモリパート、もしくは ユニゾン パートで、ソロパートは少ない。 ","","","日本 静岡県","","","ネオフォーク ","","","1993年 - 2000年, 2012年 -","DAIPRO-X, FRIED MUSIC, ポニーキャニオン, FRIED MUSIC","","伊藤多賀之, 細根誠","https://ja.wikipedia.org/wiki/ブリーフ&トランクス","Category_日本のフォークグループ","https://ja.wikipedia.org/wiki/Category:日本のフォークグループ"
"古井戸"," 古井戸 （ふるいど）は、 加奈崎芳太郎 と 仲井戸麗市 の フォークデュオ （デビュー前は バンド 。）加奈崎の圧倒的な声量と歌唱力、仲井戸（チャボ）の叙情的な世界、ブルージーなギターワークが魅力だった。シングル「さなえちゃん」がヒットした。","","","","","","","","","","","","","https://ja.wikipedia.org/wiki/古井戸","Category_日本のフォークグループ","https://ja.wikipedia.org/wiki/Category:日本のフォークグループ"
"ぶるぅ☆べりぃ"," ぶるぅ☆べりぃ は、 2005年 （ 平成 17年） 8月 に鈴木まさる（リーダー、まさるさん）と井上かずはる（ハルちゃん）の2人によって結成された、男性 デュオ 。 埼玉県 出身。 2010年 （ 平成 22年）にリーダーのまさるさんが脱退。","","","日本 ・ 埼玉県","","","J-POP","バンド","","2005年 -","","","井上一晴（ボーカル＆ギター）　","https://ja.wikipedia.org/wiki/ぶるぅ☆べりぃ","Category_日本のフォークグループ","https://ja.wikipedia.org/wiki/Category:日本のフォークグループ"
"古時計"," 古時計 （ふるどけい）は、 1970年代 後半に活躍した、 日本 の フォークデュオ 。","","","日本","","","フォークソング","","","1976年 -","テイチクレコード","瀬尾一三","大場弘一, 大場慎介","https://ja.wikipedia.org/wiki/古時計","Category_日本のフォークグループ","https://ja.wikipedia.org/wiki/Category:日本のフォークグループ"
"ブレッド&amp;バター"," ブレッド&バター （ブレッドアンドバター、 英語 : Bread & Butter ）は、2人組の日本の フォークデュオ （兄弟デュオ）である。","","ブレバタ","日本 神奈川県 茅ヶ崎市","","","フォークソング, ソフトロック","","","1969年 - 現在","フィリップス・レコード, ポリドール・レコード, 日本コロムビア, CBSソニー, TDK RECORDS, FUN HOUSE, avex io","スティーヴィー・ワンダー, 細野晴臣, 岸部シロー 他","岩沢幸矢, 岩沢二弓","https://ja.wikipedia.org/wiki/ブレッド&バター","Category_日本のフォークグループ","https://ja.wikipedia.org/wiki/Category:日本のフォークグループ"
"ザ・ブロードサイド・フォー"," ザ・ブロードサイド・フォー は、 黒澤明 の息子 黒澤久雄 が結成した フォーク グループ 。","","","","","","","","","","","","","https://ja.wikipedia.org/wiki/ザ・ブロードサイド・フォー","Category_日本のフォークグループ","https://ja.wikipedia.org/wiki/Category:日本のフォークグループ"
"Best Partner"," Best Partner （ベスト　パートナー）とは、 2002年 に結成された2人組バンドである。所属事務所は INNOCENT MUSIC 。","","","日本","","","J-POP, ニュー・フォーク","","","2004年 -","VAP, （2013年 - ）","","山田寛朗（ ボーカル ・ ギター ・ タンバリン ・ ハープ ・その他）, 越井祐希（ボーカル・ギター）","https://ja.wikipedia.org/wiki/Best_Partner","Category_日本のフォークグループ","https://ja.wikipedia.org/wiki/Category:日本のフォークグループ"
"ベッツィ&amp;クリス"," ベッツイ&クリス（Betsy & Chris） は、 ハワイ州 出身のベッツイと アイダホ州 出身のクリスによる女性 フォークデュオ 。日本語で歌っていた。","","","","","","フォークソング","","","1969年 - 1973年","日本コロムビア, MGMレコード","","ベッツイ （ ボーカル ）, クリス （ボーカル、 ギター ）","https://ja.wikipedia.org/wiki/ベッツィ&クリス","Category_日本のフォークグループ","https://ja.wikipedia.org/wiki/Category:日本のフォークグループ"
"ポップコーン (女性デュオ)"," ポップコーン は、 全国フォーク音楽祭 出場を経て 1973年 にデビューした 福岡県 出身の松尾理恵子・山崎綾香による女性 フォークデュオ 。1974年にピコと改名した。","","","","","","","","","","","","","https://ja.wikipedia.org/wiki/ポップコーン_(女性デュオ)","Category_日本のフォークグループ","https://ja.wikipedia.org/wiki/Category:日本のフォークグループ"
"マイ・ペース (バンド)"," マイ・ペース は、日本の フォークソング グループ  。","","","","","","","","","","","","","https://ja.wikipedia.org/wiki/マイ・ペース_(バンド)","Category_日本のフォークグループ","https://ja.wikipedia.org/wiki/Category:日本のフォークグループ"
"真心ブラザーズ"," 真心ブラザーズ （まごころブラザーズ）は、 日本 の ロックバンド である。 ソニー・ミュージックアーティスツ 所属。所属レコード会社は Do Thing Recordings 。1988年に「THE 真心ブラザーズ」という名称で結成され、1989年にデビュー。1995年に現行のバンド名に変更された。2001年の 日本武道館 公演をもって活動休止したのち、2005年に活動再開を発表した。","","THE 真心ブラザーズ（旧名）","日本","","","ロック  , ソウル , フォーク , フォークロック ","","","1988年 - 2001年, 2005年 - 現在","EPICソニー / LIFE SIZE, キューンミュージック, Do Thing Recordings","","YO-KING （ ボーカル ・ ギター ）, 桜井秀俊 （ボーカル・ギター）","https://ja.wikipedia.org/wiki/真心ブラザーズ","Category_日本のフォークグループ","https://ja.wikipedia.org/wiki/Category:日本のフォークグループ"
"麻里絵"," 麻里絵 （まりえ）は、1976年から1979年まで活動した日本の女性 フォークデュオ 。メンバーは古田明美と吉川恵子。","","","日本","","","J-POP","","","1976年 - 1979年","ヤマハミュージックコミュニケーションズ","","古田明美, 吉川恵子","https://ja.wikipedia.org/wiki/麻里絵","Category_日本のフォークグループ","https://ja.wikipedia.org/wiki/Category:日本のフォークグループ"
"まるで六文銭のように"," まるで六文銭のように （まるでろくもんせんのように）は、日本の フォーク グループ。","","","日本 北海道 釧路市 及川恒平, 東京都 葛飾区 小室等, 大阪府 四角佳子","","","フォーク","歌手","","2000年 -","","","及川恒平 小室等 四角佳子","https://ja.wikipedia.org/wiki/まるで六文銭のように","Category_日本のフォークグループ","https://ja.wikipedia.org/wiki/Category:日本のフォークグループ"
"野狐禅 (フォークバンド)"," 野狐禅 （やこぜん、Yakozen）は、 日本 の2人組 フォーク バンド 。 1999年 に結成され、 2009年 に解散。","","","日本 北海道","","","フォークソング","","","1999年 - 2009年","","","竹原ピストル （ ボーカル ・ ギター ）, 濱埜宏哉 （ キーボード ・ コーラス ）","https://ja.wikipedia.org/wiki/野狐禅_(フォークバンド)","Category_日本のフォークグループ","https://ja.wikipedia.org/wiki/Category:日本のフォークグループ"
"山本山田"," 山本山田 （やまもとやまだ）は、 1982年 、 ソルティー・シュガー の 山本コウタロー と かぐや姫 の 山田パンダ で結成されたユニット。","","","日本","","","ニューミュージック","","","1982年","日本コロムビア / TRIAD","吉田拓郎","山本コウタロー, 山田パンダ","https://ja.wikipedia.org/wiki/山本山田","Category_日本のフォークグループ","https://ja.wikipedia.org/wiki/Category:日本のフォークグループ"
"やもり (ユニット)"," やもり は、 森山良子 と 矢野顕子 による ユニット である。2010年7月14日にデビューアルバム『 あなたと歌おう 』が、 ヤマハミュージックコミュニケーションズ (YMC)からリリースされた。","","","","","","ポップス, フォークソング","","","2010年 -","ヤマハミュージックコミュニケーションズ","","森山良子, 矢野顕子","https://ja.wikipedia.org/wiki/やもり_(ユニット)","Category_日本のフォークグループ","https://ja.wikipedia.org/wiki/Category:日本のフォークグループ"
"遊吟"," 遊吟 （ゆうぎん、 英語 : YU-GIN ）は、 日本 の 男性 兄弟 による フォークデュオ 。 1998年 結成。所属 芸能事務所 兼 レコード会社 と レーベル は ミュージア 。","","","日本 ・ 島根県 松江市","","","J-POP","","","1998年 - 2015年, 2016年 -","ミュージア, （ 2005年 - 2006年 、 2013年 - ）, Tsubasa Records, （2006年 - 2007年 ）, Tsubasa Records, （ 2008年 - 2012年 ）","","伸治（ ボーカル 、 ギター ）, 卓（ボーカル、ギター、 タンバリン ）","https://ja.wikipedia.org/wiki/遊吟","Category_日本のフォークグループ","https://ja.wikipedia.org/wiki/Category:日本のフォークグループ"
"UFO (フォークグループ)"," 「みんなのうた」では長らく再放送されることはなかったが、「みんなのうた発掘プロジェクト」にて映像が提供され2018年2-3月に37年ぶりに再放送されることとなった（サイドパネルつき、歌詞テロップはニュープリント）　 ","","","","","","","","","","","","","https://ja.wikipedia.org/wiki/UFO_(フォークグループ)","Category_日本のフォークグループ","https://ja.wikipedia.org/wiki/Category:日本のフォークグループ"
"YOUMUST"," この記事には 複数の問題があります 。 改善 や ノートページ での議論にご協力ください。","","","","","","","","","","","","","https://ja.wikipedia.org/wiki/YOUMUST","Category_日本のフォークグループ","https://ja.wikipedia.org/wiki/Category:日本のフォークグループ"
"ゆず (音楽グループ)"," ゆず は、 日本 の フォークデュオ 。 セーニャ・アンド・カンパニー 所属。公式ファンクラブ名は「ゆずの輪」。","","","日本 神奈川県 横浜市 ","","","J-POP , ネオ・フォーク , カントリー ","","","1996年 -","セーニャ・アンド・カンパニー","寺岡呼人, ゆずおだ, 蔦谷好位置","北川悠仁 （ ボーカル ・ ギター ・ タンバリン ）, 岩沢厚治 （ボーカル・ギター・ ハーモニカ ）","https://ja.wikipedia.org/wiki/ゆず_(音楽グループ)","Category_日本のフォークグループ","https://ja.wikipedia.org/wiki/Category:日本のフォークグループ"
"ライラック (フォークグループ)"," ライラック は 海援隊 の 千葉和臣 と チューリップ の 姫野達也 による フォークデュオ 。","","","","","","","","","","","","","https://ja.wikipedia.org/wiki/ライラック_(フォークグループ)","Category_日本のフォークグループ","https://ja.wikipedia.org/wiki/Category:日本のフォークグループ"
"羅針盤 (バンド)"," 羅針盤 （らしんばん）は元 BOREDOMS 、現在は ROVO 、PARAなどで活躍する 山本精一 が中心となって結成されたフォークロック バンド 。1988年結成、2005年解散。","","","日本","","","フォークミュージック","","","1988年 - 2005年","ワーナーミュージック・ジャパン, Pヴァイン","ROVO","山本精一, 吉田正幸, 西浦真奈","https://ja.wikipedia.org/wiki/羅針盤_(バンド)","Category_日本のフォークグループ","https://ja.wikipedia.org/wiki/Category:日本のフォークグループ"
"ラニアルズ"," ラニアルズ （The Ranials）は、かつて存在した日本の フォーク グループ。","","","","","","","","","","","","","https://ja.wikipedia.org/wiki/ラニアルズ","Category_日本のフォークグループ","https://ja.wikipedia.org/wiki/Category:日本のフォークグループ"
"LA-LA Deux"," LA-LA Deux （ララドゥ）は、 1989年 から 2001年 まで活躍した 日本 の 男性 フォークデュオ グループ。","","","日本","","","フォークデュオ","","","1989年 - 2001年","ヴェンタインレコード（ 1990年 - 2003年 ）","","菊池常利, 吉川正己","https://ja.wikipedia.org/wiki/LA-LA_Deux","Category_日本のフォークグループ","https://ja.wikipedia.org/wiki/Category:日本のフォークグループ"
"〜Lefa〜"," 〜Lefa〜 （リーファ）は、 滋賀県 を拠点に活動する 日本 の 音楽ユニット である  。","","","日本 滋賀県","","","J-POP, フォークソング","","","2010年 - 現在","J's Records（2012年 - 2014年）, Water Of Life（2014年 - ）, ワーナーミュージック・ジャパン （2015年 - ）","","北川陽大 （ ボーカル ）, 河野弘行（ ギター 、 キーボード ）","https://ja.wikipedia.org/wiki/〜Lefa〜","Category_日本のフォークグループ","https://ja.wikipedia.org/wiki/Category:日本のフォークグループ"
"ザ・リガニーズ"," ザ・リガニーズ (The Rigannies) は、 1967年 - 1970年 に活動した日本の フォーク グループである。","","","日本","","","フォーク","","","1967年 - 1970年, 2005年 -","EXPRESS / 東芝音楽工業","猫","新田和長 ( ギター ), 内山修 ( ベース ), 吉田光夫 (ギター、 バンジョー ), 常富喜雄 (ギター)","https://ja.wikipedia.org/wiki/ザ・リガニーズ","Category_日本のフォークグループ","https://ja.wikipedia.org/wiki/Category:日本のフォークグループ"
"竜とかおる"," 竜とかおる（りゅうとかおる） は、二人組みの日本の フォークデュオ 。 1974年 結成。","","","","","","","","","","","","","https://ja.wikipedia.org/wiki/竜とかおる","Category_日本のフォークグループ","https://ja.wikipedia.org/wiki/Category:日本のフォークグループ"
"レイラ (ユニット)"," レイラ は、日本の男性 フォークデュオ 。","","","","","","","","","","","","","https://ja.wikipedia.org/wiki/レイラ_(ユニット)","Category_日本のフォークグループ","https://ja.wikipedia.org/wiki/Category:日本のフォークグループ"
"六文銭 (音楽ユニット)"," 六文銭 （ろくもんせん）は 小室等 が中心となって結成された音楽ユニット。「雨が空から降れば」、 上條恒彦 と歌った「 出発（たびだち）の歌 」がヒットした。 1968年 結成。 1972年 解散。メンバーは年単位で頻繁に入れ替わっていた。","","","日本","","","フォークソング","","","1968年 - 1972年","URC, Bellwood","","小室等, 原茂, 及川恒平, 橋本良一, 四角佳子","https://ja.wikipedia.org/wiki/六文銭_(音楽ユニット)","Category_日本のフォークグループ","https://ja.wikipedia.org/wiki/Category:日本のフォークグループ"
"ロック・キャンディーズ"," ロック・キャンディーズ （Rock Candies）は、 1967年 ～ 1971年 に活動した日本の フォーク グループ。","","","","","","","","","","","","","https://ja.wikipedia.org/wiki/ロック・キャンディーズ","Category_日本のフォークグループ","https://ja.wikipedia.org/wiki/Category:日本のフォークグループ"
"わさびーず"," わさびーず は、日本の フォークソング グループ 。 長野県 （信州） 安曇野 に活動の本拠を置いている。 民謡をベースとした日本のカントリーソングであり、 自然 と 人間 そして人情を題材とした 田舎 の歌（田舎ソング）を数多く歌っている。","","","","","","","","","","","","","https://ja.wikipedia.org/wiki/わさびーず","Category_日本のフォークグループ","https://ja.wikipedia.org/wiki/Category:日本のフォークグループ"
"ワライナキ"," ワライナキ は、高田志麻と白井大輔による フォークデュオ 。ストリート、ライブハウスなどを中心に活動していた。","","","","","","","","","","","","","https://ja.wikipedia.org/wiki/ワライナキ","Category_日本のフォークグループ","https://ja.wikipedia.org/wiki/Category:日本のフォークグループ"
"日本の歌手グループ"," 日本で活動する歌手グループのカテゴリ。歌手グループごとのカテゴリについては Category:音楽グループ名を冠したカテゴリ を参照。","","","","","","","","","","","","","https://ja.wikipedia.org/wiki/Category:日本の歌手グループ","Category_日本のフォークグループ","https://ja.wikipedia.org/wiki/Category:日本のフォークグループ"
"フォークグループ"," フォーク グループのカテゴリ。","","","","","","","","","","","","","https://ja.wikipedia.org/wiki/Category:フォークグループ","Category_日本のフォークグループ","https://ja.wikipedia.org/wiki/Category:日本のフォークグループ"
"日本の音楽グループ"," このカテゴリ下にあるページは、該当する適切なサブカテゴリに移動してください。","","","","","","","","","","","","","https://ja.wikipedia.org/wiki/Category:日本の音楽グループ","Category_日本のフォークグループ","https://ja.wikipedia.org/wiki/Category:日本のフォークグループ"
"日本のフォーク (ポピュラー音楽)"," Category:フォーク (ポピュラー音楽) を上位カテゴリとし、日本を主な活動場所とする フォークソング またはその受容過程においてローカライズされた フォークソング のミュージシャン、その楽曲、日本におけるイベント等の項目を対象とする。","","","","","","","","","","","","","https://ja.wikipedia.org/wiki/Category:日本のフォーク_(ポピュラー音楽)","Category_日本のフォークグループ","https://ja.wikipedia.org/wiki/Category:日本のフォークグループ"
