﻿"タイトル","コメント","出生名","別名","出身地","生誕","死没","ジャンル","職業","担当楽器","活動期間","レーベル","共同作業者","メンバー","URL","親リストタイトル","親リストURL"
"アウラ・ウルジチェアヌ"," アウラ・ウルジチェアヌ （Aura Urziceanu、 1946年 12月14日 - ）は、 ルーマニア の女性 ジャズ シンガー 。","","","ルーマニア ブカレスト","( 1946-12-14 ) 1946年 12月14日 （74歳）,   ルーマニア ブカレスト","","ジャズ 、 フォーク","歌手","","1959-","エレクトレコード","","","https://ja.wikipedia.org/wiki/アウラ・ウルジチェアヌ","Category_女性ジャズ歌手","https://ja.wikipedia.org/wiki/Category:女性ジャズ歌手"
"クリスチャーナ"," クリスチャーナ （Kristjana、 1968年 5月25日 - ）は、 アイスランド の女性 ジャズ シンガー 。 セールフォス 出身。","","","","","","","","","","","","","https://ja.wikipedia.org/wiki/クリスチャーナ","Category_女性ジャズ歌手","https://ja.wikipedia.org/wiki/Category:女性ジャズ歌手"
"ジュリエット・グレコ"," ジュリエット・グレコ （Juliette Gréco、 1927年 2月7日 - 2020年 9月23日 ）は、 フランス 出身の シャンソン 歌手 、 女優 。","Marie-Juliette Gréco","","フランス ・ モンペリエ","( 1927-02-07 ) 1927年 2月7日","( 2020-09-23 ) 2020年 9月23日 （93歳没）","シャンソン, ジャズ","歌手 、 女優","","1949年 - 2016年","フィリップス・レコード, コロムビア・レコード, バークレー・レコード, RCAレコード, ポリドール・レコード, ユニバーサル ミュージック グループ","","","https://ja.wikipedia.org/wiki/ジュリエット・グレコ","Category_女性ジャズ歌手","https://ja.wikipedia.org/wiki/Category:女性ジャズ歌手"
"アリシア・サルデニャ"," アリシア・サルデニャ （Alicia Saldenha）は、 トリニダード・トバゴ の ジャズ 、 ソウル シンガー 、 女優 、 ダンサー 。","","","トリニダード・トバゴ","","","ジャズ 、 ソウル","歌手","","","","","","https://ja.wikipedia.org/wiki/アリシア・サルデニャ","Category_女性ジャズ歌手","https://ja.wikipedia.org/wiki/Category:女性ジャズ歌手"
"マリア・ジョアン"," マリア・ジョアン （ Maria João 、 1956年 6月27日  -）は、 ポルトガル の女性歌手。以前は「マリア・ジョアオ」と表記されることもあった。","Maria João Monteiro Grancha","","ポルトガル リスボン","( 1956-06-27 ) 1956年 6月27日 （65歳）","","ジャズ 、 ワールドミュージック 、 エレクトロニカ 、 ブラジル音楽","歌手","","1983年 -","Nabel, エンヤ・レコード, ヴァーヴ・レコード, エマーシー・レコード","高瀬アキ, マリオ・ラジーニャ","","https://ja.wikipedia.org/wiki/マリア・ジョアン","Category_女性ジャズ歌手","https://ja.wikipedia.org/wiki/Category:女性ジャズ歌手"
"モニカ・ゼタールンド"," モニカ・ゼタールンド  （Monica Zetterlund、 1937年 9月20日 - 2005年 5月12日 ）は、 スウェーデン の歌手・女優。本名は、Eva Monica Nilsson。優れた ボーカリスト として知られ、特にジャズ作品が有名。","Eva Monica Nilsson","Monica Z","  スウェーデン ハーグフォシュ","( 1937-09-20 ) 1937年 9月20日","( 2005-05-12 ) 2005年 5月12日 （67歳没）","ボーカル・ジャズ","歌手、女優","","1958年 - 1999年","","","","https://ja.wikipedia.org/wiki/モニカ・ゼタールンド","Category_女性ジャズ歌手","https://ja.wikipedia.org/wiki/Category:女性ジャズ歌手"
"ディミー・キャット"," ディミー・キャット （Dimie Cat, 1984年 11月28日 - ）は、 フランス の 歌手 、 ジャズ と エレクトロ・スウィング の 作曲家 。 リヨン 生まれ。","","","フランス 、 リヨン","( 1984-10-28 ) 1984年 10月28日 （36歳）","","エレクトロ・スウィング , Jazz, Nu Jazz, Swing, Cabaret","Singer, songwriter","","2009 –","Dream'up","","","https://ja.wikipedia.org/wiki/ディミー・キャット","Category_女性ジャズ歌手","https://ja.wikipedia.org/wiki/Category:女性ジャズ歌手"
"アン・バートン"," アン・バートン （ Ann Burton 、 1933年 3月4日 - 1989年 11月29日 ）は、 オランダ 出身の ジャズ 歌手 。","Johanna Rafalowicz","Johanna de Paauw","オランダ 、 アムステルダム","( 1933-03-04 ) 1933年 3月4日, オランダ 、 アムステルダム","1989年 11月29日 (1989-11-29) （56歳）, オランダ 、 アムステルダム","ジャズ","歌手","","1965年～1989年","","","","https://ja.wikipedia.org/wiki/アン・バートン","Category_女性ジャズ歌手","https://ja.wikipedia.org/wiki/Category:女性ジャズ歌手"
"マリア (マラウイの歌手)"," マリア （ Malia 、 1978年 生）は、 マラウイ 出身のポップ、ジャズ歌手。","","","","","","","","","","","","","https://ja.wikipedia.org/wiki/マリア_(マラウイの歌手)","Category_女性ジャズ歌手","https://ja.wikipedia.org/wiki/Category:女性ジャズ歌手"
"ソフィー・ミルマン"," ソフィー・ミルマン （Sophie Milman, 1983年 - ）は、 ロシア ・ ウラル山脈 出身の ジャズ ・ ボーカリスト 。現在は カナダ に住み、 トロント大学 経営学部 の学生でもある。","","","","","","","","","","","","","https://ja.wikipedia.org/wiki/ソフィー・ミルマン","Category_女性ジャズ歌手","https://ja.wikipedia.org/wiki/Category:女性ジャズ歌手"
"アジザ・ムスタファ・ザデ"," アジザ・ムスタファ・ザデ （Aziza Mustafa Zadeh、 アゼルバイジャン語 ：Əzizə Mustafazadə、 1969年 12月19日 - ） は、ジャズ界のプリンセス、またはジャジーザ (Jazziza) という愛称で知られる アゼルバイジャン 出身の 歌手 、 ピアニスト 、 作曲家 である。彼女の音楽は、 ジャズ と ムガム （アゼルバイジャンの伝統的な 即興演奏 様式）を融合させたものであり、 クラシック や アヴァンギャルド からも影響を受けている。","","","アゼルバイジャン ・ バクー","( 1969-12-19 ) 1969年 12月19日 （51歳）","","ジャズ, フュージョン, スキャット","","ピアノ","1988年 -","","","","https://ja.wikipedia.org/wiki/アジザ・ムスタファ・ザデ","Category_女性ジャズ歌手","https://ja.wikipedia.org/wiki/Category:女性ジャズ歌手"
"イザベラ・ラングレン"," イザベラ・グンヒルド・ヘレン・ラングレン （Isabella Gunhild Helén Lundgren, 1987年 12月21日 -）はスウェーデンのジャズシンガー。 カールスタード で生まれ育ち、2006年から2010年までニューヨークで勉強および演奏活動  。2010年にストックホルムで牧師になる勉強を始める。2012年にCDデビューしこれまでに数枚のアルバムを発表。","","","  スウェーデン カールスタード","( 1987-12-21 ) 1987年 12月21日 （33歳）","","ジャズ","歌手","","","Ladybird/Naxos","","","https://ja.wikipedia.org/wiki/イザベラ・ラングレン","Category_女性ジャズ歌手","https://ja.wikipedia.org/wiki/Category:女性ジャズ歌手"
"ジャズ・ボーカリスト"," このカテゴリには下位カテゴリ 2 件が含まれており、そのうち以下の 2 件を表示しています。","","","","","","","","","","","","","https://ja.wikipedia.org/wiki/Category:ジャズ・ボーカリスト","Category_女性ジャズ歌手","https://ja.wikipedia.org/wiki/Category:女性ジャズ歌手"
"女性歌手"," 女性 歌手 に関するカテゴリ。","","","","","","","","","","","","","https://ja.wikipedia.org/wiki/Category:女性歌手","Category_女性ジャズ歌手","https://ja.wikipedia.org/wiki/Category:女性ジャズ歌手"
