﻿"タイトル","コメント","出生名","別名","出身地","生誕","死没","ジャンル","職業","担当楽器","活動期間","レーベル","共同作業者","メンバー","URL","親リストタイトル","親リストURL"
"磯貝一樹"," 2011年にヤマハ主催のコンテストで「Japan Finalist」として選出される  。2012年に上京し、ジャズギタリストとして様々なアーティストとのセッション、ライブ、レコーディング、ライブサポートに参加している  。","","","日本 大分県","( 1990-12-02 ) 1990年 12月2日 （33歳）","","ジャズ, ヒップホップ・ミュージック","ギタリスト","ギター","2012年 -","","SOUL GAUGE, SANABAGUN.","","https://ja.wikipedia.org/wiki/磯貝一樹","Category_日本のジャズ・ギタリスト","https://ja.wikipedia.org/wiki/Category:日本のジャズ・ギタリスト"
"井上銘"," ","","","日本 ・ 神奈川県 川崎市","( 1991-05-14 ) 1991年 5月14日 （32歳）","","ジャズ","","エレクトリック・ギター 、, アコースティック・ギター","2009年 -","リボーンウッド/ ポニーキャニオン","井上銘グループ、Stereo Champ、 鈴木勲 、 川嶋哲郎 、若井優也、松井宏樹、 シャンティ","（ May Inoue Stereo Champ ）:, 井上銘(g), 類家心平 (Tp）, 渡辺ショータ( Kyd /P), 山本連(B), 福森康(ds)","https://ja.wikipedia.org/wiki/井上銘","Category_日本のジャズ・ギタリスト","https://ja.wikipedia.org/wiki/Category:日本のジャズ・ギタリスト"
"植木等"," 長男 は 作曲家 の 比呂公一 。妹の夫に 部落問題 研究者の 川村善二郎 。 御木本幸吉 は、父方の祖母の親類にあたる  。","植木 等","","","( 1927-02-25 ) 1927年 2月25日","","映画, バラエティ番組, テレビドラマ, 舞台","コメディアン, 歌手, 俳優, タレント","","1946年 - 2007年","","","","https://ja.wikipedia.org/wiki/植木等","Category_日本のジャズ・ギタリスト","https://ja.wikipedia.org/wiki/Category:日本のジャズ・ギタリスト"
"岡聡志"," 岡 聡志 （おか さとし、 1992年 2月13日 - ）は、日本のギタリスト。三重県出身。","","","","","","","","","","","","","https://ja.wikipedia.org/wiki/岡聡志","Category_日本のジャズ・ギタリスト","https://ja.wikipedia.org/wiki/Category:日本のジャズ・ギタリスト"
"小沼ようすけ"," 小中高を 秋田市 で過ごす  。趣味でギターを弾いていた父親と エレクトーン 講師の母親がセッションを行うような家庭環境で育った  。","","","日本 ・ 秋田県 能代市","( 1974-11-24 ) 1974年 11月24日 （49歳）","","ジャズ","ギタリスト 、 作曲家","","1995年 -","2001年 〜 2010年 ソニー・ミュージックジャパンインターナショナル","","","https://ja.wikipedia.org/wiki/小沼ようすけ","Category_日本のジャズ・ギタリスト","https://ja.wikipedia.org/wiki/Category:日本のジャズ・ギタリスト"
"川崎燎"," 1970年代後半には、当時の ギターシンセサイザー 開発者の一人としても全世界で著名であり、1980年代半ばには、 米国 で発売された PC の元祖、 コモドール64 の為に書かれた幾つかの音楽ソフト（以後日本でも 富士通 FMシンセ搭載の機種に同時期に変換され発売された）の著者でもある。","川崎 燎","","日本 東京都 世田谷区 梅丘","( 1947-02-25 ) 1947年 2月25日, 日本 東京都 杉並区 高円寺","( 2020-04-13 ) 2020年 4月13日 （73歳没）,   エストニア タリン","ジャズ , フュージョン","ギタリスト , 作曲家 , 録音 技師 , プログラマー","ギター , キーボード","1967年 -","","","","https://ja.wikipedia.org/wiki/川崎燎","Category_日本のジャズ・ギタリスト","https://ja.wikipedia.org/wiki/Category:日本のジャズ・ギタリスト"
"木村好夫"," 木村は最初、エレキギターを弾き、ザ・ブルービーツでリードギターを担当。その後、木村好夫とザ・ビィアーズを結成し、主に演歌のLPレコードなどを数多く発表した。また、テナーサックス奏者の松浦ヤスノブとの共演も多く、コロムビア、ビクター、キングなどで数々のアルバムを発売した。また、作曲家としても活動し、 五木ひろし の「おまえとふたり」「倖せさがして」 石原裕次郎 の「雪なさけ」 天童よしみ のデビュー曲「風が吹く」などを作曲した。 木村は1994年ころから体調を崩し、一度倒れた後、「俺はもうギターが弾けない！」と妻に嘆いたという。最後のステージは 森進一 のコンサートでのギター伴奏であった。以後入退院を繰り返し、1996年に肝不全のため62歳という若さで死去した。 逝去後も、木村好夫のギター演奏の評価は高く、今も多くの愛好者がいる。","","","日本 東京都","1934年 10月9日","( 1996-07-05 ) 1996年 7月5日 （61歳没）","ジャズ, 演歌, 歌謡曲","作曲家, ギタリスト","ギター","","","","","https://ja.wikipedia.org/wiki/木村好夫","Category_日本のジャズ・ギタリスト","https://ja.wikipedia.org/wiki/Category:日本のジャズ・ギタリスト"
"笹島明夫"," 笹島 明夫 （ささじま あきお、 1952年 - ）は、 日本 の ジャズ ・ ギタリスト  。 北海道 函館市 出身  。","","","","","","","","","","","","","https://ja.wikipedia.org/wiki/笹島明夫","Category_日本のジャズ・ギタリスト","https://ja.wikipedia.org/wiki/Category:日本のジャズ・ギタリスト"
"澤田駿吾"," 1930年 2月10日 、 愛媛県 西宇和郡 八幡浜町 出身。少年時代に『 姉妹と水兵 』（ 1944年 アメリカ映画 ）を見て、劇中のギター演奏に魅せられたのがギターを始めるきっかけになったと言う。","澤田駿五","","日本 愛媛県","( 1930-02-10 ) 1930年 2月10日","( 2006-08-28 ) 2006年 8月28日 （76歳没）","","","ギター","","","","","https://ja.wikipedia.org/wiki/澤田駿吾","Category_日本のジャズ・ギタリスト","https://ja.wikipedia.org/wiki/Category:日本のジャズ・ギタリスト"
"杉本喜代志"," 静岡県 生まれ  。小学6年の時、ミュージシャンを志していた父親から子供用の小ぶりなギターを買い与えられる。","","","","( 1942-02-03 ) 1942年 2月3日 （81歳）","","カントリー・ミュージック, ジャズ, J-POP","ギタリスト, スタジオ・ミュージシャン","ギター","1960年代 -","","","","https://ja.wikipedia.org/wiki/杉本喜代志","Category_日本のジャズ・ギタリスト","https://ja.wikipedia.org/wiki/Category:日本のジャズ・ギタリスト"
"鈴木禎久"," 大分県 出身。 大分県立大分雄城台高等学校 卒業。幼少時からピアノやエレクトーンを学び、19歳からギターを始める。 本多俊之 、 Monday満ちる らのレコーディングやステージに参加するほか、中路英明オバタラセグンドのギタリストとしてラテンフィールドでも活躍、自身のバンド「パンバニーシャ」としても活動。「ポリパフォーマンス」と自ら称する、ギターと足鍵盤とボイスパーカッションの同時演奏という演奏法を開発、さらにボコーダーやループマシンも交え独自のソロパフォーマンス活動をしている。また、数々のゲーム音楽なども手がけている。","","鈴木よしひさ","日本 大分県 大分市","( 1967-05-18 ) 1967年 5月18日 （56歳）","","ジャズ","ギタリスト キーボーディスト 作編曲家","","","","","","https://ja.wikipedia.org/wiki/鈴木禎久","Category_日本のジャズ・ギタリスト","https://ja.wikipedia.org/wiki/Category:日本のジャズ・ギタリスト"
"関口シンゴ"," 楽曲制作、録音、 ミキシング までを自らこなすマルチクリエイター  。 ジャズ 、 ソウル 、 ロック 、 ポップス などを独自のセンスで解釈した音作りが世界中から賞賛される  。","","","日本 東京都","","","ジャズ, ロック, ポップス, ソウルミュージック","ギタリスト, 作曲家, 編曲家, 音楽プロデューサー","ギター","2002年 -","Victor Entertainment","Ovall","","https://ja.wikipedia.org/wiki/関口シンゴ","Category_日本のジャズ・ギタリスト","https://ja.wikipedia.org/wiki/Category:日本のジャズ・ギタリスト"
"高柳昌行"," 高柳 昌行 （たかやなぎ まさゆき、 1932年 12月22日 - 1991年 6月23日 ）は、 日本 の フリー・ジャズ ・ ギタリスト 。 東京都 出身。 フリー・ジャズ に影響を受け、実験的な 即興演奏 を追求した。","","","","","","","","","","","","","https://ja.wikipedia.org/wiki/高柳昌行","Category_日本のジャズ・ギタリスト","https://ja.wikipedia.org/wiki/Category:日本のジャズ・ギタリスト"
"中川正浩"," 1962年 北九州市 生まれ/在住。中学生の頃ジャズギターを始め、高校2年の時、小倉のジャズ喫茶「アベベ」にて飛び入りで演奏し 音楽家 としてのキャリアをスタートする。","","Masa Nakagawa","日本","( 1962-06-19 ) 1962年 6月19日 （61歳）","","ジャズ","ギタリスト","","1977年 -","Center River","","","https://ja.wikipedia.org/wiki/中川正浩","Category_日本のジャズ・ギタリスト","https://ja.wikipedia.org/wiki/Category:日本のジャズ・ギタリスト"
"中牟礼貞則"," 小学生のころからギターが好きで自作の木製ギターを制作したり、 蓄音器 で音楽を聴いていたりした。18歳で 東京都 に移住して 青山学院大学 在学中の 1952年 にプロデビューした。 渡辺貞夫 、 前田憲男 、 猪俣猛 などのミュージシャンと共演した。 1963年 に 銀巴里 セッションに参加した。","","","日本 鹿児島県 出水市","( 1933-03-15 ) 1933年 3月15日 （90歳）","","ジャズ","ギタリスト","ギター","1952年 -","","","","https://ja.wikipedia.org/wiki/中牟礼貞則","Category_日本のジャズ・ギタリスト","https://ja.wikipedia.org/wiki/Category:日本のジャズ・ギタリスト"
"萩原健也"," 1987年 、 東京都 杉並区 荻窪にて生まれる。生後間もなく5歳まで英国領香港で暮らし、幼少期からクラシックピアノを始め、12歳から ギター を弾き始めた。ジャズ ビッグバンド やスタジオミュージシャンなどでの活動を経て、17歳でアメリカの バークリー音楽院 に短期留学し、ロサンゼルスの音楽大学の ミュージシャンズ・インスティチュート を卒業。ジャズギタリストの スコット・ヘンダーソン や アレン・ハインズ 師事し   、スタジオミュージシャンとしては J-POP を始め、 サウンドトラック や ライトニング リターンズ ファイナルファンタジーXIII のような ゲーム音楽 の制作にも携わっている  。また、自身が経営するスタジオでギタースクールも行っている  。","","","日本 東京都 杉並区","( 1987-11-09 ) 1987年 11月9日 （36歳）","","ジャズ, フュージョン, ポピュラー音楽, J-POP, ロック","ギタリスト, スタジオミュージシャン, 作曲家, 編曲家","ギター","","","","","https://ja.wikipedia.org/wiki/萩原健也","Category_日本のジャズ・ギタリスト","https://ja.wikipedia.org/wiki/Category:日本のジャズ・ギタリスト"
"藤岡幹大"," MI JAPAN 講師、仮BANDのメンバーとしても活動し、教則本『アドリブ・ギター虎の巻』シリーズの著者としても知られる。ジャンルは ロック や ジャズ 、 フュージョン など  。 兵庫県 南あわじ市 出身  。身長158cm。既婚で2女あり。","藤岡 幹大 （ ふじおか みきお ）","藤岡幹大 of TRICK BOX","日本 兵庫県 南あわじ市","( 1981-01-19 ) 1981年 1月19日","( 2018-01-05 ) 2018年 1月5日 （36歳没）","ロック, ブルース, ジャズ, フュージョン, HR/HM, 民族音楽, 現代音楽, インストゥルメンタル","ギタリスト, ソングライター","ギター, 三味線, カリンバ, ボーカル, シンセサイザー","","Tricycle ENTERTAINMENT, （2007年）, Keasler Japan Limited, （2018年 - ）","仮BAND, （2015年 - 2017年）","","https://ja.wikipedia.org/wiki/藤岡幹大","Category_日本のジャズ・ギタリスト","https://ja.wikipedia.org/wiki/Category:日本のジャズ・ギタリスト"
"前田智洋"," 17歳より ギター を始め、 アン・ミュージック・スクール 京都校（現スクール・オブ・ミュージック・プラン）に入学、清野拓巳、 西野やすし 、小島利勝、石橋敬一に師事する。後にバンドを結成し、自身の楽曲を中心に演奏を重ねるほか、数多くのレコーディングに参加し、ミュージシャンと共演した。","","","日本 ・ 大阪府","( 1982-09-27 ) 1982年 9月27日 （41歳）","","ジャズ","ギタリスト 、 作曲家 、 編曲家","ギター","2004年 -","","前田智洋 Paris Connexion","","https://ja.wikipedia.org/wiki/前田智洋","Category_日本のジャズ・ギタリスト","https://ja.wikipedia.org/wiki/Category:日本のジャズ・ギタリスト"
"増尾好秋"," 東京都 出身。父はジャズ・ ピアニスト だが、幼い頃は特に音楽教育を受けていない。中学3年生の頃 ガット・ギター を始める。その後 バーニー・ケッセル の影響を受けてジャズに傾倒。","","","日本 東京都","( 1946-10-12 ) 1946年 10月12日 （77歳）","","フュージョン 、 ジャズ","","ギター","1968年 -","","","","https://ja.wikipedia.org/wiki/増尾好秋","Category_日本のジャズ・ギタリスト","https://ja.wikipedia.org/wiki/Category:日本のジャズ・ギタリスト"
"松井秋彦"," 松井 秋彦 （まついあきひこ、 1964年 11月27日 - ）は、ジャズ作編曲家、マルチインストゥルメンタリスト（ピアノ、ギター、ベース、ドラム）  。","","","","","","","","","","","","","https://ja.wikipedia.org/wiki/松井秋彦","Category_日本のジャズ・ギタリスト","https://ja.wikipedia.org/wiki/Category:日本のジャズ・ギタリスト"
"宮之上貴昭"," 米軍 横田基地 の中の「N・C・O」クラブで、 ジョー・デイヴィス (オルガン)、ジェリー・エディ (ドラム)とのトリオ「ニュー・グループ」で3年間演奏する。同時に自身のバンドで都内の ライブハウス 等に出演していたが、 1977年 に渡米。","","","日本 東京都 世田谷区","( 1953-10-07 ) 1953年 10月7日 （70歳）","","ジャズ","ギタリスト","ギター","","","","","https://ja.wikipedia.org/wiki/宮之上貴昭","Category_日本のジャズ・ギタリスト","https://ja.wikipedia.org/wiki/Category:日本のジャズ・ギタリスト"
"三好功郎"," 三好 功郎 （みよし いさお、 1960年 2月16日 - ）は、 日本 の ギタリスト 。 大分県 出身。愛称は「サンキチさん」","","","","","","","","","","","","","https://ja.wikipedia.org/wiki/三好功郎","Category_日本のジャズ・ギタリスト","https://ja.wikipedia.org/wiki/Category:日本のジャズ・ギタリスト"
"村尾陸男"," 中国 北京市 にて、鐵道省高官の父・ 村尾薫 （ 香川県 高松市 出身）と母・鈴の三男として生まれる。 慶應義塾大学 工学部 化学科に進学するも音楽に傾倒し中退。1962年頃からジャズ・ギタリストとしてプロ入り。 河辺公市 とスウィングジャイアンツを皮切りにギターで２年ほど仕事をし、66年、24歳の時に、当時、国の記録映画の撮影に従事していた父 村尾薫 のサポートのための渡米を機に、本場のジャズシーンに触れ研鑚。翌67年に帰国後、ジャズ・ピアニストに転向し、 泉胤昭 率いるクインテットに所属し活動。主に、ソロや自分のトリオで赤坂、高輪のプリンスホテル、銀座、六本木のクラブなどで演奏活動を続け、30代から本格的に英語の勉強をし始め、呼吸発声の研究をしながら、音楽書の著訳書を多く手がける。また、横浜のジャズスクールで呼吸発声の指導、劇団四季の英詞訳などを担当し、演奏活動に励む。 現在はその傍ら、ヴォーカリスト養成のための発声指導者として音楽学校や大学の講師も務める。","","","日本 東京都 、幼少期は 香川県 高松市 で育つ。（ 中華人民共和国 北京市 出生）","( 1942-00-00 ) 1942年 0000 （81歳）","","ジャズ","ピアニスト 、 著述家","ピアノ 、 ギター","1962年 -","","","","https://ja.wikipedia.org/wiki/村尾陸男","Category_日本のジャズ・ギタリスト","https://ja.wikipedia.org/wiki/Category:日本のジャズ・ギタリスト"
"矢堀孝一"," 東京都 出身。妻はオルガニストの 大高清美  。","","","日本 ・ 東京都 ","( 1965-01-19 ) 1965年 1月19日 （58歳）","","フュージョン","ギタリスト, 作曲家, 編曲家, 音楽プロデューサー","ギター","1990年 -","Shiosai ZIZO, VME VGD","FRAGILE, Fazjaz.jp","","https://ja.wikipedia.org/wiki/矢堀孝一","Category_日本のジャズ・ギタリスト","https://ja.wikipedia.org/wiki/Category:日本のジャズ・ギタリスト"
"山木幸三郎"," 1950年 、17歳の頃よりプロ活動を始め、 1951年 に 高見弘 らと ジャズコンボ 「 グレーシー5 」を結成。 1953年 に 宮間利之 率いる ジャイブ・エーセス に入団（ 1958年 にジャイブ・エーセスから 宮間利之とニューハード へと改称）。以来、ギタリスト兼作編曲家として長年にわたり活躍。","","","日本 ・ 東京都","( 1931-04-18 ) 1931年 4月18日","( 2018-12-26 ) 2018年 12月26日 （87歳没）","ジャズ","ギタリスト ・ 作曲家 ・ 編曲家","ギター","","","","","https://ja.wikipedia.org/wiki/山木幸三郎","Category_日本のジャズ・ギタリスト","https://ja.wikipedia.org/wiki/Category:日本のジャズ・ギタリスト"
"横内章次"," 横内 章次 （よこうち しょうじ、 1933年 11月9日 - 1996年 5月17日 )は、 満州 ・ 大連 出身の 作曲家 、 アレンジャー 、 ギタリスト 。","","","","","","","","","","","","","https://ja.wikipedia.org/wiki/横内章次","Category_日本のジャズ・ギタリスト","https://ja.wikipedia.org/wiki/Category:日本のジャズ・ギタリスト"
"吉田サトシ"," 兄の影響により13歳でギターを始める。高校ではロックバンドを組み、ライブ活動をこなしていた。 高校卒業後、帰京しJazz School  に入学。 矢堀孝一 、 布川俊樹 の師事を受け、本格的にジャズギターのテクニックを学ぶ。","","","日本 北海道 札幌市","( 1980-03-25 ) 1980年 3月25日 （43歳）","","ジャズ","ギタリスト","ギター","1998年 -","","","","https://ja.wikipedia.org/wiki/吉田サトシ","Category_日本のジャズ・ギタリスト","https://ja.wikipedia.org/wiki/Category:日本のジャズ・ギタリスト"
"和田直"," 10歳の頃からギターを始め、大学在学中から名古屋で活動を始め、 1965年 に拠点を東京に移す。その後、再び名古屋に戻りジャズ・クラブ「ココ」を経営する一方、森剣治（sax）らと活動。以降、名古屋を拠点に演奏活動を続け、ジャズ・クラブ「Swing」のオーナーも務める。アルバムは 1972年 録音の初リーダー作『ココのブルース』の他、『ブルース・ワールド』など。2021年4月29日に87歳で逝去  。","和田 直","","日本 三重県 　 津市","( 1934-01-13 ) 1934年 1月13日","( 2021-04-29 ) 2021年 4月29日 （87歳没）","ジャズ ・ ブルース","ギタリスト, 作詞家, 作曲家","ギター","","CBS・ソニー, TBMレコード","和田直グループ","","https://ja.wikipedia.org/wiki/和田直","Category_日本のジャズ・ギタリスト","https://ja.wikipedia.org/wiki/Category:日本のジャズ・ギタリスト"
"渡辺香津美"," 東京都 渋谷区 ・ 宮益坂 下交差点のたばこ屋に生まれる。山手幼稚園、 暁星小学校 、 暁星中学校・高等学校 出身  。","渡辺 香津美","","東京都 渋谷区","( 1953-10-14 ) 1953年 10月14日 （70歳）","","ジャズ, フュージョン, クラシック","ギタリスト, 作曲家, 音楽プロデューサー, 客員教授","ギター","1971年 -","","","","https://ja.wikipedia.org/wiki/渡辺香津美","Category_日本のジャズ・ギタリスト","https://ja.wikipedia.org/wiki/Category:日本のジャズ・ギタリスト"
