﻿"タイトル","コメント","出生名","別名","出身地","生誕","死没","ジャンル","職業","担当楽器","活動期間","レーベル","共同作業者","メンバー","URL","親リストタイトル","親リストURL"
"大津留克明"," 大津留克明 （別名・パパ大津留、 1945年 3月11日  - ）は、 ジャズ トロンボーン 奏者。 青森県 弘前市 生まれ。「ジギングのパパ」とも呼ばれる。","工藤克明","パパ大津留","日本 ・ 青森県 弘前市","( 1945-03-11 ) 1945年 3月11日 （76歳）","","ジャズ","歌手 、 トロンボーン 奏者、 作曲家 、 漁師","トロンボーン","","","スマイリー小原とスカイライナーズ","","https://ja.wikipedia.org/wiki/大津留克明","Category_日本のジャズ・トロンボーン奏者","https://ja.wikipedia.org/wiki/Category:日本のジャズ・トロンボーン奏者"
"谷啓"," 谷 啓 （たに けい、 1932年 2月22日 - 2010年 9月11日 ）は、 日本 の 俳優 、 コメディアン 、 トロンボーン 奏者。本名は渡部 泰雄（わたべ やすお）。","渡部 泰雄","谷 敬","日本 、 東京府 荏原郡 東調布町, （現・東京都 大田区 田園調布 ）","( 1932-02-22 ) 1932年 2月22日","( 2010-09-11 ) 2010年 9月11日 （78歳没）, 東京都 三鷹市 新川 （ 杏林大学医学部付属病院 ） ","ジャズ","トロンボーン奏者、 歌手 、 コメディアン 、 俳優","トロンボーン","1953年 - 2010年","","","","https://ja.wikipedia.org/wiki/谷啓","Category_日本のジャズ・トロンボーン奏者","https://ja.wikipedia.org/wiki/Category:日本のジャズ・トロンボーン奏者"
"角田健一"," 角田 健一 （つのだ けんいち、 1951年 2月3日 - ）は日本の トロンボーン 奏者、 作曲家 、 編曲家 、 バンドリーダー 。","","","日本 東京都","( 1951-02-03 ) 1951年 2月3日 （70歳）","","ジャズ","トロンボーン 奏者、 作曲家 、 編曲家 、 バンドリーダー","トロンボーン","","","","","https://ja.wikipedia.org/wiki/角田健一","Category_日本のジャズ・トロンボーン奏者","https://ja.wikipedia.org/wiki/Category:日本のジャズ・トロンボーン奏者"
"向井滋春"," 向井 滋春 （むかい しげはる、 1949年 1月21日 - ）は、 日本 の ジャズ トロンボーン 奏者。","","","愛知県 名古屋市","( 1949-01-21 ) 1949年 1月21日 （72歳）, 日本","","ジャズ","トロンボーン奏者","","1971年 -","","","","https://ja.wikipedia.org/wiki/向井滋春","Category_日本のジャズ・トロンボーン奏者","https://ja.wikipedia.org/wiki/Category:日本のジャズ・トロンボーン奏者"
"村田陽一"," 村田 陽一 （むらた よういち、 1963年 7月25日 - ）は、 日本 の トロンボーン 奏者 、 作曲家 、 編曲家 、 音楽プロデューサー 。 静岡県 静岡市 出身。 洗足学園音楽大学 音楽学部 ジャズ科講師      。","","","日本 静岡県 静岡市","( 1963-07-25 ) 1963年 7月25日 （57歳）","","ジャズ, クラシック, ポップス","演奏家, 作曲家, 編曲家, 音楽プロデューサー","トロンボーン, ユーフォニアム","","3 Views Label（スリー・ヴューズ・レーベル） ","村田陽一SOLID BRASS, 村田陽一ORCHESTRA, 村田陽一HOOK UP","","https://ja.wikipedia.org/wiki/村田陽一","Category_日本のジャズ・トロンボーン奏者","https://ja.wikipedia.org/wiki/Category:日本のジャズ・トロンボーン奏者"
"日本のトロンボーン奏者"," 日本 の トロンボーン 奏者に関するカテゴリ。","","","","","","","","","","","","","https://ja.wikipedia.org/wiki/Category:日本のトロンボーン奏者","Category_日本のジャズ・トロンボーン奏者","https://ja.wikipedia.org/wiki/Category:日本のジャズ・トロンボーン奏者"
"日本のジャズ・ミュージシャン"," 日本 の ジャズ ミュージシャン に関するカテゴリ。","","","","","","","","","","","","","https://ja.wikipedia.org/wiki/Category:日本のジャズ・ミュージシャン","Category_日本のジャズ・トロンボーン奏者","https://ja.wikipedia.org/wiki/Category:日本のジャズ・トロンボーン奏者"
"各国のジャズ・トロンボーン奏者"," このカテゴリには下位カテゴリ 4 件が含まれており、そのうち以下の 4 件を表示しています。","","","","","","","","","","","","","https://ja.wikipedia.org/wiki/Category:各国のジャズ・トロンボーン奏者","Category_日本のジャズ・トロンボーン奏者","https://ja.wikipedia.org/wiki/Category:日本のジャズ・トロンボーン奏者"
