﻿"タイトル","コメント","出生名","別名","出身地","生誕","死没","ジャンル","職業","担当楽器","活動期間","レーベル","共同作業者","メンバー","URL","親リストタイトル","親リストURL"
"Pages_in_category","","","","","","","","","","","","","","","Category_Electronic_music_groups_from_Illinois","https://en.wikipedia.org/wiki/Category:Electronic_music_groups_from_Illinois"
"A.S.K. M.E."," A.S.K. M.E. are a female trio from Chicago Illinois . The members consists of A pril Allen, S heree Hicks and K era Trotter (the A.S.K. , referring to their first letter in their first names; the M.E. referring to M oving E verybody).","","","","","","","","","","","","","https://en.wikipedia.org/wiki/A.S.K._M.E.","Category_Electronic_music_groups_from_Illinois","https://en.wikipedia.org/wiki/Category:Electronic_music_groups_from_Illinois"
"The Baldwin Brothers"," The Baldwin Brothers are an American, Chicago -based lounge/electronica duo, composed of Jason Hinkle and TJ Widner . The two met in junior-high school and have been composing electronic dance, pop and jazz music since 1983. The band signed with TVT Records in 2001 and are now represented by The Orchard (music label)  after their buyout of TVT's music catalog. Their first full album, Cooking With Lasers was produced by Dave Trumfio and The Baldwin Brothers and was released in 2002. The track \"Funky Junkyard\" was featured in Warren Miller 's 2002 feature \"Storm.\"  \"Urban Tumbleweed\" which features rapper Barron Ricks of Cypress Hill on vocals, was featured in the video game Amplitude for PlayStation 2 .  An early version of the song \"The Bionic Jam\" was also used in the PS2 game ATV Offroad Fury 2 under the title \"8 Cylinder Jam\".  Their single \"Dream Girl\" features guest vocals by Miho Hatori (of Cibo Matto ) and was featured on a CD produced & distributed by American Eagle Outfitters . A 12\" vinyl single of \"Dream Girl\" was released on February 2002 and included a remix of the song by Vancouver, BC based house artist Pilgrims Of The Mind. \"Ether\" features guest vocals by Geri Soriano-Lightwood of Supreme Beings of Leisure and \"Deep Down\" features guest vocals by Angie Hart of Frente! .","","","Chicago , Illinois , U.S.","","","Electronica , jazz , pop music","","","1983–present","The Orchard, TVT Records","","Jason Hinkle, TJ Widner, Dan Gottesman, Oren Kopperl","https://en.wikipedia.org/wiki/The_Baldwin_Brothers","Category_Electronic_music_groups_from_Illinois","https://en.wikipedia.org/wiki/Category:Electronic_music_groups_from_Illinois"
"DJ? Acucrack"," A disc jockey , more commonly abbreviated as DJ , is a person who plays recorded music for an audience. Most common types of DJs include: radio DJs , club DJs (who work at a nightclub or music festival), mobile DJs (who are hired to work at public and private events such as weddings, parties, or festivals), and turntablists (who use record players, usually turntables , to manipulate sounds on phonograph records ). Originally, the \"disc\" in \"disc jockey\" referred to shellac and later vinyl records , but nowadays DJ is used as an all-encompassing term to also describe persons who mix music from other recording media such as cassettes , CDs or digital audio files on a CDJ , controller, or even a laptop. DJs may adopt the title \"DJ\" in front of their real names, adopted pseudonyms, or stage names.","","","","","","","","","","","","","https://en.wikipedia.org/wiki/DJ?_Acucrack","Category_Electronic_music_groups_from_Illinois","https://en.wikipedia.org/wiki/Category:Electronic_music_groups_from_Illinois"
"Dr Manhattan (band)"," Dr. Manhattan is an American rock band from Wauconda, Illinois . Their name is a reference to the character from Alan Moore 's Watchmen comic books. ","","","Wauconda, Illinois , USA","","","Alternative rock , indie rock , electronic","","","2005–2010, 2011, 2014–","Vagrant Records , Cassette Deck","Gnated Ke, Musket Arm, Flowers For Dorian, g'NiGhT g'NiGhT, Piglet, This Is Cinema, Truman & His Trophy, Apollo's Mad, Princess Dinosaur","Matt Engers, Adam Engers, Andrew Morrison, Nick Vombrack","https://en.wikipedia.org/wiki/Dr_Manhattan_(band)","Category_Electronic_music_groups_from_Illinois","https://en.wikipedia.org/wiki/Category:Electronic_music_groups_from_Illinois"
"Fingers Inc."," Fingers Inc. was an American music group from Chicago , Illinois . It consisted of producer Larry Heard and vocalists Robert Owens and Ron Wilson. AllMusic called it the \"top early Chicago house group\". ","","","Chicago , Illinois , U.S.","","","Chicago house , deep house ","","","1985–1988","Jack Trax, Select, D.J. International, Underground, Alleviated","","Larry Heard, Robert Owens, Ron Wilson","https://en.wikipedia.org/wiki/Fingers_Inc.","Category_Electronic_music_groups_from_Illinois","https://en.wikipedia.org/wiki/Category:Electronic_music_groups_from_Illinois"
"Future Rock"," Future Rock (or FR ) is an electronic rock trio hailing from Chicago, Illinois . The band consists of Felix Moreno on bass guitar and synthesizer, Mickey Kellerman on keyboards and synthesizers, and Darren Heitz on drums. Future Rock mixes standard live rock instrumentation with electronics, and music is classified as electronica , but fuses elements of progressive house and dance-rock . Their music is often intense and quirky, yet very danceable.","","","Chicago , Illinois, United States","","","Electronic","","","2004–present","1320 Records","","Darren Heitz (drums), Mickey Kellerman (keyboards), Felix Moreno (bass)","https://en.wikipedia.org/wiki/Future_Rock","Category_Electronic_music_groups_from_Illinois","https://en.wikipedia.org/wiki/Category:Electronic_music_groups_from_Illinois"
"Glifted"," Glifted was an American shoegaze band formed in 2001 by Tim Lash, former guitarist for Hum , and T. J. Harrison of the band Lovecup.","","","Champaign , Illinois , USA","","","Electronic , alternative rock , shoegazing , noise , neo-psychedelia","","","2001–2008","","Hum , Alpha Mile, The Grand Vizars, Balisong, Lovecup","","https://en.wikipedia.org/wiki/Glifted","Category_Electronic_music_groups_from_Illinois","https://en.wikipedia.org/wiki/Category:Electronic_music_groups_from_Illinois"
"Kill Memory Crash"," Kill Memory Crash is an Electronic band from Chicago, Illinois . They originally formed around 1998 as a duo (Alex SanFaçon and Adam Sieczka), and made an almost self-imposed exile from the music industry due to their indifferences to the popular styles of Electronic music at the time. Kill Memory Crash eventually became known for their subversive lyrical themes and dark musical style, blurring the boundaries between industrial, techno, electro, pop, and rock.","","","Chicago , Illinois , United States","","","Electronic music, Industrial Techno","","","1998–present","Ghostly International, Spectral Sound , Underground, Inc.","","Alex SanFaçon, Adam Sieczka, Gabriel Palomo","https://en.wikipedia.org/wiki/Kill_Memory_Crash","Category_Electronic_music_groups_from_Illinois","https://en.wikipedia.org/wiki/Category:Electronic_music_groups_from_Illinois"
"L'Altra"," L'Altra is an indie rock / electronic / chamber pop band from Chicago , Illinois .","","","Chicago , Illinois , U.S.","","","Indie rock , electronic music , chamber pop","","","1999–present","Saint Marie Records , Acuarela Discos , And Records (Japan), Pocket Records (China)","","Lindsay Anderson ( vocals , keyboards ), Joseph Desler Costa ( vocals , guitars )","https://en.wikipedia.org/wiki/L'Altra","Category_Electronic_music_groups_from_Illinois","https://en.wikipedia.org/wiki/Category:Electronic_music_groups_from_Illinois"
"Le Concorde (band)"," Le Concorde is a Los Angeles-based synthpop musical project by singer, songwriter and multi-instrumentalist Stephen Becker, Ph.D.","","","Chicago, IL , United States","","","Synthpop, Indie-pop, Post-Bubblegum Dance/Electronic , Rock","","","2004–present","March Records, What Are Records?, Le Grand Magistery","Scritti Politti, Ken Stringfellow, Psychedelic Furs","Stephen Becker, Ph.D.","https://en.wikipedia.org/wiki/Le_Concorde_(band)","Category_Electronic_music_groups_from_Illinois","https://en.wikipedia.org/wiki/Category:Electronic_music_groups_from_Illinois"
"Louis the Child (DJs)"," Louis the Child is a North Shore -based DJ and production duo   consisting of Robby Hauldren and Frederic J. Kennett.","","","North Shore , Chicago , Illinois , U.S.","","","Dance-pop, electronic, future bass ","","","2013–present","Interscope","","Frederic Kennett, Robby Hauldren","https://en.wikipedia.org/wiki/Louis_the_Child_(DJs)","Category_Electronic_music_groups_from_Illinois","https://en.wikipedia.org/wiki/Category:Electronic_music_groups_from_Illinois"
"My Life with the Thrill Kill Kult"," My Life with the Thrill Kill Kult (often shortened to Thrill Kill Kult or TKK ) is an American electronic industrial rock band originally based in Chicago and founded by Groovie Mann (born Frankie Nardiello) and Buzz McCoy (born Marston Daley). They became known in the 1980s as pioneers of the industrial music genre – although by the early 1990s they had changed to a more disco-oriented sound – and as a frequent target of censorship groups, including the PMRC , which objected to the band's humorous and satirical references to Satan , Jesus and sex in their song lyrics and stage shows. ","","","Chicago, Illinois , U.S.","","","Industrial rock , industrial dance","","","1987–present","Interscope / Atlantic , Red Ant, Rykodisc , SleazeBox, Wax Trax! / TVT","","Groovie Mann, Buzz McCoy, Mimi Star, Arena Rock, Justin Thyme (a.k.a. Justin Bennett)","https://en.wikipedia.org/wiki/My_Life_with_the_Thrill_Kill_Kult","Category_Electronic_music_groups_from_Illinois","https://en.wikipedia.org/wiki/Category:Electronic_music_groups_from_Illinois"
"Mystechs"," Mystechs (sometimes referred to as The Mystechs ) is an electronic/punk music group formed in 1998 in Chicago, Illinois . The band's lineup consists of keyboardist/songwriter Emil Hyde joined by a host of other musicians and collaborators. Their music covers a wide range of genres from indie rock to new wave , hip hop and heavy metal .  The Mystechs began as an electronica group, gradually incorporating other genres to their sound. Hyde says of the band, \"Mystechs began as a nice, normal, female-fronted trip-hop group like Portishead or Esthero \". ","","","","","","","","","","","","","https://en.wikipedia.org/wiki/Mystechs","Category_Electronic_music_groups_from_Illinois","https://en.wikipedia.org/wiki/Category:Electronic_music_groups_from_Illinois"
"Phuture"," Phuture is an American house music group from Chicago , founded in 1985 by Earl \"Spanky\" Smith Jr. , Nathaniel Pierre Jones aka DJ Pierre , and Herbert \"Herb J\" Jackson.  The group is famous for inventing and defining the sound of acid house , a subgenre of house music , with their 1987 release \" Acid Tracks \". ","","Phortune","Chicago , Illinois , U.S.","","","Acid house, deep house, house","","","1985–present","Trax, Music Man, Strictly Rhythm, A1","DJ Pierre, Roy Davis Jr.","Lothario \"Rio\" Lee, Fernando \"Fher\" Rivera, DJ Pierre","https://en.wikipedia.org/wiki/Phuture","Category_Electronic_music_groups_from_Illinois","https://en.wikipedia.org/wiki/Category:Electronic_music_groups_from_Illinois"
"Phuture 303"," Phuture 303 was an acid house music group founded in 1996 by DJ Spank Spank . Its members included Roy Davis Jr., Damon Neloms (a.k.a. Professor Trax), L.A. Williams, Ron Maney a.k.a. DJ Skull and Rio \"The Musician\" Lee.","","","","","","","","","","","","","https://en.wikipedia.org/wiki/Phuture_303","Category_Electronic_music_groups_from_Illinois","https://en.wikipedia.org/wiki/Category:Electronic_music_groups_from_Illinois"
"Pretty Good Dance Moves"," Pretty Good Dance Moves is an indietronica band from Chicago, Illinois in the United States. Their sound, sometimes also labeled as electropop , is influenced by 1980s new wave , electronic , pop and indie rock genres.","","","Chicago / Brooklyn , United States","","","Indietronica , electropop","","","2007–present","","","Jimmy Giannopoulos, Aaron Allietta","https://en.wikipedia.org/wiki/Pretty_Good_Dance_Moves","Category_Electronic_music_groups_from_Illinois","https://en.wikipedia.org/wiki/Category:Electronic_music_groups_from_Illinois"
"Shadowfax (band)"," Shadowfax was a new-age / electronic musical group formed in Chicago in the early 1970s and best known for their albums Shadowfax and Folksongs for a Nuclear Village . In 1989, they won the Grammy for Best New Age Performance for Folksongs for a Nuclear Village .  In 1993, they were nominated for the Grammy for Esperanto .","","","Chicago, Illinois, U.S.","","","Chamber jazz, new-age, electronic, blues","","","1972–1995","Passport/ABC, Windham Hill, Capitol, Private Music, Earthbeat!, Sonic Images","","See \"Members\"","https://en.wikipedia.org/wiki/Shadowfax_(band)","Category_Electronic_music_groups_from_Illinois","https://en.wikipedia.org/wiki/Category:Electronic_music_groups_from_Illinois"
"String Theory (band)"," String Theory was an electronic music band from Chicago that existed from 1997 until 2005. The members were Joshua R. Davison and Nathan T. Tucker . Contemporaries included Casino vs Japan , Pulseprogramming , and Telefon Tel Aviv .","","","","","","","","","","","","","https://en.wikipedia.org/wiki/String_Theory_(band)","Category_Electronic_music_groups_from_Illinois","https://en.wikipedia.org/wiki/Category:Electronic_music_groups_from_Illinois"
"Telefon Tel Aviv"," Telefon Tel Aviv is a New Orleans –derived, Chicago -based American electronic music act, formerly comprising Charles Cooper and Joshua Eustis . Since Cooper's accidental death in 2009, Telefon Tel Aviv has continued with Eustis as the sole official member. Eustis is also known for being a member of the most recent lineup of Puscifer and Nine Inch Nails ' live performances. ","","","New Orleans , Louisiana , U.S.","","","IDM , ambient techno , glitch","","","1999–present","Hefty , BPitch Control , Ghostly International","Puscifer , Nine Inch Nails , Black Light Burns , Sons of Magdalene , The Black Queen","Joshua Eustis","https://en.wikipedia.org/wiki/Telefon_Tel_Aviv","Category_Electronic_music_groups_from_Illinois","https://en.wikipedia.org/wiki/Category:Electronic_music_groups_from_Illinois"
"TRS-80 (group)"," TRS-80 is an electronic music group formed in Chicago in 1997 and led by founding member, Jay Rajeck. ","","","","","","","","","","","","","https://en.wikipedia.org/wiki/TRS-80_(group)","Category_Electronic_music_groups_from_Illinois","https://en.wikipedia.org/wiki/Category:Electronic_music_groups_from_Illinois"
"Windimoto"," Windimoto is an American dance music production duo based in Chicago that consists of DJ/producer Sean Haley and musician/producer Scorpeze.","","","Chicago , Illinois","","","House , soul , disco , techno , funk , Afro-Latin , electronica","","","2007–present","Windimoto Music, Phuture Soul Recordings, Interdependent Media","Pirahnahead, Abicah Soul, Ian Friday, Glenn Underground, The Foreign Exchange","Sean Haley, Scorpeze","https://en.wikipedia.org/wiki/Windimoto","Category_Electronic_music_groups_from_Illinois","https://en.wikipedia.org/wiki/Category:Electronic_music_groups_from_Illinois"
"American electronic music groups by state"," This category has the following 23 subcategories, out of 23 total.","","","","","","","","","","","","","https://en.wikipedia.org/wiki/Category:American_electronic_music_groups_by_state","Category_Electronic_music_groups_from_Illinois","https://en.wikipedia.org/wiki/Category:Electronic_music_groups_from_Illinois"
"Musical groups from Illinois"," ","","","","","","","","","","","","","https://en.wikipedia.org/wiki/Category:Musical_groups_from_Illinois","Category_Electronic_music_groups_from_Illinois","https://en.wikipedia.org/wiki/Category:Electronic_music_groups_from_Illinois"
