﻿"タイトル","コメント","出生名","別名","出身地","生誕","死没","ジャンル","職業","担当楽器","活動期間","レーベル","共同作業者","メンバー","URL","親リストタイトル","親リストURL"
"音楽"," 音楽 に関する カテゴリ 。","","","","","","","","","","","","","https://ja.wikipedia.org/wiki/Category:音楽","Category_ジャズ・ピアニスト","https://ja.wikipedia.org/wiki/Category:ジャズ・ピアニスト"
"コビ・アラッド"," コビ・アラッド (Kobi Arad, 1981年 -  ) はイスラエル系アメリカ人の ピアニスト で現在は 作曲家 でもあります  。現在は ニューヨーク を拠点に 作曲  、 編曲 、色々なジャンルをブレンドさせたパフォーマンスなどの活動をしています。彼の音楽はYnet  , the Jazz Times  , All About Jazz  などの雑誌に取り上げられ、2011年に彼が出したアルバム『 Sketches of Imaginary Landscapes 』は「卓越した技術と洞察力のあるビジョンでアーティストの全てを包括してします」  。アラッドは スティービー・ワンダー やシンディー・ブラックマンともコラボしています  。また、彼のバンドと共にニューヨークにある ブルーノート (Blue Note)などの会場でも演奏しており  、ハル・レナードなどの企業用に編曲して提供しています  。","Kobi Arad","","ハイファ、イスラエル","1981年","","サードストリーム、ニュージャズ、クラシックミュージック、ワールドミュージック、ジャズフュージョン、クレズマー","ピアニスト、作曲家、編曲家、レコードプロデューサー","ピアノ、キーボード","2010年からー現在まで","Greenpath Musical Productions","スティービー・ワンダー、ロイ・エアーズ、ロバート・マーゴレフ、アサフ・シルキス、オーラン・エトキン","","https://ja.wikipedia.org/wiki/コビ・アラッド","Category_ジャズ・ピアニスト","https://ja.wikipedia.org/wiki/Category:ジャズ・ピアニスト"
"モンティ・アレキサンダー"," モンティ・アレキサンダー （ Monty Alexander 、 1944年 6月6日 – ）は、 ジャマイカ 出身の ジャズ ・ ピアニスト 。","Montgomery Bernard Alexander","","ジャマイカ キングストン","( 1944-06-06 ) 1944年 6月6日 （77歳）","","ジャズ 、 レゲエ","ミュージシャン","ピアノ 、 鍵盤ハーモニカ","1958年 - 現在","パシフィック・ジャズ 、 RCA 、 ヴァーヴ 、 MPS 、Motéma Music","ミルト・ジャクソン 、 レイ・ブラウン","","https://ja.wikipedia.org/wiki/モンティ・アレキサンダー","Category_ジャズ・ピアニスト","https://ja.wikipedia.org/wiki/Category:ジャズ・ピアニスト"
"アブドゥーラ・イブラヒム"," アブドゥーラ・イブラヒム (アラビア語：عبدالله إبراهيم、英語：Abdullah Ibrahim、 1934年 10月9日 生まれ) は、 南アフリカ 人の ピアニスト 、 作曲家 である。以前は ダラー・ブランド （Dollar Brand）という名で知られていた。","Adolph Johannes Brand","ダラー・ブランド","  南アフリカ共和国","( 1934-10-09 ) 1934年 10月9日 （86歳）","","ジャズ 、 ポストバップ （ 英語版 ）","ピアニスト 、 作曲家 、 バンドリーダー","ピアノ, サックス, チェロ","1955年 - 現在","","","","https://ja.wikipedia.org/wiki/アブドゥーラ・イブラヒム","Category_ジャズ・ピアニスト","https://ja.wikipedia.org/wiki/Category:ジャズ・ピアニスト"
"イリアーヌ・イリアス"," イリアーヌ・イリアス （Eliane Elias、 1960年 3月19日 - ）は、 ブラジル 出身の ジャズ ・ ピアニスト 、ボーカリスト。1980年代よりアメリカで活躍している。洗練されたピアノ・テクニックと温もりのある歌唱で、ジャズから ボサノヴァ 、 ポップス まで幅広く演奏している。 イリアーニ・アライアス あるいは単に イリアーヌ という表記もある。","","","ブラジル 、 サンパウロ","( 1960-03-19 ) 1960年 3月19日 （61歳）","","ジャズ 、 ボサノヴァ","ミュージシャン、作曲家、編曲家、音楽プロデューサー","ピアノ、ボーカル","1981年 -","","","","https://ja.wikipedia.org/wiki/イリアーヌ・イリアス","Category_ジャズ・ピアニスト","https://ja.wikipedia.org/wiki/Category:ジャズ・ピアニスト"
"パスカル・オベルソン"," パスカル・オベルソン （ Pascal Auberson 、 1952年 4月21日 - ）は、 スイス のマルチに才能を発揮するアーティストである。シャンソン歌手、パーカッション奏者、ピアニスト、作曲家として活動している。 ローザンヌ 出身。","","","スイス","( 1952-04-21 ) 1952年 4月21日 （69歳）","","ジャズ 、アヴァンギャルド","","ピアノ、ボーカル","","","www .pascalauberson .ch","","https://ja.wikipedia.org/wiki/パスカル・オベルソン","Category_ジャズ・ピアニスト","https://ja.wikipedia.org/wiki/Category:ジャズ・ピアニスト"
"ミシェル・カミロ"," ミシェル・カミロ （ Michel Camilo 、 1954年 4月4日 - ）は、 ドミニカ共和国 サントドミンゴ 出身の ジャズ ピアニスト ・作曲家。 ミッシェル・カミロ 、 ミシェール・カミロ とも表記される。 ラテン・ジャズ を基調とした ミュージシャン で、その卓越した技術（超絶技巧）は高く評価され、 ヴィルトゥオーソ （巨匠）と呼ぶに相応しい演奏をしている。","","","ドミニカ共和国, サントドミンゴ","( 1954-04-04 ) 1954年 4月4日 （67歳）","","ジャズ 、 ラテン・ジャズ 、 クラシック音楽","ミュージシャン","ピアノ","1970年代 -","","","","https://ja.wikipedia.org/wiki/ミシェル・カミロ","Category_ジャズ・ピアニスト","https://ja.wikipedia.org/wiki/Category:ジャズ・ピアニスト"
"オイゲン・キケロ"," オイゲン・キケロ （ エウゼン・キケロ とも、Eugen Cicero、Eugen Cziczeo、 ルーマニア 名 Eugen Ciceu、 1940年 6月27日 - 1997年 12月5日 ）は、 ジャズ ピアノ 奏者。 クラシック をジャズ化して演奏し、成功を収めた第一人者である。中でも バッハ の作品のジャズ化が広く知られる。","","","  ルーマニア 、 クルジュ＝ナポカ","( 1940-06-27 ) 1940年 6月27日","( 1997-12-05 ) 1997年 12月5日 （57歳没）","","","ピアノ","","","","","https://ja.wikipedia.org/wiki/オイゲン・キケロ","Category_ジャズ・ピアニスト","https://ja.wikipedia.org/wiki/Category:ジャズ・ピアニスト"
"トルド・グスタフセン"," トルド・グスタフセン （Tord Gustavsen、 1970年 10月5日 - ）は ノルウェー 出身の ジャズ ・ ピアニスト 。","","","ノルウェー オスロ","( 1970-10-05 ) 1970年 10月5日 （50歳）,   ノルウェー オスロ","","ジャズ","","","","ECM","トルド・グスタフセン・トリオ","","https://ja.wikipedia.org/wiki/トルド・グスタフセン","Category_ジャズ・ピアニスト","https://ja.wikipedia.org/wiki/Category:ジャズ・ピアニスト"
"フランソワ・クチュリエ"," フランソワ・クチュリエ （ François Couturier 、 1950年 2月5日 - ）は、 フランス の ジャズ ・ ピアニスト で 作曲家 。 ソ連 出身の 映画監督 アンドレイ・タルコフスキー のファンであり、彼に捧げた アルバム を2作発表している。","","","フランス, フルーリー＝レゾブレ","( 1950-02-05 ) 1950年 2月5日 （71歳）","","ジャズ","ピアニスト、作曲者","ピアノ","","ECM","ジョン・マクラフリン, ドミニク・ピファレリ, アヌアル・ブラヒム","","https://ja.wikipedia.org/wiki/フランソワ・クチュリエ","Category_ジャズ・ピアニスト","https://ja.wikipedia.org/wiki/Category:ジャズ・ピアニスト"
"ラーシュ・グリン"," ラーシュ・グリン  （ Lars Gullin 、 1928年 5月4日 - 1976年 5月17日 ）は、 スウェーデン 出身の ジャズ ・ バリトン・サックス 奏者、 ピアノ 奏者。","","","  スウェーデン ゴットランド島 サンダ","( 1928-05-04 ) 1928年 5月4日","( 1976-05-17 ) 1976年 5月17日 （48歳没）","ジャズ","ミュージシャン","バリトン・サックス、クラリネット、ピアノ","1953年 - 1976年","Rosa Honung","","","https://ja.wikipedia.org/wiki/ラーシュ・グリン","Category_ジャズ・ピアニスト","https://ja.wikipedia.org/wiki/Category:ジャズ・ピアニスト"
"フリードリヒ・グルダ"," フリードリヒ・グルダ （Friedrich Gulda, 1930年 5月16日 - 2000年 1月27日 ）は、 オーストリア の クラシック音楽 と ジャズ の ピアニスト ・ 作曲家 。","","","オーストリア 、 ウィーン","( 1930-05-16 ) 1930年 5月16日","( 2000-01-27 ) 2000年 1月27日 （69歳没）","クラシック音楽 、 ジャズ","ピアニスト ・ 作曲家","","","","","","https://ja.wikipedia.org/wiki/フリードリヒ・グルダ","Category_ジャズ・ピアニスト","https://ja.wikipedia.org/wiki/Category:ジャズ・ピアニスト"
"スンナ・グンロイグス"," スンナ・グンロイグス （ アイスランド語 : Sunna Gunnlaugs 、 1970年 5月11日 - ）は、 アイスランド の ジャズピアニスト 。 アイスランド の セルチャルトナルネース の生まれで、母からの教えで子供のころから オルガン を始めた。1993年に ウィリアム・パターソン大学 音楽学部に入学、ジャズの道を志し、大学卒業後は ニューヨーク市 の ブルックリン区 に移住した。","","","","","","","","","","","","","https://ja.wikipedia.org/wiki/スンナ・グンロイグス","Category_ジャズ・ピアニスト","https://ja.wikipedia.org/wiki/Category:ジャズ・ピアニスト"
"ウィントン・ケリー"," ウィントン・ケリー （ Wynton Kelly 、 1931年 12月2日 - 1971年 4月12日 ）は、 アメリカ合衆国 の ジャズ ピアニスト 。 ジャマイカ 移民の息子で、 ニューヨーク市 ブルックリン 生まれ。 カナダ の オンタリオ州 トロント にて39歳で死去した。","Wynton Charles Kelly","","アメリカ合衆国 ニューヨーク市 ブルックリン","( 1931-12-02 ) 1931年 12月2日","( 1971-04-12 ) 1971年 4月12日 （39歳没）, カナダ, オンタリオ州, トロント","ジャズ","","ピアノ","","ブルーノート・レコード, ヴァーヴ・レコード, ヴィージェイ・レコード, マイルストーン・レコード, リバーサイド・レコード","マイルス・デイヴィス, ダイナ・ワシントン, ディジー・ガレスピー","","https://ja.wikipedia.org/wiki/ウィントン・ケリー","Category_ジャズ・ピアニスト","https://ja.wikipedia.org/wiki/Category:ジャズ・ピアニスト"
"クシシュトフ・コメダ"," クシシュトフ・コメダ （Krzysztof Komeda、 1931年 4月27日 - 1969年 4月23日 ）は、 ポーランド を代表する ジャズ ・ ピアニスト 、 作曲家 。 ポズナン 出身  。本名はクシシュトフ・トルチンスキ（Krzysztof Trzcinski）だが、ジャズを嫌う共産党に目を付けられることを恐れ、ステージネームとしてコメダの名前を使用していた。","Krzysztof Trzciński","","ポーランド ポズナン","( 1931-04-27 ) 1931年 4月27日","( 1969-04-23 ) 1969年 4月23日 （37歳没）","ジャズ","作曲家、ミュージシャン","ピアノ","1956年 - 1969年","","","","https://ja.wikipedia.org/wiki/クシシュトフ・コメダ","Category_ジャズ・ピアニスト","https://ja.wikipedia.org/wiki/Category:ジャズ・ピアニスト"
"マーセロ・ザーヴォス"," マーセロ・ザーヴォス （Marcelo Uchoa Zarvos、 1969年 10月 - ）は、 ブラジル の ジャズ ・ ピアニスト 、 作曲家 。 マーセロ・ザーボス 、 マルセロ・ザーヴォス 、 マルセロ・ザルヴォス とも表記される。","Marcelo Uchoa Zarvos","","サンパウロ","1969年 10月 ?? 日","","ジャズ 、 映画音楽","","ピアノ","","","","","https://ja.wikipedia.org/wiki/マーセロ・ザーヴォス","Category_ジャズ・ピアニスト","https://ja.wikipedia.org/wiki/Category:ジャズ・ピアニスト"
"カイル・シェパード"," カイル・シェパード （Kyle Shepherd pf. 1987年 7月8日 - ）は、 南アフリカ ・ ケープタウン 出身のジャズ・ピアニスト。","","","","","","","","","","","","","https://ja.wikipedia.org/wiki/カイル・シェパード","Category_ジャズ・ピアニスト","https://ja.wikipedia.org/wiki/Category:ジャズ・ピアニスト"
"エグベルト・ジスモンチ"," エグベルト・ジスモンチ （ Egberto Gismonti 、 1947年 12月5日 - ）は、 ブラジル ・ リオデジャネイロ州 カルモ (Carmo) 出身の マルチ楽器奏者 、 作曲家 、 編曲家 、 音楽プロデューサー 。高い演奏技術を持つとともに、彼の作るリリカルな曲は様々なミュージシャンにも カバー されている。","Egberto Amin Gismonti","","ブラジル リオデジャネイロ州 カルモ","( 1947-12-05 ) 1947年 12月5日 （73歳）","","プログレッシブ・ロック 、 フォークロック 、 ジャズ 、 ブラジル音楽 、 ノルデスチ","ミュージシャン、ソングライター","ギター 、 ピアノ 、 笛 、 カリンバ 、インディアン・オルガン","1969年 -","ECM 、 EMI","ヤン・ガルバレク 、 チャーリー・ヘイデン 、 ナナ・ヴァスコンセロス","","https://ja.wikipedia.org/wiki/エグベルト・ジスモンチ","Category_ジャズ・ピアニスト","https://ja.wikipedia.org/wiki/Category:ジャズ・ピアニスト"
"ホルヘ・ダルト"," ホルヘ・ダルト （ Jorge Dalto , 1948年 7月7日 - 1987年 10月27日 ）は、 アルゼンチン 出身の ジャズ ・ フュージョン を中心に活動した ピアニスト 。","","","アルゼンチン","( 1948-07-07 ) 1948年 7月7日, アルゼンチン","( 1987-10-27 ) 1987年 10月27日 （39歳没）, アメリカ合衆国 ニューヨーク","ジャズ ・ フュージョン","ミュージシャン","キーボード 、 ピアノ","1973年 – 1987年","","","","https://ja.wikipedia.org/wiki/ホルヘ・ダルト","Category_ジャズ・ピアニスト","https://ja.wikipedia.org/wiki/Category:ジャズ・ピアニスト"
"ロベルト・タレンツィ"," ロベルト・タレンツィ （ Roberto Tarenzi 、 1977年 生）は、 ジャズ ・ ピアニスト 。","","","イタリア ロンバルディア州 ミラノ","1977年","","ジャズ","ピアニスト","ピアノ","1995年 -","","デイヴ・リーブマン, アリーチェ・リチャルディ, ナット・スー","","https://ja.wikipedia.org/wiki/ロベルト・タレンツィ","Category_ジャズ・ピアニスト","https://ja.wikipedia.org/wiki/Category:ジャズ・ピアニスト"
"ヴァシリス・ツァブロプーロス"," ヴァシリス・ツァブロプーロス （ 英語 : Vassilis Tsabropoulos ; ギリシア語 : :Βασίλης Τσαμπρόπουλος , 1966年 - ）は ギリシャ アテネ 出身の ピアニスト で 指揮者 、 作曲者 。 ","","","ギリシャ アテネ","1966年 ?? 月 ?? 日","","クラシック音楽, ジャズ, 現代音楽","ピアニスト, 指揮者, 作曲者","","","ECMレコード","","","https://ja.wikipedia.org/wiki/ヴァシリス・ツァブロプーロス","Category_ジャズ・ピアニスト","https://ja.wikipedia.org/wiki/Category:ジャズ・ピアニスト"
"アレクシ・トゥオマリア"," アレクシ・トゥオマリア （Alexi Tuomarila、 1974年 -）は、 フィンランド の ジャズ ピアニスト 。","","","  フィンランド","1974年 （46 - 47歳）","","ジャズ","ピアニスト","ピアノ","","","アレクシ・トゥオマリア・トリオ","","https://ja.wikipedia.org/wiki/アレクシ・トゥオマリア","Category_ジャズ・ピアニスト","https://ja.wikipedia.org/wiki/Category:ジャズ・ピアニスト"
"ニールス・ラン・ドーキー"," ニールス・ラン・ドーキー  （ Niels Lan Doky 、 1963年 10月3日 - ）は、 デンマーク の コペンハーゲン 出身の ジャズ ・ ピアニスト 、 音楽プロデューサー である。","","","  デンマーク コペンハーゲン","( 1963-10-03 ) 1963年 10月3日 （57歳）","","ジャズ","ミュージシャン、作曲家","ピアノ","","","","","https://ja.wikipedia.org/wiki/ニールス・ラン・ドーキー","Category_ジャズ・ピアニスト","https://ja.wikipedia.org/wiki/Category:ジャズ・ピアニスト"
"ティグラン・ハマシアン"," ティグラン・ハマシアン (Tigran Hamasyan、Տիգրան Համասյան、 1987年 7月17日 - ）は、 アルメニア の ジャズ ピアニスト 。 シラク地方 ギュムリ 出身。","","","","","","","","","","","","","https://ja.wikipedia.org/wiki/ティグラン・ハマシアン","Category_ジャズ・ピアニスト","https://ja.wikipedia.org/wiki/Category:ジャズ・ピアニスト"
"ケティル・ビヨルンスタ"," ケティル・ビヨルンスタ （ Ketil Bjørnstad 、 1952年 4月25日 - ）は、 ノルウェー ・ オスロ 出身の ピアニスト で コンポーザー 、 作家 。元々は クラシック音楽 の教養を受けていたが、のちに ジャズ の影響を受け「ヨーロピアン・ジャズ」を 演奏 するようになる。  ","","","  ノルウェー オスロ","","","クラシック 、 ジャズ 、 現代音楽","ピアニスト 、 作曲家 、 作家","ピアノ 、 キーボード","","ECMレコード 、Kirkelig Kulturverksted、Hubro","デヴィッド・ダーリング, テリエ・リピダル, スヴァンテ・ヘンリソン","","https://ja.wikipedia.org/wiki/ケティル・ビヨルンスタ","Category_ジャズ・ピアニスト","https://ja.wikipedia.org/wiki/Category:ジャズ・ピアニスト"
"ヤスパー・ファントフ"," ヤスパー・ファントフ  （ Jasper van 't Hof 、 1947年 6月30日 - ）は、 オランダ の ジャズ ・ピアニストにしてキーボード奏者。","","","オランダ エンスヘデ","( 1947-06-30 ) 1947年 6月30日 （74歳）","","ジャズ","ミュージシャン","ピアノ 、 キーボード","","","","","https://ja.wikipedia.org/wiki/ヤスパー・ファントフ","Category_ジャズ・ピアニスト","https://ja.wikipedia.org/wiki/Category:ジャズ・ピアニスト"
"マルチン・ボシレフスキ"," マルチン・ボシレフスキ  （ Marcin Wasilewski 、 1975年 - ）は、 ポーランド 出身の ピアニスト 。 シンプル・アコースティック・トリオ で活動、後に自己トリオ名義で活動している。","","","ポーランド スワヴノ","1975年 （45 - 46歳）","","ジャズ","ピアニスト、作曲家","ピアノ","","Gowi、Not Two、 ECM","トーマス・スタンコ 、 マヌ・カチェ 、シンプル・アコースティック・トリオ","","https://ja.wikipedia.org/wiki/マルチン・ボシレフスキ","Category_ジャズ・ピアニスト","https://ja.wikipedia.org/wiki/Category:ジャズ・ピアニスト"
"フランシー・ボラン"," フランシー・ボラン  （ Francy Boland 、本名:François Boland、 1929年 11月6日 – 2005年 8月12日 ）は、 ベルギー の ジャズ ・ ピアニスト 、 作曲家 。","François Boland","","ベルギー 、 ナミュール州","( 1929-11-06 ) 1929年 11月6日","( 2005-08-12 ) 2005年 8月12日 （75歳没）","","","ピアノ","","","","","https://ja.wikipedia.org/wiki/フランシー・ボラン","Category_ジャズ・ピアニスト","https://ja.wikipedia.org/wiki/Category:ジャズ・ピアニスト"
"クロード・ボリング"," クロード・ボラン （Claude Bolling, 1930年 4月10日 - 2020年 12月29日 ）は、 フランス の ジャズ ・ ピアニスト 、 作曲家 、アレンジャー。たまに 俳優 をすることもある。","","","フランス","( 1930-04-10}no ) 1930年 （ 構文エラー: 認識できない区切り文字「}」です。 歳）, フランス共和国 、カンヌ","","ジャズ、映画音楽, クロスオーバー","ピアニスト、作曲家, アレンジャー、俳優","","","","","","https://ja.wikipedia.org/wiki/クロード・ボリング","Category_ジャズ・ピアニスト","https://ja.wikipedia.org/wiki/Category:ジャズ・ピアニスト"
"ケイコ・ボルジェソン"," ケイコ・ボルジェソン （keiko borjeson、 1947年 - ）は 東京 出身、 スウェーデン 在住の ジャズ ピアニスト ／ ヴォーカリスト 。","","","","","","","","","","","","","https://ja.wikipedia.org/wiki/ケイコ・ボルジェソン","Category_ジャズ・ピアニスト","https://ja.wikipedia.org/wiki/Category:ジャズ・ピアニスト"
"ヴァギフ・ムスタファ・ザデ"," ヴァギフ・ムスタファ・ザデ (Vagif Mustafazadeh, アゼルバイジャン語 : Vaqif Mustafazadə ) は ソビエト 時代の アゼルバイジャン 出身の ジャズ ピアニスト であり 作曲家 。ジャズと アゼルバイジャン の民族音楽である ムガム を融合させたことで有名である。","","","アゼルバイジャン, バクー","( 1940-03-16 ) 1940年 3月16日","( 1979-12-18 ) 1979年 12月18日 （39歳没）, タシケント","ジャズ, フュージョン","作曲家 , ピアニスト","ピアノ","","","","","https://ja.wikipedia.org/wiki/ヴァギフ・ムスタファ・ザデ","Category_ジャズ・ピアニスト","https://ja.wikipedia.org/wiki/Category:ジャズ・ピアニスト"
"アジザ・ムスタファ・ザデ"," アジザ・ムスタファ・ザデ （Aziza Mustafa Zadeh、 アゼルバイジャン語 ：Əzizə Mustafazadə、 1969年 12月19日 - ） は、ジャズ界のプリンセス、またはジャジーザ (Jazziza) という愛称で知られる アゼルバイジャン 出身の 歌手 、 ピアニスト 、 作曲家 である。彼女の音楽は、 ジャズ と ムガム （アゼルバイジャンの伝統的な 即興演奏 様式）を融合させたものであり、 クラシック や アヴァンギャルド からも影響を受けている。","","","アゼルバイジャン ・ バクー","( 1969-12-19 ) 1969年 12月19日 （51歳）","","ジャズ, フュージョン, スキャット","","ピアノ","1988年 -","","","","https://ja.wikipedia.org/wiki/アジザ・ムスタファ・ザデ","Category_ジャズ・ピアニスト","https://ja.wikipedia.org/wiki/Category:ジャズ・ピアニスト"
"ミシャ・メンゲルベルク"," ミシャ・メンゲルベルク （ Misha Mengelberg 、 1935年 6月5日 – 2017年 3月3日 ）は、 オランダ の ジャズ ・ ピアニスト で 作曲家 。 1961年 に ガウデアムス国際作曲家賞 を受賞した。 2006年 には、メンゲルベルクの生涯と活動を初めて取り上げた80分のドキュメンタリー『Afijn』がDVDで発売された。","Misja Mengelberg ","","ウクライナ社会主義ソビエト共和国 キエフ","( 1935-06-05 ) 1935年 6月5日","( 2017-03-03 ) 2017年 3月3日 （81歳没）","ジャズ","ミュージシャン、作曲家","ピアノ","","FMP/Free Music Production","","","https://ja.wikipedia.org/wiki/ミシャ・メンゲルベルク","Category_ジャズ・ピアニスト","https://ja.wikipedia.org/wiki/Category:ジャズ・ピアニスト"
"レシェック・モジジェル"," レシェック・モジジェル （ ポーランド語 : Leszek Możdżer 、 1971年 3月23日 - ）は、 ポーランド の 音楽家 、 ジャズ ・ ピアニスト 。 映画音楽 の 作曲家 、 音楽プロデューサー でもある。","Lesław Henryk Możdżer","","ポモージェ県 グダニスク","( 1971-03-23 ) 1971年 3月23日 （50歳）, ポーランド, ポモージェ県 グダニスク","","ジャズ","音楽家、作曲家","ピアノ","","Outside Music","","","https://ja.wikipedia.org/wiki/レシェック・モジジェル","Category_ジャズ・ピアニスト","https://ja.wikipedia.org/wiki/Category:ジャズ・ピアニスト"
"マリオ・ラジーニャ"," マリオ・ラジーニャ  （ Mário Laginha 、 OIH 、 1960年 4月25日 - 、 リスボン 生まれ）は、ピアニストにして作曲家であり、今日最も有名な ポルトガル の ジャズ ・ミュージシャンの1人である。ポルトガルのジャズ歌手 マリア・ジョアン とのコラボレーションによって広く認められている。マリア・ジョアンとは、12枚以上のアルバムを録音し、世界中をツアーした。その他の知られたコラボレーション作品には、ベルナルド・サセッティやペドロ・ブルメスターとの連弾によるピアノ・セッションがある。","Mário João Laginha dos Santos","","ポルトガル リスボン","( 1960-04-25 ) 1960年 4月25日 （61歳）","","ジャズ 、 ラテンジャズ","ミュージシャン、作曲家","ピアノ","","","マリア・ジョアン","","https://ja.wikipedia.org/wiki/マリオ・ラジーニャ","Category_ジャズ・ピアニスト","https://ja.wikipedia.org/wiki/Category:ジャズ・ピアニスト"
"アキ・リッサネン"," アキ・リッサネン （ Aki Rissanen 、 1980年 2月29日 - ）  は、 フィンランド の ジャズ ・ ピアニスト 、 作曲家 。フィンランド東部、 クオピオ 出身。","","","  フィンランド 東スオミ州, 北サヴォ県 クオピオ","( 1980-02-29 ) 1980年 2月29日 （41歳）","","ジャズ","ピアニスト, 作曲家","ピアノ","","","","","https://ja.wikipedia.org/wiki/アキ・リッサネン","Category_ジャズ・ピアニスト","https://ja.wikipedia.org/wiki/Category:ジャズ・ピアニスト"
"ジャック・ルーシェ"," ジャック・ルーシェ （ Jacques Loussier , 1934年 10月26日 アンジェ - 2019年 3月5日   ）は、 フランス の ピアニスト 、 作曲家 。『 G線上のアリア 』、『 平均律クラヴィーア曲集 』、『 ゴルトベルク変奏曲 』をはじめとする J・S・バッハ 作品の ジャズ 演奏で知られる。","","","フランス 、 アンジェ","1934年 10月26日, フランス 、 アンジェ","( 2019-03-05 ) 2019年 3月5日 （84歳没）","ジャズ","","ピアノ","1959年 -","","","","https://ja.wikipedia.org/wiki/ジャック・ルーシェ","Category_ジャズ・ピアニスト","https://ja.wikipedia.org/wiki/Category:ジャズ・ピアニスト"
"ゴンサロ・ルバルカバ"," ゴンサロ・ルバルカバ  （ Gonzalo Rubalcaba 、 1963年 5月27日 - ）は、 キューバ 、 ハバナ 出身の ジャズ ・ピアニストで作曲家。 グラミー賞 受賞者  。","Gonzalo Julio Gonzalez Fonseca","","  キューバ ハバナ","( 1963-05-27 ) 1963年 5月27日 （58歳）","","ジャズ 、 ラテンジャズ 、 アフロ・キューバン・ジャズ","ミュージシャン、作曲家","ピアノ","1983年 -","ブルーノート・レコード","グルーポ・プロジェクト","","https://ja.wikipedia.org/wiki/ゴンサロ・ルバルカバ","Category_ジャズ・ピアニスト","https://ja.wikipedia.org/wiki/Category:ジャズ・ピアニスト"
"アール・ワイルド"," アール・ワイルド （ Earl Wild , 1915年 11月26日 - 2010年 1月23日 ）は アメリカ合衆国 の ピアニスト ・ 作曲家 。","","","アメリカ合衆国 ペンシルベニア州 ピッツバーグ","( 1915-11-26 ) 1915年 11月26日","( 2010-01-23 ) 2010年 1月23日 （94歳没）","クラシック音楽 ・ ジャズ","ピアニスト ・ 作曲家","ピアノ","","","","","https://ja.wikipedia.org/wiki/アール・ワイルド","Category_ジャズ・ピアニスト","https://ja.wikipedia.org/wiki/Category:ジャズ・ピアニスト"
"ピアニスト"," このカテゴリには下位カテゴリ 8 件が含まれており、そのうち以下の 8 件を表示しています。","","","","","","","","","","","","","https://ja.wikipedia.org/wiki/Category:ピアニスト","Category_ジャズ・ピアニスト","https://ja.wikipedia.org/wiki/Category:ジャズ・ピアニスト"
"ジャズ・ミュージシャン"," このカテゴリには下位カテゴリ 19 件が含まれており、そのうち以下の 19 件を表示しています。","","","","","","","","","","","","","https://ja.wikipedia.org/wiki/Category:ジャズ・ミュージシャン","Category_ジャズ・ピアニスト","https://ja.wikipedia.org/wiki/Category:ジャズ・ピアニスト"
