﻿"タイトル","コメント","出生名","別名","出身地","生誕","死没","ジャンル","職業","担当楽器","活動期間","レーベル","共同作業者","メンバー","URL","親リストタイトル","親リストURL"
"Pages_in_category","","","","","","","","","","","","","","","Category_Norwegian_female_jazz_singers","https://en.wikipedia.org/wiki/Category:Norwegian_female_jazz_singers"
"Julie Dahle Aagård"," Julie Dahle Aagård (born 30 December 1978 in Flatanger , Norway ) is a Norwegian Jazz musician (vocals). ","","","Norway","( 1978-12-30 ) 30 December 1978 (age 42), Flatanger , Nord-Trøndelag","","Jazz","Jazz singer, composer,, band leader","Vocals","","","Trondheim Voices, Subtonic, Julie Dahle Aagård Orchestra","","https://en.wikipedia.org/wiki/Julie_Dahle_Aagård","Category_Norwegian_female_jazz_singers","https://en.wikipedia.org/wiki/Category:Norwegian_female_jazz_singers"
"Frida Ånnevik"," Frida Ånnevik (born 18 June 1984 in Hamar, Norway ) is a Norwegian jazz singer and the daughter of folk singer Tor Karseth .","","","Hamar, Norway","( 1984-06-18 ) June 18, 1984 (age 37)","","Vocal jazz","","","","Grappa Music","","","https://en.wikipedia.org/wiki/Frida_Ånnevik","Category_Norwegian_female_jazz_singers","https://en.wikipedia.org/wiki/Category:Norwegian_female_jazz_singers"
"Hilde Louise Asbjørnsen"," Hilde Louise Asbjørnsen (born 3 June 1976 in Sykkylven , Norway) is a Norwegian jazz singer, songwriter, cabaret artist and songwriter, known from her own releases and appearances.","","","Norway","( 1976-06-03 ) 3 June 1976 (age 45), Sykkylven , Møre og Romsdal","","Jazz","Musician, comedian","Vocals","","","","","https://en.wikipedia.org/wiki/Hilde_Louise_Asbjørnsen","Category_Norwegian_female_jazz_singers","https://en.wikipedia.org/wiki/Category:Norwegian_female_jazz_singers"
"Kristin Asbjørnsen"," Kristin Asbjørnsen (born 12 May 1971) is a Norwegian jazz singer and composer whose focus is on improvised music . She is known for musical projects like Dadafon including with Carl Haakon Waadeland , Krøyt , Kvitretten , and Nymark Collective among others.  ","","","Norway","( 1971-05-12 ) 12 May 1971 (age 50), Lillehammer , Norway","","Jazz","Musician, composer,, band leader","Vocals","","","\"Kristin Asbjørnsen Ensamble\", Dadafon, Krøyt, Nymark Collective, \"Kvitretten»","","https://en.wikipedia.org/wiki/Kristin_Asbjørnsen","Category_Norwegian_female_jazz_singers","https://en.wikipedia.org/wiki/Category:Norwegian_female_jazz_singers"
"Tone Åse"," Tone Åse (born 24 February 1965 in Bergen , Norway ) is a Norwegian singer, known from Norwegian choirs and jazz scenes. She is married to, and musically cooperating with jazz keyboardist Ståle Storløkken .","","","Norway","( 1965-02-24 ) 24 February 1965 (age 56), Bergen , Norway","","Jazz","Musician, composer","Vocals","","Gigafon Records, Curling Legs","BOL, Kvitretten","","https://en.wikipedia.org/wiki/Tone_Åse","Category_Norwegian_female_jazz_singers","https://en.wikipedia.org/wiki/Category:Norwegian_female_jazz_singers"
"Tora Augestad"," Tora Karen Elisabeth Augestad (born 10 December 1979) is a Norwegian mezzosoprano , musical conductor and actor.   One of Norway's most established classical singers, she focuses on jazz, musical theater, contemporary music, and cabaret.  Her stage debut was the lead role in \" Annie \" in 1994, and won the Norwegian talent competition in 1993 at TV 2 .  Augestad has received Spellemannprisen (Norwegian Grammy Award) and other awards for her albums.  She is a frequent collaborator of Norwegian composer Marcus Paus .","Tora Karen Elisabeth Augestad","","Norway","( 1979-12-10 ) 10 December 1979 (age 41), Bergen , Norway","","Cabaret , classical music , jazz","Musician, conductor and actor","Vocals","","","Music for a While","","https://en.wikipedia.org/wiki/Tora_Augestad","Category_Norwegian_female_jazz_singers","https://en.wikipedia.org/wiki/Category:Norwegian_female_jazz_singers"
"Rebekka Bakken"," Rebekka Bakken (born April 4, 1970) is a Norwegian singer, songwriter and music producer who is often associated with jazz , although she refuses to characterise herself as a jazz musician.  Her voice reaches over three octaves .","","","Norway","( 1970-04-04 ) April 4, 1970 (age 51), Oslo , Norway","","Jazz , pop, folk , country , adult contemporary","Musician","Piano","","EmArcy , Universal","Wolfgang Muthspiel","","https://en.wikipedia.org/wiki/Rebekka_Bakken","Category_Norwegian_female_jazz_singers","https://en.wikipedia.org/wiki/Category:Norwegian_female_jazz_singers"
"Andrea Rydin Berge"," Andrea Rydin Berge (born 26 April 1984 in Oslo , Norway ) is a Norwegian jazz musician (vocals, piano and autoharp), composer and band leader, known from her own Andrea Kvintett .","","","Norway","( 1984-04-26 ) 26 April 1984 (age 37), Oslo","","Jazz","Musician, composer","Vocals, autoharp","","NorCD","Andrea Kvintett","","https://en.wikipedia.org/wiki/Andrea_Rydin_Berge","Category_Norwegian_female_jazz_singers","https://en.wikipedia.org/wiki/Category:Norwegian_female_jazz_singers"
"Christina Bjordal"," Christina Elisabeth Nesse Bjordal (born 25 September 1980 in Haugesund , Norway ) is a Norwegian Jazz singer. ","Christina Elisabeth Nesse Bjordal","","Norway","( 1980-09-25 ) 25 September 1980 (age 40), Haugesund , Rogaland , Norway","","Jazz","Musician, composer","Vocals","","Universal Music","Christina Bjordal Band","","https://en.wikipedia.org/wiki/Christina_Bjordal","Category_Norwegian_female_jazz_singers","https://en.wikipedia.org/wiki/Category:Norwegian_female_jazz_singers"
"Nora Brockstedt"," Nora Brockstedt (20 January 1923 – 5 November 2015) was a Norwegian singer.","","","Norway","( 1923-01-20 ) 20 January 1923, Oslo , Norway","5 November 2015 (2015-11-05) (aged 92), Oslo, Norway","","","","","","","","https://en.wikipedia.org/wiki/Nora_Brockstedt","Category_Norwegian_female_jazz_singers","https://en.wikipedia.org/wiki/Category:Norwegian_female_jazz_singers"
"Mari Kvien Brunvoll"," Mari Kvien Brunvoll (born 20 February 1984 in Molde , Norway ) is a Norwegian folk and jazz singer who has over the past few years attracted attention at festivals internationally with her solo concept, where the voice is complemented by small electronic and acoustic instruments in a sound inspired by jazz, pop and folk music.  She is the daughter of Lawyer Knut Anker Brunvoll (b. 1945) and jazz singer and pianist Inger Johanne Brunvoll (born Kvien in 1945), and the younger sister of songwriter, guitarist and vocalist Ane Brun (b. 1976) and photographer Bjørn Brunvoll (b. 1973). ","","","Norway","( 1984-02-20 ) 20 February 1984 (age 37), Molde , Møre og Romsdal","","Electronica , Jazz , Traditional folk music","","Vocals , percussions","","Jazzland Recordings","","","https://en.wikipedia.org/wiki/Mari_Kvien_Brunvoll","Category_Norwegian_female_jazz_singers","https://en.wikipedia.org/wiki/Category:Norwegian_female_jazz_singers"
"Emilie Stoesen Christensen"," Emilie Stoesen Christensen (born 1986 in Oslo , Norway) is a Norwegian jazz singer and actor, the daughter of Jazz drummer Jon Christensen (1943–2020) and actress Ellen Horn (b. Stoesen in 1951), and half sister of Theater director Kjersti Horn (b. 1977). She has lately been gaining recognition for her work with a number of Norwegian bands, including the «Oslo JazzNonett», and made her record debut with Jon Balke 's Batagraf album Say And Play (2011) at ECM Records . ","","","Norway","1986 (age 34–35), Oslo","","Jazz","Musician, actor","Vocals","","","","","https://en.wikipedia.org/wiki/Emilie_Stoesen_Christensen","Category_Norwegian_female_jazz_singers","https://en.wikipedia.org/wiki/Category:Norwegian_female_jazz_singers"
"Majken Christiansen"," Majken Christiansen (born 14 September 1967) is a Danish jazz vocalist, known from several releases and jazz standard performances. ","","","Denmark","( 1967-09-14 ) 14 September 1967 (age 53), Copenhagen, Denmark","","Jazz","Musician , composer","Vocal","","Hot Club Records","","","https://en.wikipedia.org/wiki/Majken_Christiansen","Category_Norwegian_female_jazz_singers","https://en.wikipedia.org/wiki/Category:Norwegian_female_jazz_singers"
"Laila Dalseth"," Laila Dalseth (born 6 November 1940) is a Norwegian jazz singer. She was formerly married to the jazz saxophonist Theodor \"Totti\" Bergh (1935–2012).  ","","","Norway","( 1940-11-06 ) 6 November 1940 (age 80), Bergen , Norway","","Vocal jazz","Singer","","","Gemini","","","https://en.wikipedia.org/wiki/Laila_Dalseth","Category_Norwegian_female_jazz_singers","https://en.wikipedia.org/wiki/Category:Norwegian_female_jazz_singers"
"Lisa Dillan"," Lisa Dillan (born 12 May 1969 ) is a Norwegian jazz vocalist.","","","Norway","( 1969-05-12 ) 12 May 1969 (age 52), Bodø , Norway","","Vocal jazz","Singer","","","Euridice","","","https://en.wikipedia.org/wiki/Lisa_Dillan","Category_Norwegian_female_jazz_singers","https://en.wikipedia.org/wiki/Category:Norwegian_female_jazz_singers"
"Sidsel Endresen"," Sidsel Endresen (born 19 June 1952) is a Norwegian singer, composer, and actress. She was part of the Jon Eberson group. Since 1987, Endresen has pursued a successful solo career, recording for ECM .      ","","","Norway","( 1952-06-19 ) 19 June 1952 (age 69), Norway","","Vocal","Singer","","1980s–present","ECM","Jon Eberson","","https://en.wikipedia.org/wiki/Sidsel_Endresen","Category_Norwegian_female_jazz_singers","https://en.wikipedia.org/wiki/Category:Norwegian_female_jazz_singers"
"Helén Eriksen"," Helén Eriksen (born 19 October 1971 in Dale , Norway ) is a Norwegian Jazz musician (saxophone and vocals), songwriter and music arranger. ","","","Norway","( 1971-10-19 ) 19 October 1971 (age 49), Dale , Vaksdal , Hordaland","","Jazz","Composer, jazz musician","Saxophone","","Blue Note, Curling Legs","","","https://en.wikipedia.org/wiki/Helén_Eriksen","Category_Norwegian_female_jazz_singers","https://en.wikipedia.org/wiki/Category:Norwegian_female_jazz_singers"
"Torun Eriksen"," Torun Eriksen (born 8 January 1977 in Lunde, Telemark ) is a Norwegian jazz singer,  whose musical talents first came to prominence as a music student at high school in Norway.","","","Norway","( 1977-01-08 ) January 8, 1977 (age 44), Lunde, Telemark , Norway","","Jazz , Norwegian music","Musician , composer","Vocals","","Jazzland","","","https://en.wikipedia.org/wiki/Torun_Eriksen","Category_Norwegian_female_jazz_singers","https://en.wikipedia.org/wiki/Category:Norwegian_female_jazz_singers"
"Simone Eriksrud"," Simone Eriksrud ( née   Larsen ; born 21 August 1970) is a Norwegian musician, singer and composer from Volda , and a member of D'Sound . She was earlier in her career known as Simone Larsen or just with the mononym Simone .","Simone Larsen","","Volda , Norway","( 1970-08-21 ) 21 August 1970 (age 50), Freiburg , Germany","","Jazz , soul","Musician, singer, composer","Vocals, guitar","","","D'Sound","","https://en.wikipedia.org/wiki/Simone_Eriksrud","Category_Norwegian_female_jazz_singers","https://en.wikipedia.org/wiki/Category:Norwegian_female_jazz_singers"
"Signe Førre"," Signe Elisabeth Lygre Førre (born 3 May 1994 in Voss, Norway ) is a Norwegian singer, upright bassist, and composer.","Signe Elisabeth Lygre Førre","","Norway","( 1994-05-03 ) 3 May 1994 (age 27), Voss , Hordaland , Norway","","Jazz","Singer, musician, composer","Vocals, upright bass","","","Signe Førre Band, Signe Førre Trio, Peace, Love and Swing","","https://en.wikipedia.org/wiki/Signe_Førre","Category_Norwegian_female_jazz_singers","https://en.wikipedia.org/wiki/Category:Norwegian_female_jazz_singers"
"Susanne Fuhr"," Susanne Fuhr (born 13 June 1953) is a Norwegian jazz vocalist, cabaret artist and actor, known from her own S.F. Band in the 1970s.  ","","","Oslo , Norway","( 1953-06-13 ) 13 June 1953 (age 68)","","Vocal jazz","Musician, composer","","","","","","https://en.wikipedia.org/wiki/Susanne_Fuhr","Category_Norwegian_female_jazz_singers","https://en.wikipedia.org/wiki/Category:Norwegian_female_jazz_singers"
"Siri Gellein"," Siri Beathe Gellein (born 1 October 1966 in Trondheim , Norway) is a Norwegian Musician (vocals) and journalist, known from several albums, bands and television programs. ","Siri Beathe Gellein","","Norway","( 1966-10-01 ) 1 October 1966 (age 54), Trondheim , Norway","","Jazz","Musician, composer","Vocals","","","","","https://en.wikipedia.org/wiki/Siri_Gellein","Category_Norwegian_female_jazz_singers","https://en.wikipedia.org/wiki/Category:Norwegian_female_jazz_singers"
"Anne-Marie Giørtz"," Anne-Marie Giørtz (born 19 March 1958)  is a Norwegian vocalist, orchestra conductor, singing teacher in the genre jazz , and married to the Norwegian guitarist Eivind Aarset . She has performed and recorded with various bands.  ","","","Sweden","( 1958-03-19 ) 19 March 1958 (age 63), Stockholm , Sweden","","Jazz","Musician, composer","Vocals, piano, trumpet, saxophone","","","","","https://en.wikipedia.org/wiki/Anne-Marie_Giørtz","Category_Norwegian_female_jazz_singers","https://en.wikipedia.org/wiki/Category:Norwegian_female_jazz_singers"
"Siri Gjære"," Siri Gjære (born 1 February 1972 in Trondheim , Norway) is a Norwegian jazz vocalist from Levanger , known for her collaborations with musicians like Tord Gustavsen , Stian Carstensen , Eirik Hegdal , Maria Kannegaard , Jarle Bernhoft , Eldbjørg Raknes , and Steinar Raknes . ","","","Norway","( 1972-02-01 ) 1 February 1972 (age 49), Trondheim , Sør-Trøndelag","","Jazz","Musician, composer","Vocals","","","Trondheim Jazz Orchestra","","https://en.wikipedia.org/wiki/Siri_Gjære","Category_Norwegian_female_jazz_singers","https://en.wikipedia.org/wiki/Category:Norwegian_female_jazz_singers"
"Inger Marie Gundersen"," Inger Marie Gundersen (born 13 February 1957) is a Jazz vocalist from Arendal .","","","Norway","( 1957-02-13 ) 13 February 1957 (age 64), Norway","","Jazz","Musician, composer","Vocal","1983–present","","","","https://en.wikipedia.org/wiki/Inger_Marie_Gundersen","Category_Norwegian_female_jazz_singers","https://en.wikipedia.org/wiki/Category:Norwegian_female_jazz_singers"
"Siril Malmedal Hauge"," Siril Malmedal Hauge (born 1992 in Langevåg ) is a Norwegian jazz singer and songwriter residing in Oslo, Norway .","","","Norway","1992 (age 28–29), Lillehammer , Norway","","Jazz","Musician, composer,, band leader","Vocals","","","\"Siril Malmedal Hauge Trio\", Nordic Circles","","https://en.wikipedia.org/wiki/Siril_Malmedal_Hauge","Category_Norwegian_female_jazz_singers","https://en.wikipedia.org/wiki/Category:Norwegian_female_jazz_singers"
"Hilde Hefte"," Hilde Hefte (born 1 September 1956 in Kristiansand, Norway ) is a Norwegian jazz singer . ","","","Norway","( 1956-09-01 ) 1 September 1956 (age 64), Kristiansand , Vest-Agder","","Jazz","Musician, composer","Vocals, piano","","Ponca Jazz Records","","","https://en.wikipedia.org/wiki/Hilde_Hefte","Category_Norwegian_female_jazz_singers","https://en.wikipedia.org/wiki/Category:Norwegian_female_jazz_singers"
"Ine Hoem"," Ine Kristine Hoem (born 19 December 1985 in Oslo , Norway) is a Norwegian jazz singer and the daughter of the author Edvard Hoem . She is also known as the lead singer of the genre band PELbO .  ","Ine Kristine Hoem","","Norway","( 1985-12-19 ) 19 December 1985 (age 35), Oslo , Norway","","Jazz","Musician, composer","Vocals, percussion","","","","","https://en.wikipedia.org/wiki/Ine_Hoem","Category_Norwegian_female_jazz_singers","https://en.wikipedia.org/wiki/Category:Norwegian_female_jazz_singers"
"Kirsti Huke"," Kirsti Huke (born March 6, 1977 in Melhus , Norway ) is a Norwegian singer, and composer. Huke was best recognized as the lead singer for Norwegian doom metal/experimental band The 3rd and the Mortal in the final line-up.","Kirsti Huke","","Sør-Trøndelag","( 1977-03-06 ) 6 March 1977 (age 44), Melhus , Sør-Trøndelag","","Jazz , experimental","Singer-songwriter","Vocals","1998 to present","","The 3rd and the Mortal , Goat the Head","","https://en.wikipedia.org/wiki/Kirsti_Huke","Category_Norwegian_female_jazz_singers","https://en.wikipedia.org/wiki/Category:Norwegian_female_jazz_singers"
"Angelina Jordan"," Angelina Jordan (born Angelina Jordan Astar; 10 January 2006) is a Norwegian singer whose audition for the 2014 season of Norway's Got Talent , singing \" Gloomy Sunday \" in the style of Billie Holiday , became a viral video online and brought her worldwide press coverage at the age of 8.   She went on to win the competition with her performance of George Gershwin 's \" Summertime \". Since then she has worked to raise millions of dollars on behalf of environmental causes and children's charities around the world. She always performs barefoot, after befriending a young shoeless girl. Jordan wrote a book about the experience and became the youngest published author in Norway.","Angelina Jordan Astar","","Norway","( 2006-01-10 ) 10 January 2006 (age 15), Oslo , Norway","","","Singer","Vocals, piano, guitar","2014–present","Republic Records","","","https://en.wikipedia.org/wiki/Angelina_Jordan","Category_Norwegian_female_jazz_singers","https://en.wikipedia.org/wiki/Category:Norwegian_female_jazz_singers"
"Hanne Kalleberg"," Hanne Kalleberg (born 1987 in Flekkefjord , Norway ) is a Norwegian Jazz singer and composer. ","","","Norway","1987 (age 33–34), Flekkefjord , Vest-Agder","","Jazz","Musician, composer","Vocals","","","","","https://en.wikipedia.org/wiki/Hanne_Kalleberg","Category_Norwegian_female_jazz_singers","https://en.wikipedia.org/wiki/Category:Norwegian_female_jazz_singers"
"Hilde Marie Kjersem"," Hilde Marie Kjersem , also known as Marie Munroe ,  (born 27 April 1981 in Ålesund , Norway ) is a Norwegian artist, musician and songwriter signed to Warner Music Norway. She started out as a jazz musician, but has had an organic and natural development towards the world of pop. In January 2016, Marie Munroe released her fourth solo album called Under My Skin. Munroe har been nominated for two Norwegian Grammy Awards ( Spellemannprisen  ), and has collaborated with some of Norway's most talented musicians - among them Sivert Høyem og Bernhoft . ","","Marie Munroe","Norway","( 1981-04-27 ) 27 April 1981 (age 40), Ålesund , Møre og Romsdal , Norway","","Pop","Singer","","","Warner Music Norway","","","https://en.wikipedia.org/wiki/Hilde_Marie_Kjersem","Category_Norwegian_female_jazz_singers","https://en.wikipedia.org/wiki/Category:Norwegian_female_jazz_singers"
"Karin Krog"," Karin Krog (born 15 May 1937) is a Norwegian jazz singer .","","","Norway","( 1937-05-15 ) 15 May 1937 (age 84), Oslo, Norway","","Vocal jazz","Singer, composer","","","Meantime","","","https://en.wikipedia.org/wiki/Karin_Krog","Category_Norwegian_female_jazz_singers","https://en.wikipedia.org/wiki/Category:Norwegian_female_jazz_singers"
"Anine Kruse"," Anine Susanne Kruse Skatrud (born 1 November 1977 in Oslo, Norway ) is a Norwegian musician and choral conductor ,  the daughter of Professor of Music Gro Shetelig and the composer Bjørn Kruse , sister of actress and singers Jannike and Benedikte Kruse , and married to trombonist and bandleader Even Skatrud Andersen .","Anine Susanne Kruse","","Norway","( 1977-11-01 ) 1 November 1977 (age 43), Oslo , Norway","","Jazz , musical, choral music","Singer, choral conductor","","","Grappa, Universal Music","Pitsj","","https://en.wikipedia.org/wiki/Anine_Kruse","Category_Norwegian_female_jazz_singers","https://en.wikipedia.org/wiki/Category:Norwegian_female_jazz_singers"
"Benedikte Shetelig Kruse"," Benedikte Shetelig Kruse (born 20 December 1979 in Oslo, Norway ) is a Norwegian singer and actor, daughter of Professor of music, Gro Shetelig Kruse, and the Composer Bjørn Kruse . She is the sister of actress and singers Jannike and Anine Kruse .","Kruse with Pitsj at Ingensteds 10 September 2016.","","Norway","( 1979-12-20 ) 20 December 1979 (age 41), Oslo","","Jazz , musical, choral music","Musician and actor","Vocals","","Grappa Music, Universal Music","Pitsj","","https://en.wikipedia.org/wiki/Benedikte_Shetelig_Kruse","Category_Norwegian_female_jazz_singers","https://en.wikipedia.org/wiki/Category:Norwegian_female_jazz_singers"
"Jannike Kruse"," Jannike Kruse Jåtog (born 16 June 1975) is a Norwegian singer, artist and actor. Daughter of Professor and composer Bjørn Howard Kruse  and Professor and author Gro Shetelig, sister of Anine and Benedikte Kruse known from the vocal group Pitsj , niece to Philip Antony Kruse and grand child of Colonel Erling Kruse, as well as teacher in music and piano Else Grieg Shetelig.","","","Norway","Jannike Kruse, ( 1975-06-16 ) 16 June 1975 (age 46), Oslo , Norway","","","","","","","","","https://en.wikipedia.org/wiki/Jannike_Kruse","Category_Norwegian_female_jazz_singers","https://en.wikipedia.org/wiki/Category:Norwegian_female_jazz_singers"
"Sinikka Langeland"," Sinikka Langeland (born 13 January 1961 in Grue , Norway) is a Norwegian traditional folk singer and musician ( kantele ), known for combining traditional music with elements of jazz.  ","Anne Sinikka Langeland","","Norway","( 1961-01-13 ) 13 January 1961 (age 60), Grue , Hedmark","","Traditional folk music ,, world music , jazz","Musician","Vocals, kantele","","ECM Records, Grappa Music","","","https://en.wikipedia.org/wiki/Sinikka_Langeland","Category_Norwegian_female_jazz_singers","https://en.wikipedia.org/wiki/Category:Norwegian_female_jazz_singers"
"Beate S. Lech"," Beate Slettevoll Lech (born 10 April 1974 in Volda , Møre og Romsdal , Norway) is a Norwegian jazz singer, composer and lyricist in modern jazz and related music, raised in Øvre Årdal , Sogn og Fjordane . She grew up in Volda , Møre og Romsdal as the daughter of the Polish jazz violinist Zdzislaw Lech, known from bands like \"Folk & Røvere\", Jon Eberson 's band Metropolitan (two albums and appearance at Moldejazz 1999), and Beady Belle with her husband jazz bassist Marius Reksjø , and has attracted attention in concerts internationally. ","Beate Slettevoll Lech","","Norway","( 1974-04-10 ) 10 April 1974 (age 47), Volda , Møre og Romsdal","","Jazz","Musician and composer","Vocals","","Kirkelig Kulturverksted, Jazzland","Beady Belle","","https://en.wikipedia.org/wiki/Beate_S._Lech","Category_Norwegian_female_jazz_singers","https://en.wikipedia.org/wiki/Category:Norwegian_female_jazz_singers"
"Tone Lise Moberg"," Tone Lise Moberg (born 1 April 1970 in Os, Hordaland , Norway) is a Norwegian singer and song teacher.","","","Norway","( 1971-04-01 ) 1 April 1971 (age 50), Os, Hordaland","","Jazz","Singer, musician, composer","Vocals","","NorCD","Tone Lise Moberg Band","","https://en.wikipedia.org/wiki/Tone_Lise_Moberg","Category_Norwegian_female_jazz_singers","https://en.wikipedia.org/wiki/Category:Norwegian_female_jazz_singers"
"Guro Skumsnes Moe"," Guro Skumsnes Moe (born 1983 in Hedemark , Norway) is a Norwegian Upright bass player, composer and singer. Dance, improvisation, rock, jazz and noise music, are all elements that are important to her expression.  ","","","Norway","1983 (age 37–38), Hedemark","","Jazz","Musician","Upright bass , vocals","","","","","https://en.wikipedia.org/wiki/Guro_Skumsnes_Moe","Category_Norwegian_female_jazz_singers","https://en.wikipedia.org/wiki/Category:Norwegian_female_jazz_singers"
"Silje Nergaard"," Silje Nergaard (born 19 June 1966) is a Norwegian jazz vocalist and songwriter.  She is one of the best-selling jazz artists on the official sales chart in Norway.  She became known worldwide after the release of the international bestseller Tell Me Where You're Going featuring Pat Metheny on guitar.","","","Norway","( 1966-06-19 ) 19 June 1966 (age 55), Steinkjer , Nord-Trøndelag , Norway","","Jazz , pop","Singer, songwriter","","","EmArcy","","","https://en.wikipedia.org/wiki/Silje_Nergaard","Category_Norwegian_female_jazz_singers","https://en.wikipedia.org/wiki/Category:Norwegian_female_jazz_singers"
"Lena Nymark"," Lena Nymark (born 6 November 1980 in Ålesund , Norway ) is a Norwegian jazz singer and music teacher raised on the island Sula , south of Ålesund. She was educated at the Norwegian Academy of Music . In addition to vocals, she plays saxophone, clarinet, flute and electronics. ","","","Norway","( 1980-11-06 ) 6 November 1980 (age 40), Ålesund , Møre og Romsdal","","Jazz","Musician and composer","Vocals, saxophone, clarinet , flute, electronics","","Grappa Music","","","https://en.wikipedia.org/wiki/Lena_Nymark","Category_Norwegian_female_jazz_singers","https://en.wikipedia.org/wiki/Category:Norwegian_female_jazz_singers"
"Eldbjørg Raknes"," Eldbjørg Raknes (born 9 February 1970 in Midsund , Norway) is a Norwegian jazz vocalist known for her a cappella vocal performances, innovative improvised vocals and electronic effects. She has collaborated with musicians such as Jon Balke , Anders Jormin , Bendik Hofseth , Christian Wallumrød , Arve Henriksen , Ketil Bjørnstad , and Ståle Storløkken .  She is the sister of the bassist Steinar Raknes .   ","","","Norway","( 1970-02-09 ) 9 February 1970 (age 51), Midsund , Møre og Romsdal , Norway","","Jazz","Musician, composer","Vocals, piano","","My Recordings","","","https://en.wikipedia.org/wiki/Eldbjørg_Raknes","Category_Norwegian_female_jazz_singers","https://en.wikipedia.org/wiki/Category:Norwegian_female_jazz_singers"
"Ane Carmen Roggen"," Ane Carmen Stuve Roggen (born 16 September 197) is a Norwegian singer, conductor, arranger, and journalist. She is the younger sister of jazz singer Live Maria Roggen and the twin sister of jazz singer Ida Roggen .","Ane Carmen Stuve Roggen","","Norway","( 1978-09-16 ) 16 September 1978 (age 42), Oslo , Norway","","Vocal jazz","Vocalist, conductor, arranger","Vocals","","","Pitsj","","https://en.wikipedia.org/wiki/Ane_Carmen_Roggen","Category_Norwegian_female_jazz_singers","https://en.wikipedia.org/wiki/Category:Norwegian_female_jazz_singers"
"Ida Roggen"," Ida Rannveig Stuve Roggen (born 16 September 1978 in Oslo , Norway) is a Norwegian jazz singer, information officer, and literary scholar,  and is the younger sister of jazz singer Live Maria Roggen and twin sister of Soprano Ane Carmen Roggen .","Ida Rannveig Stuve Roggen","","Norway","( 1978-09-16 ) 16 September 1978 (age 42), Oslo","","Jazz","Jazz singer, conductor, editor, journalist, and literary scholar","Vocals","","","Pitsj","","https://en.wikipedia.org/wiki/Ida_Roggen","Category_Norwegian_female_jazz_singers","https://en.wikipedia.org/wiki/Category:Norwegian_female_jazz_singers"
"Live Maria Roggen"," Live Maria Roggen (born 22 March 1970) is a Norwegian jazz singer, songwriter and composer.","","","Norway","( 1970-03-22 ) 22 March 1970 (age 51), Oslo","","Jazz","Jazz singer, songwriter, composer","Violin , vocals","","","Come Shine, Tu'Ba","","https://en.wikipedia.org/wiki/Live_Maria_Roggen","Category_Norwegian_female_jazz_singers","https://en.wikipedia.org/wiki/Category:Norwegian_female_jazz_singers"
"Elin Rosseland"," Elin Rosseland (born 5 April 1959 in Norway) is a singer, bandleader, and composer who studied at the Norwegian Academy of Music and is known from collaborations with Vigleik Storaas , Johannes Eick , Sidsel Endresen , Eldbjørg Raknes , Christian Wallumrød , and Johannes Eick .  ","","","Norway","( 1959-04-05 ) 5 April 1959 (age 62), Norway","","Jazz","Musician, composer","Vocals","","Inner Ear, NorCD, Odin Records","","","https://en.wikipedia.org/wiki/Elin_Rosseland","Category_Norwegian_female_jazz_singers","https://en.wikipedia.org/wiki/Category:Norwegian_female_jazz_singers"
"Marita Røstad"," Marita Røstad (born 5 November 1978 in Gjøvik , Norway )  is a Norwegian singer-songwriter and jazz vocalist from Aust-Torpa, known as a band leader and for her well-received solo album. ","","","Norway","( 1978-11-05 ) 5 November 1978 (age 42), Gjøvik , Oppland","","Jazz","Musician, composer","Vocals, piano","","","","","https://en.wikipedia.org/wiki/Marita_Røstad","Category_Norwegian_female_jazz_singers","https://en.wikipedia.org/wiki/Category:Norwegian_female_jazz_singers"
"Natalie Sandtorv"," Natalie Sandtorv (born 17 August 1988) is a Norwegian jazz musician (vocals, waterphone, harmonium, electronics) married July 29, 2016, to drummer Ole Mofjell , residing in Copenhagen, Denmark .","Natalie Sandtorv","","Norway Hungary","( 1988-08-17 ) 17 August 1988 (age 32), Ålesund , Sunnmøre","","Jazz","Musician, composer","Vocals, waterphone, harmonium, elektronics","","","Morning Has Occurred, The Jist, Not On The Guest List!, Pieces Of Solitude","","https://en.wikipedia.org/wiki/Natalie_Sandtorv","Category_Norwegian_female_jazz_singers","https://en.wikipedia.org/wiki/Category:Norwegian_female_jazz_singers"
"Marit Sandvik"," Marit Sandvik (born 19 July 1956 in Harstad , Norway) is a Norwegian jazz singer. Her husband is guitarist Øystein Norvoll and their daughter is the artist Dagny Norvoll Sandvik .","","","Norway","( 1956-07-19 ) 19 July 1956 (age 64), Harstad , Troms , Norway","","Jazz","Singer","Vocals","","","","","https://en.wikipedia.org/wiki/Marit_Sandvik","Category_Norwegian_female_jazz_singers","https://en.wikipedia.org/wiki/Category:Norwegian_female_jazz_singers"
"Gunhild Seim"," Gunhild Seim (born 4 June 1973 in Gjøvik , Norway) is a Norwegian jazz musician (trumpet) and composer. ","","","Norway","( 1973-06-04 ) 4 June 1973 (age 48), Gjøvik , Oppland","","Jazz","Musician","Trumpet, percussion, vocals","","Drollehala Records, Mudi Records, Master Records","Kitchen Orchestra, Time Jungle","","https://en.wikipedia.org/wiki/Gunhild_Seim","Category_Norwegian_female_jazz_singers","https://en.wikipedia.org/wiki/Category:Norwegian_female_jazz_singers"
"Heidi Skjerve"," Heidi Skjerve (born 24 July 1979 in Rennebu , Norway ) is a Norwegian jazz musician (singer) and composer.","","","Norway","( 1979-07-24 ) 24 July 1979 (age 41), Rennebu , Sør-Trøndelag","","Jazz","Musician and composer","Vocals","","","","","https://en.wikipedia.org/wiki/Heidi_Skjerve","Category_Norwegian_female_jazz_singers","https://en.wikipedia.org/wiki/Category:Norwegian_female_jazz_singers"
"Anja Eline Skybakmoen"," Anja Eline Skybakmoen (born 17 October 1984 in Trondheim , Norway ) is a Norwegian jazz singer, composer and band leader, the younger sister of guitarist Jonas Skybakmoen , and married 31 July 2014, to the guitarist David Aleksander Sjølie . ","","","Norway","( 1984-10-17 ) 17 October 1984 (age 36), Trondheim , Sør-Trøndelag","","Jazz","Jazz singer, composer and band leader","Vocals","","","Pitsj, «Eplemøya Songlag», «Aphrodisiac», Anja Eline Skybakmoen Band","","https://en.wikipedia.org/wiki/Anja_Eline_Skybakmoen","Category_Norwegian_female_jazz_singers","https://en.wikipedia.org/wiki/Category:Norwegian_female_jazz_singers"
"Solveig Slettahjell"," Solveig Slettahjell (born 2 April 1971 in Bærum, Norway)  is a Norwegian jazz singer, known for her soulful, seductive voice. ","","","Norway","( 1971-04-02 ) 2 April 1971 (age 50), Bærum , Akershus","","Jazz","Musician, composer","Vocals","","Curling Legs , ACT, Universal","Slow Motion Quintet, Slow Motion Orchestra, Morten Qvenild , Tord Gustavsen , Sjur Miljeteig , Jon Balke , Kvitretten","","https://en.wikipedia.org/wiki/Solveig_Slettahjell","Category_Norwegian_female_jazz_singers","https://en.wikipedia.org/wiki/Category:Norwegian_female_jazz_singers"
"Liv Stoveland"," Liv Gudrun Stoveland Woie (born 12 March 1965 in Lillesand, Norway ) is a Norwegian soprano and singing teacher.","Liv Gudrun Stoveland","","Norway","( 1965-03-12 ) 12 March 1965 (age 56), Lillesand , Aust-Agder","","Soprano , jazz","Musician, music teacher","Vocals","","Ponca Jazz Records","","","https://en.wikipedia.org/wiki/Liv_Stoveland","Category_Norwegian_female_jazz_singers","https://en.wikipedia.org/wiki/Category:Norwegian_female_jazz_singers"
"Kjersti Stubø"," Kjersti Aasan Stubø (born 25 April 1970) is a Norwegian Jazz musician vocalist, daughter and musical successor of Jazz guitarist Thorgeir Stubø (1943-1986), mother of elektronica musician Mathias Stubø (b. 1992), and sister of Jazz guitarist Håvard and theatre director Eirik Stubø .  ","Kjersti Aasan Stubø","","Norway","( 1970-04-25 ) 25 April 1970 (age 51), Narvik , Northern Norway","","Jazz","Musician, composer","Vocals","","Blue Jersey, Bolage, Grappa Music","Oofotr, Kjersti Stubø Quartet","","https://en.wikipedia.org/wiki/Kjersti_Stubø","Category_Norwegian_female_jazz_singers","https://en.wikipedia.org/wiki/Category:Norwegian_female_jazz_singers"
"Rohey Taalah"," Rohey Taalah (born 1993 in Oslo, Norway ) is a Norwegian soul and jazz singer.","","","Norway","1993 (age 27–28), Oslo, Norway","","Jazz","Singer","Vocals","","Jazzland Recordings","Rohey","","https://en.wikipedia.org/wiki/Rohey_Taalah","Category_Norwegian_female_jazz_singers","https://en.wikipedia.org/wiki/Category:Norwegian_female_jazz_singers"
"Radka Toneff"," Ellen Radka Toneff (25 June 1952 – 21 October 1982) was a Norwegian jazz singer, daughter of the Bulgarian folk singer, pilot and radio technician Toni Toneff ,  she was born in Oslo and grew up in Lambertseter and Kolbotn .  She is still considered one of Norway's greatest jazz singers. ","Ellen Radka Toneff","","Norway","( 1952-06-25 ) 25 June 1952, Oslo , Norway","21 October 1982 (1982-10-21) (aged 30), Oslo, Norway","Jazz","Musician, composer","Vocals","","","","","https://en.wikipedia.org/wiki/Radka_Toneff","Category_Norwegian_female_jazz_singers","https://en.wikipedia.org/wiki/Category:Norwegian_female_jazz_singers"
"Magni Wentzel"," Magni Wentzel (born 28 June 1945 in Oslo , Norway ) is a Norwegian jazz musician (vocals and guitar), the daughter of musicians Odd Wentzel-Larsen and Åse Wentzel , and known for a number of jazz recordings.  ","","","Norway","( 1945-06-28 ) 28 June 1945 (age 76), Oslo , Norway","","Jazz","Musician, composer","Vocals, guitar","","","","","https://en.wikipedia.org/wiki/Magni_Wentzel","Category_Norwegian_female_jazz_singers","https://en.wikipedia.org/wiki/Category:Norwegian_female_jazz_singers"
"Norwegian female singers"," This category has the following 6 subcategories, out of 6 total.","","","","","","","","","","","","","https://en.wikipedia.org/wiki/Category:Norwegian_female_singers","Category_Norwegian_female_jazz_singers","https://en.wikipedia.org/wiki/Category:Norwegian_female_jazz_singers"
"Norwegian jazz singers"," This category has only the following subcategory.","","","","","","","","","","","","","https://en.wikipedia.org/wiki/Category:Norwegian_jazz_singers","Category_Norwegian_female_jazz_singers","https://en.wikipedia.org/wiki/Category:Norwegian_female_jazz_singers"
"Female jazz singers"," This category has the following 7 subcategories, out of 7 total.","","","","","","","","","","","","","https://en.wikipedia.org/wiki/Category:Female_jazz_singers","Category_Norwegian_female_jazz_singers","https://en.wikipedia.org/wiki/Category:Norwegian_female_jazz_singers"
