﻿"タイトル","コメント","出生名","別名","出身地","生誕","死没","ジャンル","職業","担当楽器","活動期間","レーベル","共同作業者","メンバー","URL","親リストタイトル","親リストURL"
"カテゴリツリー","","","","","","","","","","","","","","","Category_日本の歌手","https://ja.wikipedia.org/wiki/Category:日本の歌手"
"日本歌手協会"," 一般社団法人 日本歌手協会 （にっぽんかしゅきょうかい）は、 日本 で活動する 歌手 が会員となっている 業界団体 。","","","","","","","","","","","","","https://ja.wikipedia.org/wiki/日本歌手協会","Category_日本の歌手","https://ja.wikipedia.org/wiki/Category:日本の歌手"
"演歌師"," 演歌師 （えんかし）は、 明治 末期ないし 大正 から 昭和 にかけての 日本 において、 演歌 を歌うことを職業とした芸人   。","","","","","","","","","","","","","https://ja.wikipedia.org/wiki/演歌師","Category_日本の歌手","https://ja.wikipedia.org/wiki/Category:日本の歌手"
"Web版TVスター名鑑"," Web版TVスター名鑑 （ウェブばんテレビスターめいかん）は、 日本 のテレビ出演者についての日本の データベース サイトである。2014年9月30日にサービス終了した。","","","","","","","","","","","","","https://ja.wikipedia.org/wiki/Web版TVスター名鑑","Category_日本の歌手","https://ja.wikipedia.org/wiki/Category:日本の歌手"
"うぐいす芸者歌手"," 鶯芸者歌手 （うぐいすげいしゃかしゅ）とは、 昭和戦前期 から 戦後 にかけて活躍した 流行歌 を歌う 芸者 兼 歌手 、または芸者出身の歌手のこと。","","","","","","","","","","","","","https://ja.wikipedia.org/wiki/うぐいす芸者歌手","Category_日本の歌手","https://ja.wikipedia.org/wiki/Category:日本の歌手"
"小室ファミリー"," この記事には 複数の問題があります 。 改善 や ノートページ での議論にご協力ください。","","","","","","","","","","","","","https://ja.wikipedia.org/wiki/小室ファミリー","Category_日本の歌手","https://ja.wikipedia.org/wiki/Category:日本の歌手"
"伊藤アイコ"," 伊藤 アイコ （いとう アイコ、 1949年 5月10日 - ）は、 日本 の歌手  。 ティーンエイジャー だった 1960年代 に、カバー・ポップスなどを吹き込んだ。","","","","","","","","","","","","","https://ja.wikipedia.org/wiki/伊藤アイコ","Category_日本の歌手","https://ja.wikipedia.org/wiki/Category:日本の歌手"
"薄倉里奈"," 薄倉 里奈 （うすくら りな、 2004年 9月27日 - ）は、日本の元 歌手 、 女優 、 モデル 。 miracle² の元メンバー。姉は、元 プリズム☆メイツ の薄倉奈津。 インキュベーション 所属。","","","日本 ・ 千葉県","2004年 9月27日","","","","","","","","","https://ja.wikipedia.org/wiki/薄倉里奈","Category_日本の歌手","https://ja.wikipedia.org/wiki/Category:日本の歌手"
"内山千早"," 内山 千早 （うちやま ちはや、 1960年 10月22日  - ）は、RABサービス社員で、 日本 のパフォーマー・ ラジオパーソナリティ ・ タレント ・ 歌手 。 青森県 青森市 出身。通常は「 うっちゃん 」の名義で活動しているが、「 うっちゃん（内山千早） 」と表記される場合もある（テレビ番組『 うっちゃんの「いぎあだりばったり」 』放送内テロップ・ ラジオ番組『うっちゃん・まりちゃんのeサイクル』公式ウェブサイト ）。","","","","","","","","","","","","","https://ja.wikipedia.org/wiki/内山千早","Category_日本の歌手","https://ja.wikipedia.org/wiki/Category:日本の歌手"
"宇都宮安重"," 宇都宮 安重 （うつのみや やすしげ、 1930年 11月3日 - 2005年 6月24日 ）は、 日本 の 作曲家 、 編曲家 である。","","","日本 長野県 南佐久郡","( 1930-11-03 ) 1930年 11月3日","( 2005-06-24 ) 2005年 6月24日 （74歳没）","劇伴 、 映画音楽","作曲家, 編曲家","","","","","","https://ja.wikipedia.org/wiki/宇都宮安重","Category_日本の歌手","https://ja.wikipedia.org/wiki/Category:日本の歌手"
"馬道まさたか"," 馬道 まさたか （うまみち まさたか、 1993年 2月1日 - ）  は、 日本 の ギタリスト ・ 作曲家 ・ 作詞家 。","","","・ 滋賀県 湖南市","( 1993-02-01 ) 1993年 2月1日 （28歳）","","J-POP, インストゥルメンタル, オルタナティブ","ギタリスト","","2008年 -","ソニー・ミュージックダイレクト","","","https://ja.wikipedia.org/wiki/馬道まさたか","Category_日本の歌手","https://ja.wikipedia.org/wiki/Category:日本の歌手"
"UME。"," UME。 （うめ、 1984年 5月4日 - ）は日本の 歌手 である。 福島県 二本松市 出身。","","","","","","","","","","","","","https://ja.wikipedia.org/wiki/UME。","Category_日本の歌手","https://ja.wikipedia.org/wiki/Category:日本の歌手"
"A.mia"," a.mia （エイミア）（ 1978年 - ）は 横浜市 出身の リズム・アンド・ブルース 歌手 である。 神奈川県立金井高等学校 卒業。2002年 ユニバーサルJ よりデビュー。現在は Little Hippies というバンドで活動している。","","","","","","","","","","","","","https://ja.wikipedia.org/wiki/A.mia","Category_日本の歌手","https://ja.wikipedia.org/wiki/Category:日本の歌手"
"ENu"," eNu （えぬ、 4月19日 - ）は、 日本 で活動する 作詞家 、 ボーカリスト 。 東京都 出身。有限会社ベリーグー所属  。","","","日本 ・ 東京都","","","J-POP, アニメソング","作詞家, ボーカリスト","","","","(K)NoW_NAME","","https://ja.wikipedia.org/wiki/ENu","Category_日本の歌手","https://ja.wikipedia.org/wiki/Category:日本の歌手"
"恵畑ゆう"," 恵畑 ゆう （えばた ゆう、本名：恵畑 悠、 1979年 5月10日 - ）は、日本の ダンサー 、 俳優 、 歌手 。元 東宝芸能 所属  。 鹿児島県 鹿児島市 。身長167cm、血液型は O型  。","恵畑 悠","","","( 1979-05-10 ) 1979年 5月10日 （42歳）","","ジュニア向けテレビ番組","歌手 / タレント","","2002年 -","","","","https://ja.wikipedia.org/wiki/恵畑ゆう","Category_日本の歌手","https://ja.wikipedia.org/wiki/Category:日本の歌手"
"Eri"," eri （えり、 1983年 2月11日 - ）は、 ニューヨーク 生まれ、 東京 育ちの ミュージシャン 、chico、mother、VTOPIAの デザイナー 。ビンテージショップDEPTのオーナー兼バイヤー。 血液型O型。","","","","","","","","","","","","","https://ja.wikipedia.org/wiki/Eri","Category_日本の歌手","https://ja.wikipedia.org/wiki/Category:日本の歌手"
"ELIKA"," elika （ えりか 、 1970年 2月22日 -）は、 日本 の 歌手 、 ラジオパーソナリティ である。","島影 江里香","ELiKA, ELIKA, Elika","日本 岐阜県 土岐市","( 1970-02-22 ) 1970年 2月22日 （51歳）","","J-POP, アニメソング","歌手, 作詞家","","1989年 - 1999年","APOLLON, クリスマスレコード","","","https://ja.wikipedia.org/wiki/ELIKA","Category_日本の歌手","https://ja.wikipedia.org/wiki/Category:日本の歌手"
"ERYCA"," この記事には 複数の問題があります 。 改善 や ノートページ での議論にご協力ください。","和賀 恵里香","","岩手県奥州市","( 1981-08-11 ) 1981年 8月11日 （39歳）","","ジャズ・ソウル・R&B・ブルース・クラシック・アンビエント","ミュージシャン","サックス","","","","","https://ja.wikipedia.org/wiki/ERYCA","Category_日本の歌手","https://ja.wikipedia.org/wiki/Category:日本の歌手"
"太田とも子"," この記事には 複数の問題があります 。 改善 や ノートページ での議論にご協力ください。","","","","","","","","","","","","","https://ja.wikipedia.org/wiki/太田とも子","Category_日本の歌手","https://ja.wikipedia.org/wiki/Category:日本の歌手"
"大西亜里"," 大西 亜里 （おおにし あり、 1970年 10月15日 - ）は 神奈川県 出身の シンガーソングライター である。","","","","","","","","","","","","","https://ja.wikipedia.org/wiki/大西亜里","Category_日本の歌手","https://ja.wikipedia.org/wiki/Category:日本の歌手"
"風間瞬"," 風間 瞬 （かざま しゅん、 1969年 〈昭和44年〉 9月27日 -）は、 日本 の プロデューサー 、 シンガー 、 イラストレーター 。愛称「カザシュン」。血液型は O型 。 新潟県 長岡市 出身。","","","日本, 新潟県 長岡市,","( 1969-09-27 ) 1969年 9月27日 （51歳）,","","J-POP,","プロデューサー, ボーカリスト,","","","","Cattleman, 田口徹, 杖村紳吾,","","https://ja.wikipedia.org/wiki/風間瞬","Category_日本の歌手","https://ja.wikipedia.org/wiki/Category:日本の歌手"
"カノン (歌手)"," カノン （ 1980年 3月9日 - ）は、 東京都 出身の女性 歌手 。 血液型 O型。 Sony Music Japan International 所属。クラシックとポップスを融合した「 クラシカル・クロスオーバー 」アーティスト。","","","日本 東京都","( 1980-03-09 ) 1980年 3月9日 （41歳）","","クラシカル・クロスオーバー","","","","Sony Music Japan International","","","https://ja.wikipedia.org/wiki/カノン_(歌手)","Category_日本の歌手","https://ja.wikipedia.org/wiki/Category:日本の歌手"
"花譜"," 花譜 （かふ）は、 日本 の 歌手 、バーチャルシンガー。 KAMITSUBAKI STUDIO 所属。","","","","","","音楽","歌手 、バーチャルシンガー","","2018年 10月18日 -","","","","https://ja.wikipedia.org/wiki/花譜","Category_日本の歌手","https://ja.wikipedia.org/wiki/Category:日本の歌手"
"上村真路"," 上村 真路 （かみむら まさみち、 1989年 11月2日 - ）は、 日本 の 俳優 、 歌手 。 千葉県 市川市 出身。血液型A型。身長171cm。体重61kg。エンターテイメント集団『 HIROZ 』の元メンバーであり、現在はアイドルユニット『 JEWELRY 』のリーダーとして活動中。担当カラーは赤。","上村 真路","","","( 1989-11-02 ) 1989年 11月2日 （31歳）","","映画 ・ テレビドラマ ・ J-POP","俳優、歌手","","2010年 -","","","","https://ja.wikipedia.org/wiki/上村真路","Category_日本の歌手","https://ja.wikipedia.org/wiki/Category:日本の歌手"
"Kamin"," Kamin （カミン、 1999年 1月19日  - ）は、 日本 の 歌手 。レーベルは ソニー・ミュージックレコーズ 。","","","日本","( 1999-01-19 ) 1999年 1月19日 （22歳）","","J-POP","歌手","","2019年 -","ソニー・ミュージックレコーズ","","","https://ja.wikipedia.org/wiki/Kamin","Category_日本の歌手","https://ja.wikipedia.org/wiki/Category:日本の歌手"
"Kaya (歌手)"," Kaya （かや、 7月17日 - ）は、 日本 の ヴィジュアル系 ソロシンガー、 シャンソン 歌手、 作詞家 、 プロデューサー 。ヴィジュアル系バンド Femme Fatale （ファム ファタール、2014 - 2016）についても本項にて扱う。","","迦夜、かや","日本 徳島県 鳴門市","7月17日","","シャンソン, 電子音楽 , ポップ・ロック , ゴシック・ロック ","歌手 、 作詞家 、 プロデューサー","歌","2006年 - 現在（ソロとして）","自主レーベル（2006年 - 2007年 ）, ネクスト メディア コミュニケーションズ（ 2008年 ）, トロイメライ（ 2009年 - 現在）","","","https://ja.wikipedia.org/wiki/Kaya_(歌手)","Category_日本の歌手","https://ja.wikipedia.org/wiki/Category:日本の歌手"
"かわむらはるな"," かわむら はるな ( 7月10日 - ) は、 日本 の フリーアナウンサー 、 歌手 、 タレント 、 北海道唯一の歌のお姉さん 、 コスメコンシェルジュ 。 北海道 札幌市 出身。","川村美奈","","日本 北海道 札幌市","7月10日（納豆の日）","","","","","2008年 -","","","","https://ja.wikipedia.org/wiki/かわむらはるな","Category_日本の歌手","https://ja.wikipedia.org/wiki/Category:日本の歌手"
"カンアキトシ"," カン アキトシ は、 日本 の女性 歌手 ・ ボイストレーナー ・アーティスト・ ソムリエ である。","","","","","","","","","","","","","https://ja.wikipedia.org/wiki/カンアキトシ","Category_日本の歌手","https://ja.wikipedia.org/wiki/Category:日本の歌手"
"KaNNa"," KaNNa （かんな、 1977年 6月10日 - ）は、 日本 の元 女性 歌手 、元 女優 、元 声優 。本名は高橋 美代子（たかはし みよこ）。 福岡県 宗像市 生まれ。 血液型 ： B型 。 サンミュージックブレーン に所属していた。音楽学校： Sound Pure 出身。 堀越高等学校 卒業。","","","","","","","","","","","","","https://ja.wikipedia.org/wiki/KaNNa","Category_日本の歌手","https://ja.wikipedia.org/wiki/Category:日本の歌手"
"KangNam"," KangNam （カンナム、本名: 滑川康男 （なめかわ やすお）  、 1987年 3月23日 - ）は、 東京都 江戸川区 出身の 歌手 ・ タレント 。","滑川康男 (なめかわ やすお)","ヤスオ, やっちゃん","江戸川区","( 1987-03-23 ) 1987年 3月23日 （34歳）","","","","","","","","","https://ja.wikipedia.org/wiki/KangNam","Category_日本の歌手","https://ja.wikipedia.org/wiki/Category:日本の歌手"
"岸川美好"," 岸川 美好 （きしかわ みよし、 1948年 2月7日 ‐ ）は 日本 の 演歌歌手 。","村田 美好","","日本 ・ 山口県 宇部市","( 1948-02-07 ) 1948年 2月7日 （73歳）","","演歌","演歌歌手","","2000年 -","キングレコード, リアルミュージックファクトリー","市川昭介","","https://ja.wikipedia.org/wiki/岸川美好","Category_日本の歌手","https://ja.wikipedia.org/wiki/Category:日本の歌手"
"木立じゅん"," 木立 じゅん （きだち-、 1946年 7月9日 - ）は、日本の 歌手 である。ヒット曲『 484のブルース 』（ 1968年 ）で知られる。","","","日本","( 1946-07-09 ) 1946年 7月9日 （74歳）","","歌謡曲 任侠もの","歌手","","1968年 -","テイチクレコード","平田満, 野崎眞一, 内田良平","","https://ja.wikipedia.org/wiki/木立じゅん","Category_日本の歌手","https://ja.wikipedia.org/wiki/Category:日本の歌手"
"君島樹"," 君島 樹 （きみしま いつき、3月31日生）は、 日本 の ラジオパーソナリティ 、 ナレーター 、 MC 、 コスプレイヤー 、 歌手 、 声優 である。 血液型 はB型、身長150cm、体重38kg、 東京都 出身。","君島 樹","","","3月31日","","","ラジオパーソナリティ 、 ナレーター 、 MC 、 コスプレイヤー 、 歌手 、 声優","","","","","","https://ja.wikipedia.org/wiki/君島樹","Category_日本の歌手","https://ja.wikipedia.org/wiki/Category:日本の歌手"
"Kimihiro"," Kimihiro （キミヒロ、 2月3日 - ）は 静岡 在住のアーティスト。","","","","","","","","","","","","","https://ja.wikipedia.org/wiki/Kimihiro","Category_日本の歌手","https://ja.wikipedia.org/wiki/Category:日本の歌手"
"木村友衛"," 木村 友衛 （きむら ともえ）は、 浪曲 の 名跡 である。","","","","","","","","","","","","","https://ja.wikipedia.org/wiki/木村友衛","Category_日本の歌手","https://ja.wikipedia.org/wiki/Category:日本の歌手"
"清心"," 清心 （きよみ、 1980年 9月4日 - ）は 岩手県 北上市 出身の マンドリン シンガー である。2004年 キングレコード よりデビュー。2006年 徳間ジャパンコミュニケーションズ に移籍。 本名・高橋清心。 血液型 はB型。岩手県立黒沢尻南高等学校（現・ 岩手県立北上翔南高等学校 ）中退。同じ北上出身のボーカリスト 佐々木由香利 は中学生時代の後輩である。楽曲を提供しているライブサポートメンバーに東京で活動しているピアノ弾き語り・シンガーソングライター 大石由梨香 がいる。希望郷いわて文化大使。2013年に結婚し、一児の母でもある。","","","","","","","","","","","","","https://ja.wikipedia.org/wiki/清心","Category_日本の歌手","https://ja.wikipedia.org/wiki/Category:日本の歌手"
"錦城薫"," 錦城 薫 （きんじょう かおる）は、日本の シンガーソングライター 。 沖縄県 出身。所属レコード会社は NECアベニュー 。","","","沖縄県","","","ニュー・ウェイヴ","ミュージシャン, 歌手, 俳優","","1988年 - 1990年","NECアベニュー","","","https://ja.wikipedia.org/wiki/錦城薫","Category_日本の歌手","https://ja.wikipedia.org/wiki/Category:日本の歌手"
"KINYA (タレント)"," KINYA （きんや、 1949年 9月6日 - ）は、 日本 の マルチタレント 。","","","","","","","","","","","","","https://ja.wikipedia.org/wiki/KINYA_(タレント)","Category_日本の歌手","https://ja.wikipedia.org/wiki/Category:日本の歌手"
"COO (歌手)"," COO （クー、 4月13日 生）は、 日本 の 歌手 である。","","","","","","","","","","","","","https://ja.wikipedia.org/wiki/COO_(歌手)","Category_日本の歌手","https://ja.wikipedia.org/wiki/Category:日本の歌手"
"GUAN CHAI"," GUAN CHAI （グアン・チャイ）は 日本 の レゲエ シンガー である。サウンドマンとしての活動を経て、2000年アーティストとしてマイクを握り始めるやいなや横浜で行われたDeeJayコンテスト「登竜門」で優勝。MIGHTY CROWNのレーベルLIFE STYLE RECORDSから理想の未来を力強く歌ったシングルレコード「もうじき」を初リリースし、MIGHTY CROWN　FAMILYに加入。トラックメーカー、MPCプレイヤーとしてFIRE BALLなど盟友の楽曲、ライブにも参加。2007年東芝EMI（現ユニバーサルミュージックジャパン）よりファーストアルバム「HEART BEAT」をリリース。現在は旭川に拠点を移し、自身のレーベル「大雪レコード」設立し活動中。","","","","","","","","","","","","","https://ja.wikipedia.org/wiki/GUAN_CHAI","Category_日本の歌手","https://ja.wikipedia.org/wiki/Category:日本の歌手"
"日下まろん"," 日下 まろん （くさか まろん、 1964年 12月18日  - ）は、 1980年代 に キャニオンレコード に所属していた女性 歌手 である。","","","","","","","","","","","","","https://ja.wikipedia.org/wiki/日下まろん","Category_日本の歌手","https://ja.wikipedia.org/wiki/Category:日本の歌手"
"Christy."," この記事には 複数の問題があります 。 改善 や ノートページ での議論にご協力ください。","","","","","","","","","","","","","https://ja.wikipedia.org/wiki/Christy.","Category_日本の歌手","https://ja.wikipedia.org/wiki/Category:日本の歌手"
"くりむ"," くりむ （crimm）は、 日本 の 女性歌手 、 作詞家 。 コナミデジタルエンタテインメント 所属の音楽ユニット、Dormir（ドルミール）のボーカリスト。","","","","","","","","","","","","","https://ja.wikipedia.org/wiki/くりむ","Category_日本の歌手","https://ja.wikipedia.org/wiki/Category:日本の歌手"
"桑田りん"," 桑田りん （くわたりん）は 日本 の 歌手 である。 1985年 デビュー。 小学生の頃 NHK児童合唱団 に入団。その後 金子マリ や 山下久美子 のバック・コーラスを経験。1981～82年に 佐橋佳幸 率いる UGUISS に2代目ヴォーカリストとして参加。バンドデビューに向けてデモのレコーディングやライブ活動をしていたが、自身のソロデビューが決まり脱退。1985年にソロ・シンガーとしてシングル『ANGEL/TWIST』でデビュー。二枚のアルバムには 真島昌利 （当時 ザ・ブレイカーズ 、後に ザ・ブルーハーツ ～ ザ・ハイロウズ ～ ザ・クロマニヨンズ ）、 篠原太郎 （当時ザ・ブレイカーズ、後にソロ～ ザ・ブリックス・トーン ）、 タケカワユキヒデ （元 ゴダイゴ 、後に再結成）などが楽曲提供している。また、セカンド・アルバム『GALA』では 石川セリ の「八月の濡れた砂」をカヴァーしている。","","","","","","","","","","","","","https://ja.wikipedia.org/wiki/桑田りん","Category_日本の歌手","https://ja.wikipedia.org/wiki/Category:日本の歌手"
"K-MASSIVE"," K-MASSIVE （ケー・マッシブ）は、仙台市在住のHIPHOPアーティスト。SUNZLUCKのメンバーであり、 SENDIAN のメンバーとしても活動している。","","","","","","","","","","","","","https://ja.wikipedia.org/wiki/K-MASSIVE","Category_日本の歌手","https://ja.wikipedia.org/wiki/Category:日本の歌手"
"Kダブシャイン"," Kダブシャイン （ケーダブシャイン、本名：各務 貢太〈かがみ こうた〉  、 1968年 5月8日  - ）は、 日本のヒップホップ MC 、 タレント 。ヒップホップグループ KGDR （キングギドラ）のメンバー。所属事務所は ワタナベエンターテインメント  。旧表記は K DUB SHINE 。 東京都 渋谷区 出身  。独身。","各務 貢太〈かがみ こうた〉","K DUB SHINE（旧表記）","日本 ・ 東京都 渋谷区 富ヶ谷","( 1968-05-08 ) 1968年 5月8日 （53歳）","","ヒップホップ","ラッパー 、 タレント","声","1993年 -","","KGDR","","https://ja.wikipedia.org/wiki/Kダブシャイン","Category_日本の歌手","https://ja.wikipedia.org/wiki/Category:日本の歌手"
"KMC"," KMC （ケムシ、本名：天本 義人（あまもと よしと）、 1981年 6月11日 - ）は、 日本 の 男性 ヒップホップ MC 、 トラックメーカー 、 作詞家 、 DJ 。 福岡県 小郡市 出身。","天本義人","ケムっちゃん, よっくん, ケム男, よしりん","福岡県 小郡市","( 1981-06-11 ) 1981年 6月11日 （40歳）","","ヒップホップ","ヒップホップ MC, トラックメイカー, 作詞家, DJ","","1997年 -","FRAME","","","https://ja.wikipedia.org/wiki/KMC","Category_日本の歌手","https://ja.wikipedia.org/wiki/Category:日本の歌手"
"小林亜星"," 小林 亜星 （こばやし あせい、 1932年 8月11日 - 2021年 5月30日  ）は、 日本 の 作曲家 。 作詞家 ・ 俳優 ・ タレント ・ 歌手 などの顔を持つ マルチタレント でもあった。 日本作詞作曲家協会 （J-scat）理事、大日本肥満者連盟（大ピ連）初代会長を務めた。妹は イラストレーター の川村みづえ、次男は元俳優の 小林朝夫 。従兄弟違い（母塩子の兄の孫）に 経済学者 の 有賀敏之 がいる。","","小林 亞星, マーク・HAMA","日本 東京府 豊多摩郡 渋谷町, （現： 東京都 渋谷区 ）","( 1932-08-11 ) 1932年 8月11日","( 2021-05-30 ) 2021年 5月30日 （88歳没）, 日本 東京都","アニメ ・ 特撮, 歌謡曲, 映画音楽, ジャズ, CMソング","作曲家, 作詞家, 俳優, タレント","","","","","","https://ja.wikipedia.org/wiki/小林亜星","Category_日本の歌手","https://ja.wikipedia.org/wiki/Category:日本の歌手"
"こみかるみっちゃん"," この記事には 複数の問題があります 。 改善 や ノートページ での議論にご協力ください。","","","","","","","","","","","","","https://ja.wikipedia.org/wiki/こみかるみっちゃん","Category_日本の歌手","https://ja.wikipedia.org/wiki/Category:日本の歌手"
"小山水城"," 小山水城 （こやま みずき）は 日本 の シンガーソングライター 。イタリア人と結婚し、現在は結婚後の名前である ディサロ水城 （ 伊 : Disaro' Mizuki ）名義で活動している  。","小山 水城","ディサロ水城","日本 ・ 岐阜県 大垣市","","","","シンガーソングライター","","","","","","https://ja.wikipedia.org/wiki/小山水城","Category_日本の歌手","https://ja.wikipedia.org/wiki/Category:日本の歌手"
"Saasha"," Saasha （さーしゃ、 1988年 11月1日 - ）は、 日本 の女性 アーティスト 、 タレント 。","","","","1988年 11月1日","","","","","","","","","https://ja.wikipedia.org/wiki/Saasha","Category_日本の歌手","https://ja.wikipedia.org/wiki/Category:日本の歌手"
"彩木美来"," 彩木 美来 （さいき みく、 1970年 4月24日 - ）は、 日本 の元 歌手 。本名は松本 美穂（まつもと みほ）。 神奈川県 横浜市 港北区 出身。身長163cm、体重49Kg、 スリーサイズ はB82W59H86。血液型は O型 。","","","日本 ・ 神奈川県 横浜市 港北区","1970年 4月24日","","","","","","","","","https://ja.wikipedia.org/wiki/彩木美来","Category_日本の歌手","https://ja.wikipedia.org/wiki/Category:日本の歌手"
"斉藤花耶"," 斉藤花耶 （さいとう かや、 2001年 4月26日 - ）は、日本の タレント / 歌手 である。 山梨県 南アルプス市 出身  。 太田プロダクション 所属。","","","","( 2001-04-26 ) 2001年 4月26日 （20歳）","","","タレント / 歌手","","","","","","https://ja.wikipedia.org/wiki/斉藤花耶","Category_日本の歌手","https://ja.wikipedia.org/wiki/Category:日本の歌手"
"坂口実央"," 坂口 実央 （さかぐち みお、 1980年 5月7日 - ）は日本の 歌手 。","","","日本","( 1980-05-07 ) 1980年 5月7日 （41歳）","","","歌手","歌","2000年 -","factoryorumok","小室哲哉, DJ DRAGON","","https://ja.wikipedia.org/wiki/坂口実央","Category_日本の歌手","https://ja.wikipedia.org/wiki/Category:日本の歌手"
"咲山類"," 咲山類 （さきやま るい、 1983年 7月23日 - ）は、 日本 の ミュージシャン 、 ボーカリスト 、 俳優 であり、グループ DIAMOND☆DOGS のメンバーである。 和歌山県 出身。","","","日本 ・ 和歌山県","( 1983-07-23 ) 1983年 7月23日 （37歳）","","","ミュージシャン 、 ボーカリスト 、 俳優","","","","","","https://ja.wikipedia.org/wiki/咲山類","Category_日本の歌手","https://ja.wikipedia.org/wiki/Category:日本の歌手"
"桜たまこ"," 桜 たまこ （さくら たまこ、本名： 別府 みちる （べふ みちる）、 1961年 9月22日 - ）は日本の元 歌手 。現在は引退し主婦である。 鹿児島県 出身。所属は 新栄プロダクション 。","","","","","","","","","","","","","https://ja.wikipedia.org/wiki/桜たまこ","Category_日本の歌手","https://ja.wikipedia.org/wiki/Category:日本の歌手"
"桜ふみ"," 桜ふみ （さくら ふみ、 7月14日 - ）は、 日本 の 女性歌手 。 秋葉原 生まれ、 深川 育ち。 身長 147 cm 。 血液型 は B型 。","","","","","","","","","","","","","https://ja.wikipedia.org/wiki/桜ふみ","Category_日本の歌手","https://ja.wikipedia.org/wiki/Category:日本の歌手"
"桜井かずみ"," 桜井かずみ （さくらいかずみ）は、1980年代に活動した 日本 の歌手。 堀越高等学校 卒業。代表曲に『 母に捧げる花笠音頭 』（ ビクター音産 ）がある。","","","","","","","","","","","","","https://ja.wikipedia.org/wiki/桜井かずみ","Category_日本の歌手","https://ja.wikipedia.org/wiki/Category:日本の歌手"
"THE CRAZY SKB"," THE CRAZY SKB （ザ・クレイジー・エス・ケー・ビー、 1968年 8月23日 - ）は、日本の ミュージシャン 兼 プロレスラー 。本名は非公開  。初期の 恐悪狂人団 では「クレイジーSAKABA」と名乗っていたこともある。パンクレーベル「 殺害塩化ビニール 」の社長で通称「バカ社長」と呼ばれ、 QP-CRAZY 、 猛毒 、 恐悪狂人団 、 ハイテクノロジー・スーサイド 、 怪奇!!動物アジテーター などで ボーカル を、 殺(KILL) でノイズギタリストを務める。プロレスラーとしての顔も持ち、 暗黒プロレス組織666 を主催する。","","","日本","( 1968-08-23 ) 1968年 8月23日 （52歳）","","ハードコア・パンク","ヴォーカリスト, ギタリスト","ヴォーカル, ギター","1982年 -","","QP-CRAZY, 猛毒, 恐悪狂人団, ハイテクノロジー・スーサイド, 怪奇!!動物アジテーター, 殺(KILL)","","https://ja.wikipedia.org/wiki/THE_CRAZY_SKB","Category_日本の歌手","https://ja.wikipedia.org/wiki/Category:日本の歌手"
"佐々木好"," 佐々木 好 （ささき このみ、 1959年 12月8日 - ）は 北海道 札幌市 出身の シンガーソングライター である。札幌慈恵高校（現・ 札幌新陽高等学校 ）卒業。 1982年 にシングル「ドライヴ」で CBS・ソニー よりデビュー。","","","日本 ・ 北海道 札幌市","( 1959-12-08 ) 1959年 12月8日 （61歳）","","ニューミュージック","シンガーソングライター","ボーカル, ギター","1982年 - 1987年","CBS・ソニー, （ 1982年 - 1987年 ）","鈴木茂","","https://ja.wikipedia.org/wiki/佐々木好","Category_日本の歌手","https://ja.wikipedia.org/wiki/Category:日本の歌手"
"佐野有美"," 佐野 有美 （さの あみ、 1990年 4月6日 - ）は、 日本 の 詩人 、 随筆家 、 講演 活動家 、 歌手 、 タレント である。血液型O型。","","","","","","","","","","","","","https://ja.wikipedia.org/wiki/佐野有美","Category_日本の歌手","https://ja.wikipedia.org/wiki/Category:日本の歌手"
"Sapphire Slows"," Sapphire Slows （サファイア・スロウズ）は、 日本 の 音楽プロデューサー 、 DJ 、 歌手 である。本名は、 平松 絹子 （ひらまつ きぬこ）   。","平松 絹子","","日本 広島県","","","電子音楽 ","音楽プロデューサー 、 DJ 、 歌手","","2011年 -","Big Love Records, Not Not Fun Records, 100% Silk","","","https://ja.wikipedia.org/wiki/Sapphire_Slows","Category_日本の歌手","https://ja.wikipedia.org/wiki/Category:日本の歌手"
"Sayaca"," Sayaca （さやか）は、東京都出身の タンゴ 歌手 。 幼児期より北中南米の国々で育つ。1996年よりタンゴを唄い始め、2002年より単独でブエノスアイレスに在住、2008年に帰国。これまで世界各地のタンゴフェスティバルに出演。現在は、企業向け英語・異文化等のグローバル研修講師業を兼ねながら、独自のペースとスタイルで音楽活動を続けている。","","","","","","","","","","","","","https://ja.wikipedia.org/wiki/Sayaca","Category_日本の歌手","https://ja.wikipedia.org/wiki/Category:日本の歌手"
"沢竜二"," 沢 竜二 （ さわ りゅうじ 、 1935年 11月19日 - ）は、 大衆演劇 を中心に活動している 俳優 、歌手。本名、酒井勲  。 福岡県 福岡市 生まれ。 久留米市立南筑高等学校 中退  。 血液型 はA型。","酒井 勲","","","( 1935-11-19 ) 1935年 11月19日 （85歳）","","大衆演劇 ・ テレビドラマ ・ 映画","俳優 、 歌手","","","","","","https://ja.wikipedia.org/wiki/沢竜二","Category_日本の歌手","https://ja.wikipedia.org/wiki/Category:日本の歌手"
"三遊亭圓雀"," 五代目 三遊亭 圓雀 （ 1949年 3月22日 - 2016年 1月4日 ）は 落語芸術協会 所属の落語家。本名∶ 柳本 修 。 出囃子 は「喜撰中程」。","柳本 修, やなぎもと おさむ","","日本 ・ 東京都 世田谷区","1949年 3月22日","","","","","1968年 - 2016年","","","","https://ja.wikipedia.org/wiki/三遊亭圓雀","Category_日本の歌手","https://ja.wikipedia.org/wiki/Category:日本の歌手"
"Jina"," Jina （じいな、 1982年 2月16日 - ）は 神奈川県 出身の 歌手 ・ 作詞家 ・ 作曲家 ・ 司会者 ・ ラジオパーソナリティ 。","","","日本 ・ 神奈川県","( 1982-02-16 ) 1982年 2月16日 （39歳）","","J-POP","歌手 、 作詞家 、 作曲家 、 編曲家, 司会者, ラジオパーソナリティ","ピアノ","","","","","https://ja.wikipedia.org/wiki/Jina","Category_日本の歌手","https://ja.wikipedia.org/wiki/Category:日本の歌手"
"下谷二三子"," 下谷 二三子 （したや ふみこ、 1938年 6月21日 - ）は、日本の 民謡 歌手 、 演歌歌手 。本名は 池松 二三子 （いけまつ ふみこ）。 山形県 鶴岡市 出身。所属は キングレコード 気付。","","","","","","","","","","","","","https://ja.wikipedia.org/wiki/下谷二三子","Category_日本の歌手","https://ja.wikipedia.org/wiki/Category:日本の歌手"
"シトラス・ネイ"," この記事には 複数の問題があります 。 改善 や ノートページ での議論にご協力ください。","","","","","","","","","","","","","https://ja.wikipedia.org/wiki/シトラス・ネイ","Category_日本の歌手","https://ja.wikipedia.org/wiki/Category:日本の歌手"
"下司愉宇起"," 下司 愉宇起 （しもじ ゆうき）は日本の歌手・指揮者・作詞家・音楽プロデューサー。 熊本県 出身。","","","","","","","","","","","","","https://ja.wikipedia.org/wiki/下司愉宇起","Category_日本の歌手","https://ja.wikipedia.org/wiki/Category:日本の歌手"
"SUGARSOUL"," SUGARSOUL （シュガー・ソウル）は、 日本 の R&B ユニット である。 元々は aico 、 DJ HASEBE 、 カワベ によるR&Bユニットであったが、現在は aico の ソロユニット となっている。","","Sugar Soul, sugar soul, aico, AIKO","","","","R&B","歌手","","1996年 -","FLAVA RECORDS （ 1997年 ）, ワーナーミュージック・ジャパン （ 1998年 - 2003年 、 2018年 ）","","aico （ボーカル）","https://ja.wikipedia.org/wiki/SUGARSOUL","Category_日本の歌手","https://ja.wikipedia.org/wiki/Category:日本の歌手"
"Junear"," Junear （ジュニア）は 日本 の R&B ソウル 歌手、ボイストレーナー 。 岡山県 出身。174cm。血液型はB型。","","","日本 ・ 岡山県","","","","シンガーソングライター,ボイストレーナー","ボーカル","","","","","https://ja.wikipedia.org/wiki/Junear","Category_日本の歌手","https://ja.wikipedia.org/wiki/Category:日本の歌手"
"Jun (THE WILLARD)"," Jun （ジュン、本名：帯賀淳、 1963年 10月6日 - ）は 日本 の パンク・ロック バンド THE WILLARD の現在唯一の正式メンバー。ヴォーカリスト、ギタリスト。 岡山県 倉敷市 出身。O型。","帯賀 淳","","日本 , 岡山県 倉敷市","( 1963-10-06 ) 1963年 10月6日 （57歳）","","ウェスタン・パンク","シンガーソングライター","ボーカル 、 ギター","","","","","https://ja.wikipedia.org/wiki/Jun_(THE_WILLARD)","Category_日本の歌手","https://ja.wikipedia.org/wiki/Category:日本の歌手"
"Jun (歌手)"," Jun （じゅん、 1949年 11月17日 - ）は、 東京都 板橋区 出身の日本の歌手。デュオ『 じゅん&ネネ 』のメンバーとしても知られる。","布施孝子","","日本 東京都 板橋区","( 1949-11-17 ) 1949年 11月17日 （71歳）","","歌謡曲, シャンソン","歌手","","1962年 - (歌手)","エントレス","早苗ネネ","","https://ja.wikipedia.org/wiki/Jun_(歌手)","Category_日本の歌手","https://ja.wikipedia.org/wiki/Category:日本の歌手"
"W-shun"," w-shun （シュン、 1984年 2月25日 - ）は、 日本 の ボーカリスト 、 作詞家 、 作曲家 、 編曲家 、であり、 ミクスチャー・ロック ・バンド、 KNOCK OUT MONKEY のボーカリスト。 兵庫県 加古郡 稲美町 出身。血液型A型。所属レーベル、所属事務所はともに ビーイング 。","非公表","","日本 兵庫県 加古郡 稲美町","( 1984-02-25 ) 1984年 2月25日 （37歳）","","ロック, ミクスチャー・ロック, オルタナティヴ・ロック, レゲエ, ヒップホップ","歌手, 作詞家, 作曲家, 編曲家","ボーカル, ラップ, エレクトリック・ギター, アコースティック・ギター","2002年 - ( KNOCK OUT MONKEY )","ビーイング","KNOCK OUT MONKEY 、, 大島こうすけ (KNOCK OUT MONKEY サウンドプロデューサー)","","https://ja.wikipedia.org/wiki/W-shun","Category_日本の歌手","https://ja.wikipedia.org/wiki/Category:日本の歌手"
"純歌"," 純歌 （じゅんか、 1968年 2月29日 - ）は、 高知県 出身の 演歌歌手 。","","","日本 高知県","( 1968-02-29 ) 1968年 2月29日 （53歳）","","","","","","","","","https://ja.wikipedia.org/wiki/純歌","Category_日本の歌手","https://ja.wikipedia.org/wiki/Category:日本の歌手"
"Shungo."," shungo. （シュンゴ）は、日本の 作詞家 、 音楽プロデューサー 、 歌手 、 作曲家 。別ペンネームに HIMK など。","","HIMK, SHUNGO.M, Shungo, Braid","日本 、 東京都","8月9日","","J-POP 、 R&B","作詞家, 音楽プロデューサー, 歌手, 作曲家","","1995年 -","Sony Music Entertainment(Japan) Inc., （1995年 - 1997年）, Universal Music LLC, （2000年）","","","https://ja.wikipedia.org/wiki/Shungo.","Category_日本の歌手","https://ja.wikipedia.org/wiki/Category:日本の歌手"
"JOKER (音楽ユニット)"," JOKER （ジョーカー）は、 加藤和樹 、 伊達幸志 の2人で構成される日本の 音楽ユニット 。レーベルは avex trax 。現在は活動休止中である。","","","日本 東京都","","","J-POP","","","2011年 - 2013年","avex trax","","加藤和樹 （ ボーカル ）, 伊達幸志 （ ギター ）","https://ja.wikipedia.org/wiki/JOKER_(音楽ユニット)","Category_日本の歌手","https://ja.wikipedia.org/wiki/Category:日本の歌手"
"女王様 (歌手)"," 女王様 （じょおうさま）は日本の歌手。主に洋楽の日本語カヴァーを歌うが、オリジナル曲も歌う。正体は パッパラー河合 。","","","","","","","","","","","","","https://ja.wikipedia.org/wiki/女王様_(歌手)","Category_日本の歌手","https://ja.wikipedia.org/wiki/Category:日本の歌手"
"SHOCK EYE"," SHOCK EYE （ショック アイ、本名：植村 家浩  、 1976年 12月14日 - ）は、 レゲエ グループ・ 湘南乃風 のメンバーであるレゲエミュージシャン。また、 ポルノグラフィティ の 新藤晴一 らと結成した THE 野党 のボーカルでもある。","","","","","","","","","","","","","https://ja.wikipedia.org/wiki/SHOCK_EYE","Category_日本の歌手","https://ja.wikipedia.org/wiki/Category:日本の歌手"
"SILVA"," SILVA （シルヴァ、 1975年 9月9日 - ）は、 日本 の 歌手 、 DJ 、 ソングライター 、 プロデューサー である。","","","日本 東京都","( 1975-09-09 ) 1975年 9月9日 （45歳）","","","歌手 、 DJ","","","Epic (1995-1996), PRYAID ／ boogaloo (1998-2000), PLANETレーベル／ワーナー (2001-2003), フォーライフ (2008), Baciami Records (2012-)","","","https://ja.wikipedia.org/wiki/SILVA","Category_日本の歌手","https://ja.wikipedia.org/wiki/Category:日本の歌手"
"JING TENG"," JING TENG （ジンテン）は 兵庫県 出身の レゲエ シンガー である。2003年にレゲエグループ KABUTO Tuff Sound Drive に加入。2005年に脱退。2007年東芝EMI（現 EMIミュージック・ジャパン ）よりメジャーデビュー。 AWAKE SOUNDS （ Capitol Music ）所属。2008年MIGHTY CROWN FAMILYから脱退。","","","","","","","","","","","","","https://ja.wikipedia.org/wiki/JING_TENG","Category_日本の歌手","https://ja.wikipedia.org/wiki/Category:日本の歌手"
"SINBA"," SINBA （シンバ）は、 ワーナーミュージック・ジャパン 所属の女性歌手。プロデュースは 周防彰悟 。","","","","","","","","","","","","","https://ja.wikipedia.org/wiki/SINBA","Category_日本の歌手","https://ja.wikipedia.org/wiki/Category:日本の歌手"
"すずき円香"," すずき 円香 （すずき まどか、 1978年 11月24日  - ）は、 千葉県 茂原市 出身  の 演歌歌手 である。","","","","","","","","","","","","","https://ja.wikipedia.org/wiki/すずき円香","Category_日本の歌手","https://ja.wikipedia.org/wiki/Category:日本の歌手"
"SNEEEZE"," SNEEEZE （スニーズ）は、 日本 出身の ヒップホップ 。HIP HOPユニットNINJA MOBのメンバー。 神戸市 生まれ。","","","日本 ・ 神戸市","( 1987-07-04 ) 1987年 7月4日 （34歳）","","HIP HOP","ARTIST","","2010年 - 現在","rev3.11 (2010年 - ), Manhattan Recordings/LEXINGTON CO., (2012年 - )","","","https://ja.wikipedia.org/wiki/SNEEEZE","Category_日本の歌手","https://ja.wikipedia.org/wiki/Category:日本の歌手"
"Snowsheep"," snowsheep （スノーシープ）は 岐阜県 出身の 歌手 ・Vo.SAHOのソロユニット","","","","","","","","","","","","","https://ja.wikipedia.org/wiki/Snowsheep","Category_日本の歌手","https://ja.wikipedia.org/wiki/Category:日本の歌手"
"CEYREN"," CEYREN （セイレン）は、日本の女性 歌手 。 ソングライター 。","","","","","","","","","","","","","https://ja.wikipedia.org/wiki/CEYREN","Category_日本の歌手","https://ja.wikipedia.org/wiki/Category:日本の歌手"
"高橋しげみ"," この記事には 複数の問題があります 。 改善 や ノートページ での議論にご協力ください。","","","","","","","","","","","","","https://ja.wikipedia.org/wiki/高橋しげみ","Category_日本の歌手","https://ja.wikipedia.org/wiki/Category:日本の歌手"
"多岐川裕美"," 多岐川 裕美 （たきがわ ゆみ、 1951年 2月16日 - ）は、 日本 の 女優 、 歌手 。本名、大内 薫（おおうち かおる）  。 東京都 杉並区 荻窪 出身  。 山脇学園短期大学 英文科中退  。 トライストーン・エンタテイメント 所属。","大内 薫 （おおうち かおる）","","","( 1951-02-16 ) 1951年 2月16日 （70歳）","","映画 ・ テレビドラマ ・ 演劇","女優 ・ 歌手","","1973年 -","","","","https://ja.wikipedia.org/wiki/多岐川裕美","Category_日本の歌手","https://ja.wikipedia.org/wiki/Category:日本の歌手"
"竹中三佳 (シンガーソングライター)"," 竹中 三佳 （たけなか みか、 3月18日 - ）は、 日本 の シンガーソングライター 。 東京都 国立市 出身。","","","","","","","","","","","","","https://ja.wikipedia.org/wiki/竹中三佳_(シンガーソングライター)","Category_日本の歌手","https://ja.wikipedia.org/wiki/Category:日本の歌手"
"竹村こずえ"," 竹村 こずえ （たけむら こずえ、 1978年 8月8日 - ）は日本の 演歌歌手 。本名は 竹村 こず恵 。 滋賀県 ・ 栗東市 出身。レコード会社は日本クラウン。所属事務所はクラウンミュージック","","","","","","","","","","","","","https://ja.wikipedia.org/wiki/竹村こずえ","Category_日本の歌手","https://ja.wikipedia.org/wiki/Category:日本の歌手"
"多田小餘綾"," 多田小餘綾 （ただ こゆるぎ、 1907年 4月27日 - 2008年 4月6日 ）は、 阿波踊り のおはやし「阿波よしこの」の歌い手である。また、 お鯉さん の名で伝統文化の継承と「よしこの」の普及に貢献し続けた。 徳島県 徳島市 富田町 出身。徳島市名誉市民。 とくしま市民遺産 選定。","","","","","","","","","","","","","https://ja.wikipedia.org/wiki/多田小餘綾","Category_日本の歌手","https://ja.wikipedia.org/wiki/Category:日本の歌手"
"楯真由子"," 楯 真由子 （たて まゆこ、 1988年 3月1日 - ）は、 日本 の 女優 、 声優 、 歌手 。別名、 Mayuli （繭李、マユリ）。","","","日本 北海道","( 1988-03-01 ) 1988年 3月1日 （33歳）","","テレビドラマ ・ 映画 ・ 舞台, モデル","女優 ・ 声優 ・ 歌手","","1997年 - 現在","","","","https://ja.wikipedia.org/wiki/楯真由子","Category_日本の歌手","https://ja.wikipedia.org/wiki/Category:日本の歌手"
"立石沙千加"," 立石沙千加 （たていし さちか、 1988年 2月18日 - ）は日本のダンサー・歌手。 長崎県 佐世保市 出身。 ライジングプロダクション 所属。ダンス&ヴォーカルユニット AI-SACHI 及び Eriko with Crunch の元メンバー。愛称：さっちん。","","","","","","","","","","","","","https://ja.wikipedia.org/wiki/立石沙千加","Category_日本の歌手","https://ja.wikipedia.org/wiki/Category:日本の歌手"
"たなか (音楽家)"," たなか （ 1998年 2月12日 - ）は、 日本 の 男性 実業家 、 シンガーソングライター 、 音楽プロデューサー 、 随筆家 、 俳優 。2019年1月までは ソロプロジェクト 「 ぼくのりりっくのぼうよみ 」として音楽活動を行っていた。本名非公表。","","","日本 ・ 神奈川県 横浜市","( 1998-02-12 ) 1998年 2月12日 （23歳）, 日本 ・ 神奈川県 横浜市","","","実業家, ミュージシャン, シンガーソングライター, 音楽プロデューサー, 随筆家, デザイナー, 俳優, インターネット・タレント","","2019年 -","","","","https://ja.wikipedia.org/wiki/たなか_(音楽家)","Category_日本の歌手","https://ja.wikipedia.org/wiki/Category:日本の歌手"
"田中亜弥 (歌手)"," 田中 亜弥 （たなか あや、 1987年 8月1日 - ）は、 日本 の 歌手 。 東京都 出身。 シアーボーカルスクール 新宿校出身。 T＆T Production 所属。以前は シアーミュージックエンタテインメント 、 Birthday Eve に所属していた。血液型 A型 。","","","","","","","","","","","","","https://ja.wikipedia.org/wiki/田中亜弥_(歌手)","Category_日本の歌手","https://ja.wikipedia.org/wiki/Category:日本の歌手"
"田中雪子"," この記事には 複数の問題があります 。 改善 や ノートページ での議論にご協力ください。","","","","","","","","","","","","","https://ja.wikipedia.org/wiki/田中雪子","Category_日本の歌手","https://ja.wikipedia.org/wiki/Category:日本の歌手"
"田原可南子"," スターダストプロモーション （ - 2018年 ）","","","日本 ・ 東京都","1994年 2月14日","","","","","","","","","https://ja.wikipedia.org/wiki/田原可南子","Category_日本の歌手","https://ja.wikipedia.org/wiki/Category:日本の歌手"
"DOUBLE (歌手)"," DOUBLE （ダブル）は、 日本 の 女性 歌手 、 ソングライター 、 TAKAKO による ソロ ・ プロジェクト 。","平澤 貴子","DJ Lilly a.k.a. DOUBLE","新潟県 新潟市","( 1975-03-14 ) 1975年 3月14日 （46歳）","","R&B","歌手","","1998年 - 1999年 （姉妹デュオ）, 2000年 - （ソロ・プロジェクト）","フォーライフミュージックエンタテイメント","","","https://ja.wikipedia.org/wiki/DOUBLE_(歌手)","Category_日本の歌手","https://ja.wikipedia.org/wiki/Category:日本の歌手"
"CHIEKO BEAUTY"," CHIEKO BEAUTY （ チエコ・ビューティー ）は、1990年代から活動を続ける 日本 の女性 レゲエ シンガー の草分け的存在。ややハスキーだが甘い声質を買われ、テレビ番組やCMのナレーションも数多く務めた。 @media screen{.mw-parser-output .fix-domain{border-bottom:dashed 1px}} 初期の『 CUTiE 』に本名で 読者モデル として登場したこともある。 ","","","日本","","","ロックステディ, レゲエ","歌手 、 ミュージシャン","ヴォーカル","1990年 -","ナツメグ, キューンソニー, BAD NEWS","こだま和文, 藤原ヒロシ, ピアニカ前田, ランキンタクシー","","https://ja.wikipedia.org/wiki/CHIEKO_BEAUTY","Category_日本の歌手","https://ja.wikipedia.org/wiki/Category:日本の歌手"
"ちっち"," ちっち は、 女性 歌手 。アダルトゲーム制作ブランドの「 オーガスト 」が提供するゲーム中で、主題歌等を担当するアーティスト。 そのためか、August専属音楽クリエイトチームである Active Planets との共作が多い。","","","","","","","","","","","","","https://ja.wikipedia.org/wiki/ちっち","Category_日本の歌手","https://ja.wikipedia.org/wiki/Category:日本の歌手"
"千葉マリア"," 千葉マリア （ちば まりあ、 1949年 3月31日 - ）は、日本の 歌手 ・ タレント 。 千葉県 茂原市 出身  。本名:十枝みつ（とえだ みつ）。","","","","","","","","","","","","","https://ja.wikipedia.org/wiki/千葉マリア","Category_日本の歌手","https://ja.wikipedia.org/wiki/Category:日本の歌手"
"ちひろ (歌手・作曲家)"," ちひろ は、日本の シンガーソングライター 、 ラジオパーソナリティ 。 日本音楽著作権協会 （JASRAC）正会員。本名は藤井千尋（ふじいちひろ）  。血液型O型。山口七夕ふるさと大使。","本名：藤井 千尋","","","","","J-POP, 童謡","シンガーソングライター, ラジオパーソナリティ, ナレーター","","作曲家 1997年 -・歌手 2003年 -","BELLMUSE","","","https://ja.wikipedia.org/wiki/ちひろ_(歌手・作曲家)","Category_日本の歌手","https://ja.wikipedia.org/wiki/Category:日本の歌手"
"千宝美"," 千宝美 （ちほみ、 1975年 7月1日 - ）は、 日本 の 歌手 。 愛媛県 松山市 出身。","","","","","","","","","","","","","https://ja.wikipedia.org/wiki/千宝美","Category_日本の歌手","https://ja.wikipedia.org/wiki/Category:日本の歌手"
"Chappie"," Chappie （チャッピー) は、 1994年 にデザイン集団 GROOVISIONS が開発した着せ替え キャラクター  。","","","","","","","","","","","","","https://ja.wikipedia.org/wiki/Chappie","Category_日本の歌手","https://ja.wikipedia.org/wiki/Category:日本の歌手"
"築山さえ"," 築山 さえ （つきやま さえ）は 日本 の 女性 歌手 。主に パソコンゲーム の 主題歌 や同人サークル Amateras Records を中心に作詞やボーカルなどを担当する。その他モデル、イベントコンパニオンとして幅広く活動中。","","さえちん","日本 ・ 奈良県","12月24日","","ゲームソング","歌手","ボーカル","","Amateras Records","","","https://ja.wikipedia.org/wiki/築山さえ","Category_日本の歌手","https://ja.wikipedia.org/wiki/Category:日本の歌手"
"つぐめ"," つぐめ は、 日本 の ジャズ 歌手 。 Tsugume. と称する場合もある。旧芸名は 森田 葉月 。","","","","","","","","","","","","","https://ja.wikipedia.org/wiki/つぐめ","Category_日本の歌手","https://ja.wikipedia.org/wiki/Category:日本の歌手"
"柘植章子"," 拓植 章子 （つげ あきこ、 1949年 10月6日 - ）は、 日本 の 歌手 。","","つげあきこ","日本 ・ 宮城県 仙台市","柘植 章子, ( 1949-10-06 ) 1949年 10月6日 （71歳）, 日本 ・ 宮城県 仙台市","","","歌手","","","","","","https://ja.wikipedia.org/wiki/柘植章子","Category_日本の歌手","https://ja.wikipedia.org/wiki/Category:日本の歌手"
"辻沢杏子"," 辻沢 杏子 （つじさわ きょうこ、 1962年 4月21日 - ）は、 日本 の 女優 。身長162cm、体重47kg。 オフィスPSC 所属。","辻沢 協子","","","( 1962-04-21 ) 1962年 4月21日 （59歳）","","テレビドラマ、映画、舞台","女優","","1980年 -","","","","https://ja.wikipedia.org/wiki/辻沢杏子","Category_日本の歌手","https://ja.wikipedia.org/wiki/Category:日本の歌手"
"椿 (歌手)"," 椿 （つばき）は 佐賀県 伊万里市 出身の 歌手 である。2003年、 東芝EMI （現： EMI Records Japan ）よりメジャーデビュー。","","","","","","","","","","","","","https://ja.wikipedia.org/wiki/椿_(歌手)","Category_日本の歌手","https://ja.wikipedia.org/wiki/Category:日本の歌手"
"椿欣也"," 椿 欣也 （つばき きんや、 12月11日 - ）は、 日本 の 俳優 、 歌手 、 舞踊家 （女形、男形）、殺陣師、 和太鼓 、脚本・構成・演出家。身長174cm、体重58kg、 血液型 は B型 。芸能プロダクション株式会社椿エンタープライズの代表取締役社長","","","日本 , 徳島県 徳島市","","","","俳優, 歌手, 日本舞踊 （ 女形 ）, 殺陣, 和太鼓, 脚本 ・ 構成 ・ 演出家","","","","","","https://ja.wikipedia.org/wiki/椿欣也","Category_日本の歌手","https://ja.wikipedia.org/wiki/Category:日本の歌手"
"TTRE"," TTRE （ティーティーアールイー）はアカペラグループ RAG FAIR の 土屋礼央 が2011年6月1日に立ち上げたソロプロジェクト。Today Tsuchiya Re-invent Entertainmentの略であり、エンターテインメントを再発掘するというコンセプト  。","土屋礼央","てってれ、土山","東京都","( 1976-09-01 ) 1976年 9月1日 （44歳）","","J-POP","","ギター キーボード タンバリン","2011年6月1日 -","IVY Records","近田潔人","","https://ja.wikipedia.org/wiki/TTRE","Category_日本の歌手","https://ja.wikipedia.org/wiki/Category:日本の歌手"
"Duca"," Duca （デュッカ）は、 日本 の 女性 歌手 、 作詞家 。","","","","","","","","","","","","","https://ja.wikipedia.org/wiki/Duca","Category_日本の歌手","https://ja.wikipedia.org/wiki/Category:日本の歌手"
"照菊"," 照菊 （てるぎく、 1924年 （ 大正 13年）‐ 1988年 （ 昭和 63年））は日本の 歌手 。本名： 飛田静江 。","","","","","","","","","","","","","https://ja.wikipedia.org/wiki/照菊","Category_日本の歌手","https://ja.wikipedia.org/wiki/Category:日本の歌手"
"天雀"," 天雀 （てん ちゅえ、 1976年 3月28日 - ）は、日本の歌手。血液型A型。所属事務所は オフィスコットン 。","","","","","","","","","","","","","https://ja.wikipedia.org/wiki/天雀","Category_日本の歌手","https://ja.wikipedia.org/wiki/Category:日本の歌手"
"TEMPLE"," TEMPLE （テンプル）は ポップ・ロック バンド NONA REEVES のボーカル、及び作詞・作曲を担当する 西寺郷太 の ソロユニット である。2006年活動開始。","","西寺郷太","日本","( 1973-11-27 ) 1973年 11月27日 （47歳）","","","","","","","","","https://ja.wikipedia.org/wiki/TEMPLE","Category_日本の歌手","https://ja.wikipedia.org/wiki/Category:日本の歌手"
"遠峰あこ"," 遠峰 あこ （とおみね あこ）は、日本の歌手、唄う アコーディオン 弾き、自弾自唱漫謡家    。日本民謡、世界民謡の現代風アレンジやオリジナルソングを、アコーディオンで弾き唄う ","","","神奈川県 横浜市","","","漫謡","歌手、作詞作曲家","アコーディオン","2006年 -","","","","https://ja.wikipedia.org/wiki/遠峰あこ","Category_日本の歌手","https://ja.wikipedia.org/wiki/Category:日本の歌手"
"常盤ゆい"," 常盤 ゆい （ときわ ゆい）は 日本 の シンガーソングライター 、 YouTuber 。 立命館大学 卒業後、株式会社 ドワンゴ に入社。現在は退職し芸能活動を本格化。 特技は英語、ウクレレ。趣味は マジック:ザ・ギャザリング 。","","","滋賀県","2月25日","","","","","","","","","https://ja.wikipedia.org/wiki/常盤ゆい","Category_日本の歌手","https://ja.wikipedia.org/wiki/Category:日本の歌手"
"常盤ゆう"," 常盤ゆう（ときわ-）は日本の ミュージシャン 、 歌手 。 risette 、 you&me together 、 ぱいなっぷるくらぶ でボーカル、ラップ、シンセサイザーなどを担当。また、株式会社 コナミデジタルエンタテインメント のゲーム BEMANIシリーズ でも複数の名義で歌唱に参加している。","","","神奈川県 横須賀市","6月11日","","ギターポップ, ネオアコ, HIP HOP","ミュージシャン 、 歌手","ボーカル 、 ラップ 、 シンセサイザー","1995年 - 現在","","risette, you&me together, ぱいなっぷるくらぶ","","https://ja.wikipedia.org/wiki/常盤ゆう","Category_日本の歌手","https://ja.wikipedia.org/wiki/Category:日本の歌手"
"鳥羽ゆう子"," 鳥羽 ゆう子 （とば ゆうこ、本名： 鳥羽 結子 - とば ゆうこ、 5月23日 - ）は、 長崎県 出島出身の 日本 の 演歌歌手 である。","鳥羽 結子","","日本 長崎県 長崎市","???? 年 5月23日","","演歌","演歌歌手","歌","1989年 - 現在","キングレコード","","","https://ja.wikipedia.org/wiki/鳥羽ゆう子","Category_日本の歌手","https://ja.wikipedia.org/wiki/Category:日本の歌手"
"友香"," 友香 （ともか、 1981年 10月22日 - ）は、 日本 の 歌手 である。 群馬県 高崎市 出身。 国立音楽大学附属音楽高等学校 、 国立音楽大学 声楽科卒業。 2007年 にデビュー。","","","","","","","","","","","","","https://ja.wikipedia.org/wiki/友香","Category_日本の歌手","https://ja.wikipedia.org/wiki/Category:日本の歌手"
"Tomo Yo"," Tomo Yo （ともよ、 2月5日 - ）は、日本の女性 歌手 ・ タレント 。 千葉県 成田市 生まれ。","","","","2月5日","","","歌手 ・ タレント ・ モデル","","","","","","https://ja.wikipedia.org/wiki/Tomo_Yo","Category_日本の歌手","https://ja.wikipedia.org/wiki/Category:日本の歌手"
"トレス・スティール"," トレス・スティール （Tres Steel、 1998年 3月2日 - ）は、 日本 の 歌手 である。","","","","","","","","","","","","","https://ja.wikipedia.org/wiki/トレス・スティール","Category_日本の歌手","https://ja.wikipedia.org/wiki/Category:日本の歌手"
"NAWNAW"," NAWNAW （ナウナウ）（ 1977年 12月27日  - ）は、 日本 の 歌手 。女性。 東京都 出身  。 バンダイ・ミュージックエンタテインメント に所属していた。","","","東京都","( 1977-12-27 ) 1977年 12月27日 （43歳）","","","歌手","","","","","","https://ja.wikipedia.org/wiki/NAWNAW","Category_日本の歌手","https://ja.wikipedia.org/wiki/Category:日本の歌手"
"ナオリュウ"," ナオリュウ は、日本の女性 シンガーソングライター ・ J-POP 歌手 ・ ギタリスト ・ フルート奏者 ・ 作詞家 ・ 作曲家 ・ 編曲家  。 福井県 鯖江市 生まれ。 東京都 在住。ルーパー日本チャンピオン、世界大会で2位を受賞。 俳優 の 片山享 は実弟。","","","日本 ・ 福井県 鯖江市","","","J-POP","ボーカリスト, ギタリスト, フルート奏者, ルーパーアーティスト, 作詞家, 作曲家, 編曲家","","2003年 - 現在","Barista Records","","","https://ja.wikipedia.org/wiki/ナオリュウ","Category_日本の歌手","https://ja.wikipedia.org/wiki/Category:日本の歌手"
"長尾由起子"," 長尾 由起子 （ながお ゆきこ、 10月22日 - ）は、日本の 歌手 、 作詞家 。","","","","","","","","","","","","","https://ja.wikipedia.org/wiki/長尾由起子","Category_日本の歌手","https://ja.wikipedia.org/wiki/Category:日本の歌手"
"長沢純"," 長沢 純 （ながさわ じゅん、 1941年 6月17日  - ）は、 日本 の 実業家 、元 スリーファンキーズ のリーダー、 テレビ番組 の 司会者 、 俳優 、 タレント 。 東京府 （現 東京都 ）出身  。本名は、長澤 毅（ながさわ つよし）  。","長澤 毅（ながさわ つよし）","","","( 1941-06-17 ) 1941年 6月17日 （80歳）","","バラエティー番組 、 音楽番組 、 映画 、 テレビドラマ","実業家 、 歌手 、 司会者 、 俳優 、 タレント","","1960年 -","","","","https://ja.wikipedia.org/wiki/長沢純","Category_日本の歌手","https://ja.wikipedia.org/wiki/Category:日本の歌手"
"仲沢のあ"," 仲沢 のあ （なかざわ のあ、 3月24日 - ）は、 日本 の 女優 、歌手。","","","日本 愛知県","","","テレビドラマ・舞台","女優","","","","","","https://ja.wikipedia.org/wiki/仲沢のあ","Category_日本の歌手","https://ja.wikipedia.org/wiki/Category:日本の歌手"
"流し"," この記事には 複数の問題があります 。 改善 や ノートページ での議論にご協力ください。","","","","","","","","","","","","","https://ja.wikipedia.org/wiki/流し","Category_日本の歌手","https://ja.wikipedia.org/wiki/Category:日本の歌手"
"永田真代"," 永田 真代 （ながた まよ、 1965年 5月25日 - ）は日本の 歌手 である。 鹿児島県 出身。1990年デビュー。現在は、MAYOと名前を変えて 福岡県 を中心に活動中。","","","","","","","","","","","","","https://ja.wikipedia.org/wiki/永田真代","Category_日本の歌手","https://ja.wikipedia.org/wiki/Category:日本の歌手"
"中西りえ"," 中西 りえ （なかにし りえ、 11月28日 - ）は、 日本 の女性 演歌歌手 。所属レコード会社は 日本クラウン 。事務所は有限会社サニーサイド・ブレーンズ。本名は 中西 里絵 （なかにし りえ）。血液型は B型 。","中西 里絵","","日本 ・ 三重県 伊勢市","","","演歌","演歌歌手","歌","2012年 - 現在","日本クラウン","","","https://ja.wikipedia.org/wiki/中西りえ","Category_日本の歌手","https://ja.wikipedia.org/wiki/Category:日本の歌手"
"中原多代"," 中原 多代 （なかはら たよ、 1911年 （明治44年） 5月 - ）  は、 日本 の 声楽家 ・ 歌手 、 発声法 の 研究者 。 西洋音楽 ・ 邦楽 両方の 歌唱 にわたる 研究 ・実践を行い、その活動が「歌詞を大切にしている声楽家」と評されている  。また、 日本人 の特性を活かす 発声法 を科学的に研究し、それを生かした ボイストレーニング も行っている。","","","","","","","","","","","","","https://ja.wikipedia.org/wiki/中原多代","Category_日本の歌手","https://ja.wikipedia.org/wiki/Category:日本の歌手"
"中村萌子"," 中村 萌子 （なかむら もえこ、 1985年 11月11日 - ）は 日本 の ミュージカル 女優、 歌手 。所属事務所は ニチエンプロダクション 。コーラスグループ「アンサンブル・コノハ」のリーダー。","","","","( 1985-11-11 ) 1985年 11月11日 （35歳）","","","歌手","","","","","","https://ja.wikipedia.org/wiki/中村萌子","Category_日本の歌手","https://ja.wikipedia.org/wiki/Category:日本の歌手"
"名久井麻利"," 名久井 麻利 （なくい まり、 1983年 7月7日 - ）は、 東北放送 （TBC）のアナウンサー。","","","日本 岩手県 盛岡市","( 1983-07-07 ) 1983年 7月7日 （37歳）","","","","","2007年 -","","","","https://ja.wikipedia.org/wiki/名久井麻利","Category_日本の歌手","https://ja.wikipedia.org/wiki/Category:日本の歌手"
"夏川みすず (タレント)"," 夏川 みすず （なつかわ みすず）は、 日本 の女優、タレント、歌手、元 AV女優 である。","","","","","","","","","","","","","https://ja.wikipedia.org/wiki/夏川みすず_(タレント)","Category_日本の歌手","https://ja.wikipedia.org/wiki/Category:日本の歌手"
"並木耀子"," ","","","日本 ・ 神奈川県","","","歌謡曲","歌手","","2007年 -","","","","https://ja.wikipedia.org/wiki/並木耀子","Category_日本の歌手","https://ja.wikipedia.org/wiki/Category:日本の歌手"
"成瀬心美"," タレント , 歌手","","","日本 ・ 福岡県","1989年 8月10日","","","","","","","","","https://ja.wikipedia.org/wiki/成瀬心美","Category_日本の歌手","https://ja.wikipedia.org/wiki/Category:日本の歌手"
"成知由梨"," 成知 由梨 （なるち ゆり、 1971年 10月30日 -、本名:田家めぐみ ）は、日本の元 歌手 、 アイドル 、 タレント 。元 トス・プロモーション 所属。身長:154cm。血液型:A型。 京都府 京丹後市 （旧・ 丹後町 地区）出身。","","","","","","","","","","","","","https://ja.wikipedia.org/wiki/成知由梨","Category_日本の歌手","https://ja.wikipedia.org/wiki/Category:日本の歌手"
"西川晶"," 西川 晶 （にしかわ　あきら、 1947年 2月23日 - ）は、日本の 作曲家 であるとともに、 作詞家 、 歌手 としても活動中。本名は西川義昭（にしかわ　よしあき）。 静岡県 静岡市 出身。現在も同市に在住し、「ポイント」というカラオケ喫茶の経営者。","","","","","","","","","","","","","https://ja.wikipedia.org/wiki/西川晶","Category_日本の歌手","https://ja.wikipedia.org/wiki/Category:日本の歌手"
"西村つた江"," 西村 つた江 （にしむら つたえ、 1931年 12月15日 - ）は、日本の 歌手 である。","","香川万知子","日本, 東京府 東京市 浅草区 （現： 東京都 台東区 ） 浅草田島町","( 1931-12-15 ) 1931年 12月15日 （89歳）","","演歌","歌手","","1954年 - 1960年代","キングレコード","","","https://ja.wikipedia.org/wiki/西村つた江","Category_日本の歌手","https://ja.wikipedia.org/wiki/Category:日本の歌手"
"二宮善子"," 二宮 善子 （にのみや よしこ）は日本の歌手。 愛媛県 出身。","","","","","","","","","","","","","https://ja.wikipedia.org/wiki/二宮善子","Category_日本の歌手","https://ja.wikipedia.org/wiki/Category:日本の歌手"
"ニポポ (アーティスト)"," ニポポ （ 1976年 1月4日 - ）は、日本の ミュージシャン 。 徳間ジャパンコミュニケーションズ 所属。 埼玉県 さいたま市 在住。 血液型 B型 。","","","","","","","","","","","","","https://ja.wikipedia.org/wiki/ニポポ_(アーティスト)","Category_日本の歌手","https://ja.wikipedia.org/wiki/Category:日本の歌手"
"根津歩"," この記事には 複数の問題があります 。 改善 や ノートページ での議論にご協力ください。","","","","","","","","","","","","","https://ja.wikipedia.org/wiki/根津歩","Category_日本の歌手","https://ja.wikipedia.org/wiki/Category:日本の歌手"
"野崎整子"," 野崎 整子 （のざき せいこ）（ 1931年 11月3日 -）は、 福岡県 久留米市 出身  の日本の 歌手 である。","","","","","","","","","","","","","https://ja.wikipedia.org/wiki/野崎整子","Category_日本の歌手","https://ja.wikipedia.org/wiki/Category:日本の歌手"
"野沢香苗"," 野沢 香苗 （のざわ かなえ、 12月2日 - ）は日本の 二胡 奏者。 福井県 坂井市 （旧：丸岡町）出身。","","","日本 ・ 福井県","","","ワールド, ニューエイジ, ポップス","二胡奏者, シンガー, 作曲家","二胡, 歌","2003年 -","ユーキャン→ K-Natural（自主レーベル）","","","https://ja.wikipedia.org/wiki/野沢香苗","Category_日本の歌手","https://ja.wikipedia.org/wiki/Category:日本の歌手"
"能勢妙子"," 能勢 妙子 （のせ たえこ、 1915年 （ 大正 4年） - 1999年 （ 平成 11年） 6月26日 ）は昭和期の歌手。本名は菊田明子、旧姓は大木。","","","","","","","","","","","","","https://ja.wikipedia.org/wiki/能勢妙子","Category_日本の歌手","https://ja.wikipedia.org/wiki/Category:日本の歌手"
"能登道子"," 能登 道子 （のと みちこ、 1950年 7月17日 - ）は、日本の元 歌手 。 五輪真弓 ・ 金延幸子 などと共に、 シンガーソングライター の胎動期に活動した女性シンガーソングライターの一人である。","能登 道子(のと みちこ)","","日本","( 1950-07-17 ) 1950年 7月17日 （70歳）","","フォーク","シンガーソングライター, ミュージシャン","ボーカル","1972年","キング","石田新太郎, 南川泰三","","https://ja.wikipedia.org/wiki/能登道子","Category_日本の歌手","https://ja.wikipedia.org/wiki/Category:日本の歌手"
"野村未奈"," 野村 美菜 （のむら みな、旧名： 三代目コロムビア・ローズ→野村未奈 （ 英 : Columbia Rose ）、本名：野村美菜（ 1982年 12月26日 - ））は 日本クラウン 所属の 演歌歌手 。所属プロダクションは プロダクション尾木 を経て、有限会社 三井エージェンシー に所属。","野村美菜","野村未奈, 三代目コロムビア・ローズ 野村未奈","宮城県 仙台市","( 1982-12-26 ) 1982年 12月26日 （38歳）","","演歌","歌手","","2004年 - 現在","日本クラウン","","","https://ja.wikipedia.org/wiki/野村未奈","Category_日本の歌手","https://ja.wikipedia.org/wiki/Category:日本の歌手"
"Heartbeat (歌手)"," Heartbeat （ハービー、 1985年 11月5日 - ）は、 日本 の 歌手 。本名は 勝又 亜依子 （かつまた あいこ）。 愛知県 名古屋市 出身。","","","","","","","","","","","","","https://ja.wikipedia.org/wiki/Heartbeat_(歌手)","Category_日本の歌手","https://ja.wikipedia.org/wiki/Category:日本の歌手"
"貘-baku-"," この記事には 複数の問題があります 。 改善 や ノートページ での議論にご協力ください。","","","","","","","","","","","","","https://ja.wikipedia.org/wiki/貘-baku-","Category_日本の歌手","https://ja.wikipedia.org/wiki/Category:日本の歌手"
"白島千絵"," 白島 千絵 （はくしま ちえ、 1962年 2月5日 - ）は、 日本 の女性 歌手 である。本名、 白島 千絵 （読み同じ）。 NHK の番組『 うたって・ゴー 』に出演。 神奈川県 横浜市 神奈川区 出身。 血液型 は A型 。 洗足学園音楽大学 声楽 コース卒業。","白島千絵","","","( 1962-02-05 ) 1962年 2月5日 （59歳）","","童謡","歌手","","活動している","","","","https://ja.wikipedia.org/wiki/白島千絵","Category_日本の歌手","https://ja.wikipedia.org/wiki/Category:日本の歌手"
"BASI"," BASI （バシ、 1978年 - ）は、日本のラッパー。 大阪府 泉佐野市 生まれ。血液型はO型。","","","","","","","","","","","","","https://ja.wikipedia.org/wiki/BASI","Category_日本の歌手","https://ja.wikipedia.org/wiki/Category:日本の歌手"
"長谷川真奈"," 長谷川真奈 （はせがわまな）は 日本 の 歌手 である。 スコットランド 系アメリカ人の母と日本人の父を持つ。1994年 ポリスター よりデビュー。","","","","","","","","","","","","","https://ja.wikipedia.org/wiki/長谷川真奈","Category_日本の歌手","https://ja.wikipedia.org/wiki/Category:日本の歌手"
"エバ・ハダシ"," エバ・ハダシ （ 英語 ：Eva Hadashi、実名：須田エフゲーニヤ、Yevgeniya Suda）; キエフ 、 ウクライナ 、 1975年 8月7日 - ）は、ウクライナ人の学者、哲学博士（音楽学）、言語学修士、日本学者、音楽学者、作家、歌手、テレビ・ラジオパーソナリティ。明治時代の日本の音楽に対する西洋の影響の研究者、小説「ウェスタン芸者」で国際文学賞「言葉の戴冠式」の受賞者（2019）。","","ウクライナ語 : Єва Хадаші ;, Yevgeniya Suda","","( 1975-08-07 ) 1975年 8月7日 （45歳）","","","","","","","","","https://ja.wikipedia.org/wiki/エバ・ハダシ","Category_日本の歌手","https://ja.wikipedia.org/wiki/Category:日本の歌手"
"8utterfly"," 8utterfly （バタフライ、生年月日未公表）は、 日本 の 女性 シンガーソングライター 、 R&B 歌手 、 作詞 作曲 家。 福岡県 ・ 福岡市 中央区 出身。 クラブ 時代には、 Koyumi （こゆみ）名義で活動していた  。","","Koyumi","日本 ・ 福岡県 福岡市 中央区","","","J-POP 、 R&B","シンガーソングライター","","2011年 -現在","","","","https://ja.wikipedia.org/wiki/8utterfly","Category_日本の歌手","https://ja.wikipedia.org/wiki/Category:日本の歌手"
"葉月 (ミュージシャン)"," 葉月 （はづき、 1982年 12月10日 - ）は、 日本 の ミュージシャン である。 ロックバンド ・ lynch. の ボーカル 担当。 愛知県 出身。血液型B型。本名は非公開。","","","","( 1982-12-10 ) 1982年 12月10日 （38歳）","","ラウドロック, オルタナティブ・メタル","作詞家, 作曲家, ボーカル","ベース","2004年","","lynch.","","https://ja.wikipedia.org/wiki/葉月_(ミュージシャン)","Category_日本の歌手","https://ja.wikipedia.org/wiki/Category:日本の歌手"
"ハッチハッチェル"," ハッチハッチェル （ 1967年 7月19日 - ）は、 日本 の 音楽家 。 千葉県 八千代市 生まれ。自称「デタラメインチキ紳士」。あご髭がトレードマーク。","八馬 義弘（はちま よしひろ） ","ハッチー・ブラックボウモア, ハウリンハチマ（HOWLIN' HACHIMA）","日本 千葉県 八千代市","( 1967-07-19 ) 1967年 7月19日 （53歳）","","スウィング (音楽), ロック","歌手, 作詞家, 作曲家, 編曲家, バイオリニスト, ドラマー, 音楽プロデューサー","バイオリン, ギター, バンジョー, ドラム","1990年 -","","デキシード・ザ・エモンズ （ 1990年 - 2006年 ）, ハウリンハチマ（HOWLIN' HACHIMA）, ハッチハッチェル＆ビアオールスターズ, ハッチェル特急楽団, ハッチハッチェルバンド（ 2007年 - ）, 小島麻由美 （ 2009年 - ）, ハッチェルズ（ハッチハッチェルオーケストラから改名）  （ 2013年 - ）","","https://ja.wikipedia.org/wiki/ハッチハッチェル","Category_日本の歌手","https://ja.wikipedia.org/wiki/Category:日本の歌手"
"羽生未来"," 羽生 未来 （はにゅう みく、 1974年 7月14日 - 2005年 2月22日 ）は、 日本 の タレント 、 歌手 。 東京都 新宿区 出身。","羽生未来","みくおねえさん　","東京都 新宿区","( 1974-07-14 ) 1974年 7月14日, 東京都 新宿区","( 2005-02-22 ) 2005年 2月22日 （30歳没）, 東京都 中央区","","歌手, タレント","","1995年 - 2005年","","","","https://ja.wikipedia.org/wiki/羽生未来","Category_日本の歌手","https://ja.wikipedia.org/wiki/Category:日本の歌手"
"PAPA B"," PAPA B （パパ・ビー）は、 日本 の レゲエ ミュージシャン である。本名、 高木 秀彰 。","","","","","","","","","","","","","https://ja.wikipedia.org/wiki/PAPA_B","Category_日本の歌手","https://ja.wikipedia.org/wiki/Category:日本の歌手"
"PALU"," PALU （パル）は、 日本 の 歌手 である  。OTOSEN JAPAN所属。","","","","","","J-POP, ポップ・ロック","歌手","","","エピックレコードジャパン","","","https://ja.wikipedia.org/wiki/PALU","Category_日本の歌手","https://ja.wikipedia.org/wiki/Category:日本の歌手"
"はる卯"," はる卯 （はるぼう）は、2005年にデビューした日本の 歌手 。 群馬県 出身。 リアランド 所属。","","","","","","","","","","","","","https://ja.wikipedia.org/wiki/はる卯","Category_日本の歌手","https://ja.wikipedia.org/wiki/Category:日本の歌手"
"PANG"," PANG （パン）は 神戸 出身の レゲエ ・ シンガーソングライター である。 阪神大震災を機に家族と東京へ移住し、のちに東京で音楽活動を始める。 2003年 avex 内レーベル・ cutting edge よりメジャーデビュー。 MEGARYU や lecca とのコラボレーションでも知られる。 現在は JAMA-ICHI のメンバーらとライブを中心に活動している。 近年は自らウクレレを弾くなど、ハワイアン・レゲエに影響を受けた音楽が増えている。","","","","","","","","","","","","","https://ja.wikipedia.org/wiki/PANG","Category_日本の歌手","https://ja.wikipedia.org/wiki/Category:日本の歌手"
"B-BANDJ"," B-BANDJ （ビーバンジー）は、日本で活動する カメルーン ／ フランス 国籍の黒人 MC 。","","","","","","","","","","","","","https://ja.wikipedia.org/wiki/B-BANDJ","Category_日本の歌手","https://ja.wikipedia.org/wiki/Category:日本の歌手"
"東出有貴"," 東出 有貴 （ひがしで ゆうき、 1986年 10月15日 - ）は、 日本 の 俳優 、 歌手 、 プロデューサー 、 脚本演出家 。 大阪府 出身。血液型A型。身長178cm。体重70kg。現在は俳優、歌手とともにプロデューサーとしても活躍中。","","","","( 1986-10-15 ) 1986年 10月15日 （34歳）","","","俳優・歌手・プロデューサー・脚本演出家","","2005年 -","","","","https://ja.wikipedia.org/wiki/東出有貴","Category_日本の歌手","https://ja.wikipedia.org/wiki/Category:日本の歌手"
"Viki"," Viki ( 1月11日 -)は 愛知県 西尾市 出身の 歌手 ・ シンガーソングライター である。 2003年 5月21日 「ちがうよ」で キングレコード よりメジャーデビュー。所属レコード会社は キングレコード 。 四谷天窓.comfort を中心にライブ活動もしている。","","","","","","","","","","","","","https://ja.wikipedia.org/wiki/Viki","Category_日本の歌手","https://ja.wikipedia.org/wiki/Category:日本の歌手"
"美謝"," 美謝 （Visha, びしゃ、 1964年 （ 昭和 39年） - ）は日本の ロック ミュージシャン 、 ギタリスト 。 東京都 生まれ。男性、 血液型 はB型。","","","","","","","","","","","","","https://ja.wikipedia.org/wiki/美謝","Category_日本の歌手","https://ja.wikipedia.org/wiki/Category:日本の歌手"
"BIG RON"," BIG RON （ビッグ・ロン）は、 横須賀市 出身の ヒップホップ ミュージシャン 。 2007年 、 ユニバーサルJ よりメジャーデビュー。","","","日本 ・ 神奈川県 横須賀市","","","ヒップホップ","ミュージシャン","","2003年 - 現在","ユニバーサルJ, HOOD SOUND RECORDS","DJ PMX, DS455","","https://ja.wikipedia.org/wiki/BIG_RON","Category_日本の歌手","https://ja.wikipedia.org/wiki/Category:日本の歌手"
"ひとみちゃん"," この記事には 複数の問題があります 。 改善 や ノートページ での議論にご協力ください。","","","","","","","","","","","","","https://ja.wikipedia.org/wiki/ひとみちゃん","Category_日本の歌手","https://ja.wikipedia.org/wiki/Category:日本の歌手"
"馮智英"," 馮 智英 （ひょう ちえ、 1956年 5月4日 - ）は日本の 女優 、 歌手 。 神奈川県 横浜市 中区 山下町 出身。 NHK 放送の子供番組『 おかあさんといっしょ 』にて、『ハイ・ポーズ』のおねえさん（初代 身体表現のおねえさん ）を務めた。実妹は 宝塚歌劇団71期生 の馮裕華  。","","","","( 1956-05-04 ) 1956年 5月4日 （65歳）","","","女優 ・ 歌手","","1976年 -","","","","https://ja.wikipedia.org/wiki/馮智英","Category_日本の歌手","https://ja.wikipedia.org/wiki/Category:日本の歌手"
"平井美奈子"," 平井 美奈子 （ひらい みなこ、 1902年 （明治35年）3月31日  - 2004年 （平成16年）3月3日  ）は、日本の 声楽家 （ ソプラノ ）、 歌手 、 童謡歌手 、 音楽教育者 。旧姓： 早川  （はやかわ）","早川 美奈子","","日本","( 1902-03-31 ) 1902年 3月31日","( 2004-03-03 ) 2004年 3月3日 （101歳没）, 日本","クラシック音楽","声楽家 （ ソプラノ ）, 歌手, 童謡歌手, 音楽教育者","","","","","","https://ja.wikipedia.org/wiki/平井美奈子","Category_日本の歌手","https://ja.wikipedia.org/wiki/Category:日本の歌手"
"平城優"," 平城 優 （ひらき ゆう， 8月12日 - ）は 日本 の ボーカリスト ， ギタリスト ， 作詞家 ， 作曲家 。　血液型O型。 元 You&Me のボーカル・ギター。現在、フリーで活動中。","","","","","","","","","","","","","https://ja.wikipedia.org/wiki/平城優","Category_日本の歌手","https://ja.wikipedia.org/wiki/Category:日本の歌手"
"ビリー諸川"," ビリー諸川 （びりーもろかわ、本名：諸川秀樹〈もろかわひでき〉、 1957年 11月25日 - ）は、日本の 歌手 、 タレント 、 ライター 、司会者。HARVEST MOONの ボーカル 、 リズムギター である。血液型A型。","","","日本 東京都 大田区","( 1957-11-25 ) 1957年 11月25日 （63歳）","","","歌手 、 タレント 、 ライター 、 司会","","","","","","https://ja.wikipedia.org/wiki/ビリー諸川","Category_日本の歌手","https://ja.wikipedia.org/wiki/Category:日本の歌手"
"洋奈"," 洋奈 （ひろな）は、日本の 東京都 出身の 歌手 である。 2007年 2月7日 、「it was yesterday」でメジャーデビュー  。","","","","","","","","","","","","","https://ja.wikipedia.org/wiki/洋奈","Category_日本の歌手","https://ja.wikipedia.org/wiki/Category:日本の歌手"
"廣畑涙嘉"," 廣畑 涙嘉 （ひろはた るか、 1969年 4月3日 - ）は、 日本基督教団 の 牧師 である。","","","","1969年 4月3日","","キリスト教, 仏教, シャンソン","シャンソン歌手","","","","","","https://ja.wikipedia.org/wiki/廣畑涙嘉","Category_日本の歌手","https://ja.wikipedia.org/wiki/Category:日本の歌手"
"藤本たから"," この記事には 複数の問題があります 。 改善 や ノートページ での議論にご協力ください。","","","","","","","","","","","","","https://ja.wikipedia.org/wiki/藤本たから","Category_日本の歌手","https://ja.wikipedia.org/wiki/Category:日本の歌手"
"二美仁"," 二美 仁 （ふたみ じん、 1948年 8月3日 -2019年2月4日）は、日本の男性 演歌歌手 。本名、村岡洋一。 宮崎県 宮崎市 出身。","村岡 洋一","","日本 宮崎県 宮崎市 高岡町","1948年8月3日","2019年2月4日（70歳没）","演歌","歌手","","1967年 - 2019年","徳間ジャパン, コロムビアレコード","","","https://ja.wikipedia.org/wiki/二美仁","Category_日本の歌手","https://ja.wikipedia.org/wiki/Category:日本の歌手"
"ふなっしー"," ふなっしー は、 千葉県 船橋市 在住の「 梨 の 妖精 」という設定の マスコットキャラクター 。 着ぐるみ と 中の人 が一体となり、 地域おこし 活動のほかに タレント ・ 歌手 ・ 声優 としても活躍している。","","","","","","","","","","","","","https://ja.wikipedia.org/wiki/ふなっしー","Category_日本の歌手","https://ja.wikipedia.org/wiki/Category:日本の歌手"
"ブラダ"," ブラダ （Vlada  、 1995年 10月1日  - ）は、 ロシア ・ ハバロフスク 出身  の 女優 、 歌手 。所属は リミックス  。 女性アイドルグループ 「恥じらいレスキューJPN」の赤色担当  。","","","","( 1995-10-01 ) 1995年 10月1日 （25歳）","","","女優 、 歌手","","","","","","https://ja.wikipedia.org/wiki/ブラダ","Category_日本の歌手","https://ja.wikipedia.org/wiki/Category:日本の歌手"
"フラバルス"," フラバルス は 福岡県 福岡市 出身の 黒田晃太郎 （くろだこうたろう、元 サカノボルト ）の ソロユニット である。2005年5月活動開始。2006年 コロムビアミュージックエンタテインメント よりデビュー。","","","","","","","","","","","","","https://ja.wikipedia.org/wiki/フラバルス","Category_日本の歌手","https://ja.wikipedia.org/wiki/Category:日本の歌手"
"古田翠"," 古田 みどり （ふるた みどり）は、 日本 の 歌手 、 ダンサー 、 女優 。","","","","8月26日","","歌手","","","","","","","https://ja.wikipedia.org/wiki/古田翠","Category_日本の歌手","https://ja.wikipedia.org/wiki/Category:日本の歌手"
"BES (歌手)"," BES （べす、 1983年 9月18日 - ）は、 日本 の レゲエ 歌手。 大阪府 堺市 南区 出身。 堺市立美木多小学校 、 堺市立美木多中学校 卒業。 2008年 8月13日 にユニバーサル・ミュージックからメジャーデビュー。大阪を拠点に活動しており、地元・堺で毎年ライブを行っている。以前は『N-O2』というグループを組んでいた。","","","大阪府 堺市 南区","( 1983-09-18 ) 1983年 9月18日 （37歳）","","レゲエ","","","2007年 -","KAERU STUDIO (2007年 - 2008年), ユニバーサル・ミュージック (2008年 - )","","","https://ja.wikipedia.org/wiki/BES_(歌手)","Category_日本の歌手","https://ja.wikipedia.org/wiki/Category:日本の歌手"
"HEAVENESE"," 天国民/HEAVENESE （てんごくみん/ヘブニーズ）は 牧師 であり ミュージシャン の Marre と、 R&B シンガーの妻Kumikoを中心に結成された、ジャパニーズ・ゴスペル・バンド。","","","","","","教会音楽","","","2012年10月 -","The E Family","アンドレ・クラウチ, シーラ・E","Marre (リードボーカル＆ピアノ), Kumiko (リードボーカル), イッキ（ドラム・パーカッション）, イディー（ベース）, リョースケ（キーボード）, ナオヤ（サックス）, リュウ（コーラス）, マキ（コーラス）, ホリコー（コーラス）, アキース（コーラス＆ラップ）, マコト（和太鼓）, 江上瑠羽（和太鼓）, キジュ（津軽三味線）, マオ＆ミリ （津軽三味線）, モトキ（津軽三味線）, トモコ（琴）, ユウタ（尺八）, シオン（篠笛・能管）, ヒデトモ （ダンス・振り付け）","https://ja.wikipedia.org/wiki/HEAVENESE","Category_日本の歌手","https://ja.wikipedia.org/wiki/Category:日本の歌手"
"各国の歌手"," 国ごとに分類した 歌手 のカテゴリ。","","","","","","","","","","","","","https://ja.wikipedia.org/wiki/Category:各国の歌手","Category_日本の歌手","https://ja.wikipedia.org/wiki/Category:日本の歌手"
"アジアの歌手"," このカテゴリには下位カテゴリ 33 件が含まれており、そのうち以下の 33 件を表示しています。","","","","","","","","","","","","","https://ja.wikipedia.org/wiki/Category:アジアの歌手","Category_日本の歌手","https://ja.wikipedia.org/wiki/Category:日本の歌手"
"日本のミュージシャン"," このカテゴリ下にあるページは、該当する適切なサブカテゴリに移動してください。","","","","","","","","","","","","","https://ja.wikipedia.org/wiki/Category:日本のミュージシャン","Category_日本の歌手","https://ja.wikipedia.org/wiki/Category:日本の歌手"
