﻿"タイトル","コメント","出生名","別名","出身地","生誕","死没","ジャンル","職業","担当楽器","活動期間","レーベル","共同作業者","メンバー","URL","親リストタイトル","親リストURL"
"Pages_in_category","","","","","","","","","","","","","","","Category_German_jazz_singers","https://en.wikipedia.org/wiki/Category:German_jazz_singers"
"Melanie Bong"," Melanie Bong (born June 6, 1968) is a German jazz singer .","","","Munich","1968 ( 1968-06-06 ) June 6, 1968 (age 53), Munich","","Jazz","Singer","","","","","","https://en.wikipedia.org/wiki/Melanie_Bong","Category_German_jazz_singers","https://en.wikipedia.org/wiki/Category:German_jazz_singers"
"Uschi Brüning"," Uschi Brüning is a German jazz and soul singer and songwriter. She made her career in East Germany and was 42 when the Berlin wall was breached . She has transitioned and sustained her career more successfully than other former East German performance artists post- reunification , though her fan base remains concentrated principally in the east .   ","","","Germany","( 1947-03-04 ) 4 March 1947 (age 74), Leipzig , Saxony , Germany","","Schlager , jazz , soul","Singer, songwriter","","","","","","https://en.wikipedia.org/wiki/Uschi_Brüning","Category_German_jazz_singers","https://en.wikipedia.org/wiki/Category:German_jazz_singers"
"Roger Cicero"," Roger Marcel Cicero Ciceu (6 July 1970 – 24 March 2016) was a German jazz and pop musician. ","Roger Marcel Cicero Ciceu","","Germany","( 1970-07-06 ) 6 July 1970, West Berlin , West Germany","24 March 2016 (2016-03-24) (aged 45), Hamburg , Germany","jazz , pop","Musician, singer, songwriter","","2003–2016","Starwatch Music","","","https://en.wikipedia.org/wiki/Roger_Cicero","Category_German_jazz_singers","https://en.wikipedia.org/wiki/Category:German_jazz_singers"
"Cristin Claas"," Cristin Claas (born 1977) is a German vocalist and jazz singer. She is the vocalist in her band, the Cristin Claas Trio, along with guitarist Stephan Bormann and percussionist Christoph Reuter.     ","","","","","","","","","","","","","https://en.wikipedia.org/wiki/Cristin_Claas","Category_German_jazz_singers","https://en.wikipedia.org/wiki/Category:German_jazz_singers"
"Anna Depenbusch"," Anna Depenbusch ( German pronunciation:  ;  born 17 October 1977) is a German singer and musician.","","Ella Larsson, Anastasica","West Germany (now Germany)","( 1977-10-17 ) 17 October 1977 (age 43), Hamburg , West Germany (now Germany)","","Pop , chanson , jazz","Singer, composer","Vocals , piano","2000–present","Rintintin, Sony","Orange Blue","","https://en.wikipedia.org/wiki/Anna_Depenbusch","Category_German_jazz_singers","https://en.wikipedia.org/wiki/Category:German_jazz_singers"
"Dota (singer)"," Dota (Dorothea \"Dota\" Kehr German pronunciation:  , born 1979) is a singer-songwriter from Berlin and the leader of the musical group Dota und die Stadtpiraten (\"Urban Pirates\"). With her topical, critical texts delivered in often rapid flowing rhythm and sound influenced by Bossa Nova and Jazz , the singer has amassed a following in the German-speaking music world. Her records have been self-published on her own Kleingeldprinzessin Records (Pocket-Change Princess Records) label and distributed by Broken Silence. She has notably declined to perform at party conventions during the 2005 Bundestag elections. In October 2006, she performed five concerts in Russia upon the invitation of the Goethe Institute and in the spring of 2009 she toured New Zealand.","","Dota Kehr, Kleingeldprinzessin","Berlin , Germany","","","","singer-songwriter","","2003–present","Kleingeldprinzessin Rec.","Dota und die Stadtpiraten","","https://en.wikipedia.org/wiki/Dota_(singer)","Category_German_jazz_singers","https://en.wikipedia.org/wiki/Category:German_jazz_singers"
"Tom Gaebel"," Tom Gaebel is a German singer and leader of a big band named after himself. He changed the spelling of his last name, omitting the umlaut. In addition to singing and arranging, Gaebel writes lyrics in English.","","","Germany","( 1975-01-13 ) 13 January 1975 (age 46), Gelsenkirchen , North Rhine-Westphalia, Germany","","Traditional pop , vocal , jazz","Singer, composer","Vocals","","Edel","","","https://en.wikipedia.org/wiki/Tom_Gaebel","Category_German_jazz_singers","https://en.wikipedia.org/wiki/Category:German_jazz_singers"
"Anne Haigis"," Anne Haigis (born 9 December 1955) is a German musician, singer and songwriter. Through the 1980s, she gained commercial success with rock songs, blues and ballads sung in German with her native Swabian accent. In the 1990s she incorporated English language material again, and recorded with Tony Carey and Eric Burdon . Her intense and passionate singing style has been praised as belonging to one of Germany's best contemporary voices, a \"down to earth, charismatic, warm-hearted entertainer\". ","","","(now Germany)","( 1955-12-09 ) 9 December 1955 (age 65), Rottweil , West Germany, (now Germany)","","new wave, rock, Blues, Jazz","","","","EMI Electrola, Ariola","","","https://en.wikipedia.org/wiki/Anne_Haigis","Category_German_jazz_singers","https://en.wikipedia.org/wiki/Category:German_jazz_singers"
"Ruth Hohmann"," Ruth Hohmann (born 19 August 1931) is a German jazz singer and university lecturer. She was known as the \"First Lady of East German Jazz\" and was for a long time the GDR 's only jazz singer of note, playing a major role in the dissemination of the music in the country.","","","","","","","","","","","","","https://en.wikipedia.org/wiki/Ruth_Hohmann","Category_German_jazz_singers","https://en.wikipedia.org/wiki/Category:German_jazz_singers"
"Paul Kuhn (band leader)"," Paul Kuhn (12 March 1928 – 23 September 2013) was a German jazz musician, band leader, singer and pianist.  He was the band leader of the SFB Big Band, the orchestra of the Sender Freies Berlin , the TV-Station of West Berlin, part of ARD . He was the conductor of the German entry in the 1972 Eurovision Song Contest .","","","","","","","","","","","","","https://en.wikipedia.org/wiki/Paul_Kuhn_(band_leader)","Category_German_jazz_singers","https://en.wikipedia.org/wiki/Category:German_jazz_singers"
"Eva Kurowski"," Eva Kurowski (born 1965 in Oberhausen ) is a German jazz musician and singer.  ","","","","","","","","","","","","","https://en.wikipedia.org/wiki/Eva_Kurowski","Category_German_jazz_singers","https://en.wikipedia.org/wiki/Category:German_jazz_singers"
"Tim Leberecht"," Tim Leberecht is a German-American author, speaker, and consultant. He is the former chief marketing officer of the creative firms Frog Design Inc. (styled as frog) and NBBJ . He now runs his own consulting firm, Leberecht and Partners, and writes and speaks about leadership, technology, and culture. He served on the World Economic Forum 's Global Agenda Council on Values from 2012 to 2016, and he is a member of the NationSwell Council as well as an advisory board member for the strategy and innovation consulting firm Jump Associates .","","","","Germany","","","","","","","","","https://en.wikipedia.org/wiki/Tim_Leberecht","Category_German_jazz_singers","https://en.wikipedia.org/wiki/Category:German_jazz_singers"
"Lyambiko"," Lyambiko (born Sandy Müller ; 1978) is a German jazz singer. She has released five charting albums in Germany. ","","","","","","","","","","","","","https://en.wikipedia.org/wiki/Lyambiko","Category_German_jazz_singers","https://en.wikipedia.org/wiki/Category:German_jazz_singers"
"Rose Nabinger"," Rose Nabinger ( born Rosemarie Nabinger, October 23, 1958) is a German jazz singer.","","","","","","","","","","","","","https://en.wikipedia.org/wiki/Rose_Nabinger","Category_German_jazz_singers","https://en.wikipedia.org/wiki/Category:German_jazz_singers"
"Hanns Petersen"," Hanns-Herbert Schulz (26 June 1927 – 9 June 2006), better known as Hanns Petersen , was a German opera singer ( baritone ), music college teacher and pop singer . He is known for his career in popular music ( Schlager ), his many operatic performances at the Semperoper and the Deutsches Nationaltheater Weimar and his work as a professor at the Hochschule für Musik Carl Maria von Weber and Hochschule für Musik Franz Liszt, Weimar .","Hanns-Herbert Schulz","","Germany","( 1927-06-26 ) 26 June 1927, Weimar , Germany","9 June 2006 (2006-06-09) (aged 78), Dresden , Germany","opera, pop","Opera singer, pop singer, vocal teacher","Vocals","1945-2005","Amiga (record label)","Kurt Henkels , Erhard Fischer , Irma Baltuttis , Walter Schulz (cellist)","","https://en.wikipedia.org/wiki/Hanns_Petersen","Category_German_jazz_singers","https://en.wikipedia.org/wiki/Category:German_jazz_singers"
"Michael Schiefel"," Michael Schiefel (born 1970 in Münster , West Germany ) is a jazz and experimental singer.","Michael Schiefel","","Münster, West Germany","","","Jazz , Experimental","Singer, songwriter","","1990s–present","ACT, Traumton","","","https://en.wikipedia.org/wiki/Michael_Schiefel","Category_German_jazz_singers","https://en.wikipedia.org/wiki/Category:German_jazz_singers"
"Schmidt (singer)"," Elisa Sophia Schmidt (born February 14, 1990), also known by the stage name Femme Schmidt or SCHMIDT , is a German singer-songwriter.","Elisa Sophia Schmidt","","Germany","( 1990-02-14 ) February 14, 1990 (age 31), Koblenz , Germany","","Pop Noir","","Vocals","2010–present","Warner Music Germany ","","","https://en.wikipedia.org/wiki/Schmidt_(singer)","Category_German_jazz_singers","https://en.wikipedia.org/wiki/Category:German_jazz_singers"
"Karl Schwedler"," Karl Emil Heinrich Schwedler , also known as Charlie Schwedler (August 13, 1902 – June 20, 1970) was a singer and leader of the Nazi propaganda jazz band Charlie and His Orchestra during World War II . He was born in Duisburg, Germany .","","","","","","","","","","","","","https://en.wikipedia.org/wiki/Karl_Schwedler","Category_German_jazz_singers","https://en.wikipedia.org/wiki/Category:German_jazz_singers"
"Sabina Sciubba"," Sabina Margrit Sciubba or Sabina is a singer, composer, and actress. She is best known as the lead singer for the Grammy-nominated  electronica band Brazilian Girls . She is also a visual artist.   She has a solo career, and also worked as an actress, appearing in a recurring role on the FX series Baskets , beginning in 2016. Sciubba has composed the scores for feature films and commercials.","Sabina Margrit Sciubba","","Italy","Rome, Italy","","Electronica, pop, alternative rock","Singer, actress, video artist","Vocals, guitar, piano, programming","1998–present","Naim Edge, Verve, Bar None","Brazilian Girls","","https://en.wikipedia.org/wiki/Sabina_Sciubba","Category_German_jazz_singers","https://en.wikipedia.org/wiki/Category:German_jazz_singers"
"Marc Secara"," Marc Secara (born 20 February 1976) is a German singer and recording artist known for jazz , American pop music , and German popular repertoire . He is also a member of the German singing group the Berlin Voices.","","","","( 1976-02-20 ) 20 February 1976 (age 45)","","Swing, traditional pop, big band, jazz-funk","Singer, educator, television","Vocals, keyboards, saxophone","1995–present","Polydor/Universal, RBB Kulturradio","","","https://en.wikipedia.org/wiki/Marc_Secara","Category_German_jazz_singers","https://en.wikipedia.org/wiki/Category:German_jazz_singers"
"Leni Stern"," Leni Stern (born April 28, 1952) is an electric guitarist, singer, and ngoni player. ","Magdalena Thora","","West Germany","Munich , West Germany","","Jazz , rock, fusion, world music","","Guitar, vocals, ngoni","","","","","https://en.wikipedia.org/wiki/Leni_Stern","Category_German_jazz_singers","https://en.wikipedia.org/wiki/Category:German_jazz_singers"
"Simin Tander"," Simin Tander (born 19 October 1980) is a German jazz musician (vocals and piano) and composer.","","","West Germany","( 1980-10-19 ) 19 October 1980 (age 40), Cologne , West Germany","","Vocal jazz","Musician, composer","","","ECM Records","","","https://en.wikipedia.org/wiki/Simin_Tander","Category_German_jazz_singers","https://en.wikipedia.org/wiki/Category:German_jazz_singers"
"Olivia Trummer"," Olivia Trummer (born 12 June 1985 in Stuttgart ) is a German Jazz musician (pianist, vocalist, composer).","","","","","","","","","","","","","https://en.wikipedia.org/wiki/Olivia_Trummer","Category_German_jazz_singers","https://en.wikipedia.org/wiki/Category:German_jazz_singers"
"Jazz singers by nationality"," This category has the following 43 subcategories, out of 43 total.","","","","","","","","","","","","","https://en.wikipedia.org/wiki/Category:Jazz_singers_by_nationality","Category_German_jazz_singers","https://en.wikipedia.org/wiki/Category:German_jazz_singers"
"German singers by genre"," This category has the following 8 subcategories, out of 8 total.","","","","","","","","","","","","","https://en.wikipedia.org/wiki/Category:German_singers_by_genre","Category_German_jazz_singers","https://en.wikipedia.org/wiki/Category:German_jazz_singers"
"German jazz musicians by instrument"," This category has the following 13 subcategories, out of 13 total.","","","","","","","","","","","","","https://en.wikipedia.org/wiki/Category:German_jazz_musicians_by_instrument","Category_German_jazz_singers","https://en.wikipedia.org/wiki/Category:German_jazz_singers"
"Commons category link is on Wikidata"," This category has the following 200 subcategories, out of 293,009 total.","","","","","","","","","","","","","https://en.wikipedia.org/wiki/Category:Commons_category_link_is_on_Wikidata","Category_German_jazz_singers","https://en.wikipedia.org/wiki/Category:German_jazz_singers"
