﻿"タイトル","コメント","出生名","別名","出身地","生誕","死没","ジャンル","職業","担当楽器","活動期間","レーベル","共同作業者","メンバー","URL","親リストタイトル","親リストURL"
"山口百恵"," 山口 百恵 （やまぐち ももえ、 1959年 （昭和34年）1月17日   - ）は、 日本 の元 歌手 、 女優 。活動時の所属事務所は ホリプロ で、レコード会社は CBSソニー に所属していた。","三浦 百惠（みうら ももえ）, （旧姓：山口）","","日本 神奈川県 横須賀市 ","( 1959-01-17 ) 1959年 1月17日 （62歳）","","テレビドラマ, 映画, 歌謡曲","元 歌手 、元 女優","","1973年 - 1980年","","","","https://ja.wikipedia.org/wiki/山口百恵","Category_日本の女性歌手_やまくち+ももえ","https://ja.wikipedia.org/w/index.php?title=Category:日本の女性歌手&pagefrom=やまくち+ももえ\n山口百恵#mw-pages"
"山口由子"," 山口由子 （やまぐち ゆうこ、 1969年 10月25日 - ）は、日本の 歌手 、 シンガーソングライター 。 愛媛県 松山市 出身。 香川県明善高等学校 （現在の 英明高等学校 ）卒業。","","","","","","","","","","","","","https://ja.wikipedia.org/wiki/山口由子","Category_日本の女性歌手_やまくち+ももえ","https://ja.wikipedia.org/w/index.php?title=Category:日本の女性歌手&pagefrom=やまくち+ももえ\n山口百恵#mw-pages"
"山口淑子"," 山口 淑子 （やまぐち よしこ、 1920年 （ 大正 9年） 2月12日 - 2014年 （ 平成 26年） 9月7日  ）は、日本の 歌手 、 女優 、 政治家 である。戸籍名は大鷹淑子（旧姓：山口）。 翊教女子中学卒  。さまざまな名前で活動し、戦前の中国（ 中華民国 ）と 満州国 ・日本・戦後の 香港 で 李 香蘭 （り こうらん、リ・シャンラン）、 第二次世界大戦 後の アメリカ合衆国 では シャーリー・ヤマグチ (Shirley Yamaguchi) の名で映画、歌などに活躍した。 日本の敗戦 を 上海 で迎えた彼女は、 中国人 として祖国を裏切った 漢奸 の容疑で中華民國の軍事裁判に掛けられたものの、 日本人 であることが証明され、漢奸罪は適用されず、国外追放処分となり、日本に帰国した。","大鷹 淑子 , おおたか よしこ","","","( 1920-02-12 ) 1920年 2月12日","","映画俳優、歌手","","","1938年 - 1958年","","","","https://ja.wikipedia.org/wiki/山口淑子","Category_日本の女性歌手_やまくち+ももえ","https://ja.wikipedia.org/w/index.php?title=Category:日本の女性歌手&pagefrom=やまくち+ももえ\n山口百恵#mw-pages"
"山口リサ"," 山口 リサ （やまぐち りさ、 Lisa Yamaguchi 、 1983年 6月17日 - ）  は、 日本 の 女性 R&B 歌手 である。 静岡県 浜松市 出身。当初は浜松市を拠点に活動していたが、現在は上京し、東京を拠点に全国で活動している。","","","日本 ・ 静岡県 浜松市 ","( 1983-06-17 ) 1983年 6月17日 （38歳）","","R&B","歌手","","","plusGROUND","","","https://ja.wikipedia.org/wiki/山口リサ","Category_日本の女性歌手_やまくち+ももえ","https://ja.wikipedia.org/w/index.php?title=Category:日本の女性歌手&pagefrom=やまくち+ももえ\n山口百恵#mw-pages"
"山崎美貴"," 山崎 美貴 （やまざき みき、 1964年 10月28日 - ）は 日本 の 女優 、 声優 である。 神奈川県 横浜市 出身。 文学座 所属。 東海大学 文学部 英文学科中退。 血液型 はAB型。","","","","( 1964-10-28 ) 1964年 10月28日 （56歳）","","テレビドラマ ・ 映画 ・ 舞台 ・ 吹き替え","","","","","","","https://ja.wikipedia.org/wiki/山崎美貴","Category_日本の女性歌手_やまくち+ももえ","https://ja.wikipedia.org/w/index.php?title=Category:日本の女性歌手&pagefrom=やまくち+ももえ\n山口百恵#mw-pages"
"山﨑愛生"," 山﨑 愛生 （やまざき めい、 2005年 6月28日 - ）は、 日本 の 歌手 、 アイドル であり、 ハロー!プロジェクト に所属する モーニング娘。 の15期メンバー。ニックネームは、めいちゃん  、めいち  、パンダさん  。メンバーカラーはブライトグリーン  。","","","","","","J-POP","歌手","","2016年 -","zetima","","","https://ja.wikipedia.org/wiki/山﨑愛生","Category_日本の女性歌手_やまくち+ももえ","https://ja.wikipedia.org/w/index.php?title=Category:日本の女性歌手&pagefrom=やまくち+ももえ\n山口百恵#mw-pages"
"山崎優子"," 山崎 優子 （やまさき ゆうこ、 1985年 1月8日 - ）はロックバンド「 ME-ISM （ミーイズム）」の ベーシスト 、 ボーカリスト でありフェミニストである。","","","","","","","","","","","","","https://ja.wikipedia.org/wiki/山崎優子","Category_日本の女性歌手_やまくち+ももえ","https://ja.wikipedia.org/w/index.php?title=Category:日本の女性歌手&pagefrom=やまくち+ももえ\n山口百恵#mw-pages"
"山﨑夢羽"," 山﨑 夢羽 （やまざき ゆはね、 2002年 11月5日 - ）は、 日本 の 歌手 、 アイドル 、 女優 であり、 ハロー!プロジェクト に所属する BEYOOOOONDS 、 雨ノ森 川海 のメンバー。メンバーカラーはイタリアンレッド。","","","","","","J-POP","歌手 、 女優","","2016年 -","zetima","","","https://ja.wikipedia.org/wiki/山﨑夢羽","Category_日本の女性歌手_やまくち+ももえ","https://ja.wikipedia.org/w/index.php?title=Category:日本の女性歌手&pagefrom=やまくち+ももえ\n山口百恵#mw-pages"
"山路ふみ子"," 山路 ふみ子 （やまじ ふみこ、 1912年 〈 明治 45年〉 3月13日 - 2004年 〈 平成 16年〉 12月6日 ）は、 女優 ・ 実業家 ・社会事業家。 兵庫県 神戸市 長田区 出身。本名・ 大久保 ふみ子 （おおくぼ ふみこ）。","大久保 ふみ子","","","( 1912-03-13 ) 1912年 3月13日","","映画 ・ 歌手","女優 、 実業家 、 慈善家 ・社会事業家","","1930年 - 1949年","","","","https://ja.wikipedia.org/wiki/山路ふみ子","Category_日本の女性歌手_やまくち+ももえ","https://ja.wikipedia.org/w/index.php?title=Category:日本の女性歌手&pagefrom=やまくち+ももえ\n山口百恵#mw-pages"
"山下きほ"," 山下 きほ （やました きほ、 1994年 12月22日 - ）は、 日本 の タレント 、 歌手 。 ラッド・エンターテインメント 所属。","","","日本 ・ 東京都","1994年 12月22日","","","","","","","","","https://ja.wikipedia.org/wiki/山下きほ","Category_日本の女性歌手_やまくち+ももえ","https://ja.wikipedia.org/w/index.php?title=Category:日本の女性歌手&pagefrom=やまくち+ももえ\n山口百恵#mw-pages"
"山下直子"," この記事には 複数の問題があります 。 改善 や ノートページ での議論にご協力ください。","","","","","","","","","","","","","https://ja.wikipedia.org/wiki/山下直子","Category_日本の女性歌手_やまくち+ももえ","https://ja.wikipedia.org/w/index.php?title=Category:日本の女性歌手&pagefrom=やまくち+ももえ\n山口百恵#mw-pages"
"山下ひろみ"," 山下 ひろみ （やました ひろみ、本名同じ、 1974年 1月16日 - ）は 広島県 佐伯郡 佐伯町 （現・ 廿日市市 ）出身の 演歌歌手 である。","","","","","","","","","","","","","https://ja.wikipedia.org/wiki/山下ひろみ","Category_日本の女性歌手_やまくち+ももえ","https://ja.wikipedia.org/w/index.php?title=Category:日本の女性歌手&pagefrom=やまくち+ももえ\n山口百恵#mw-pages"
"山瀬まみ"," 山瀬 まみ （やませ まみ、 1969年 10月2日 - ）は、 日本 の 歌手 、 タレント 、 司会者  。身長167cm、血液型はO型。 ホリプロ 所属。夫は 俳優 の 中上雅巳 。第10回 ホリプロタレントスカウトキャラバン グランプリを受賞して歌手デビューし、 アイドル として活動。タレントに転身後 バラドル として バラエティ番組 で活躍、『 新婚さんいらっしゃい! 』などで MC を務める  。90年代には 女優 としても活動し、多数のドラマや映画に出演した。","","","日本 神奈川県 平塚市","( 1969-10-02 ) 1969年 10月2日 （51歳）","","アイドル歌謡曲 ・ テレビドラマ ・ 映画 ・ バラエティ","タレント ・ 歌手 ・ 司会者","","1986年 -","","","","https://ja.wikipedia.org/wiki/山瀬まみ","Category_日本の女性歌手_やまくち+ももえ","https://ja.wikipedia.org/w/index.php?title=Category:日本の女性歌手&pagefrom=やまくち+ももえ\n山口百恵#mw-pages"
"山田邦子"," 山田 邦子 （やまだ くにこ、 1960年 〈 昭和 35年〉 6月13日 - ）は、 日本 の 女性 お笑いタレント 、 漫談家 、 女優 、 司会者 、 小説家 である。愛称は 邦ちゃん 。","","","日本 ・ 東京都 荒川区","( 1960-06-13 ) 1960年 6月13日 （61歳）","","","","","","","","","https://ja.wikipedia.org/wiki/山田邦子","Category_日本の女性歌手_やまくち+ももえ","https://ja.wikipedia.org/w/index.php?title=Category:日本の女性歌手&pagefrom=やまくち+ももえ\n山口百恵#mw-pages"
"山田なづ"," 山田 なづ （やまだ なづ）は 沖縄県 出身の R&B シンガー。","山田なづ","","","2000年","","R&B","歌手 、 シンガー 、 ボーカル","","","","","","https://ja.wikipedia.org/wiki/山田なづ","Category_日本の女性歌手_やまくち+ももえ","https://ja.wikipedia.org/w/index.php?title=Category:日本の女性歌手&pagefrom=やまくち+ももえ\n山口百恵#mw-pages"
"山田奈都美"," 山田 奈都美 （やまだ なつみ、 9月12日  - ）は、 日本 の 女性 声優 、 歌手 。 プロダクション・エース 所属。 東京都 出身。 血液型 は O型 。","","","","","","J-POP 、 アニメソング","声優 、 歌手","","2014年 -","AMG MUSIC","アニ☆ゆめ project, DualFlare, pua:re, TetraRkhia","","https://ja.wikipedia.org/wiki/山田奈都美","Category_日本の女性歌手_やまくち+ももえ","https://ja.wikipedia.org/w/index.php?title=Category:日本の女性歌手&pagefrom=やまくち+ももえ\n山口百恵#mw-pages"
"山田優 (モデル)"," 山田 優 （やまだ ゆう、 1984年 7月5日  - ）は、 日本 の ファッションモデル ・ 女優  。本名は 小栗 優 （おぐり ゆう、旧姓： 山田 ）。","小栗 優（おぐり ゆう）, （旧姓：山田）","","日本 ・ 沖縄県 国頭郡 恩納村 ","( 1984-07-05 ) 1984年 7月5日 （36歳）","","テレビドラマ 、 映画 、 CM","女優 、 ファッションモデル","","2000年 -","","","","https://ja.wikipedia.org/wiki/山田優_(モデル)","Category_日本の女性歌手_やまくち+ももえ","https://ja.wikipedia.org/w/index.php?title=Category:日本の女性歌手&pagefrom=やまくち+ももえ\n山口百恵#mw-pages"
"山田由起子"," 山田 由起子 （やまだ ゆきこ、 1961年 12月8日   - ）は、 日本 の 女優 、 歌手 。旧芸名及び本名は 山田 由紀子 （読み同じ）  。平田崑プロモーションに所属していた  。","","","","","","","","","","","","","https://ja.wikipedia.org/wiki/山田由起子","Category_日本の女性歌手_やまくち+ももえ","https://ja.wikipedia.org/w/index.php?title=Category:日本の女性歌手&pagefrom=やまくち+ももえ\n山口百恵#mw-pages"
"大和さくら"," 大和 さくら （やまと さくら、 1970年 5月26日 - ）は、 佐賀県 出身の元 演歌歌手 。本名は片江美紀  。趣味は 日舞 、 ピアノ 。 堀越高等学校 卒業。","","","","","","","","","","","","","https://ja.wikipedia.org/wiki/大和さくら","Category_日本の女性歌手_やまくち+ももえ","https://ja.wikipedia.org/w/index.php?title=Category:日本の女性歌手&pagefrom=やまくち+ももえ\n山口百恵#mw-pages"
"大和姫呂未"," 大和 姫呂未 （やまと ひろみ、 1982年 8月31日    - ）は、 日本 の シンガーソングライター 、 タレント 、 ラジオパーソナリティ 。旧芸名「 松浦 ひろみ 」（まつうら ひろみ）時代にはセクシー女優や AV女優 としても活動していた。","","松浦 ひろみ（旧芸名、2005年 - 2012年）, ひろろん（愛称）","日本 高知県","( 1982-08-31 ) 1982年 8月31日 （38歳）","","","シンガーソングライター","","2005年 -","DESERT AIR RECORDS","","","https://ja.wikipedia.org/wiki/大和姫呂未","Category_日本の女性歌手_やまくち+ももえ","https://ja.wikipedia.org/w/index.php?title=Category:日本の女性歌手&pagefrom=やまくち+ももえ\n山口百恵#mw-pages"
"山之内重美"," 山之内 重美 （やまのうち しげみ、本名:上杉重美、旧芸名: 山之内滋美 、 1948年 8月4日 - ） は、日本の 歌手 、 女優 、 ロシア演劇 ・ロシア大衆歌謡 ピェースニャ 研究家である。","","","","","","","","","","","","","https://ja.wikipedia.org/wiki/山之内重美","Category_日本の女性歌手_やまくち+ももえ","https://ja.wikipedia.org/w/index.php?title=Category:日本の女性歌手&pagefrom=やまくち+ももえ\n山口百恵#mw-pages"
"山本あき"," 山本 あき （やまもと あき、 1976年 5月24日 - ）は、 日本 の 演歌歌手 。 石川県 白山市 出身。レコード会社は キングレコード 、 芸能事務所 はキングレコード系列のキングエンタープライズに所属。","山本 あき","","日本 ・ 石川県 白山市","( 1976-05-24 ) 1976年 5月24日 （45歳）","","演歌, 歌謡曲","歌手","ギター","2006年 -","キングレコード","","","https://ja.wikipedia.org/wiki/山本あき","Category_日本の女性歌手_やまくち+ももえ","https://ja.wikipedia.org/w/index.php?title=Category:日本の女性歌手&pagefrom=やまくち+ももえ\n山口百恵#mw-pages"
"山本智子"," 山本 さと子 （やまもと さとこ、 1978年 8月10日 - ）は 愛媛県 南宇和郡 城辺町 （現・ 愛南町 ）出身の 演歌歌手 、 ラジオパーソナリティ 。本名及び旧芸名は 山本 智子 。 血液型 A型。","","","愛媛県","( 1978-08-10 ) 1978年 8月10日 （42歳）","","演歌","演歌歌手","","1999年 - 現在","","","","https://ja.wikipedia.org/wiki/山本智子","Category_日本の女性歌手_やまくち+ももえ","https://ja.wikipedia.org/w/index.php?title=Category:日本の女性歌手&pagefrom=やまくち+ももえ\n山口百恵#mw-pages"
"山本智美"," この記事には 複数の問題があります 。 改善 や ノートページ での議論にご協力ください。","","","","","","","","","","","","","https://ja.wikipedia.org/wiki/山本智美","Category_日本の女性歌手_やまくち+ももえ","https://ja.wikipedia.org/w/index.php?title=Category:日本の女性歌手&pagefrom=やまくち+ももえ\n山口百恵#mw-pages"
"山本南伊"," 山本 南伊  （やまもと なみ、旧芸名： 南伊 、 1981年 8月23日 - ）は 日本 の 女優 、 歌手 、脚本家、作詞・作曲家。 栃木県 宇都宮市 出身。 ミーアンドハーコーポレーション 所属。","","","","","","","","","","","","","https://ja.wikipedia.org/wiki/山本南伊","Category_日本の女性歌手_やまくち+ももえ","https://ja.wikipedia.org/w/index.php?title=Category:日本の女性歌手&pagefrom=やまくち+ももえ\n山口百恵#mw-pages"
"山本麻里安"," 山本 麻里安 （やまもと まりあ、 1981年 9月11日  - ）は、 日本 の 女性 声優 、 歌手 、 脚本家 。既婚。","山本 麻里安（旧姓） ","","","( 1981-09-11 ) 1981年 9月11日 （39歳）","","J-POP 、 アニメソング","声優 、 歌手 、 脚本家","","1998年 -","ワーナーミュージック・ジャパン （1998年）, avex trax （2004年）, パイオニアLDC （2001年 - 2002年）, Purple hills record（2007年）, ジェネオン・ユニバーサル・エンターテイメントジャパン （2007年）","","","https://ja.wikipedia.org/wiki/山本麻里安","Category_日本の女性歌手_やまくち+ももえ","https://ja.wikipedia.org/w/index.php?title=Category:日本の女性歌手&pagefrom=やまくち+ももえ\n山口百恵#mw-pages"
"山本美禰子"," 山本 美禰子 （やまもと みねこ、 1983年 12月 - ）は、 日本 の 女性シンガーソングライター 。 ジギタリス の ボーカル 、 ギター 、 作詞 、 作曲 を担当。東京都出身。CHARIS NODE 所属。バンドとしての活動を行う一方で、 ゲーム の主題歌を担当するなどソロでの歌手活動も行っている。","","","","","","","","","","","","","https://ja.wikipedia.org/wiki/山本美禰子","Category_日本の女性歌手_やまくち+ももえ","https://ja.wikipedia.org/w/index.php?title=Category:日本の女性歌手&pagefrom=やまくち+ももえ\n山口百恵#mw-pages"
"山本みゆき"," 山本 みゆき （やまもと みゆき、 1977年 1月18日 - ）は 大阪府 大阪市 出身の日本の 演歌歌手 。所属レコード会社は ソニー・ミュージックダイレクト 。","","","","","","","","","","","","","https://ja.wikipedia.org/wiki/山本みゆき","Category_日本の女性歌手_やまくち+ももえ","https://ja.wikipedia.org/w/index.php?title=Category:日本の女性歌手&pagefrom=やまくち+ももえ\n山口百恵#mw-pages"
"山本ゆかり"," 山本 ゆかり （やまもと ゆかり、 1968年 6月6日  - ）は、 日本 の元 アイドル歌手 、元 女優 、 DJ 、 ボイストレーナー 。本名（旧姓名）は、芸名と同じ  。","","","日本 ・ 長崎県","1968年 6月6日","","","","","","","","","https://ja.wikipedia.org/wiki/山本ゆかり","Category_日本の女性歌手_やまくち+ももえ","https://ja.wikipedia.org/w/index.php?title=Category:日本の女性歌手&pagefrom=やまくち+ももえ\n山口百恵#mw-pages"
"山本百合子"," 山本 百合子 （やまもと ゆりこ、 1960年 2月13日   - ）は、 日本 の 声優 、 女優 、 歌手 、 ナレーター  。 青二プロダクション 所属  。本名：山本 ユリ子（やまもと ゆりこ）  。","山本 ユリ子, （やまもと ゆりこ） ","","","( 1960-02-13 ) 1960年 2月13日 （61歳）","","","声優 、 女優 、 歌手 、 ナレーター ","","1981年 -","","","","https://ja.wikipedia.org/wiki/山本百合子","Category_日本の女性歌手_やまくち+ももえ","https://ja.wikipedia.org/w/index.php?title=Category:日本の女性歌手&pagefrom=やまくち+ももえ\n山口百恵#mw-pages"
"山本リンダ"," 山本 リンダ （やまもと リンダ、 1951年 3月4日    - ）は、 日本 の 歌手 、 タレント 。本名、 稲葉 あつ子 （ いなば あつこ ）   。旧姓名、 山本 あつ子 （ やまもと あつこ ）  。","山本 あつ子","","日本 福岡県 小倉市, （現: 北九州市 ）","( 1951-03-04 ) 1951年 3月4日 （70歳）","","アイドル歌謡曲","歌手","","1966年 -","ミノルフォンレコード, キャニオンレコード, 徳間ジャパンコミュニケーションズ","","","https://ja.wikipedia.org/wiki/山本リンダ","Category_日本の女性歌手_やまくち+ももえ","https://ja.wikipedia.org/w/index.php?title=Category:日本の女性歌手&pagefrom=やまくち+ももえ\n山口百恵#mw-pages"
"Yammy"," Yammy （やみー 1976年 10月16日 - ）は、 京都 をベースに幅広く活躍するシンガー。","","","","( 1976-10-16 ) 1976年 10月16日 （44歳）","","シンガーソングライター","","","1999年 - 現在","","","","https://ja.wikipedia.org/wiki/Yammy","Category_日本の女性歌手_やまくち+ももえ","https://ja.wikipedia.org/w/index.php?title=Category:日本の女性歌手&pagefrom=やまくち+ももえ\n山口百恵#mw-pages"
"やや"," やや （ 1959年 9月11日 - ）は、 東京都 江東区 出身の 歌手 。本名は小島八重子、 血液型 はB型。1986年のヒット曲「 夜霧のハウスマヌカン 」で知られる。2014年8月8日「ややレコード」設立。甥はプロゴルファーの小島慶太  。","小島八重子","","日本 、 東京都","1959年 9月11日","","歌謡曲","歌手","","1986年 -","ややレコード","","","https://ja.wikipedia.org/wiki/やや","Category_日本の女性歌手_やまくち+ももえ","https://ja.wikipedia.org/w/index.php?title=Category:日本の女性歌手&pagefrom=やまくち+ももえ\n山口百恵#mw-pages"
"弥生 (歌手)"," 弥生 （やよい、 1975年 6月16日 - ）は、 日本 の 女性 歌手 、 モデル 。本名は非公表。 神奈川県 座間市 出身。父は 山形県 新庄市 出身。スノー所属。出身校は相武台幼稚園、 相武台東小学校 、 座間市立座間中学校 、 神奈川県立上鶴間高等学校 （学区外進学）。2004年5月にデビュー。 エイベックス・マネジメント 所属。","","","","","","","","","","","","","https://ja.wikipedia.org/wiki/弥生_(歌手)","Category_日本の女性歌手_やまくち+ももえ","https://ja.wikipedia.org/w/index.php?title=Category:日本の女性歌手&pagefrom=やまくち+ももえ\n山口百恵#mw-pages"
"YUUGA"," YUUGA （ゆうが、 2001年 10月24日 - ）は、 日本 の アイドル である。 佐賀県 出身。 ケイダッシュステージ 所属。","","","日本 ・ 佐賀","2001年 10月24日","","アイドル","","","","","","","https://ja.wikipedia.org/wiki/YUUGA","Category_日本の女性歌手_やまくち+ももえ","https://ja.wikipedia.org/w/index.php?title=Category:日本の女性歌手&pagefrom=やまくち+ももえ\n山口百恵#mw-pages"
"優雅 (日本の歌手)"," 優雅 （ゆうが、 1月8日 生）は、 ハウステンボス歌劇団 ブルーローズに所属している男役トップスター、 ハウステンボス歌劇団 劇団理事。元 宝塚歌劇団 月組 男役 。宝塚歌劇団時代の芸名及び別名は 研 ルイス （けん ルイス）。","","","","","","","俳優、歌手","","1996年 -","","","","https://ja.wikipedia.org/wiki/優雅_(日本の歌手)","Category_日本の女性歌手_やまくち+ももえ","https://ja.wikipedia.org/w/index.php?title=Category:日本の女性歌手&pagefrom=やまくち+ももえ\n山口百恵#mw-pages"
"YUUKI"," この記事には 複数の問題があります 。 改善 や ノートページ での議論にご協力ください。","","","","","","","","","","","","","https://ja.wikipedia.org/wiki/YUUKI","Category_日本の女性歌手_やまくち+ももえ","https://ja.wikipedia.org/w/index.php?title=Category:日本の女性歌手&pagefrom=やまくち+ももえ\n山口百恵#mw-pages"
"裕木奈江"," 裕木 奈江 （ゆうき なえ、 1970年 5月12日 - ）は、 日本 の 女優 、 歌手 。","田澤 奈江 ","","","( 1970-05-12 ) 1970年 5月12日 （51歳）","","映画 ・ テレビドラマ ・ 舞台","女優 ・ 歌手","","1988年  -","","","","https://ja.wikipedia.org/wiki/裕木奈江","Category_日本の女性歌手_やまくち+ももえ","https://ja.wikipedia.org/w/index.php?title=Category:日本の女性歌手&pagefrom=やまくち+ももえ\n山口百恵#mw-pages"
"結城道子"," 結城 道子 （ゆうき みちこ、 1908年 （ 明治 41年） 6月13日 - 没年不明）は 昭和 期の 歌手  。 群馬県 前橋市 出身。本名は 由利 文子 。","","","","","","","","","","","","","https://ja.wikipedia.org/wiki/結城道子","Category_日本の女性歌手_やまくち+ももえ","https://ja.wikipedia.org/w/index.php?title=Category:日本の女性歌手&pagefrom=やまくち+ももえ\n山口百恵#mw-pages"
"ゆうき芽衣"," ゆうき 芽衣 （ゆうき めい、 11月6日 生まれ）は、 日本 の シャンソン 歌手。","","","","","","","","","","","","","https://ja.wikipedia.org/wiki/ゆうき芽衣","Category_日本の女性歌手_やまくち+ももえ","https://ja.wikipedia.org/w/index.php?title=Category:日本の女性歌手&pagefrom=やまくち+ももえ\n山口百恵#mw-pages"
"結城めぐみ"," 結城 めぐみ （ゆうき めぐみ、 1969年 5月3日 - ）は、日本の元 タレント 、 歌手 である。 大阪府 出身。血液型 A型。 芸映 に所属していた。","","","","( 1969-05-03 ) 1969年 5月3日 （52歳）","","","元 タレント 、 歌手","","","","","","https://ja.wikipedia.org/wiki/結城めぐみ","Category_日本の女性歌手_やまくち+ももえ","https://ja.wikipedia.org/w/index.php?title=Category:日本の女性歌手&pagefrom=やまくち+ももえ\n山口百恵#mw-pages"
"結城梨沙"," 結城 梨沙 （ゆうき りさ、 1968年 7月13日 - ）は、 千葉県 出身の ポップシンガー 。本名、渡辺和代。血液型はO型。","渡辺 和代","","日本 ・ 千葉県","( 1968-07-13 ) 1968年 7月13日 （52歳）","","ポップ・ミュージック, アニメソング","歌手","","1985年 - 1989年","キングレコード / スターチャイルド, ( 1987年 - 1989年 )","","","https://ja.wikipedia.org/wiki/結城梨沙","Category_日本の女性歌手_やまくち+ももえ","https://ja.wikipedia.org/w/index.php?title=Category:日本の女性歌手&pagefrom=やまくち+ももえ\n山口百恵#mw-pages"
"Youjeen"," Youjeen （ユージーン、 1977年 7月5日 - ）は、 韓国 京畿道 仁川市（現・仁川広域市） 出身の 歌手 。韓国でロックバンド「 Cherry Filter 」（체리필터）のボーカルとして活躍で、 2001年 から 2002年 まで日本ソロ活動する。","チョ・ユジン","","  大韓民国 京畿道 仁川市（現・仁川広域市）","( 1977-07-05 ) 1977年 7月5日 （43歳）","","ロック","歌手","","1997年 - 現在 （バンド）, 2001年 - 2002年 （ソロ）","インペリアルレコード","Cherry Filter 、 J","","https://ja.wikipedia.org/wiki/Youjeen","Category_日本の女性歌手_やまくち+ももえ","https://ja.wikipedia.org/w/index.php?title=Category:日本の女性歌手&pagefrom=やまくち+ももえ\n山口百恵#mw-pages"
"裕未瑠華"," 裕未 瑠華 （ゆうみ るか）は、 日本 の女性 歌手 。 キングレコード に所属していた。","","","愛知県","","","","","","1997年 -","キングレコード","","","https://ja.wikipedia.org/wiki/裕未瑠華","Category_日本の女性歌手_やまくち+ももえ","https://ja.wikipedia.org/w/index.php?title=Category:日本の女性歌手&pagefrom=やまくち+ももえ\n山口百恵#mw-pages"
"ゆーゆ"," ゆーゆ （ 2004年 （平成16年） 9月16日 - ）は、 日本 の 歌手 。有限会社ドレミ  所属。 東京都 出身。現役高校二年生。母は 歌手 の 井上あずみ 。","","","日本 東京都","( 2004-09-16 ) 2004年 9月16日 （16歳）","","","歌手","","2012年 -","ユーキャン 、 キングレコード","","","https://ja.wikipedia.org/wiki/ゆーゆ","Category_日本の女性歌手_やまくち+ももえ","https://ja.wikipedia.org/w/index.php?title=Category:日本の女性歌手&pagefrom=やまくち+ももえ\n山口百恵#mw-pages"
"YUKI JOLLY ROGER"," YUKI JOLLY ROGER / YUKI\"Jolly Roger\" （ユキ・ジョリー・ロジャー、1984年2月23日）は、日本の 音楽ユニット 「 BENNIE K 」のボーカリスト。 大阪府 生まれ、 佐賀県 鹿島市 育ち  。2009年より コンポーザー 、 サウンドプロデューサー へ転身。 島袋寛子 の『 私のオキナワ 』のプロデュースワークで 第55回日本レコード大賞 の企画賞を受賞  。","","YUKI","","( 1984-02-23 ) 1984年 2月23日 （37歳）","","J-POP 、 R&B 、 ヒップホップ ","","","","","BENNIE K 、 BENNIE BECCA 、 THE SxPLAY","","https://ja.wikipedia.org/wiki/YUKI_JOLLY_ROGER","Category_日本の女性歌手_やまくち+ももえ","https://ja.wikipedia.org/w/index.php?title=Category:日本の女性歌手&pagefrom=やまくち+ももえ\n山口百恵#mw-pages"
"雪村とあ"," 雪村 とあ （ゆきむら とあ、 12月16日  - ）は、 日本 の 女性 声優 、 歌手 。主に アダルトゲーム 業界で活動。以前は ロックンバナナ に所属し、 フリー を経て、現在は アトリエピーチ 所属。","","","","","","","","","2008年 -","","","","https://ja.wikipedia.org/wiki/雪村とあ","Category_日本の女性歌手_やまくち+ももえ","https://ja.wikipedia.org/w/index.php?title=Category:日本の女性歌手&pagefrom=やまくち+ももえ\n山口百恵#mw-pages"
"Yucca"," Yucca （ユッカ）は、 神奈川県 横浜市 出身の 歌手 である。 北鎌倉女子学園高等学校 、 東京音楽大学 音楽学部声楽科卒業。 1999年 から 2003年 まで 東京混声合唱団 に在籍。 2007年 ポニーキャニオン より メジャーデビュー 。 2014年 12月 より、4週間のうち1週、 NHK-FM 『 音楽遊覧飛行 〜映画音楽ワールドツアー』のDJを担当。","","","神奈川県","","","","シンガーソングライター","","","","","","https://ja.wikipedia.org/wiki/Yucca","Category_日本の女性歌手_やまくち+ももえ","https://ja.wikipedia.org/w/index.php?title=Category:日本の女性歌手&pagefrom=やまくち+ももえ\n山口百恵#mw-pages"
"癒月"," 癒月 （ゆづき、 9月18日 - ）は、 日本 の 女性 歌手 。 ネット声優 の活動も行っている。","","","日本 ・ 奈良県","9月18日","","同人音楽, ゲームソング","歌手 、 声優","","","","","","https://ja.wikipedia.org/wiki/癒月","Category_日本の女性歌手_やまくち+ももえ","https://ja.wikipedia.org/w/index.php?title=Category:日本の女性歌手&pagefrom=やまくち+ももえ\n山口百恵#mw-pages"
"優月心菜"," 優月 心菜 （ゆづき ここな、 11月9日 - ）は 日本 の 歌手 、 声優  、元 AV女優 。 東京都 出身  。 アトリエピーチ 所属 2014年5月1日に 柊 かなえ （ひいらぎ かなえ）から改名した。","","","","( 1995-11-09 ) 1995年 11月9日 （25歳）","","J-POP 、 アニメソング","声優 、 アイドル 、 歌手","","2005年 -","","","","https://ja.wikipedia.org/wiki/優月心菜","Category_日本の女性歌手_やまくち+ももえ","https://ja.wikipedia.org/w/index.php?title=Category:日本の女性歌手&pagefrom=やまくち+ももえ\n山口百恵#mw-pages"
"唯月ふうか"," 唯月 ふうか （ゆづき ふうか、 1996年 9月8日  - ）は、 日本 の 歌手 、 アイドル 、 女優 、 声優 、 タレント 。 血液型 はA型  。愛称はふうちゃん。 ホリプロ 所属  。身長は154cm  。","川上桃子","","","( 1996-09-08 ) 1996年 9月8日 （24歳）","","ミュージカル 、 舞台","歌手 、 アイドル 、 女優 、 声優 、 タレント","","2006年 -","","","","https://ja.wikipedia.org/wiki/唯月ふうか","Category_日本の女性歌手_やまくち+ももえ","https://ja.wikipedia.org/w/index.php?title=Category:日本の女性歌手&pagefrom=やまくち+ももえ\n山口百恵#mw-pages"
"Yuma (女優)"," この記事には 複数の問題があります 。 改善 や ノートページ での議論にご協力ください。","","","","","","","","","","","","","https://ja.wikipedia.org/wiki/Yuma_(女優)","Category_日本の女性歌手_やまくち+ももえ","https://ja.wikipedia.org/w/index.php?title=Category:日本の女性歌手&pagefrom=やまくち+ももえ\n山口百恵#mw-pages"
"YUMIKO"," YUMIKO （ゆみこ、 1980年 4月1日  - ）は、 日本 の 作詞家 、 作曲家 、 ボーカリスト 、 音楽プロデューサー 、 ボイストレーナー 。ソングライターやミュージシャンを擁する音楽制作会社・フェリシティの代表取締役をつとめる  。","","","","1980年 4月1日","","アニメソング 、 J-POP","作詞家, 作曲家, ボーカリスト, 音楽プロデューサー, ボイストレーナー","","","","","","https://ja.wikipedia.org/wiki/YUMIKO","Category_日本の女性歌手_やまくち+ももえ","https://ja.wikipedia.org/w/index.php?title=Category:日本の女性歌手&pagefrom=やまくち+ももえ\n山口百恵#mw-pages"
"夢輝のあ"," 夢輝 のあ （ゆめき のあ、 1973年 3月23日 - ）は、元 宝塚歌劇団 星組 男役 スター。現在は歌手として音楽活動の他、舞台女優としても活動。室蘭ふるさと大使。","黒光 由佳（くろみつ ゆか）","","","( 1973-03-23 ) 1973年 3月23日 （48歳）","","舞台","舞台 俳優 、 歌手","","1992年 -","","","","https://ja.wikipedia.org/wiki/夢輝のあ","Category_日本の女性歌手_やまくち+ももえ","https://ja.wikipedia.org/w/index.php?title=Category:日本の女性歌手&pagefrom=やまくち+ももえ\n山口百恵#mw-pages"
"夢眠ねむ"," 夢眠 ねむ （ゆめみ ねむ、 7月14日  - ）は、 日本 の 実業家 、キャラクタープロデューサー、 映像監督  、 美術家  で、 でんぱ組.inc の元メンバー。 三重県 上野市 （現・ 伊賀市 ）出身    。愛称は ねむきゅん   。でんぱ組.incでのキャッチフレーズは「永遠の魔法少女未満」  、担当色はミントグリーンであった  。芸能界引退後は、マスコットキャラクターである「たぬきゅん」のプロデュースおよび東京・下北沢で「夢眠書店」を経営している。夫は ピン芸人 の バカリズム （ 升野英知 ）","","","日本 三重県 上野市 （現・ 伊賀市 ）   ","7月14日","","","","","","","","","https://ja.wikipedia.org/wiki/夢眠ねむ","Category_日本の女性歌手_やまくち+ももえ","https://ja.wikipedia.org/w/index.php?title=Category:日本の女性歌手&pagefrom=やまくち+ももえ\n山口百恵#mw-pages"
"柚楽弥衣"," 柚楽 弥衣 （ゆら やよい）は、 日本 の 歌手 。 東京都 出身。","","","","","","","","","","","","","https://ja.wikipedia.org/wiki/柚楽弥衣","Category_日本の女性歌手_やまくち+ももえ","https://ja.wikipedia.org/w/index.php?title=Category:日本の女性歌手&pagefrom=やまくち+ももえ\n山口百恵#mw-pages"
"YURI (歌手)"," YURI （ゆり、 8月9日 - ）は、 兵庫県 神戸市 出身  の シンガー  ・ ソングライター  であり、久保田利伸から『アジアで最高の女性シンガー』と評されていることで知られている  。自身のライヴ活動に加え、様々なアーティストのライヴツアーにて、コーラスアレンジやバッキングボーカル等を担当している。","","","日本 兵庫県 神戸市 ","","","R&B 、 ソウル 、 ファンク 、 ジャズ 、 ゴスペル 、 J-POP","シンガー 、 ソングライター","ボーカル 、 コーラス","高卒後 - アメリカ, 2006年 - 日本","","久保田利伸 、 AI 、 トータス松本 、 ドリームズ・カム・トゥルー 、 JUJU 、 チャカ・カーン 、 ダイアナ・ロス 、 LL・クール・J 、 ラルフ・ロール 、 柿崎洋一郎 、 マサ小浜 、 日野賢二","","https://ja.wikipedia.org/wiki/YURI_(歌手)","Category_日本の女性歌手_やまくち+ももえ","https://ja.wikipedia.org/w/index.php?title=Category:日本の女性歌手&pagefrom=やまくち+ももえ\n山口百恵#mw-pages"
"由利あけみ"," 由利 あけみ （ゆり あけみ、 1913年 （ 大正2年 ） 1月28日 - 2010年 （平成22年） 1月25日  ）は、 昭和 期の歌手、 声楽家 （ メゾソプラノ 、 アルト 歌手）。本名・窪谷梅子（旧姓・加藤）。","","","","","","","","","","","","","https://ja.wikipedia.org/wiki/由利あけみ","Category_日本の女性歌手_やまくち+ももえ","https://ja.wikipedia.org/w/index.php?title=Category:日本の女性歌手&pagefrom=やまくち+ももえ\n山口百恵#mw-pages"
"YURIE"," YURIE （ゆりえ、本名は深澤友梨恵、 1989年 3月8日 - ）は、日本の 歌手 ( ジャズシンガー )。 兵庫県 神戸市 出身。血液型A型。両親は 日本人 、妹は TP-SATELLITE 所属のモデルNAOMI。","深澤友梨恵","","日本 ・ 兵庫県 神戸市","( 1989-03-08 ) 1989年 3月8日 （32歳）","","ジャズ","歌手","","2009年 -","Pastel Blue Label(2015～)","","","https://ja.wikipedia.org/wiki/YURIE","Category_日本の女性歌手_やまくち+ももえ","https://ja.wikipedia.org/w/index.php?title=Category:日本の女性歌手&pagefrom=やまくち+ももえ\n山口百恵#mw-pages"
"ユリコタイガー"," ユリコタイガー/YURIKO TIGER （ 1993年 7月5日 - ）は、 イタリア の女性 コスプレイヤー 、 タレント 、 モデル 、 声優 、 女優 。本名は エレオノーラ・アウレリアーナ・グリエルミ（Eleonora Aureliana Guglielmi） 。幼い頃から大好きな日本のアニメ、マンガを見て育つ。14歳で初めて コスプレ を始め、以降18歳までコンテスト優勝16回など常に入賞を果たし、イタリアの有名人気コスプレイヤーとなる。イタリアではテレビ出演、新聞掲載、コミックのレビュー、コスプレコンテスト審査員、ビデオブログなどを行ってきた。2013年6月より日本に移り住み、2014年よりイベント、TV、CM、モデル等の活動をしている。 TWIN PLANET ENTERTAINMENT 所属。 Twitterを相互フォローした後、相手のフォローを切ることによりフォロワー数を増やしている。","","","イタリア ・ リグーリア州","1993年 7月5日","","","","","","","","","https://ja.wikipedia.org/wiki/ユリコタイガー","Category_日本の女性歌手_やまくち+ももえ","https://ja.wikipedia.org/w/index.php?title=Category:日本の女性歌手&pagefrom=やまくち+ももえ\n山口百恵#mw-pages"
"ユリサ"," yurisa （ユリサ、 1985年 7月27日 - ）は、 日本 で活動していた ファッションモデル 、 歌手 、 タレント 。旧芸名および本名は朝間ユリサ。 所属事務所 は アミューズ → ホリ・エージェンシー → キックス → ドレークエージェント。","朝間ユリサ","","日本 ・ 京都府","( 1985-07-27 ) 1985年 7月27日 （35歳）","","ダンサー","","","2001年 - 2016年","","","","https://ja.wikipedia.org/wiki/ユリサ","Category_日本の女性歌手_やまくち+ももえ","https://ja.wikipedia.org/w/index.php?title=Category:日本の女性歌手&pagefrom=やまくち+ももえ\n山口百恵#mw-pages"
"Yoonji"," ユンジ （Yoonji、 1982年 4月29日 - ）は韓国ソウル出身の歌手。本名はKang Yoonji（カン・ユンジ）。","カン・ユンジ","","韓国 ・ ソウル","( 1982-04-29 ) 1982年 4月29日 （39歳）,   韓国 ・ ソウル","","J-POP","歌手","歌","2004年 - 現在","avex trax （2004年 - 2008年 ）, I.Y.O（2012年 - ）","","","https://ja.wikipedia.org/wiki/Yoonji","Category_日本の女性歌手_やまくち+ももえ","https://ja.wikipedia.org/w/index.php?title=Category:日本の女性歌手&pagefrom=やまくち+ももえ\n山口百恵#mw-pages"
"横井久美子"," 横井 久美子 （よこい くみこ、 1944年 - 2021年 1月14日 ）は、日本の フォークシンガー であり、 シンガーソングライター でもある。事務所は 東京都 国立市 。","","","","","","","","","","","","","https://ja.wikipedia.org/wiki/横井久美子","Category_日本の女性歌手_やまくち+ももえ","https://ja.wikipedia.org/w/index.php?title=Category:日本の女性歌手&pagefrom=やまくち+ももえ\n山口百恵#mw-pages"
"横須賀ゆめな"," 横須賀 ゆめな （よこすか ゆめな、 1978年 11月14日 - ）は、元 歌手 。 北海道 札幌市 生まれ、 千葉県 松戸市 育ち。","","","","","","","","","","","","","https://ja.wikipedia.org/wiki/横須賀ゆめな","Category_日本の女性歌手_やまくち+ももえ","https://ja.wikipedia.org/w/index.php?title=Category:日本の女性歌手&pagefrom=やまくち+ももえ\n山口百恵#mw-pages"
"横田早苗"," 横田 早苗 （よこた さなえ、 1964年 7月1日 - ）は、 日本 の元アイドル 歌手 、元 女優 。本名は同じ。当時の所属 事務所 は、エイプリル・ミュージック（現・ ソニー・ミュージックアーティスツ ）、レコード会社はCBS・ソニー（現・ ソニー・ミュージックレコーズ ）。 西遠女子学園高校 出身。","","","日本 ・ 東京都 中野区","1964年 7月1日","","","","","","","","","https://ja.wikipedia.org/wiki/横田早苗","Category_日本の女性歌手_やまくち+ももえ","https://ja.wikipedia.org/w/index.php?title=Category:日本の女性歌手&pagefrom=やまくち+ももえ\n山口百恵#mw-pages"
"横山知枝"," 横山 知枝 （よこやま ちえ、 1973年 9月9日 - ）は、日本の元 タレント 、 歌手 、 女優 。","横山 知枝","","","( 1973-09-09 ) 1973年 9月9日 （47歳）","","舞台 、 映画 、 ラジオ 、 テレビ","元 タレント 、 歌手 、 女優","","1989年 - 2011年","","","","https://ja.wikipedia.org/wiki/横山知枝","Category_日本の女性歌手_やまくち+ももえ","https://ja.wikipedia.org/w/index.php?title=Category:日本の女性歌手&pagefrom=やまくち+ももえ\n山口百恵#mw-pages"
"横山玲奈"," 横山 玲奈 （よこやま れいな、 2001年 2月22日 - ）は、 日本 の歌手、アイドル。愛称は よこやん 。","","","","","","J-POP","歌手","","2016年 -","zetima","","","https://ja.wikipedia.org/wiki/横山玲奈","Category_日本の女性歌手_やまくち+ももえ","https://ja.wikipedia.org/w/index.php?title=Category:日本の女性歌手&pagefrom=やまくち+ももえ\n山口百恵#mw-pages"
"吉井香奈恵"," 吉井 香奈恵 （よしい かなえ、 1993年 4月8日 - ） は、歌手、2020年からボーカリストとしてblue but whiteに加入、元 アイドル （ 9nine ）、 17 ライバー、日本の パーソナルトレーナー 。 大阪府 出身。愛称は、 かんちゃん 。","","","日本 ・ 大阪府","1993年 4月8日","","","","","","","","","https://ja.wikipedia.org/wiki/吉井香奈恵","Category_日本の女性歌手_やまくち+ももえ","https://ja.wikipedia.org/w/index.php?title=Category:日本の女性歌手&pagefrom=やまくち+ももえ\n山口百恵#mw-pages"
"吉井美優"," 吉井美優 （よしい みゆ、 1999年 （平成11年） 3月2日  - ）は、 日本 の 女性 アイドル 、アイドルグループ・ 26時のマスカレイド のメンバー。 神奈川県 出身  。プラチナムピクセル所属。愛称は「 みぃちゃん 」。","","","日本 ・ 神奈川県","1999年 3月2日","","","","","","","","","https://ja.wikipedia.org/wiki/吉井美優","Category_日本の女性歌手_やまくち+ももえ","https://ja.wikipedia.org/w/index.php?title=Category:日本の女性歌手&pagefrom=やまくち+ももえ\n山口百恵#mw-pages"
"吉岡亜衣加"," 吉岡 亜衣加 （よしおか あいか、 1986年 12月25日  - ）は、 日本 の 女性シンガーソングライター 。 所属事務所は ロックンバナナ 、所属レーベルは ティームエンタテインメント 。 静岡県 出身  、 血液型 は AB型  。公式 ファンクラブ は「 よしおかあいかFC 」。 静岡県立袋井高等学校 を経て 東放学園 卒業。","","","日本 ・ 静岡県","( 1986-12-25 ) 1986年 12月25日 （34歳）","","","シンガーソングライター","","","ティームエンタテインメント","","","https://ja.wikipedia.org/wiki/吉岡亜衣加","Category_日本の女性歌手_やまくち+ももえ","https://ja.wikipedia.org/w/index.php?title=Category:日本の女性歌手&pagefrom=やまくち+ももえ\n山口百恵#mw-pages"
"吉岡小鼓音"," 吉岡 小鼓音 （よしおか さこと、 4月20日 - ）は、 日本 の 女優 。 神奈川県 横浜市 出身。 血液型 は O型 。 東京芸術大学 音楽学部 声楽科 卒。元『 劇団四季 』所属（ 1991年 に退団）。","","","","","","","","","","","","","https://ja.wikipedia.org/wiki/吉岡小鼓音","Category_日本の女性歌手_やまくち+ももえ","https://ja.wikipedia.org/w/index.php?title=Category:日本の女性歌手&pagefrom=やまくち+ももえ\n山口百恵#mw-pages"
"吉岡妙子"," 吉岡 妙子 （よしおか たえこ、 1928年 2月2日 - ）は、 東京都 出身の日本の 歌手 。戦後にデビューし、主に1950年代に活動した。 津村謙 とのデュエット曲「あなたと共に」（1954年）のヒットで知られる。","","","日本 東京都","( 1928-02-02 ) 1928年 2月2日 （93歳）","","歌謡曲","歌手","ボーカル","1947年 - 不明","ビクターレコード, キングレコード","","","https://ja.wikipedia.org/wiki/吉岡妙子","Category_日本の女性歌手_やまくち+ももえ","https://ja.wikipedia.org/w/index.php?title=Category:日本の女性歌手&pagefrom=やまくち+ももえ\n山口百恵#mw-pages"
"吉岡瑞希"," この記事には 複数の問題があります 。 改善 や ノートページ での議論にご協力ください。","","","","","","","","","","","","","https://ja.wikipedia.org/wiki/吉岡瑞希","Category_日本の女性歌手_やまくち+ももえ","https://ja.wikipedia.org/w/index.php?title=Category:日本の女性歌手&pagefrom=やまくち+ももえ\n山口百恵#mw-pages"
"吉開りりぃ"," 吉開 りりぃ （よしかい りりぃ、 1965年 7月29日 - ）は、 日本 の 歌手 。","吉開 芳子","","日本 、 福岡県 北九州市 小倉","( 1965-07-29 ) 1965年 7月29日 （55歳）","","J-POP 歌謡曲","シンガー","歌 ブルースハープ タンバリン","1986年 -","Bookridge Records","橋本まさし","","https://ja.wikipedia.org/wiki/吉開りりぃ","Category_日本の女性歌手_やまくち+ももえ","https://ja.wikipedia.org/w/index.php?title=Category:日本の女性歌手&pagefrom=やまくち+ももえ\n山口百恵#mw-pages"
"吉川由美"," 吉川 由美 （よしかわ ゆみ、 1967年 （ 昭和 42年） 5月5日 - ）は、 徳島県 徳島市 出身の 歌手 。 血液型 はA型。","","","","","","","","","","","","","https://ja.wikipedia.org/wiki/吉川由美","Category_日本の女性歌手_やまくち+ももえ","https://ja.wikipedia.org/w/index.php?title=Category:日本の女性歌手&pagefrom=やまくち+ももえ\n山口百恵#mw-pages"
"吉沢秋絵"," 吉沢 秋絵 （よしざわ あきえ、 1968年 10月20日 - ）は、 日本 の元 女優 ・ 歌手 である。 東京都 東村山市 生まれ、 埼玉県 狭山市 育ち。 埼玉県立狭山清陵高等学校 、 秋草学園短期大学 国文科（現日本文化表現学科）卒業。 田辺エージェンシー 、 フォーライフ・レコード に所属していた。","","","日本 ・ 東京都 東村山市","1968年 10月20日","","","","","","","","","https://ja.wikipedia.org/wiki/吉沢秋絵","Category_日本の女性歌手_やまくち+ももえ","https://ja.wikipedia.org/w/index.php?title=Category:日本の女性歌手&pagefrom=やまくち+ももえ\n山口百恵#mw-pages"
"吉沢梨絵"," 吉沢 梨絵 （よしざわ りえ、 1976年 9月25日 - ）は、日本の 歌手 、 女優 。 東京都 目黒区 出身。","","","","( 1976-09-25 ) 1976年 9月25日 （44歳）","","テレビドラマ 、 映画 、 ミュージカル","俳優 、 タレント 、 歌手","","1985年 -","","","","https://ja.wikipedia.org/wiki/吉沢梨絵","Category_日本の女性歌手_やまくち+ももえ","https://ja.wikipedia.org/w/index.php?title=Category:日本の女性歌手&pagefrom=やまくち+ももえ\n山口百恵#mw-pages"
"吉田愛璃"," 一般","","","日本 ・ 千葉県 八街市 ","1991年 3月14日","","","","","","","","","https://ja.wikipedia.org/wiki/吉田愛璃","Category_日本の女性歌手_やまくち+ももえ","https://ja.wikipedia.org/w/index.php?title=Category:日本の女性歌手&pagefrom=やまくち+ももえ\n山口百恵#mw-pages"
"吉田仁美"," 吉田 仁美 （よしだ ひとみ、 1984年 7月13日  - ）は、 日本 の 女優 、 声優 、 歌手 。 千葉県 出身  。 アミュレート 所属  。","吉田 仁美 ","","","( 1984-07-13 ) 1984年 7月13日 （36歳）","","J-POP 、 アニメソング","女優 、 声優 、 歌手","","2008年 -","日本コロムビア","ヒトミソラ, blue drops","","https://ja.wikipedia.org/wiki/吉田仁美","Category_日本の女性歌手_やまくち+ももえ","https://ja.wikipedia.org/w/index.php?title=Category:日本の女性歌手&pagefrom=やまくち+ももえ\n山口百恵#mw-pages"
"吉田真梨"," 吉田 真梨 （よしだ まり、本名：西方由香、 1957年 12月13日 - ）は、日本の女性 歌手 。 富山県 富山市出身。 堀越高等学校 卒業。 所属事務所 は CTS企画 。","西方 由香","","日本 富山県 富山市","( 1957-12-13 ) 1957年 12月13日 （63歳）","","アイドル歌謡曲","歌手","","1976年 - 1978年","CBS・ソニー","","","https://ja.wikipedia.org/wiki/吉田真梨","Category_日本の女性歌手_やまくち+ももえ","https://ja.wikipedia.org/w/index.php?title=Category:日本の女性歌手&pagefrom=やまくち+ももえ\n山口百恵#mw-pages"
"吉田由香里"," 吉田 由香里 （よしだ ゆかり、 7月7日 - ）は、日本の 歌手 、 作詞家 、 作曲家 である。 神奈川県 出身。","","","","","","","","","","","","","https://ja.wikipedia.org/wiki/吉田由香里","Category_日本の女性歌手_やまくち+ももえ","https://ja.wikipedia.org/w/index.php?title=Category:日本の女性歌手&pagefrom=やまくち+ももえ\n山口百恵#mw-pages"
"吉武千颯"," 吉武 千颯 （よしたけ ちはや、 1999年 3月28日  - ）は、 日本 の 女性 歌手 ・声優。 広島県 出身  。 Apollo Bay 所属  。","","","","( 1999-03-28 ) 1999年 3月28日 （22歳）","","","声優・歌手","","2019年 -","","","","https://ja.wikipedia.org/wiki/吉武千颯","Category_日本の女性歌手_やまくち+ももえ","https://ja.wikipedia.org/w/index.php?title=Category:日本の女性歌手&pagefrom=やまくち+ももえ\n山口百恵#mw-pages"
"吉永小百合"," 吉永 小百合 （よしなが さゆり、 1945年 （昭和20年） 3月13日  - ）は、 日本 の 女性俳優 、 歌手 である。本名、岡田 小百合（おかだ さゆり）。旧姓、吉永。 東京都 渋谷区 代々木西原町（現・西原） 出身。","岡田 小百合（旧姓吉永）","","日本 ・ 東京都 渋谷区","( 1945-03-13 ) 1945年 3月13日 （76歳）","","映画 ・ テレビドラマ ・ CM","女優 ・ 歌手 ・ ナレーター","","1957年 -","","","","https://ja.wikipedia.org/wiki/吉永小百合","Category_日本の女性歌手_やまくち+ももえ","https://ja.wikipedia.org/w/index.php?title=Category:日本の女性歌手&pagefrom=やまくち+ももえ\n山口百恵#mw-pages"
"吉野みづほ"," 吉野 みずほ （よしの みずほ、 1984年 8月17日 - ）は 茨城県 出身の 歌手 ・ タレント である。ソロアイドル活動の他、ミュージカル女優、病院に出張し院内コンサート行う病院出張アイドル、司会業などで活動。社長アイドル「 スタイリッシュハート 」、歌って踊ってマジックする、マジックアイドル「 ドリームハート 」としても活動。","","","日本 ・ 茨城県","1984年 8月17日","","","","","","","","","https://ja.wikipedia.org/wiki/吉野みづほ","Category_日本の女性歌手_やまくち+ももえ","https://ja.wikipedia.org/w/index.php?title=Category:日本の女性歌手&pagefrom=やまくち+ももえ\n山口百恵#mw-pages"
"吉野友香乃"," 吉野 友香乃 （よしの ゆかの、 1984年 10月25日 - ）は、日本の歌手（歌のお姉さん）、MC、実業家。 広島県 出身。マネジメントは スペースT  。","","","","","","","","","","","","","https://ja.wikipedia.org/wiki/吉野友香乃","Category_日本の女性歌手_やまくち+ももえ","https://ja.wikipedia.org/w/index.php?title=Category:日本の女性歌手&pagefrom=やまくち+ももえ\n山口百恵#mw-pages"
"吉原茉依香"," この記事には 複数の問題があります 。 改善 や ノートページ での議論にご協力ください。","","","日本 ･ 東京都","( 1994-08-29 ) 1994年 8月29日 （26歳）","","","","","","","","","https://ja.wikipedia.org/wiki/吉原茉依香","Category_日本の女性歌手_やまくち+ももえ","https://ja.wikipedia.org/w/index.php?title=Category:日本の女性歌手&pagefrom=やまくち+ももえ\n山口百恵#mw-pages"
"吉見佑子"," 吉見 佑子 （よしみ ゆうこ、本名：吉見裕子、 1948年 3月22日 - ）は 音楽評論家 ・ 作詞家 ・ 歌手 ・ 声優 。 大阪府 出身  。","","","","","","","","","","","","","https://ja.wikipedia.org/wiki/吉見佑子","Category_日本の女性歌手_やまくち+ももえ","https://ja.wikipedia.org/w/index.php?title=Category:日本の女性歌手&pagefrom=やまくち+ももえ\n山口百恵#mw-pages"
"吉水翔子"," 吉水 翔子 （よしみず しょうこ）は 日本 の 女性 タレント ・ 声優 ・ 歌手 ・ 女優 。","","","","","","","","","","","","","https://ja.wikipedia.org/wiki/吉水翔子","Category_日本の女性歌手_やまくち+ももえ","https://ja.wikipedia.org/w/index.php?title=Category:日本の女性歌手&pagefrom=やまくち+ももえ\n山口百恵#mw-pages"
"吉村絵梨子"," 吉村 絵梨子 （よしむら えりこ、 - ）は、 日本 の 女優 、 歌手 。 日本コロムビア に所属していた。","吉村 育子","","","","","映画 、 テレビドラマ","俳優 、 歌手","","","","","","https://ja.wikipedia.org/wiki/吉村絵梨子","Category_日本の女性歌手_やまくち+ももえ","https://ja.wikipedia.org/w/index.php?title=Category:日本の女性歌手&pagefrom=やまくち+ももえ\n山口百恵#mw-pages"
"四角佳子"," 四角 佳子 （よすみ けいこ、 1952年 3月4日 - ）は、日本の女性 歌手 。 六文銭'09 メンバー。血液型O型。 大阪府岸和田市 出身。愛称は「おけい」または「おけいさん」。","","志麻 ゆき, よしだ けいこ","日本 大阪府","( 1952-03-04 ) 1952年 3月4日 （69歳）","","フォークソング","歌手, ダンサー","歌","1968年 - 1971年, 2000年 -","フォーライフレコード","六文銭, まるで六文銭のように, おけいさんと安倍なつみ","","https://ja.wikipedia.org/wiki/四角佳子","Category_日本の女性歌手_やまくち+ももえ","https://ja.wikipedia.org/w/index.php?title=Category:日本の女性歌手&pagefrom=やまくち+ももえ\n山口百恵#mw-pages"
"四家文子"," 四家 文子 （よつや ふみこ、 1906年 （明治39年） 1月20日 - 1981年 （昭和56年） 7月16日 ）は 昭和 期の 歌手 、 声楽家 。","","藤野 豊子","日本 ・ 東京都","1906年 1月20日","( 1981-07-16 ) 1981年 7月16日 （75歳没）","","声楽家、歌手","","","ビクター","","","https://ja.wikipedia.org/wiki/四家文子","Category_日本の女性歌手_やまくち+ももえ","https://ja.wikipedia.org/w/index.php?title=Category:日本の女性歌手&pagefrom=やまくち+ももえ\n山口百恵#mw-pages"
"世手子"," 世手子 （よてこ、 1月18日 - ）は 大分県 出身の 歌手 、 シンガーソングライター 、 女優  。ガールズバンド rojide  のキーボードボーカル。 血液型 はA型。既婚。第一子妊娠中。","","","日本 大分県 大分市","???? 年 1月18日","","","シンガーソングライター, 女優","","","","","","https://ja.wikipedia.org/wiki/世手子","Category_日本の女性歌手_やまくち+ももえ","https://ja.wikipedia.org/w/index.php?title=Category:日本の女性歌手&pagefrom=やまくち+ももえ\n山口百恵#mw-pages"
"米沢泉美"," 米沢 泉美 （よねざわ いずみ、 1965年 11月22日 - ）は、 東京都 葛飾区 生まれの IT技術 者、 プログラマ 、 ライター 、 労働組合 活動家、 トランスジェンダー 活動家、元 地下アイドル 。 1999年 、 戸籍 名も女性の名前に変更。ただし、 性同一性障害特例法 施行後も、戸籍上の性別は変更していない。","","","","( 1965-11-22 ) 1965年 11月22日 （55歳）","","","IT技術 者、 プログラマ 、 ライター 、元 アイドル","","","","","","https://ja.wikipedia.org/wiki/米沢泉美","Category_日本の女性歌手_やまくち+ももえ","https://ja.wikipedia.org/w/index.php?title=Category:日本の女性歌手&pagefrom=やまくち+ももえ\n山口百恵#mw-pages"
"米澤円"," 米澤 円 （よねざわ まどか、 1982年 8月30日  - ）は、 日本 の 女性 声優 、 歌手 。 大阪府 出身  。 81プロデュース 所属  。","","","","( 1982-08-30 ) 1982年 8月30日 （38歳）","","J-POP","声優 、 歌手","","2014年 -","Victor","","","https://ja.wikipedia.org/wiki/米澤円","Category_日本の女性歌手_やまくち+ももえ","https://ja.wikipedia.org/w/index.php?title=Category:日本の女性歌手&pagefrom=やまくち+ももえ\n山口百恵#mw-pages"
"米光美保"," 米光 美保 （よねみつ みほ、 1973年 5月26日 - ）は、 日本 の 歌手 。女性アイドルグループ・ 東京パフォーマンスドール （TPD）のフロントメンバー。 広島県 東広島市 出身。愛称はよねみー、よねみっちゃん。","","","日本 ・ 広島県 東広島市","1973年 5月26日","","","","","","","","","https://ja.wikipedia.org/wiki/米光美保","Category_日本の女性歌手_やまくち+ももえ","https://ja.wikipedia.org/w/index.php?title=Category:日本の女性歌手&pagefrom=やまくち+ももえ\n山口百恵#mw-pages"
"ラズワルド"," Razwald (ラズワルド) は､ predia のメインボーカル､ 村上瑠美奈 によるソロプロジェクト。バンドセットでのライブを中心に活動している。YouTube にミュージックビデオ  が公開されているほか､オンラインショップ  で音源カードやグッズが販売されている。","","","日本 ・ 東京都","1989年 11月8日","","","","","","","","","https://ja.wikipedia.org/wiki/ラズワルド","Category_日本の女性歌手_やまくち+ももえ","https://ja.wikipedia.org/w/index.php?title=Category:日本の女性歌手&pagefrom=やまくち+ももえ\n山口百恵#mw-pages"
"蘭寿とむ"," 蘭寿 とむ （らんじゅ とむ、 1975年 8月12日 - ）は、 日本 の 女優 、 歌手 。元 宝塚歌劇団 花組 トップスター。所属事務所は ジーアールプロモーション 。","","","","( 1975-08-12 ) 1975年 8月12日 （45歳）","","宝塚 関係、 舞台","女優","","1996年 -","","","","https://ja.wikipedia.org/wiki/蘭寿とむ","Category_日本の女性歌手_やまくち+ももえ","https://ja.wikipedia.org/w/index.php?title=Category:日本の女性歌手&pagefrom=やまくち+ももえ\n山口百恵#mw-pages"
"Riico"," Riico （りぃこ、 6月26日 - ）は日本の女性ソロシンガー  、 愛知県 出身。ex. DEEP GIRL  。miuzic Entertainment所属   。","","","","","","","","","","","","","https://ja.wikipedia.org/wiki/Riico","Category_日本の女性歌手_やまくち+ももえ","https://ja.wikipedia.org/w/index.php?title=Category:日本の女性歌手&pagefrom=やまくち+ももえ\n山口百恵#mw-pages"
"Reamleep"," reamleep （リームリープ）はボーカル mee （みー）による日本のソロシンガー名。 日本 の アイドル 、歌手。meeは激情型ロックアイドル「 AKIARIM 」のメンバーとしても活動している。","","","","4月9日","","","シンガー、アイドル","","","","","","https://ja.wikipedia.org/wiki/Reamleep","Category_日本の女性歌手_やまくち+ももえ","https://ja.wikipedia.org/w/index.php?title=Category:日本の女性歌手&pagefrom=やまくち+ももえ\n山口百恵#mw-pages"
"劉亦菲"," 劉 亦菲 （ リウ・イーフェイ 、Liu Yifei、 1987年 8月25日 - ）は、 中国 出身の 女優 、 歌手 。本名は 劉 茜美子 （リウ・シーメイズー）。身長は170cm、 血液型 はB型、国籍は 米国 。","","Crystal Liu","日本 ","安风, ( 1987-08-25 ) 1987年 8月25日 （33歳）,   中国 湖北省 武漢市","","マンドポップ, J-POP","女優, 歌手, モデル","歌唱","2002年　–","Sony Japan","","","https://ja.wikipedia.org/wiki/劉亦菲","Category_日本の女性歌手_やまくち+ももえ","https://ja.wikipedia.org/w/index.php?title=Category:日本の女性歌手&pagefrom=やまくち+ももえ\n山口百恵#mw-pages"
"RYEKA"," この記事には 複数の問題があります 。 改善 や ノートページ での議論にご協力ください。","","","","","","","","","","","","","https://ja.wikipedia.org/wiki/RYEKA","Category_日本の女性歌手_やまくち+ももえ","https://ja.wikipedia.org/w/index.php?title=Category:日本の女性歌手&pagefrom=やまくち+ももえ\n山口百恵#mw-pages"
"LIKKLE MAI"," LIKKLE MAI （リクル・マイ）は、 日本 の レゲエ 歌手 。 女性 。 岩手県 宮古市 出身。MK MuziK、Hanx Records所属。","","","","","","","","","","","","","https://ja.wikipedia.org/wiki/LIKKLE_MAI","Category_日本の女性歌手_やまくち+ももえ","https://ja.wikipedia.org/w/index.php?title=Category:日本の女性歌手&pagefrom=やまくち+ももえ\n山口百恵#mw-pages"
"リサ長尾"," リサ長尾 （りさながお）は、 日本 の女性 歌手 。 日本歌手協会 会員、 日本ラテンアメリカ音楽協会 会員、 長尾ピアノアカデミー 院長。 ラテン ボーカリスト として、日本橋 三越劇場 、 ラテンフェスティバル 、 東京都都民芸術祭 、 横浜アリーナ ライブ 等、数多くのステージで活躍。また、毎年後援会主催の リサイタル も開催している。","","","","","","","","","","","","","https://ja.wikipedia.org/wiki/リサ長尾","Category_日本の女性歌手_やまくち+ももえ","https://ja.wikipedia.org/w/index.php?title=Category:日本の女性歌手&pagefrom=やまくち+ももえ\n山口百恵#mw-pages"
"理多"," 理多 （りた、 3月25日  - ）は、 日本 の 女性 声優 、 歌手 。 大阪府 吹田市 出身。身長151cm。","","","","","","アダルトゲームソング","声優 、 歌手","","2002年 -","ティームエンタテインメント, Lantis","Blueberry & Yogurt","","https://ja.wikipedia.org/wiki/理多","Category_日本の女性歌手_やまくち+ももえ","https://ja.wikipedia.org/w/index.php?title=Category:日本の女性歌手&pagefrom=やまくち+ももえ\n山口百恵#mw-pages"
"立夏 (歌手)"," 立夏 （ricca、りっか）は、 日本 の 女性 歌手 兼 タレント 。 大阪府 出身  。誕生日7月2日（年齢非公表）。","","","日本 ・ 大阪府","","","ロック 、 J-POP","歌手 、 タレント 、 モデル","","2011年 -","","","","https://ja.wikipedia.org/wiki/立夏_(歌手)","Category_日本の女性歌手_やまくち+ももえ","https://ja.wikipedia.org/w/index.php?title=Category:日本の女性歌手&pagefrom=やまくち+ももえ\n山口百恵#mw-pages"
"RIKKI"," RIKKI （りっき、本名： 中野 律紀 （なかの りつき）  1975年 1月19日  - ）は、 鹿児島県 ・ 大島郡 瀬戸内町 （ 奄美大島 ）出身  の女性 唄者 で、ポップス 歌手 。","","","","","","","","","","","","","https://ja.wikipedia.org/wiki/RIKKI","Category_日本の女性歌手_やまくち+ももえ","https://ja.wikipedia.org/w/index.php?title=Category:日本の女性歌手&pagefrom=やまくち+ももえ\n山口百恵#mw-pages"
"理芽"," 理芽 （りめ、RIM）は、 日本 の 歌手 、バーチャルシンガー。 KAMITSUBAKI STUDIO 所属。","","","","日本","","音楽","歌手 、バーチャルシンガー","","2019年 10月18日 -","","","","https://ja.wikipedia.org/wiki/理芽","Category_日本の女性歌手_やまくち+ももえ","https://ja.wikipedia.org/w/index.php?title=Category:日本の女性歌手&pagefrom=やまくち+ももえ\n山口百恵#mw-pages"
"龍真咲"," 龍 真咲 （りゅう まさき、 12月18日   - ）は、 日本 の 女優 ・ 歌手 。元 宝塚歌劇団 月組 トップスター     。","","","","12月18日","","舞台","女優 ・ 歌手","","2001年 -","","","","https://ja.wikipedia.org/wiki/龍真咲","Category_日本の女性歌手_やまくち+ももえ","https://ja.wikipedia.org/w/index.php?title=Category:日本の女性歌手&pagefrom=やまくち+ももえ\n山口百恵#mw-pages"
"涼ユキノ"," ビーイング (2015年～2018年)","","","日本 茨城県","1997年 12月8日","","","","","","","","","https://ja.wikipedia.org/wiki/涼ユキノ","Category_日本の女性歌手_やまくち+ももえ","https://ja.wikipedia.org/w/index.php?title=Category:日本の女性歌手&pagefrom=やまくち+ももえ\n山口百恵#mw-pages"
"リョマル"," リョマル （りょまる、1月14日 - ）は日本の女性ソロシンガーソングライター、 東京都 出身。ex. CoverGirls 、元 りり 。","","","","","","","","","","","","","https://ja.wikipedia.org/wiki/リョマル","Category_日本の女性歌手_やまくち+ももえ","https://ja.wikipedia.org/w/index.php?title=Category:日本の女性歌手&pagefrom=やまくち+ももえ\n山口百恵#mw-pages"
"RiRi (歌手)"," RiRi （リリ、 1959年 - ）は、 天津 生まれの女性 歌手 。 1992年 に 張 麗華 （チョウ レイカ）から 麗麗 （リリ）に改名  。1995年頃には Lili 表記で活動していた。","","","","","","","","","","","","","https://ja.wikipedia.org/wiki/RiRi_(歌手)","Category_日本の女性歌手_やまくち+ももえ","https://ja.wikipedia.org/w/index.php?title=Category:日本の女性歌手&pagefrom=やまくち+ももえ\n山口百恵#mw-pages"
"RiRiKA"," RiRiKA （りりか、 1984年 12月26日  - ）は、 日本 の 歌手 、 女優 。元 宝塚歌劇団 花組 の娘役。","","","","","","","","","","","","","https://ja.wikipedia.org/wiki/RiRiKA","Category_日本の女性歌手_やまくち+ももえ","https://ja.wikipedia.org/w/index.php?title=Category:日本の女性歌手&pagefrom=やまくち+ももえ\n山口百恵#mw-pages"
"梨花"," 梨花 （りんか、本名（旧姓）、根中 千恵子（ねなか ちえこ）  、 1973年 5月21日  - ）は、 日本 の ファッションモデル 、 タレント 、 歌手 。","","","日本 ・ 東京都","1973年 5月21日","","","","","","","","","https://ja.wikipedia.org/wiki/梨花","Category_日本の女性歌手_やまくち+ももえ","https://ja.wikipedia.org/w/index.php?title=Category:日本の女性歌手&pagefrom=やまくち+ももえ\n山口百恵#mw-pages"
"Ring (歌手)"," Ring （リング（リン）、 女性 、 1984年 10月31日 -、）は 台湾 彰化県 出身の元 歌手 。本名は 林 楡涵 。","","","  中華民国 (台湾) ・ 彰化県","( 1984-10-31 ) 1984年 10月31日","","C-POP 、 J-POP","歌手","","1997年 – 1999年","ソニー・ミュージックアソシエイテッドレコーズ","","","https://ja.wikipedia.org/wiki/Ring_(歌手)","Category_日本の女性歌手_やまくち+ももえ","https://ja.wikipedia.org/w/index.php?title=Category:日本の女性歌手&pagefrom=やまくち+ももえ\n山口百恵#mw-pages"
"Rujie"," この記事には 複数の問題があります 。 改善 や ノートページ での議論にご協力ください。","","","","","","","","","","","","","https://ja.wikipedia.org/wiki/Rujie","Category_日本の女性歌手_やまくち+ももえ","https://ja.wikipedia.org/w/index.php?title=Category:日本の女性歌手&pagefrom=やまくち+ももえ\n山口百恵#mw-pages"
"Lucifer Luscious Violenoue"," LUCIFER LUSCIOUS Violenoué （ルシファー・ラセス・ヴィオルヌ、 7月7日  - ）は、 日本 の ミュージシャン で、 ゴシック・ロック バンド ・ GILLE' LOVES （のちに FICTION ）のヴォーカリスト  。血液型はA型  。作詞作曲、楽曲とリンクする小説の執筆、PV制作、ジャケットの写真撮影、自分で立ち上げたレーベルで流通までも一人で手がけていた  。","","","","","","","","","","","","","https://ja.wikipedia.org/wiki/Lucifer_Luscious_Violenoue","Category_日本の女性歌手_やまくち+ももえ","https://ja.wikipedia.org/w/index.php?title=Category:日本の女性歌手&pagefrom=やまくち+ももえ\n山口百恵#mw-pages"
"令多映子"," 令 多映子 （れい たえこ、本名： 柴田 妙子 （しばた たえこ）、 ( 1959-09-19 ) 1959年 9月19日 （61歳） - ）は、 大阪 出身の女性 ゴスペル シンガー 。","","","","","","","","","","","","","https://ja.wikipedia.org/wiki/令多映子","Category_日本の女性歌手_やまくち+ももえ","https://ja.wikipedia.org/w/index.php?title=Category:日本の女性歌手&pagefrom=やまくち+ももえ\n山口百恵#mw-pages"
"REIKA"," REIKA （本名： 井上 麗花 （いのうえ れいか）、 3月14日 - ）は、 東京都 出身の 歌手 ・ 声優 。代表作に『 あすか120% シリーズ』他。株式会社 TAB と有限会社 TABプロダクション の 代表取締役 社長 を兼任している。","井上 麗花","","","","","","","","1990年 -","","","","https://ja.wikipedia.org/wiki/REIKA","Category_日本の女性歌手_やまくち+ももえ","https://ja.wikipedia.org/w/index.php?title=Category:日本の女性歌手&pagefrom=やまくち+ももえ\n山口百恵#mw-pages"
"れいか (歌手)"," れいか （本名： 大下 礼子 、 3月1日 - ）は、 日本 の 歌手 。 兵庫県 出身。血液型B型。","大下 礼子","","日本 兵庫県","","","歌謡曲 、 ポップス","歌手","","","日本クラウン","","","https://ja.wikipedia.org/wiki/れいか_(歌手)","Category_日本の女性歌手_やまくち+ももえ","https://ja.wikipedia.org/w/index.php?title=Category:日本の女性歌手&pagefrom=やまくち+ももえ\n山口百恵#mw-pages"
"Rei(c)hi"," Rei©️hi （れいち、 2000年 1月18日 - ）は、日本の女性 歌手 、 ラッパー 。 大阪府 出身。「©️」は コピーライトマーク が正式表記。","","","日本 ・ 大阪府","( 2000-01-18 ) 2000年 1月18日 （21歳）","","ヒップホップ","歌手, ラッパー","","","SONIC GROOVE, （ 2018年 - ）","","","https://ja.wikipedia.org/wiki/Rei(c)hi","Category_日本の女性歌手_やまくち+ももえ","https://ja.wikipedia.org/w/index.php?title=Category:日本の女性歌手&pagefrom=やまくち+ももえ\n山口百恵#mw-pages"
"Leonn"," leonn （レオン、女性、 1981年 8月15日 - ）は、 日本 の 作詞家 、 ボーカリスト  、 アーティスト 、 小説家 （ 携帯 小説家）  。 大阪府 出身。","","","日本 ・ 大阪府","","","","作詞家, ボーカリスト, 小説家 （携帯小説家）","","2003年 -","aspasia（2007年）","","","https://ja.wikipedia.org/wiki/Leonn","Category_日本の女性歌手_やまくち+ももえ","https://ja.wikipedia.org/w/index.php?title=Category:日本の女性歌手&pagefrom=やまくち+ももえ\n山口百恵#mw-pages"
"Lecca"," lecca （レッカ、 1979年 2月26日  - ）は、 日本 の女性 レゲエ 歌手 、 政治家 。 立憲民主党 所属の 東京都議会議員 （1期）。本名、 斎藤 礼伊奈 （さいとう れいな）、政治活動時の通称で 斉藤 れいな を用いている。 東京都 江東区 出身、 多摩市 在住  。 早稲田大学 政治経済学部 政治学科 卒業  。自身のラジオ番組を持つ 北海道 にて人気を獲得したのち、2009年に発表した『 For You 』 （フォー・ユー） という楽曲でブレイクした  。","","斎藤礼伊奈","日本 ・ 東京都 江東区","( 1979-02-26 ) 1979年 2月26日 （42歳）, 日本 ・ 東京都 江東区","","レゲエ","","","2000年 -","cutting edge","","","https://ja.wikipedia.org/wiki/Lecca","Category_日本の女性歌手_やまくち+ももえ","https://ja.wikipedia.org/w/index.php?title=Category:日本の女性歌手&pagefrom=やまくち+ももえ\n山口百恵#mw-pages"
"REMI (歌手)"," REMI （れみ、 1月6日 生）は、日本の女性歌手。 東京都 出身。 Sound Horizon の2期サポートメンバーとしても活動中。映画、 TVアニメ などの劇伴に多数参加している。","","","","","","","","","","","","","https://ja.wikipedia.org/wiki/REMI_(歌手)","Category_日本の女性歌手_やまくち+ももえ","https://ja.wikipedia.org/w/index.php?title=Category:日本の女性歌手&pagefrom=やまくち+ももえ\n山口百恵#mw-pages"
"セーラ・ロウエル"," セーラ・ロウエル （SARAH VERA LOWELL  、 1960年 12月30日 - 2011年 6月28日 ）は、 タレント ・ モデル 。血液型・A型。本名・ 石井セーラ （いしいセーラ）   。初期の一時期は セーラ という名で活動していた。","石井 セーラ","","","( 1960-12-30 ) 1960年 12月30日","","","ファッションモデル 、 女優 、, ディスクジョッキー","","1973年 - 1987年, 2008年 - 2011年","","","","https://ja.wikipedia.org/wiki/セーラ・ロウエル","Category_日本の女性歌手_やまくち+ももえ","https://ja.wikipedia.org/w/index.php?title=Category:日本の女性歌手&pagefrom=やまくち+ももえ\n山口百恵#mw-pages"
"ソニア・ローザ"," この記事には 複数の問題があります 。 改善 や ノートページ での議論にご協力ください。","","","","","","","","","","","","","https://ja.wikipedia.org/wiki/ソニア・ローザ","Category_日本の女性歌手_やまくち+ももえ","https://ja.wikipedia.org/w/index.php?title=Category:日本の女性歌手&pagefrom=やまくち+ももえ\n山口百恵#mw-pages"
"ローラ (モデル)"," ローラ （ 1990年 3月30日 - ）  は、 アメリカ合衆国 ・ ロサンゼルス を拠点に  活動する バラエティタレント 、 ファッションモデル  、 歌手 。","","","日本 ・ 東京都 多摩市","1990年 3月30日","","","","","","","","","https://ja.wikipedia.org/wiki/ローラ_(モデル)","Category_日本の女性歌手_やまくち+ももえ","https://ja.wikipedia.org/w/index.php?title=Category:日本の女性歌手&pagefrom=やまくち+ももえ\n山口百恵#mw-pages"
"ロビーナ (歌手)"," この記事には 複数の問題があります 。 改善 や ノートページ での議論にご協力ください。","","","","","","","","","","","","","https://ja.wikipedia.org/wiki/ロビーナ_(歌手)","Category_日本の女性歌手_やまくち+ももえ","https://ja.wikipedia.org/w/index.php?title=Category:日本の女性歌手&pagefrom=やまくち+ももえ\n山口百恵#mw-pages"
"LOMI"," LOMI （ろみ）は所属フリーのロックエンターテイナーアーティストとしてソロ活動中。 歌手 、 ナレーター 、 声優 である。3月14日生まれ、 血液型 はO型で、出身は 東京都 。","","","","3月14日","","","歌手 、 ナレーター 、 声優","","","","","","https://ja.wikipedia.org/wiki/LOMI","Category_日本の女性歌手_やまくち+ももえ","https://ja.wikipedia.org/w/index.php?title=Category:日本の女性歌手&pagefrom=やまくち+ももえ\n山口百恵#mw-pages"
"若井久美子"," 若井 久美子 （わかい くみこ、 1984年 10月3日 - ）は、 日本 の 女優 ・ 歌手 である。","","","","( 1984-10-03 ) 1984年 10月3日 （36歳）","","舞台","女優 、 歌手","","2013～","","","","https://ja.wikipedia.org/wiki/若井久美子","Category_日本の女性歌手_やまくち+ももえ","https://ja.wikipedia.org/w/index.php?title=Category:日本の女性歌手&pagefrom=やまくち+ももえ\n山口百恵#mw-pages"
"若井万友美"," この記事には 複数の問題があります 。 改善 や ノートページ での議論にご協力ください。","","","","","","","","","","","","","https://ja.wikipedia.org/wiki/若井万友美","Category_日本の女性歌手_やまくち+ももえ","https://ja.wikipedia.org/w/index.php?title=Category:日本の女性歌手&pagefrom=やまくち+ももえ\n山口百恵#mw-pages"
"若林マリ子"," 若林マリ子 （わかばやし まりこ）は、日本の 歌手 、 シンガーソングライター である。","","","","","","","","","","","","","https://ja.wikipedia.org/wiki/若林マリ子","Category_日本の女性歌手_やまくち+ももえ","https://ja.wikipedia.org/w/index.php?title=Category:日本の女性歌手&pagefrom=やまくち+ももえ\n山口百恵#mw-pages"
"若原春江"," 若原 春江 （わかはら はるえ、 1919年 5月14日 - 1996年 10月6日 ）は、日本の 女優 、 歌手 である。本名、 斎藤 昌子 （さいとう まさこ）。旧芸名は 和歌山 小浪 （わかやま こなみ）、および 和歌浦 小浪 （わかうら こなみ）  。","斎藤 昌子","","","( 1919-05-14 ) 1919年 5月14日","","サイレント映画 、 トーキー","女優 、 歌手","","1935年 - 1960年","","","","https://ja.wikipedia.org/wiki/若原春江","Category_日本の女性歌手_やまくち+ももえ","https://ja.wikipedia.org/w/index.php?title=Category:日本の女性歌手&pagefrom=やまくち+ももえ\n山口百恵#mw-pages"
"和木ちえり"," 和木 ちえり （わき ちえり、 1964年 9月2日 - ）は、スターライズ所属の歌手・タレント。 神奈川県 出身。","","","","","","","","","","","","","https://ja.wikipedia.org/wiki/和木ちえり","Category_日本の女性歌手_やまくち+ももえ","https://ja.wikipedia.org/w/index.php?title=Category:日本の女性歌手&pagefrom=やまくち+ももえ\n山口百恵#mw-pages"
"和田加奈子"," 和田 加奈子 （わだ かなこ、 1961年 10月28日 - ）は、 日本 の 歌手 ・ 作詞家 である。出生名は同じ。再婚後の本名は 眞木 加奈子 （まき かなこ）。","","","","( 1961-10-28 ) 1961年 10月28日 （59歳）","","","歌手 ・ 作詞家","ボーカル","1985年 - 1991年","東芝EMI","","","https://ja.wikipedia.org/wiki/和田加奈子","Category_日本の女性歌手_やまくち+ももえ","https://ja.wikipedia.org/w/index.php?title=Category:日本の女性歌手&pagefrom=やまくち+ももえ\n山口百恵#mw-pages"
"渡辺かおり"," 渡辺 かおり （わたなべ かおり、- ）は、 日本 の 童謡歌手 。","","かおりおねえさん","日本","","","童謡","","歌","","","","","https://ja.wikipedia.org/wiki/渡辺かおり","Category_日本の女性歌手_やまくち+ももえ","https://ja.wikipedia.org/w/index.php?title=Category:日本の女性歌手&pagefrom=やまくち+ももえ\n山口百恵#mw-pages"
"渡辺かおる"," この記事には 複数の問題があります 。 改善 や ノートページ での議論にご協力ください。","","","","","","","","","","","","","https://ja.wikipedia.org/wiki/渡辺かおる","Category_日本の女性歌手_やまくち+ももえ","https://ja.wikipedia.org/w/index.php?title=Category:日本の女性歌手&pagefrom=やまくち+ももえ\n山口百恵#mw-pages"
"渡部紫緒"," 渡部 紫緒 （わたなべ しお、1月24日 - ）は、 日本 で活動するミュージッククリエイター&アーティスト。所属事務所は アッシュバニー 。","","","","","","","","","","","","","https://ja.wikipedia.org/wiki/渡部紫緒","Category_日本の女性歌手_やまくち+ももえ","https://ja.wikipedia.org/w/index.php?title=Category:日本の女性歌手&pagefrom=やまくち+ももえ\n山口百恵#mw-pages"
"渡辺千秋 (歌手)"," 渡辺 千秋 （わたなべ ちあき、 1968年 10月16日 - ）は、 日本 の元 女優 、元 歌手 である。 1990年代 は 渡辺ちあき の名で活動していた。","渡辺 千秋","","","( 1968-10-16 ) 1968年 10月16日 （52歳）","","歌手 、 女優","","","1983年 - 1992年","","","","https://ja.wikipedia.org/wiki/渡辺千秋_(歌手)","Category_日本の女性歌手_やまくち+ももえ","https://ja.wikipedia.org/w/index.php?title=Category:日本の女性歌手&pagefrom=やまくち+ももえ\n山口百恵#mw-pages"
"わたなべちひろ"," わたなべ ちひろ （ 2004年 4月10日 - ）は、 日本 の シンガー 、 ミュージシャン 。","わたなべ ちひろ","","日本 東京都","( 2004-04-10 ) 2004年 4月10日 （17歳）","","J-POP, ソウル","","ボーカル, キーボード, パーカッション","","","","","https://ja.wikipedia.org/wiki/わたなべちひろ","Category_日本の女性歌手_やまくち+ももえ","https://ja.wikipedia.org/w/index.php?title=Category:日本の女性歌手&pagefrom=やまくち+ももえ\n山口百恵#mw-pages"
"渡辺友子"," 渡辺 友子 （わたなべ ともこ、 1944年 11月16日 - ）は、 日本 の 歌手 、 タレント 。ROY Entertainment japan 所属。 東京都 豊島区 出身。旧芸名＝渡辺トモコ、渡辺ともこ。娘は元 女優 の藤尾美紀、藤尾亜紀。元夫は ジェリー藤尾 。","","","","","","","","","","","","","https://ja.wikipedia.org/wiki/渡辺友子","Category_日本の女性歌手_やまくち+ももえ","https://ja.wikipedia.org/w/index.php?title=Category:日本の女性歌手&pagefrom=やまくち+ももえ\n山口百恵#mw-pages"
"渡辺直子"," 渡辺 直子 （わたなべ なおこ、 1946年 2月14日 - 本名・ 料治直子 （りょうじ なおこ））は、日本の 歌手 、 タレント 。元 フジテレビジョン アナウンサー 。夫は TBS で報道記者として活躍した 料治直矢 。","","","","","","","","","","","","","https://ja.wikipedia.org/wiki/渡辺直子","Category_日本の女性歌手_やまくち+ももえ","https://ja.wikipedia.org/w/index.php?title=Category:日本の女性歌手&pagefrom=やまくち+ももえ\n山口百恵#mw-pages"
"渡辺典子 (童謡歌手)"," 渡辺 典子 （わたなべ のりこ、 1945年 4月25日  - 1994年以前 ）は、日本の歌手。 1950年代 に活躍した 童謡歌手 である。 東京都 豊島区 出身  。","","","","( 1945-04-25 ) 1945年 4月25日","","","童謡歌手 ・女優・雑誌表紙モデル・CMタレント","","","","","","https://ja.wikipedia.org/wiki/渡辺典子_(童謡歌手)","Category_日本の女性歌手_やまくち+ももえ","https://ja.wikipedia.org/w/index.php?title=Category:日本の女性歌手&pagefrom=やまくち+ももえ\n山口百恵#mw-pages"
"渡辺はま子"," 渡辺 はま子 （わたなべ はまこ、 1910年 （明治43年） 10月27日  - 1999年 （平成11年） 12月31日  ）は戦前から戦後にかけて活躍した日本の流行歌手。 神奈川県 横浜市  平沼 出身。本名 加藤 濱子  。生涯横浜で過ごした。愛称は「おはまさん」。","加藤 濱子","","日本 神奈川県 横浜市","1910年 10月27日","( 1999-12-31 ) 1999年 12月31日 （89歳没）","歌謡曲","歌手","歌","1933年 - 1989年","ビクター, 日本コロムビア","","","https://ja.wikipedia.org/wiki/渡辺はま子","Category_日本の女性歌手_やまくち+ももえ","https://ja.wikipedia.org/w/index.php?title=Category:日本の女性歌手&pagefrom=やまくち+ももえ\n山口百恵#mw-pages"
"渡辺まあり"," 渡辺 まあり （わたなべ まあり、 1989年 8月2日 - ）は、 日本 の アイドル であり、 女性アイドルユニット 『 チェリーブロッサム 』、『 アリス十番 』、『 トッピング☆ガールズ 』のメンバーである。愛称は まありん 。","非公開","","","( 1989-08-02 ) 1989年 8月2日 （31歳）","","","アイドル 、 歌手","","2011年 -","","","","https://ja.wikipedia.org/wiki/渡辺まあり","Category_日本の女性歌手_やまくち+ももえ","https://ja.wikipedia.org/w/index.php?title=Category:日本の女性歌手&pagefrom=やまくち+ももえ\n山口百恵#mw-pages"
"渡辺真美"," 渡辺（渡邊） 真美 （わたなべ まみ、 1969年 9月22日 - ）は、 日本 の 歌手 。元 B.B.クィーンズ 、 Mi-Ke のメンバーで コーラス 担当。音楽制作における名前は JanMei （チャンメイ、真美の広東語読み）。2016年3月より 麻宮 百 （まみや もも）として活動する。","","JanMei（チャンメイ）, 麻宮 百（まみや もも）","日本 東京都 両国","( 1969-09-22 ) 1969年 9月22日 （51歳）","","","歌手","","","","","","https://ja.wikipedia.org/wiki/渡辺真美","Category_日本の女性歌手_やまくち+ももえ","https://ja.wikipedia.org/w/index.php?title=Category:日本の女性歌手&pagefrom=やまくち+ももえ\n山口百恵#mw-pages"
"渡辺麻友"," 渡辺 麻友 （わたなべ まゆ、 1994年 〈 平成 6年〉 3月26日 - ）は、 日本 の元 女優 、元 歌手 である。女性アイドルグループ・ AKB48 の元メンバーで、 愛称 は まゆゆ    。 埼玉県 出身   。 プロダクション尾木 （業務提携： Mama&Son ）に所属していた    。身長156 cm   。血液型は AB型  。","","","日本 ・ 埼玉県","( 1994-03-26 ) 1994年 3月26日 （27歳）","","テレビドラマ 、 舞台","女優 、 歌手","","2007年 - 2020年","","","","https://ja.wikipedia.org/wiki/渡辺麻友","Category_日本の女性歌手_やまくち+ももえ","https://ja.wikipedia.org/w/index.php?title=Category:日本の女性歌手&pagefrom=やまくち+ももえ\n山口百恵#mw-pages"
"渡辺マリ"," 渡辺 マリ （わたなべ まり、 1942年 11月28日 - ）は、 日本 の 歌手 。本名、 渡辺 智美 。 埼玉県 さいたま市 （旧 浦和市 ）出身。","","","","","","","","","","","","","https://ja.wikipedia.org/wiki/渡辺マリ","Category_日本の女性歌手_やまくち+ももえ","https://ja.wikipedia.org/w/index.php?title=Category:日本の女性歌手&pagefrom=やまくち+ももえ\n山口百恵#mw-pages"
"渡辺満里奈"," 渡辺 満里奈 （わたなべ まりな、 1970年 11月18日 - ）は、 日本 の 女性タレント 、 司会者 、 歌手 。","","","日本 ・ 東京都 大田区","1970年 11月18日","","タレント 、 司会者","","","","","","","https://ja.wikipedia.org/wiki/渡辺満里奈","Category_日本の女性歌手_やまくち+ももえ","https://ja.wikipedia.org/w/index.php?title=Category:日本の女性歌手&pagefrom=やまくち+ももえ\n山口百恵#mw-pages"
"渡辺光子"," 渡辺 光子 （わたなべみつこ、 1906年 （ 明治 39年）4月11日 - 2003年 （ 平成 15年））は昭和期の歌手。 他に 和田春子 等､多くの芸名がある。","","","","","","","","","","","","","https://ja.wikipedia.org/wiki/渡辺光子","Category_日本の女性歌手_やまくち+ももえ","https://ja.wikipedia.org/w/index.php?title=Category:日本の女性歌手&pagefrom=やまくち+ももえ\n山口百恵#mw-pages"
"渡邊美和"," 大阪府河内長野市生まれ。ピアノ講師の姉の影響で５歳からクラシックピアノを習うも練習に飽き、映画音楽や現代音楽、ポップソングなどを好んで弾くようになる。中学時代は吹奏楽部で フルート を担当し各地の大会で表彰される。","","","","","","","","","","","","","https://ja.wikipedia.org/wiki/渡邊美和","Category_日本の女性歌手_やまくち+ももえ","https://ja.wikipedia.org/w/index.php?title=Category:日本の女性歌手&pagefrom=やまくち+ももえ\n山口百恵#mw-pages"
"渡辺めぐみ"," 渡辺 めぐみ （わたなべ めぐみ、 1964年 1月24日 - ）は、 日本 の 女優 、 タレント である。血液型O型  。","","","","( 1964-01-24 ) 1964年 1月24日 （57歳）","","","俳優","","","","","","https://ja.wikipedia.org/wiki/渡辺めぐみ","Category_日本の女性歌手_やまくち+ももえ","https://ja.wikipedia.org/w/index.php?title=Category:日本の女性歌手&pagefrom=やまくち+ももえ\n山口百恵#mw-pages"
"綿引さやか"," 綿引 さやか （わたびき さやか、 1986年 5月20日 - ）は、 日本 の ミュージカル女優 ・ 歌手 である。","","","","( 1986-05-20 ) 1986年 5月20日 （35歳）","","舞台","女優 、 歌手","","","","","","https://ja.wikipedia.org/wiki/綿引さやか","Category_日本の女性歌手_やまくち+ももえ","https://ja.wikipedia.org/w/index.php?title=Category:日本の女性歌手&pagefrom=やまくち+ももえ\n山口百恵#mw-pages"
"渡部照代"," 渡部　照代 （わたなべ　てるよ、 1972年 4月7日 - ）は、日本の 女優 、 女性歌手 、 ダンサー 。","","","日本 ・","1972年 4月7日","","ファッション","","","","","","","https://ja.wikipedia.org/wiki/渡部照代","Category_日本の女性歌手_やまくち+ももえ","https://ja.wikipedia.org/w/index.php?title=Category:日本の女性歌手&pagefrom=やまくち+ももえ\n山口百恵#mw-pages"
"鰐淵晴子"," 鰐淵 晴子 （わにぶち はるこ、 1945年 4月22日 ‐ ）は、日本の 女優 ・ 歌手 ・ ヴァイオリニスト 。 東京都 生まれ。 大西学園高校 卒業  。身長165cm、体重48kg  。アートプロモーション所属。 2007年 までは アクターズプロモーション に所属していた  。","","","","( 1945-04-22 ) 1945年 4月22日 （76歳）","","映画 ・ テレビドラマ","女優 ・ 歌手 ・ バイオリニスト","","","","","","https://ja.wikipedia.org/wiki/鰐淵晴子","Category_日本の女性歌手_やまくち+ももえ","https://ja.wikipedia.org/w/index.php?title=Category:日本の女性歌手&pagefrom=やまくち+ももえ\n山口百恵#mw-pages"
"各国の女性歌手"," 各国の女性 歌手 に関するカテゴリ。","","","","","","","","","","","","","https://ja.wikipedia.org/wiki/Category:各国の女性歌手","Category_日本の女性歌手_やまくち+ももえ","https://ja.wikipedia.org/w/index.php?title=Category:日本の女性歌手&pagefrom=やまくち+ももえ\n山口百恵#mw-pages"
"日本の歌手"," このカテゴリ下にあるページは、該当する適切なサブカテゴリに移動してください。","","","","","","","","","","","","","https://ja.wikipedia.org/wiki/Category:日本の歌手","Category_日本の女性歌手_やまくち+ももえ","https://ja.wikipedia.org/w/index.php?title=Category:日本の女性歌手&pagefrom=やまくち+ももえ\n山口百恵#mw-pages"
"日本の女性音楽家"," 日本の女性音楽家に関するカテゴリ。","","","","","","","","","","","","","https://ja.wikipedia.org/wiki/Category:日本の女性音楽家","Category_日本の女性歌手_やまくち+ももえ","https://ja.wikipedia.org/w/index.php?title=Category:日本の女性歌手&pagefrom=やまくち+ももえ\n山口百恵#mw-pages"
