﻿"タイトル","コメント","出生名","別名","出身地","生誕","死没","ジャンル","職業","担当楽器","活動期間","レーベル","共同作業者","メンバー","URL","親リストタイトル","親リストURL"
"龍之介"," 龍之介 （りゅうのすけ、男性、 1978年 1月4日 - ）は、 日本 の シンガーソングライター 。 千葉県 出身  。","","","日本 千葉県","( 1978-01-04 ) 1978年 1月4日 （43歳）","","","シンガーソングライター","","2000年 -","ビクターエンタテインメント （2000年 - 2004年） UNBALANCE（2005年-）","","","https://ja.wikipedia.org/wiki/龍之介","Category_日本の男性シンガーソングライター_りゆうのすけ","https://ja.wikipedia.org/w/index.php?title=Category:日本の男性シンガーソングライター&pagefrom=りゆうのすけ\n龍之介#mw-pages"
"RYOEI"," RYOEI （リョウエイ、本名： 池間 良栄 （いけま りょうえい）  、 1980年 12月16日 - ）は、 日本 の シンガーソングライター 、 作曲家 である。","池間 良栄（いけま りょうえい）","","日本 ・ 沖縄県 石垣市","( 1980-12-16 ) 1980年 12月16日 （40歳）","","J-POP ・ 沖縄音楽 ・ ROCK","歌手","歌 ・ ギター ・ 三線","2003年 -","よしもとアール・アンド・シー, （2009年 -  ）","","","https://ja.wikipedia.org/wiki/RYOEI","Category_日本の男性シンガーソングライター_りゆうのすけ","https://ja.wikipedia.org/w/index.php?title=Category:日本の男性シンガーソングライター&pagefrom=りゆうのすけ\n龍之介#mw-pages"
"RYO FUJIMOTO"," 藤本亮 / Ryo Fujimoto （ふじもと りょう / りょう ふじもと、Ryo Fujimoto、 1987年 12月12日 - ）は、 日本 の ミュージシャン 、 ボーカリスト 、 シンガーソングライター 、 ビートボクサー、 電子音楽家 。 兵庫県 神戸市 出身。","藤本亮","","JAPAN","","","エレクトロニカ, オルタナティヴ・ロック, ダンス, ポップ・ミュージック, ジャズ","","ボーカル, ギター, ピアノ, シンセサイザー, エレクトロニクス, ヒューマンビートボックス, プログラミング","2005年 -","","","","https://ja.wikipedia.org/wiki/RYO_FUJIMOTO","Category_日本の男性シンガーソングライター_りゆうのすけ","https://ja.wikipedia.org/w/index.php?title=Category:日本の男性シンガーソングライター&pagefrom=りゆうのすけ\n龍之介#mw-pages"
"Ryohei"," Ryohei （りょうへい）は、日本の ボーカリスト 、 音楽作家 、 音楽プロデューサー 、 DJ 等、数々の肩書きを持つ。","山本 領平","Ryohei Yamamoto, Rat the Wolf, R.Wolf","日本","","","","ボーカリスト, 音楽プロデューサー, DJ, コーラス","","2003年 -","ワーナーミュージックジャパン, （2003年 - 2006年 ）, rhythm zone, （2006年 - 2010年）","","","https://ja.wikipedia.org/wiki/Ryohei","Category_日本の男性シンガーソングライター_りゆうのすけ","https://ja.wikipedia.org/w/index.php?title=Category:日本の男性シンガーソングライター&pagefrom=りゆうのすけ\n龍之介#mw-pages"
"Loostripper"," Loostripper （ルーストリッパー）は日本の男性 ソロ アーティスト 。 シンガーソングライター 。","","","日本","","","ポップ・ミュージック, J-POP, ロック, ブルース, ファンク, ヒップホップ","","","2010年 -","Euntalk","","","https://ja.wikipedia.org/wiki/Loostripper","Category_日本の男性シンガーソングライター_りゆうのすけ","https://ja.wikipedia.org/w/index.php?title=Category:日本の男性シンガーソングライター&pagefrom=りゆうのすけ\n龍之介#mw-pages"
"Rake (シンガーソングライター)"," Rake （レイク、 1983年 7月26日  - ）は、日本の元 シンガーソングライター 。 エドワード・エンターテインメント・グループ 所属。 宮城県 仙台市 出身・在住。","","","日本 宮城県 仙台市","( 1983-07-26 ) 1983年 7月26日 （37歳）","","J-POP","シンガーソングライター, 侍 Instagrammer","ボーカル, ギター","","アリオラジャパン （ 2010年 〜2013年）, エピックレコードジャパン （ 2013年 〜2015年）","","","https://ja.wikipedia.org/wiki/Rake_(シンガーソングライター)","Category_日本の男性シンガーソングライター_りゆうのすけ","https://ja.wikipedia.org/w/index.php?title=Category:日本の男性シンガーソングライター&pagefrom=りゆうのすけ\n龍之介#mw-pages"
"Rails-Tereo"," Rails-Tereo （レイルステレオ、本名　モリカワヒロシ、 1978年 6月5日 - ）は、 大阪府 枚方市 出身の 日本 の シンガーソングライター 、 ミュージシャン 。","モリカワヒロシ","","日本 大阪府 枚方市","( 1978-06-05 ) 1978年 6月5日 （43歳）","","ポップス, ジャズ, ロック","シンガーソングライター, ミュージシャン, キーボーディスト, 作詞家, 作曲家, アレンジャー","ピアノ, ボーカル, キーボード, シンセサイザー, ギター","2008年 -","Music Wonder LTD.","","","https://ja.wikipedia.org/wiki/Rails-Tereo","Category_日本の男性シンガーソングライター_りゆうのすけ","https://ja.wikipedia.org/w/index.php?title=Category:日本の男性シンガーソングライター&pagefrom=りゆうのすけ\n龍之介#mw-pages"
"レーモンド松屋"," レーモンド松屋 （レーモンドまつや、 1951年 - ）は、 愛媛県 西条市 出身、在住の シンガーソングライター 。","","","日本 ・ 愛媛県","","","歌謡曲","","","2010年 - （メジャー）","NAYUTAWAVE RECORDS","","","https://ja.wikipedia.org/wiki/レーモンド松屋","Category_日本の男性シンガーソングライター_りゆうのすけ","https://ja.wikipedia.org/w/index.php?title=Category:日本の男性シンガーソングライター&pagefrom=りゆうのすけ\n龍之介#mw-pages"
"LEO今井"," LEO今井 （レオ いまい / Leo Imai 1981年 7月24日 - ）は、 日本 の ミュージシャン 。 東京都 杉並区 出身。本名：今井 アレクサンダー レオ（Leo Alexander Imai）。 ロンドン大学 を経て、 オックスフォード大学 大学院 卒。","今井 アレクサンダー レオ","","東京都 杉並区","( 1981-07-24 ) 1981年 7月24日 （39歳）","","アートロック ・ オルタナティブ","シンガーソングライター","ギター ・ ピアノ ・ シンセサイザー","2006年 -","UUtwo Records（2006-2007）, EMI Music Japan ・ Virgin Music （2007-）","向井秀徳 、 吉田一郎 、 いしわたり淳治","","https://ja.wikipedia.org/wiki/LEO今井","Category_日本の男性シンガーソングライター_りゆうのすけ","https://ja.wikipedia.org/w/index.php?title=Category:日本の男性シンガーソングライター&pagefrom=りゆうのすけ\n龍之介#mw-pages"
"ロイ白川"," ロイ白川 （ロイしらかわ）は、日本の シンガーソングライター 。他のアーティストへの楽曲提供も多数ある。","","","","","","","","","","","","","https://ja.wikipedia.org/wiki/ロイ白川","Category_日本の男性シンガーソングライター_りゆうのすけ","https://ja.wikipedia.org/w/index.php?title=Category:日本の男性シンガーソングライター&pagefrom=りゆうのすけ\n龍之介#mw-pages"
"ROLLY"," ROLLY （ローリー、 1963年 9月6日 - ）は、 日本 の ミュージシャン 、 音楽プロデューサー 、 俳優  。旧名は ローリー寺西 （ローリーてらにし）および 寺西 一雄 （てらにし かずお：本名）。 京都府 京都市 南区 生まれ、 大阪府 高槻市 育ち。 浪速工業高等学校（現：星翔高等学校） 電子科卒業。身長171cm、体重55.5kg。 従弟 は シンガーソングライター の 槇原敬之  。","寺西 一雄","ローリー寺西","日本 大阪府 高槻市","( 1963-09-06 ) 1963年 9月6日 （57歳）","","グラムロック ","ボーカル, ギター","ミュージシャン, 音楽プロデューサー, 俳優","1982年 -","","すかんち","","https://ja.wikipedia.org/wiki/ROLLY","Category_日本の男性シンガーソングライター_りゆうのすけ","https://ja.wikipedia.org/w/index.php?title=Category:日本の男性シンガーソングライター&pagefrom=りゆうのすけ\n龍之介#mw-pages"
"Roccol"," Roccol （ロッコル）は、 鳥取県 米子市 出身の歌手、シンガーソングライターである。身長173cm。","","ロッコル","日本","","","J-pop","Singer・Composer・Record Producer","Vocal・Guitar","2014年 -","","","","https://ja.wikipedia.org/wiki/Roccol","Category_日本の男性シンガーソングライター_りゆうのすけ","https://ja.wikipedia.org/w/index.php?title=Category:日本の男性シンガーソングライター&pagefrom=りゆうのすけ\n龍之介#mw-pages"
"R・O・N"," R・O・N （ロン、 1982年 2月19日  - ）は、 日本 の男性 作詞家 、 作曲家 、 編曲家 、 シンガーソングライター 。本名は飯田 龍太（いいだ りゅうた）。 東京都 出身。ソロプロジェクト STEREO DIVE FOUNDATION としても活動中。 ROSARYHILL 、 (K)NoW_NAME のメンバー。 OLDCODEX の元メンバー。所属 芸能事務所 はベリーグー。","飯田 龍太","STEREO DIVE FOUNDATION","日本 ・ 東京都","( 1982-02-19 ) 1982年 2月19日 （39歳）","","J-POP, ロック, アニメソング, ゲームミュージック, 劇伴","ミュージシャン, 作詞家, 作曲家, 編曲家, 音楽プロデューサー, シンガーソングライター, ギタリスト, ベーシスト, キーボーディスト","ボーカル, ギター, ベース, キーボード, サンプラー, プログラミング, コーラス","2003年 -","ランティス","ROSARYHILL, (K)NoW_NAME","","https://ja.wikipedia.org/wiki/R・O・N","Category_日本の男性シンガーソングライター_りゆうのすけ","https://ja.wikipedia.org/w/index.php?title=Category:日本の男性シンガーソングライター&pagefrom=りゆうのすけ\n龍之介#mw-pages"
"若林純夫"," 若林 純夫 （わかばやし すみお、 1949年 - 2006年 5月15日 ）は 日本 の シンガーソングライター 。","","","日本","1949年","2006年 5月15日","フォークソング","シンガーソングライター","歌","","","","","https://ja.wikipedia.org/wiki/若林純夫","Category_日本の男性シンガーソングライター_りゆうのすけ","https://ja.wikipedia.org/w/index.php?title=Category:日本の男性シンガーソングライター&pagefrom=りゆうのすけ\n龍之介#mw-pages"
"和栗卓也"," この記事には 複数の問題があります 。 改善 や ノートページ での議論にご協力ください。","","","","","","","","","","","","","https://ja.wikipedia.org/wiki/和栗卓也","Category_日本の男性シンガーソングライター_りゆうのすけ","https://ja.wikipedia.org/w/index.php?title=Category:日本の男性シンガーソングライター&pagefrom=りゆうのすけ\n龍之介#mw-pages"
"鷲崎健"," 鷲崎 健 （わしざき たけし、 1973年 10月26日  - ）は、 ラジオパーソナリティ 、 ミュージシャン 。 アトミックモンキー 所属  。 伊福部崇 とのユニット ポアロ のメンバーで アコースティックギター ・ ボーカル ・ 作詞 ・ 作曲 担当。 B型 。","","","日本 ・兵庫県神戸市東灘区御影石町","( 1973-10-26 ) 1973年 10月26日 （47歳）","","フォークソング, J-POP","ラジオパーソナリティ, ギタリスト, シンガーソングライター","ボーカル, アコースティックギター","1996年 - 現在","アトミックモンキー","伊福部崇 （ ポアロ ）, 杉浦\"ラフィン\"誠一郎, 内田稔, 遠藤会, オッド・アイ","","https://ja.wikipedia.org/wiki/鷲崎健","Category_日本の男性シンガーソングライター_りゆうのすけ","https://ja.wikipedia.org/w/index.php?title=Category:日本の男性シンガーソングライター&pagefrom=りゆうのすけ\n龍之介#mw-pages"
"和田光司"," 和田 光司 （わだ こうじ、 1974年 1月29日 - 2016年 4月3日 ）は、 日本 の 男性 歌手。 京都府 福知山市 出身。身長175cm。血液型はB型。","","和田光司","京都府 福知山市","( 1974-01-29 ) 1974年 1月29日","( 2016-04-03 ) 2016年 4月3日 （42歳没）","J-POP, アニメソング など","歌手","ボーカル","1999年 - 2003年, 2005年 - 2011年, 2013年 - 2016年","NECアベニュー, → インデックスミュージック, → ティー ワイ エンタテインメント, （1999年 - 2003年、2006年 - 2016年）, 日本コロムビア / ANIMEX （2010年 - 2011年）, ランティス （2015年 - 2016年）","KALEIDO☆SCOPE  （2010年 - 2016年）","","https://ja.wikipedia.org/wiki/和田光司","Category_日本の男性シンガーソングライター_りゆうのすけ","https://ja.wikipedia.org/w/index.php?title=Category:日本の男性シンガーソングライター&pagefrom=りゆうのすけ\n龍之介#mw-pages"
"和田たけあき"," 和田たけあき （わだたけあき）は、 日本 の ミュージシャン 、 ギタリスト 。旧名義はくらげP、和田たけあき(くらげP)。 VOCALOID を用いた楽曲の制作で知られる。","","","","","","","シンガーソングライター, ギタリスト","ボーカル, ギター","","Subcul-rise Record, （ 2018年 ）","","","https://ja.wikipedia.org/wiki/和田たけあき","Category_日本の男性シンガーソングライター_りゆうのすけ","https://ja.wikipedia.org/w/index.php?title=Category:日本の男性シンガーソングライター&pagefrom=りゆうのすけ\n龍之介#mw-pages"
"綿内克幸"," 綿内 克幸 （わたうち かつゆき）は、日本の シンガーソングライター 。 長野県 長野市 出身。 長野県長野商業高等学校 卒業。","","","","","","","","","","","","","https://ja.wikipedia.org/wiki/綿内克幸","Category_日本の男性シンガーソングライター_りゆうのすけ","https://ja.wikipedia.org/w/index.php?title=Category:日本の男性シンガーソングライター&pagefrom=りゆうのすけ\n龍之介#mw-pages"
"渡辺引力"," この記事には 複数の問題があります 。 改善 や ノートページ での議論にご協力ください。","","","","","","","","","","","","","https://ja.wikipedia.org/wiki/渡辺引力","Category_日本の男性シンガーソングライター_りゆうのすけ","https://ja.wikipedia.org/w/index.php?title=Category:日本の男性シンガーソングライター&pagefrom=りゆうのすけ\n龍之介#mw-pages"
"ワタナベカズヒロ"," この記事には 複数の問題があります 。 改善 や ノートページ での議論にご協力ください。","","","","","","","","","","","","","https://ja.wikipedia.org/wiki/ワタナベカズヒロ","Category_日本の男性シンガーソングライター_りゆうのすけ","https://ja.wikipedia.org/w/index.php?title=Category:日本の男性シンガーソングライター&pagefrom=りゆうのすけ\n龍之介#mw-pages"
"渡辺ケイジ"," 渡辺 ケイジ （わたなべ けいじ、 1977年 10月1日 - ）は日本の シンガーソングライター 。 茨城県 龍ケ崎市 出身。所属事務所兼レコード会社だったKz-Sound株式会社の社長が2009年に32歳の若さで他界、親友でもあった吉田氏の意思を一生涯残すと誓い、残ったスタッフと共にKz-Soundプロジェクトとして再出発。フリーとして活動を開始。","","","","","","","","","","","","","https://ja.wikipedia.org/wiki/渡辺ケイジ","Category_日本の男性シンガーソングライター_りゆうのすけ","https://ja.wikipedia.org/w/index.php?title=Category:日本の男性シンガーソングライター&pagefrom=りゆうのすけ\n龍之介#mw-pages"
"渡邊大輔 (シンガーソングライター)"," この記事には 複数の問題があります 。 改善 や ノートページ での議論にご協力ください。","","","","","","","","","","","","","https://ja.wikipedia.org/wiki/渡邊大輔_(シンガーソングライター)","Category_日本の男性シンガーソングライター_りゆうのすけ","https://ja.wikipedia.org/w/index.php?title=Category:日本の男性シンガーソングライター&pagefrom=りゆうのすけ\n龍之介#mw-pages"
"ワタナベタカシ"," ワタナベ タカシ （ 1991年 1月7日 - ）は、 日本 の ミュージシャン である。 シンガーソングライター であると同時に、 ドラマー 、 作詞家 、 作曲家 として活動している。 2018年 7月からソロ名義を「 meiyo 」に変更。","","meiyo","日本","( 1991-01-07 ) 1991年 1月7日 （30歳）","","J-POP, ロック, ニュー・ウェイヴ, テクノ, エレクトロニカ","シンガーソングライター, 作曲家, ドラマー","ドラムス, ボーカル, ギター, キーボード","2009年 -","","シガテラ, POLLYANNA, 侍文化, SAM4416, HGYM, プールと銃口","","https://ja.wikipedia.org/wiki/ワタナベタカシ","Category_日本の男性シンガーソングライター_りゆうのすけ","https://ja.wikipedia.org/w/index.php?title=Category:日本の男性シンガーソングライター&pagefrom=りゆうのすけ\n龍之介#mw-pages"
"渡邊ヒロアキ"," Hiro Watanabe/渡邊ヒロアキ （ヒロワタナベ/ワタナベヒロアキ( Watanabe Hiroaki) 、 1991年 8月6日 - ）は、 日本 の 歌手 。 静岡県 浜松市 出身。","渡邊ヒロアキ","","日本 静岡県 浜松市","( 1991-08-06 ) 1991年 8月6日 （29歳）","","J-POP 、 R&B","シンガーソングライター、歌手、タレント","ピアノ弾き語り","2014年 -","","","","https://ja.wikipedia.org/wiki/渡邊ヒロアキ","Category_日本の男性シンガーソングライター_りゆうのすけ","https://ja.wikipedia.org/w/index.php?title=Category:日本の男性シンガーソングライター&pagefrom=りゆうのすけ\n龍之介#mw-pages"
"ツシマコウ"," ","","","日本, 青森県","","","J-POP, ロック","シンガーソングライター, 作詞家, 作曲家, ボーカリスト, ドラマー, ギタリスト","ボーカル, ギター, ドラムス, キーボード","","","サツキ, ツシマコウと愉快な眼鏡たち","","https://ja.wikipedia.org/wiki/ツシマコウ","Category_日本の男性シンガーソングライター_りゆうのすけ","https://ja.wikipedia.org/w/index.php?title=Category:日本の男性シンガーソングライター&pagefrom=りゆうのすけ\n龍之介#mw-pages"
"日本の男性歌手"," 日本 の男性 歌手 に関するカテゴリ。","","","","","","","","","","","","","https://ja.wikipedia.org/wiki/Category:日本の男性歌手","Category_日本の男性シンガーソングライター_りゆうのすけ","https://ja.wikipedia.org/w/index.php?title=Category:日本の男性シンガーソングライター&pagefrom=りゆうのすけ\n龍之介#mw-pages"
"日本のシンガーソングライター"," 日本 の シンガーソングライター についてのカテゴリ。シンガーソングライターごとのカテゴリについては Category:日本の音楽家の名を冠したカテゴリ を参照。","","","","","","","","","","","","","https://ja.wikipedia.org/wiki/Category:日本のシンガーソングライター","Category_日本の男性シンガーソングライター_りゆうのすけ","https://ja.wikipedia.org/w/index.php?title=Category:日本の男性シンガーソングライター&pagefrom=りゆうのすけ\n龍之介#mw-pages"
"日本の男性作曲家"," 日本 の男性 作曲家 に関するカテゴリ。","","","","","","","","","","","","","https://ja.wikipedia.org/wiki/Category:日本の男性作曲家","Category_日本の男性シンガーソングライター_りゆうのすけ","https://ja.wikipedia.org/w/index.php?title=Category:日本の男性シンガーソングライター&pagefrom=りゆうのすけ\n龍之介#mw-pages"
"各国の男性シンガーソングライター"," 各国の男性 シンガーソングライター に関するカテゴリ。","","","","","","","","","","","","","https://ja.wikipedia.org/wiki/Category:各国の男性シンガーソングライター","Category_日本の男性シンガーソングライター_りゆうのすけ","https://ja.wikipedia.org/w/index.php?title=Category:日本の男性シンガーソングライター&pagefrom=りゆうのすけ\n龍之介#mw-pages"
