﻿"タイトル","コメント","出生名","別名","出身地","生誕","死没","ジャンル","職業","担当楽器","活動期間","レーベル","共同作業者","メンバー","URL","親リストタイトル","親リストURL"
"アウラ・ウルジチェアヌ"," ブカレスト 出身。音楽一家の生まれで、5歳で父親からヴァイオリンを習い、16歳で本格的にボーカルを学ぶ。 1969年 にママイアでのインターナショナル・フェスティヴァルで準優勝、その後の北米ツアーで デューク・エリントン や エラ・フィッツジェラルド 等と共演。 1971年 には ベルギー のクノックでインターナショナル・フェスティバルにルーマニア代表として参加しヨーロピアン・カップを受賞、ついでヨーロッパ代表としてアメリカ代表との競争にも勝ち、ワールド・カップを受賞しプレス・アワードも受賞。 1972年 には ニューヨーク でのニューポート・フェスティバルに初参加しデューク・エリントン楽団と再共演。その後、 クインシー・ジョーンズ 楽団と共に世界ツアーも行っている。","","Aura Rully","  ルーマニア ブカレスト","( 1946-12-14 ) 1946年 12月14日 （77歳）","","ジャズ 、 ファンク 、 ソウル 、 フォーク 、 ディスコ","ミュージシャン、歌手","ボーカル","1959年 -","エレクトレコード 、Four Leaf","ビル・エヴァンス 、 デューク・エリントン 、 エラ・フィッツジェラルド 、 アーマッド・ジャマル 、 ハンク・ジョーンズ 、 サド・ジョーンズ 、 ディジー・ガレスピー 、 クインシー・ジョーンズ 、 ポール・デスモンド 、 ジョー・パス 、 メル・ルイス","","https://ja.wikipedia.org/wiki/アウラ・ウルジチェアヌ","Category_女性ジャズ歌手","https://ja.wikipedia.org/wiki/Category:女性ジャズ歌手"
"ディミー・キャット"," 彼女の名前は、 ブルガリア を起源とする父方の祖母の孫娘の名前ディミトロフ・アポストロフ (Dimitroff-Apostoloff) から付けられた。","","","フランス 、 リヨン","( 1984-10-28 ) 1984年 10月28日 （39歳）","","エレクトロ・スウィング , Jazz, Nu Jazz, Swing, Cabaret","Singer, songwriter","","2009 –","Dream'up","","","https://ja.wikipedia.org/wiki/ディミー・キャット","Category_女性ジャズ歌手","https://ja.wikipedia.org/wiki/Category:女性ジャズ歌手"
"クリスチャーナ"," クリスチャーナ （ Kristjana 、本名・Kristjana Stefánsdóttir、後にKristjana Stefáns、 1968年 5月25日 - ）は、 アイスランド の女性 ジャズ ・ シンガー 。 セールフォス 出身。","","","","","","","","","","","","","https://ja.wikipedia.org/wiki/クリスチャーナ","Category_女性ジャズ歌手","https://ja.wikipedia.org/wiki/Category:女性ジャズ歌手"
"ジュリエット・グレコ"," 約70年のキャリアを誇る、同国を代表する歌手の一人。世界的にも最高峰の歌手と称えられ、戦後のシャンソン界を牽引する存在であったが、 2016年 を最後に一線から退いた。","Marie-Juliette Gréco","","フランス ・ モンペリエ","( 1927-02-07 ) 1927年 2月7日","( 2020-09-23 ) 2020年 9月23日 （93歳没）","シャンソン, ジャズ","歌手 、 女優","","1949年 - 2016年","フィリップス・レコード, コロムビア・レコード, バークレー・レコード, RCAレコード, ポリドール・レコード, ユニバーサル ミュージック グループ","","","https://ja.wikipedia.org/wiki/ジュリエット・グレコ","Category_女性ジャズ歌手","https://ja.wikipedia.org/wiki/Category:女性ジャズ歌手"
"アリシア・サルデニャ"," トリニダード・トバゴで生まれ育った。","","","トリニダード・トバゴ","","","ジャズ 、 ソウル","歌手","","","","","","https://ja.wikipedia.org/wiki/アリシア・サルデニャ","Category_女性ジャズ歌手","https://ja.wikipedia.org/wiki/Category:女性ジャズ歌手"
"マリア・ジョアン"," リスボン 出身。1982年より、地元で本格的に音楽活動を開始し、翌年マリア・ジョアン・クインテットを率いてデビュー。 1987年 より、 日本人 ジャズ・ピアニストの 高瀬アキ と活動  。","Maria João Monteiro Grancha","","ポルトガル リスボン","( 1956-06-27 ) 1956年 6月27日 （67歳）","","ジャズ 、 ワールドミュージック 、 エレクトロニカ 、 ブラジル音楽","歌手","","1983年 -","Nabel, エンヤ・レコード, ヴァーヴ・レコード, エマーシー・レコード","高瀬アキ, マリオ・ラジーニャ","","https://ja.wikipedia.org/wiki/マリア・ジョアン","Category_女性ジャズ歌手","https://ja.wikipedia.org/wiki/Category:女性ジャズ歌手"
"レニ・スターン"," スターンは、1952年4月28日に ドイツ でマグダレーナ・トーラとして生まれた  。彼女は幼い頃から音楽に興味を持ち、6歳で ピアノ の勉強を始め、数年後に ギター を始めた  。テレビに出演するなど、ドイツで女優として活躍し、1977年に バークリー音楽大学 に入学した  。彼女は1980年まで ボストン で暮らしていたが、その後、 ニューヨーク に移った  。","Magdalena Thora","","西ドイツ ミュンヘン","( 1952-04-28 ) 1952年 4月28日 （71歳）","","ジャズ 、 ロック 、 フュージョン 、 ワールドミュージック","ミュージシャン","ギター 、 ボーカル 、 ンゴニ","","","","","https://ja.wikipedia.org/wiki/レニ・スターン","Category_女性ジャズ歌手","https://ja.wikipedia.org/wiki/Category:女性ジャズ歌手"
"モニカ・ゼタールンド"," スウェーデンの ヴェルムランド地方 にあるハーグフォシュという小さな町で生まれる。幼い頃から、 ビリー・ホリデイ 、 エラ・フィッツジェラルド 、そして特に サラ・ヴォーン を聴いて育つ。ラジオやレコードからジャズを学び始めるが、最初は英語が分からないまま、メロディ、リズムやフィーリングを真似ていたという。","Eva Monica Nilsson","Monica Z","  スウェーデン ハーグフォシュ","( 1937-09-20 ) 1937年 9月20日","( 2005-05-12 ) 2005年 5月12日 （67歳没）","ボーカル・ジャズ","歌手 、 女優","ボーカル","1958年 - 1999年","","","","https://ja.wikipedia.org/wiki/モニカ・ゼタールンド","Category_女性ジャズ歌手","https://ja.wikipedia.org/wiki/Category:女性ジャズ歌手"
"ヴィクトリア・トルストイ"," 彼女は、2001年から2008年3月に離婚するまで、デザイナーのパー・ホルクネクトと結婚していた  。","Louise Viktoria Kjellberg","","  スウェーデン シグトゥーナ地区マーシュタ","( 1974-07-29 ) 1974年 7月29日 （49歳）","","ジャズ","歌手","ボーカル","","ブルーノート 、 ACT","","","https://ja.wikipedia.org/wiki/ヴィクトリア・トルストイ","Category_女性ジャズ歌手","https://ja.wikipedia.org/wiki/Category:女性ジャズ歌手"
"アン・バートン"," 1933年 3月4日 生まれ。出生名はヨハンナ・ラファロヴィチ（Johanna Rafalowicz）。母親は 1930年 ごろに ポーランド から オランダ に移住した人物。ヨハンナが生まれた3年後に、ダイヤモンド労働者と結婚した。","Johanna Rafalowicz","Johanna de Paauw","オランダ アムステルダム","( 1933-03-04 ) 1933年 3月4日, オランダ アムステルダム","1989年 11月29日 (1989-11-29) （56歳）, オランダ アムステルダム","ジャズ","歌手","","1965年 - 1989年","","","","https://ja.wikipedia.org/wiki/アン・バートン","Category_女性ジャズ歌手","https://ja.wikipedia.org/wiki/Category:女性ジャズ歌手"
"マリア (マラウイの歌手)"," マリア （ Malia 、 1978年 生）は、 マラウイ 出身のポップ、ジャズ歌手。","","","","","","","","","","","","","https://ja.wikipedia.org/wiki/マリア_(マラウイの歌手)","Category_女性ジャズ歌手","https://ja.wikipedia.org/wiki/Category:女性ジャズ歌手"
"タニア・マリア"," ブラジル北部の マラニョン州 サン・ルイス で生まれたタニア・マリアは、7歳でピアノを始め、13歳で父親が組織したプロ・ミュージシャンのバンドでリーダーを務め、地元の音楽コンテストで最優秀賞を受賞した。また、クラブやラジオでダンスのための演奏を行った。金属細工師であり、かつ才能のあるギタリストにして歌手であった彼女の父親は、週末のジャム・セッションで演奏できるようにピアノを勉強することを勧めた。そこで彼女は最初にサンバ、ジャズ、 ポップ・ミュージック 、 ブラジリアン・チョリーニョ のリズムとメロディを吸収した。それ以来、彼女は他の誰かのグループのために働いたことがない。彼女は法律の学位を持っており、早くに結婚し、子供をもうけた。","Tania Maria Correa Reis ","","ブラジル マラニョン州 サン・ルイス","( 1948-05-09 ) 1948年 5月9日 （75歳）","","ジャズ 、 ポップス 、 MPB","ミュージシャン、作曲家、バンドリーダー","ボーカル、ピアノ","1969年 -","コンコード 、 キャピトル 、 ブルーノート 、EMIアメリカ、 ユニバーサル","","","https://ja.wikipedia.org/wiki/タニア・マリア","Category_女性ジャズ歌手","https://ja.wikipedia.org/wiki/Category:女性ジャズ歌手"
"ソフィー・ミルマン"," 1990年代 前半の 冷戦 崩壊後の混乱の中、7歳の時に家族と共にロシアから イスラエル に移住し、幼少期の大半を同地で過ごし、ジャズについて学んだ。その後、15歳の時に家族と共にカナダへと移住した。彼女自身の名前を付けたデビュー・アルバム『ソフィー・ミルマン』は 2004年 10月12日 にカナダで発売され、 2006年 3月21日 には 米国 でもリリースされた。 2007年 にリリースされたアルバム『メイク・サムワン・ハッピー』は、 2008年 の ジュノー賞 で最優秀ボーカル・ジャズ・アルバム賞を受賞した。","","","ロシア・ソビエト連邦社会主義共和国 ウファ","1983年 （39 - 40歳）","","ジャズ 、 ポップス・スタンダード","シンガーソングライター","ボーカル、ピアノ","2004年 -","Linus Entertainment","","","https://ja.wikipedia.org/wiki/ソフィー・ミルマン","Category_女性ジャズ歌手","https://ja.wikipedia.org/wiki/Category:女性ジャズ歌手"
"アジザ・ムスタファ・ザデ"," 評論家には キース・ジャレット  からの影響も指摘されている。現在、母でありマネージャーでもあるエリザ・ムスタファ・ザデと マインツ に居住している。余暇の過ごし方としては、絵を描くことと眠ることがお気に入りであり、 菜食主義者 である。なんらかの宗教を信仰しているわけではないが神の存在を信じている。  1991年からの世界中でのアルバム総売上枚数は1500万枚に上る。","","","アゼルバイジャン ・ バクー","( 1969-12-19 ) 1969年 12月19日 （54歳）","","ジャズ, フュージョン, スキャット","","ピアノ","1988年 -","","","","https://ja.wikipedia.org/wiki/アジザ・ムスタファ・ザデ","Category_女性ジャズ歌手","https://ja.wikipedia.org/wiki/Category:女性ジャズ歌手"
"イザベラ・ラングレン"," スウェーデン・ヴァルムランド地方にあるカールスタード市に生まれ、高校は音楽科に進む。18歳の時にニューヨークに移り住み、2006年から2010年までニューヨーク大学で学びながらギャビン・デグロウやモービー、ウッディ・アレンのバンドリーダーのエディ・デイヴィスらと共演  。","","","  スウェーデン カールスタード","( 1987-12-21 ) 1987年 12月21日 （35歳）","","ジャズ","歌手","","","Ladybird/Naxos","","","https://ja.wikipedia.org/wiki/イザベラ・ラングレン","Category_女性ジャズ歌手","https://ja.wikipedia.org/wiki/Category:女性ジャズ歌手"
"イシヤナサラスファティ"," ポップシンガーおよびソングライターとして名声を得る前に、彼女はクラシック音楽のソリストおよびリサイタリストとしての評判を築いていた。 イシヤナは数多くの音楽コンクールに参加し、15歳のとき『Wings Of Your Shadow』が、インターナショナル・ジュニア・オリジナル・コンサートの応募作品3,500曲の中から12位に選ばれた。その結果、彼女は東京のぶんかむら、文化村ホールで行われたインターナショナル・ジュニア・オリジナル・コンサート 2008コンサートでエレクトーンを演奏した。イシヤナは2014年にソニー・ミュージック・インドネシアとレコーディング契約を結び、『ケプ ベイン ヨウ』（2014年）と『テタップ ダラム ジワ』（2015年）という2枚のシングルをリリースした。彼女のアルバムは好評を博し、商業的な成功を収めた。","","イシヤナ","インドネシア","( 1993-05-02 ) 1993年 5月2日 （30歳） , バンドン , 西ジャワ州 , インドネシア","","R&B, ポップ, エレクトロ・ポップ, ソウル, ジャズ, オペラ, プログレッシブ・ロック","ミュージシャン, シンガー, シンガーソングライター, 有名人, プロデューサー","ヴォーカル, ピアノ, エレクトーン, フルート, サクソフォン","2014年 - 現在","ソニーミュージックインドネシア (2014年–2020年), レッドローズレコード (2020年–現在)","","","https://ja.wikipedia.org/wiki/イシヤナサラスファティ","Category_女性ジャズ歌手","https://ja.wikipedia.org/wiki/Category:女性ジャズ歌手"
"レイヴェイ"," 2014年、アイスランド版 Got Talent のファイナリスト。2015年「 ザ・ヴォイス アイスランド」 のセミファイナリスト。2021年に、デビューEP「Typical of Me」をリリースし、 バークリー音楽大学 を卒業。","Laufey Lín Jónsdóttir / 林冰 ","","アイスランド","( 1999-04-23 ) 1999年 4月23日 （24歳）","","Jazz pop","シンガーソングライター","","2020年 –","AWAL","Dodie, Adam Melchor","","https://ja.wikipedia.org/wiki/レイヴェイ","Category_女性ジャズ歌手","https://ja.wikipedia.org/wiki/Category:女性ジャズ歌手"
