﻿"タイトル","コメント","出生名","別名","出身地","生誕","死没","ジャンル","職業","担当楽器","活動期間","レーベル","共同作業者","メンバー","URL","親リストタイトル","親リストURL"
"東一声"," 東 一声 （あずま いっせい、 1886年 （明治18年） 4月9日 - 1950年 （昭和25年） 8月17日 ）は、 大正時代 から 昭和初期 にかけて活躍した日本の 歌手 、 演歌師 、 活動弁士 。 京都府 出身。","","","日本 京都府","1886年 4月9日","( 1950-08-17 ) 1950年 8月17日 （64歳没）","流行歌, ジャズソング","歌手, 演歌師, 活動弁士","","1910年代 - 1930年代","アサヒレコード, ヒコーキレコード","","","https://ja.wikipedia.org/wiki/東一声","Category_日本のジャズ歌手","https://ja.wikipedia.org/wiki/Category:日本のジャズ歌手"
"石野見幸"," 石野 見幸 （いしの みゆき、 1972年 3月1日 - 2007年 11月8日 ）は、関西を中心に活動した、 兵庫県 出身の ジャズ 歌手。","","","","","","","","","","","","","https://ja.wikipedia.org/wiki/石野見幸","Category_日本のジャズ歌手","https://ja.wikipedia.org/wiki/Category:日本のジャズ歌手"
"伊藤素道"," 伊藤 素道 （いとう もとみち、 1928年 4月13日  - 2003年 8月7日 ）は、 第二次世界大戦 後の時期に、 1948年 結成のリリオ・リズム・ボーイズ、 1952年 以降には、リリオ・リズム・エアーズと称したグループを率い、おもに ハワイアン や ジャズ 、ポップスなどの洋楽をレパートリーとした 日本 の 歌手   。","","","","","","","","","","","","","https://ja.wikipedia.org/wiki/伊藤素道","Category_日本のジャズ歌手","https://ja.wikipedia.org/wiki/Category:日本のジャズ歌手"
"内海一郎"," 内海 一郎 （うつみ いちろう、 1898年 （明治31年） 5月7日 - 1972年 （昭和47年））は、昭和初期に活躍した日本の 歌手 、 舞台演出家 。 東京府 （現： 東京都 ）出身。","","","","","","","","","","","","","https://ja.wikipedia.org/wiki/内海一郎","Category_日本のジャズ歌手","https://ja.wikipedia.org/wiki/Category:日本のジャズ歌手"
"笈田敏夫"," 笈田 敏夫 （おいだ としお、 1925年 （ 大正 14年） 2月21日 - 2003年 （ 平成 15年） 9月2日 ）は昭和期のジャズ歌手。戦後を代表するジャズ歌手として活躍した。愛称は「ゲソ」。 ドイツ ベルリン 生まれ。","","","","","","","","","","","","","https://ja.wikipedia.org/wiki/笈田敏夫","Category_日本のジャズ歌手","https://ja.wikipedia.org/wiki/Category:日本のジャズ歌手"
"尾崎紀世彦"," 尾崎 紀世彦 （おざき きよひこ、 1943年 1月1日 - 2012年 5月30日 ）は、 日本 の ポップス 歌手 。 神奈川県 茅ヶ崎市 出身。 1960年 に ハワイアン バンド「ヒロ・ハワイアンズ」結成、 1965年 に カントリー バンド「 ジミー時田とマウンテンプレイボーイズ 」加入。 1967年 から コーラス・グループ 「 ザ・ワンダース 」を経て、 1970年 にソロ歌手としてデビュー。愛称は「キーヨ」。ダイナミックな歌唱力と、立派な もみあげ や髭がトレードマーク。","尾崎 紀世彦","キヨ、キーヨ","日本 神奈川県 茅ヶ崎市","( 1943-01-01 ) 1943年 1月1日, 日本 東京都 渋谷区","( 2012-05-30 ) 2012年 5月30日 （69歳没）, 東京都 港区","ポピュラーソング","歌手","ボーカル, ギター, ウクレレ","1960年 - 2012年","フィリップス, ビクター, 日本コロムビア, CBSソニー","ジミー時田, ザ・ワンダース, 村上司, 筒美京平, 猪俣猛, 前田憲男, 阿久悠","","https://ja.wikipedia.org/wiki/尾崎紀世彦","Category_日本のジャズ歌手","https://ja.wikipedia.org/wiki/Category:日本のジャズ歌手"
"ティーブ・釜萢"," ティーブ・釜萢 （ティーブ・かまやつ、Tib Kamayatsu、本名： 釜萢 正 （かまやつ ただし）、 1911年 5月7日 - 1980年 3月10日 ）は、 1919年 までアメリカ国籍を保持していた  アメリカ カリフォルニア州 ロサンゼルス 市生まれの ジャズ ・ ミュージシャン で シンガー 。戦後の 日本 においてジャズを普及させたミュージシャンの一人。","釜萢 正","","アメリカ合衆国 カリフォルニア州 ロサンゼルス市","( 1911-05-07 ) 1911年 5月7日","( 1980-03-10 ) 1980年 3月10日 （68歳没）","ジャズ","ジャズ ・ ミュージシャン 、日本ジャズ学校創設","ピアノ","1930年代 後半 - 1980年","","森山久、石井好子、細野晴臣、かまやつひろし、Taroかまやつ","","https://ja.wikipedia.org/wiki/ティーブ・釜萢","Category_日本のジャズ歌手","https://ja.wikipedia.org/wiki/Category:日本のジャズ歌手"
"バートン・クレーン"," バートン・クレーン （ Burton Crane , 1901年 1月23日 - 1963年 2月3日 ）は、 昭和 初期に活躍した アメリカ合衆国 出身の 歌手 、 ジャーナリスト 。","","","アメリカ合衆国 ニューヨーク州 バッファロー","1901年 1月23日","( 1963-02-03 ) 1963年 2月3日 （62歳没）","ジャズソング","歌手, ジャーナリスト","","1931年 - 1936年","コロムビア, テイチク","","","https://ja.wikipedia.org/wiki/バートン・クレーン","Category_日本のジャズ歌手","https://ja.wikipedia.org/wiki/Category:日本のジャズ歌手"
"河野ヨシユキ"," 河野 ヨシユキ （こうの よしゆき、 1943年 2月25日 - ）は、日本の 歌手 。","","","神奈川県 横浜市","( 1943-02-25 ) 1943年 2月25日 （78歳）","","童謡 、 ジャズ","歌手","","1954年 - 現在","日本コロムビア","","","https://ja.wikipedia.org/wiki/河野ヨシユキ","Category_日本のジャズ歌手","https://ja.wikipedia.org/wiki/Category:日本のジャズ歌手"
"小林桂"," 小林 桂 （こばやし けい、 1979年 5月9日 - ）は日本の男性 ジャズ ・ ボーカリスト 。 東京都 出身。","","","","","","","","","","","","","https://ja.wikipedia.org/wiki/小林桂","Category_日本のジャズ歌手","https://ja.wikipedia.org/wiki/Category:日本のジャズ歌手"
"レイモンド・コンデ"," レイモンド・コンデ （Raymond Conde、 1916年 1月23日 - 2003年 12月23日 ）は、日本で活躍した フィリピン人 のジャズ・ クラリネット 奏者、ジャズ・シンガー。日本へ 帰化 後は 吉場レイモンド  とも。","","","","","","","","","","","","","https://ja.wikipedia.org/wiki/レイモンド・コンデ","Category_日本のジャズ歌手","https://ja.wikipedia.org/wiki/Category:日本のジャズ歌手"
"酒井俊"," 酒井 俊 （さかい しゅん）は、 日本 の 歌手 。","","","","","","ジャズ, ブルース","歌手","","1976年 -","トリオレコード （ 1977年 - 1979年 ）, 東芝EMI （ 1991年 ）, BMGファンハウス （ 2003年 ）","","","https://ja.wikipedia.org/wiki/酒井俊","Category_日本のジャズ歌手","https://ja.wikipedia.org/wiki/Category:日本のジャズ歌手"
"ジェームス滝"," ジェームス滝 （ジェームスたき）は、元 グループ・サウンズ ミュージシャン 。本名：相良直嗣。別名：滝良二。","","","","","","","","","","","","","https://ja.wikipedia.org/wiki/ジェームス滝","Category_日本のジャズ歌手","https://ja.wikipedia.org/wiki/Category:日本のジャズ歌手"
"高岩遼"," 高岩 遼 （たかいわ りょう、 ( 1990-08-27 ) 1990年 8月27日 - ）は、岩手県宮古市出身の ミュージシャン である。 ","","","日本","","","ジャズ, ヒップホップ, ロックン・ロール, ミクスチャー・ロック, パンク・ロック, ソウル, ブルース","","","2015年 -","UNIVERSAL MUSIC（2018年 - ）","Yaffle","","https://ja.wikipedia.org/wiki/高岩遼","Category_日本のジャズ歌手","https://ja.wikipedia.org/wiki/Category:日本のジャズ歌手"
"高島忠夫"," 高島 忠夫 （たかしま ただお、 1930年 〈 昭和 5年〉 7月27日 - 2019年 〈 令和 元年〉 6月26日   ）は、 日本 の 俳優 ・ タレント ・ 司会者 である。本名は高嶋 忠夫（読み同じ）。血液型はO型。4人姉妹弟の長男（姉1人、妹1人、弟1人）。所属 事務所 は 東宝芸能 。","高嶋 忠夫","","","( 1930-07-27 ) 1930年 7月27日","","舞台・テレビドラマ・映画","俳優 ・ タレント ・ 司会者","","1951年 - 2013年","","","","https://ja.wikipedia.org/wiki/高島忠夫","Category_日本のジャズ歌手","https://ja.wikipedia.org/wiki/Category:日本のジャズ歌手"
"武井義明"," 武井 義明 （たけい よしあき、 1934年 （ 昭和 9年）1月24日 - 1994年 （ 平成 6年）8月2日）は、日本の ジャズ シンガー 。","","","","","","","","","","","","","https://ja.wikipedia.org/wiki/武井義明","Category_日本のジャズ歌手","https://ja.wikipedia.org/wiki/Category:日本のジャズ歌手"
"ディック・ミネ"," ディック・ミネ （ 1908年 10月5日 - 1991年 6月10日 ）は、 徳島県 徳島市 出身の 日本 の ジャズ ・ ブルース ・ 流行歌 歌手 、 ギタリスト 、 俳優 。訳詞家・編曲家としては本名の 三根 徳一 （みね とくいち）を名乗り、 第二次世界大戦 中の 敵性語 規制の時代には 三根 耕一 （- こういち ）と名乗った。創成期の テイチクレコード の立役者で、日本の ジャズ・シンガー の嚆矢として数多くの名演を残すとともに、日本の創成期の 流行歌 においても多くのヒットを飛ばした。また、 トーキー 以降の 日活 と同社が提携した ミュージカル映画 をはじめとして映画にも多く出演し、その後純然たる俳優としても活躍した。","三根徳一 （みねとくいち）","三根 耕一, 佐伯 秀夫","日本 徳島県 徳島市","1908年 10月5日","( 1991-06-10 ) 1991年 6月10日 （82歳没）","ジャズ ・ ブルース ・ 流行歌 ・ 歌謡曲","歌手 、 俳優","","1934年 - 1990年","テイチク","","","https://ja.wikipedia.org/wiki/ディック・ミネ","Category_日本のジャズ歌手","https://ja.wikipedia.org/wiki/Category:日本のジャズ歌手"
"デニー白川"," デニー白川 （ - しらかわ、本名： 桑木 国照 、 1942年 - ）は日本の歌手。別名は「日本の ナット・キング・コール 」。","","","日本, 兵庫県 神戸市","1942年 ?? 月 ?? 日","","","","","1960年 -","日本コロムビア","","","https://ja.wikipedia.org/wiki/デニー白川","Category_日本のジャズ歌手","https://ja.wikipedia.org/wiki/Category:日本のジャズ歌手"
"TOKU"," TOKU （トク、 1973年 2月20日 - ）は、日本の男性 歌手 、 フリューゲルホルン 奏者 。","馬場督之","","日本 ・ 三条市 、 新潟県","( 1973-02-20 ) 1973年 2月20日 （48歳）","","ジャズ","歌手 、 フリューゲルホルン 奏者","フリューゲルホルン","2000年 -","ソニー・ミュージックレコーズ","","","https://ja.wikipedia.org/wiki/TOKU","Category_日本のジャズ歌手","https://ja.wikipedia.org/wiki/Category:日本のジャズ歌手"
"仲光甫"," 仲光 甫 （なかみつ はじめ、1982年（昭和57年）3月13日  - ）男声4人によるヴォーカル・グループ“ jammin’Zeb （ジャミン・ゼブ）”のメンバー。 合唱指揮者 。","","","日本 神奈川県 横浜市","( 1982-03-13 ) 1982年 3月13日 （39歳）","","クラシック音楽, ジャズ, ポップス","歌手, 合唱指揮者","","","","Jammin'Zeb （ジャミン・ゼブ）","","https://ja.wikipedia.org/wiki/仲光甫","Category_日本のジャズ歌手","https://ja.wikipedia.org/wiki/Category:日本のジャズ歌手"
"長谷川顕"," 長谷川 顕 （はせがわ けん、生年不明 - 1985年 （昭和60年） 3月20日 ）は、戦前から戦後にかけてに活躍した日本の 歌手 、 サックス 演奏者。別名： 伊藤 英二 。","","","","","","","","","","","","","https://ja.wikipedia.org/wiki/長谷川顕","Category_日本のジャズ歌手","https://ja.wikipedia.org/wiki/Category:日本のジャズ歌手"
"旗照夫"," 旗 照夫 （はた てるお、 1933年 12月2日 - 2019年 12月8日 ）は、日本の ジャズ・シンガー 。本名： 中山照男 。","","","","","","","","","","","","","https://ja.wikipedia.org/wiki/旗照夫","Category_日本のジャズ歌手","https://ja.wikipedia.org/wiki/Category:日本のジャズ歌手"
"二村定一"," 二村 定一 （ふたむら ていいち、本名： 林 貞一 、 1900年 （ 明治 33年） 6月13日 - 1948年 （ 昭和 23年） 9月12日  ）は、昭和初期を代表する 歌手 ・ ボードビリアン 。 山口県 下関市 出身。愛称は「 べーちゃん 」。","林 貞一","","日本 山口県 下関市","( 1900-06-13 ) 1900年 6月13日","( 1948-09-12 ) 1948年 9月12日 （48歳没）","ジャズ 、 歌謡曲 、 歌劇","歌手 、 ボードビリアン 、 俳優","","1920年 - 1948年","ビクター, コロムビア","","","https://ja.wikipedia.org/wiki/二村定一","Category_日本のジャズ歌手","https://ja.wikipedia.org/wiki/Category:日本のジャズ歌手"
"フランキー堺"," フランキー 堺 （フランキー さかい、本名；堺 正俊、 1929年 2月13日 - 1996年 6月10日 ）は、 日本 の コメディアン 、 俳優 、 ジャズ ドラマー 、 司会者 。 鹿児島県 鹿児島市 出身。 慶應義塾大学 法学部 卒業。","堺 正俊","","","( 1929-02-13 ) 1929年 2月13日","","","俳優 、 コメディアン 、 ドラマー","","1955年 - 1996年","","","","https://ja.wikipedia.org/wiki/フランキー堺","Category_日本のジャズ歌手","https://ja.wikipedia.org/wiki/Category:日本のジャズ歌手"
"フランク永井"," フランク 永井 （フランク ながい  、 1932年 3月18日 - 2008年 10月27日 ）は 日本 の ムード歌謡 歌手 である。本名は、永井 清人（ながい きよと）。魅惑の低音と称された独特の豊かな低音を武器に、師である作曲家の 吉田正 とともに都会的で ジャズ テイスト溢れる ムード歌謡 のジャンルを切り開き、数多くのヒット曲を世に送った。","永井 清人","","日本 ・ 宮城県 志田郡 松山町 （現・ 大崎市 ）","1932年 3月18日","( 2008-10-27 ) 2008年 10月27日 （76歳没）","","歌手","","1955年 - 1985年","ビクターエンタテインメント","","","https://ja.wikipedia.org/wiki/フランク永井","Category_日本のジャズ歌手","https://ja.wikipedia.org/wiki/Category:日本のジャズ歌手"
"真梨邑ケイ"," 真梨邑 ケイ （まりむら けい、 1957年 8月29日 - ）は、 日本 の ジャズ 歌手 。 東京都 出身。本名：田原 今日子   （旧姓：川口  ）。旧芸名： 川口今日子 。所属事務所は、真梨邑オフィス  。身長165cm。","","","日本 東京都 千代田区","( 1957-08-29 ) 1957年 8月29日 （63歳）","","","ジャズ 歌手","","1982年 -","","","","https://ja.wikipedia.org/wiki/真梨邑ケイ","Category_日本のジャズ歌手","https://ja.wikipedia.org/wiki/Category:日本のジャズ歌手"
"丸山繁雄"," 丸山 繁雄 （まるやま しげお、 1951年 6月22日 - ）は、 ジャズ ヴォーカリストである。 新潟県 出身、 東京都 在住。第一線のミュージシャンとして多方面にわたる音楽活動（後述）を行っている。また ジャズ ならびに アフリカ系アメリカ人 文化の研究者でもある  。博士（芸術学）（ 日本大学 、2011年）。さらに 日本大学芸術学部 音楽学科、自身主宰の「丸山繁雄ボーカルスクール」で後進の指導にあたっている。","","","","","","","","","","","","","https://ja.wikipedia.org/wiki/丸山繁雄","Category_日本のジャズ歌手","https://ja.wikipedia.org/wiki/Category:日本のジャズ歌手"
"柳澤愼一"," 柳澤 愼一 （やなぎさわ しんいち、 1932年 〈 昭和 7年〉 12月19日 ‐ ）は、 東京府 東京市 （現： 東京都 ）出身の ジャズ 歌手 、 俳優 、 声優 、 福祉 活動家、 ボードビリアン 、 作詞家 である。エム・スリー所属。 NPO法人 日本アビリティーズ協会会長顧問。 有料老人ホーム 気まま館東大和名誉館長。","","","","( 1932-12-19 ) 1932年 12月19日 （88歳）","","映画, テレビドラマ, アテレコ","ジャズ 歌手, 俳優, 声優, 福祉 活動家, ボードビリアン, 作詞家","","1950年代 -","","","","https://ja.wikipedia.org/wiki/柳澤愼一","Category_日本のジャズ歌手","https://ja.wikipedia.org/wiki/Category:日本のジャズ歌手"
"山崎唯"," 山崎 唯 （やまざき ただし、本名：山崎 宰一  （やまざき ただかず）、 1933年 5月29日 - 1990年 12月30日  ）は、日本の ピアニスト 、 作曲家 、 声優 、 タレント 。 東京都 出身。妻は 女優 の 久里千春  。","山崎 宰一, やまざき ただかず","","","( 1933-05-29 ) 1933年 5月29日","","","","","1950年代 - 1990年","","","","https://ja.wikipedia.org/wiki/山崎唯","Category_日本のジャズ歌手","https://ja.wikipedia.org/wiki/Category:日本のジャズ歌手"
"渡邊美和"," 大阪府河内長野市生まれ。ピアノ講師の姉の影響で５歳からクラシックピアノを習うも練習に飽き、映画音楽や現代音楽、ポップソングなどを好んで弾くようになる。中学時代は吹奏楽部で フルート を担当し各地の大会で表彰される。","","","","","","","","","","","","","https://ja.wikipedia.org/wiki/渡邊美和","Category_日本のジャズ歌手","https://ja.wikipedia.org/wiki/Category:日本のジャズ歌手"
"日本の歌手"," このカテゴリ下にあるページは、該当する適切なサブカテゴリに移動してください。","","","","","","","","","","","","","https://ja.wikipedia.org/wiki/Category:日本の歌手","Category_日本のジャズ歌手","https://ja.wikipedia.org/wiki/Category:日本のジャズ歌手"
"日本のジャズ・ミュージシャン"," 日本 の ジャズ ミュージシャン に関するカテゴリ。","","","","","","","","","","","","","https://ja.wikipedia.org/wiki/Category:日本のジャズ・ミュージシャン","Category_日本のジャズ歌手","https://ja.wikipedia.org/wiki/Category:日本のジャズ歌手"
"各国のジャズ歌手"," このカテゴリには下位カテゴリ 7 件が含まれており、そのうち以下の 7 件を表示しています。","","","","","","","","","","","","","https://ja.wikipedia.org/wiki/Category:各国のジャズ歌手","Category_日本のジャズ歌手","https://ja.wikipedia.org/wiki/Category:日本のジャズ歌手"
