﻿"タイトル","コメント","出生名","別名","出身地","生誕","死没","ジャンル","職業","担当楽器","活動期間","レーベル","共同作業者","メンバー","URL","親リストタイトル","親リストURL"
"Pages_in_category","","","","","","","","","","","","","","","Category_Alternative_rock_guitarists_Valenzuela,+Jesse","https://en.wikipedia.org/w/index.php?title=Category:Alternative_rock_guitarists&pagefrom=Valenzuela,+Jesse\nJesse+Valenzuela#mw-pages"
"Jesse Valenzuela"," Jesse Valenzuela (born May 22, 1962) is an American rock musician and singer who is perhaps best known as a member of the alternative rock band Gin Blossoms . Valenzuela was originally the vocalist in Gin Blossoms when the band first formed in 1987. ","","","","( 1962-05-22 ) May 22, 1962 (age 59)","","","Musician, producer","Vocals, guitar","","","Gin Blossoms","","https://en.wikipedia.org/wiki/Jesse_Valenzuela","Category_Alternative_rock_guitarists_Valenzuela,+Jesse","https://en.wikipedia.org/w/index.php?title=Category:Alternative_rock_guitarists&pagefrom=Valenzuela,+Jesse\nJesse+Valenzuela#mw-pages"
"Brian Vander Ark"," Brian Vander Ark is an American singer-songwriter best known as lead singer for the band The Verve Pipe .","","","Grand Rapids, Michigan","","","","Singer-songwriter, guitarist, public speaker, actor, screenwriter","","","","The Verve Pipe","","https://en.wikipedia.org/wiki/Brian_Vander_Ark","Category_Alternative_rock_guitarists_Valenzuela,+Jesse","https://en.wikipedia.org/w/index.php?title=Category:Alternative_rock_guitarists&pagefrom=Valenzuela,+Jesse\nJesse+Valenzuela#mw-pages"
"Vattica"," Vattica , (stylized VATTICA ) is an American alternative rock band from Los Angeles , California formed in 2013. Singer, songwriter, multi-instrumentalist, and producer Alexander Millar is the only permanent member of the band.    The band performed at venues such as The Viper Room , The Roxy Theater and The Troubadour . They were signed to a recording contract in 2015 by Another Century / Sony Music. ","","Vattica","Los Angeles , California , U.S.","","","Alternative rock","","","2013–present","RED Music, Another Century Records, Sony Music","","Alexander Millar (singer)","https://en.wikipedia.org/wiki/Vattica","Category_Alternative_rock_guitarists_Valenzuela,+Jesse","https://en.wikipedia.org/w/index.php?title=Category:Alternative_rock_guitarists&pagefrom=Valenzuela,+Jesse\nJesse+Valenzuela#mw-pages"
"Eddie Vedder"," Eddie Jerome Vedder (born Edward Louis Severson III ; December 23, 1964) is an American singer, musician and songwriter, best known as the lead vocalist, one of four guitarists, and the primary lyricist of the American rock band Pearl Jam . He also appeared as a guest vocalist in Temple of the Dog , the one-off tribute band dedicated to the late singer Andrew Wood .","","","U.S.","Edward Louis Severson III, ( 1964-12-23 ) December 23, 1964 (age 56), Evanston, Illinois , U.S.","","Alternative rock , grunge , folk rock ","","Vocals, guitar, ukulele, piano","","Universal Republic, Republic, J, Monkeywrench","Pearl Jam, Bad Radio, Temple of the Dog, Citizen Dick, Glen Hansard, Cat Power, Hovercraft, 7 Worlds Collide, Mike Watt, Wellwater Conspiracy, The Who, Neil Young, Queens of the Stone Age, Roger Waters, Tom Petty, Tim Finn, Bad Religion","","https://en.wikipedia.org/wiki/Eddie_Vedder","Category_Alternative_rock_guitarists_Valenzuela,+Jesse","https://en.wikipedia.org/w/index.php?title=Category:Alternative_rock_guitarists&pagefrom=Valenzuela,+Jesse\nJesse+Valenzuela#mw-pages"
"Richard Vernon (musician)"," Richard \"Rich\" Vernon is a British musician and songwriter best known as the bass guitarist of UK rock band The Mission , and previously with The Only Ones vocalist and cult artist Peter Perrett in The One . He has recorded two studio and four live albums with The Mission including the critically acclaimed God is a Bullet ,  as well as two with The One and one with Helter Skelter. He also appeared as a guest musician on The Dead Guitars album Flags , in 2008.","","","England","Chichester , England","","","","","","","","","https://en.wikipedia.org/wiki/Richard_Vernon_(musician)","Category_Alternative_rock_guitarists_Valenzuela,+Jesse","https://en.wikipedia.org/w/index.php?title=Category:Alternative_rock_guitarists&pagefrom=Valenzuela,+Jesse\nJesse+Valenzuela#mw-pages"
"Chris Walla"," Christopher Ryan Walla (born November 2, 1975) is an American musician, record producer , and film music composer, best known for being a former guitarist and songwriter for the band Death Cab for Cutie .","Christopher Ryan Walla","","United States","( 1975-11-02 ) November 2, 1975 (age 45), Bothell, Washington , United States","","Indie rock","Singer-songwriter, guitarist, record producer, film score composer","Guitar, vocals, piano, keyboards, samples, bass, audio sequencer","1994–present","Barsuk, Atlantic, Elsinor","Death Cab for Cutie , Martin Youth Auxiliary","","https://en.wikipedia.org/wiki/Chris_Walla","Category_Alternative_rock_guitarists_Valenzuela,+Jesse","https://en.wikipedia.org/w/index.php?title=Category:Alternative_rock_guitarists&pagefrom=Valenzuela,+Jesse\nJesse+Valenzuela#mw-pages"
"Justin Warfield"," Justin Evan Warfield (born April 20, 1973) is an American musician and hip hop MC,  who is half of the darkwave duo She Wants Revenge . In 1993, he released a hip-hop album titled My Field Trip to Planet 9 , which featured production from Prince Paul and QDIII . His latest album, the self-released Black Hesh Cult Mixtape , was released in July 2013.","Justin Evan Warfield","","","( 1973-04-20 ) April 20, 1973 (age 48)","","Alternative rock , hip hop , darkwave","Singer, musician, rapper, writer, Director","Vocals, guitar, keyboard","1989–present","Qwest / Reprise / Warner Bros. Records","One Inch Punch , She Wants Revenge , Bomb the Bass , Placebo , Shirley Manson","","https://en.wikipedia.org/wiki/Justin_Warfield","Category_Alternative_rock_guitarists_Valenzuela,+Jesse","https://en.wikipedia.org/w/index.php?title=Category:Alternative_rock_guitarists&pagefrom=Valenzuela,+Jesse\nJesse+Valenzuela#mw-pages"
"Biff Watson"," Fletcher Bangs \" Biff \" Watson is an American guitarist, songwriter, and producer. His musicianship has been a part of recording sessions for many artists. ","Fletcher Bangs Watson V","","Virginia","1952, Virginia","","Rock music , country music","Musician","Vocals, guitar","1971–present","","Don Williams","","https://en.wikipedia.org/wiki/Biff_Watson","Category_Alternative_rock_guitarists_Valenzuela,+Jesse","https://en.wikipedia.org/w/index.php?title=Category:Alternative_rock_guitarists&pagefrom=Valenzuela,+Jesse\nJesse+Valenzuela#mw-pages"
"Craig Wedren"," Craig Benjamin Wedren  (born August 15, 1969) is an American singer-songwriter, musician and composer, who began his career fronting post-hardcore band Shudder to Think . Following the disbandment of Shudder to Think, Wedren pursued a career as a television and film music composer, as well as releasing solo material.","Craig Benjamin Wedren","","Washington, D.C. , United States","( 1969-08-15 ) August 15, 1969 (age 51)","","Indie rock , post-hardcore , alternative rock","Musician, singer-songwriter, composer","Vocals, guitar","1986–present","Dischord , Epic , Team Love","Shudder to Think , BABY, Immoral Minority","","https://en.wikipedia.org/wiki/Craig_Wedren","Category_Alternative_rock_guitarists_Valenzuela,+Jesse","https://en.wikipedia.org/w/index.php?title=Category:Alternative_rock_guitarists&pagefrom=Valenzuela,+Jesse\nJesse+Valenzuela#mw-pages"
"Dean Ween"," Michael Melchiondo Jr. (born September 25, 1970), better known by his stage name Dean Ween , is an American guitarist, and is one half of the alternative rock group Ween . Melchiondo is currently active in the groups Ween , Moistboyz and The Dean Ween Group.","Michael Melchiondo Jr.","","United States","( 1970-09-25 ) September 25, 1970 (age 50), New Hope, Pennsylvania , United States","","Alternative rock , experimental rock , neo-psychedelia , hard rock , lo-fi","Musician, fishing guide","Vocals, guitar","","","Ween , Moistboyz , The Dean Ween Group , Desert Sessions","","https://en.wikipedia.org/wiki/Dean_Ween","Category_Alternative_rock_guitarists_Valenzuela,+Jesse","https://en.wikipedia.org/w/index.php?title=Category:Alternative_rock_guitarists&pagefrom=Valenzuela,+Jesse\nJesse+Valenzuela#mw-pages"
"Jack White"," John Anthony White ( né   Gillis ; born July 9, 1975) is an American singer, songwriter, multi-instrumentalist and producer. He is best known as the lead singer and guitarist of the duo the White Stripes , but has also had success in other bands and as a solo artist. White has enjoyed consistent critical and popular success and is widely credited as one of the key artists in the garage rock revival of the 2000s. He has won 12 Grammy Awards , and all three of his solo albums have reached number one on the Billboard charts. Rolling Stone ranked him number 70 on its 2010 list of \"The 100 Greatest Guitarists of All Time\". David Fricke 's 2011 list ranked him at number 17.","","","U.S.","John Anthony Gillis, ( 1975-07-09 ) July 9, 1975 (age 45), Detroit , Michigan , U.S.","","Blues rock, garage rock revival, alternative rock, folk, country","","Vocals, guitar, drums, piano, mandolin, bass guitar","1994–present","Third Man, XL, Columbia, Warner Bros., V2, Sympathy for the Record Industry, Italy, Sub Pop","The White Stripes, The Raconteurs, The Dead Weather, The Upholsterers, Insane Clown Posse, The Go, Goober and the Peas","","https://en.wikipedia.org/wiki/Jack_White","Category_Alternative_rock_guitarists_Valenzuela,+Jesse","https://en.wikipedia.org/w/index.php?title=Category:Alternative_rock_guitarists&pagefrom=Valenzuela,+Jesse\nJesse+Valenzuela#mw-pages"
"Todd Whitener"," Todd Whitener is an American musician best known from his time with the bands Days of the New and Tantric . He is currently on his own solo project, entitled Whitener . He has released three albums and one extended play since 2012.","","","Louisville, Kentucky , United States","( 1978-05-25 ) May 25, 1978 (age 43)","","Rock , acoustic rock , post-grunge","Lead singer , songwriter , guitarist","Voice, guitar","","","","","https://en.wikipedia.org/wiki/Todd_Whitener","Category_Alternative_rock_guitarists_Valenzuela,+Jesse","https://en.wikipedia.org/w/index.php?title=Category:Alternative_rock_guitarists&pagefrom=Valenzuela,+Jesse\nJesse+Valenzuela#mw-pages"
"Tess Wiley"," Tess Wiley (born November 5, 1974) is an American singer-songwriter.","Tess Wiley","","U.S.","( 1974-11-05 ) November 5, 1974 (age 46), Dallas , Texas , U.S.","","Pop rock , soft rock , alternative rock","Singer-songwriter, musician","Guitar, vocals","1991–present","Tapete , Nordpol","Sixpence None the Richer , Velour 100","","https://en.wikipedia.org/wiki/Tess_Wiley","Category_Alternative_rock_guitarists_Valenzuela,+Jesse","https://en.wikipedia.org/w/index.php?title=Category:Alternative_rock_guitarists&pagefrom=Valenzuela,+Jesse\nJesse+Valenzuela#mw-pages"
"Mark Wilkerson"," Mark Wilkerson is an American musician who was the lead singer and guitarist for rock band Course of Nature , previously known as COG. ","","","U.S.","Enterprise, Alabama , U.S.","","Alternative rock","Guitarist, singer","","","","Course of Nature, COG","","https://en.wikipedia.org/wiki/Mark_Wilkerson","Category_Alternative_rock_guitarists_Valenzuela,+Jesse","https://en.wikipedia.org/w/index.php?title=Category:Alternative_rock_guitarists&pagefrom=Valenzuela,+Jesse\nJesse+Valenzuela#mw-pages"
"John Willis (musician)"," John David Willis is an American guitarist and songwriter. He is best known for work as a session musician and as a songwriter for television and the video game industry.","John David Willis","","Louisiana","St. Martinville, Louisiana","","Rock music","Musician","Guitar, banjo ","1983–present","","","","https://en.wikipedia.org/wiki/John_Willis_(musician)","Category_Alternative_rock_guitarists_Valenzuela,+Jesse","https://en.wikipedia.org/w/index.php?title=Category:Alternative_rock_guitarists&pagefrom=Valenzuela,+Jesse\nJesse+Valenzuela#mw-pages"
"Robin Wilson (musician)"," Robin Wilson (born July 12, 1965) is an American musician most notable for his work as the lead vocalist of the rock band Gin Blossoms .","","","U.S.","( 1965-07-12 ) July 12, 1965 (age 55), Detroit, Michigan , U.S.","","","Musician, producer","Vocals, guitar","1988–present","","Gin Blossoms , Gas Giants","","https://en.wikipedia.org/wiki/Robin_Wilson_(musician)","Category_Alternative_rock_guitarists_Valenzuela,+Jesse","https://en.wikipedia.org/w/index.php?title=Category:Alternative_rock_guitarists&pagefrom=Valenzuela,+Jesse\nJesse+Valenzuela#mw-pages"
"Nilüfer Yanya"," Nilüfer Yanya ( / ˈ n ɪ l ə f ər ˈ j æ n j ə / ; born May 11, 1995)  is an English singer, songwriter, composer and musician.","","","England","( 1995-05-11 ) May 11, 1995 (age 26) , London , England","","Indie rock, alternative rock","Singer, songwriter, composer, musician","Vocals, guitar, keyboards","2016–present","ATO Records","","","https://en.wikipedia.org/wiki/Nilüfer_Yanya","Category_Alternative_rock_guitarists_Valenzuela,+Jesse","https://en.wikipedia.org/w/index.php?title=Category:Alternative_rock_guitarists&pagefrom=Valenzuela,+Jesse\nJesse+Valenzuela#mw-pages"
"Thom Yorke"," Thomas Edward Yorke (born 7 October 1968) is an English musician and the main vocalist and songwriter of the rock band Radiohead . A multi-instrumentalist, he mainly plays guitar and keyboards, and is known for his falsetto .","Thomas Edward Yorke","Sisi Bakbak , Tchock , The White Chocolate Farm, Zachariah Wildwood, Thmx","England","( 1968-10-07 ) 7 October 1968 (age 52), Wellingborough , Northamptonshire , England","","Alternative rock, IDM, electronic, experimental rock ","Singer-songwriter, musician, composer","Vocals, guitar, piano","1985–present","XL","Radiohead, Atoms for Peace, Nigel Godrich, The Smile","","https://en.wikipedia.org/wiki/Thom_Yorke","Category_Alternative_rock_guitarists_Valenzuela,+Jesse","https://en.wikipedia.org/w/index.php?title=Category:Alternative_rock_guitarists&pagefrom=Valenzuela,+Jesse\nJesse+Valenzuela#mw-pages"
"Alternative rock musicians by instrument"," This category has the following 5 subcategories, out of 5 total.","","","","","","","","","","","","","https://en.wikipedia.org/wiki/Category:Alternative_rock_musicians_by_instrument","Category_Alternative_rock_guitarists_Valenzuela,+Jesse","https://en.wikipedia.org/w/index.php?title=Category:Alternative_rock_guitarists&pagefrom=Valenzuela,+Jesse\nJesse+Valenzuela#mw-pages"
"Rock guitarists"," This category has the following 6 subcategories, out of 6 total.","","","","","","","","","","","","","https://en.wikipedia.org/wiki/Category:Rock_guitarists","Category_Alternative_rock_guitarists_Valenzuela,+Jesse","https://en.wikipedia.org/w/index.php?title=Category:Alternative_rock_guitarists&pagefrom=Valenzuela,+Jesse\nJesse+Valenzuela#mw-pages"
