﻿"タイトル","コメント","出生名","別名","出身地","生誕","死没","ジャンル","職業","担当楽器","活動期間","レーベル","共同作業者","メンバー","URL","親リストタイトル","親リストURL"
"ジョン・アバークロンビー"," ジョン・アバークロンビー （ John Abercrombie 、 1944年 12月16日 - 2017年 8月22日 ）は、 アメリカ合衆国 の ジャズ ・ギタリスト。","John Laird Abercrombie","","アメリカ合衆国 ニューヨーク州 ポートチェスター","( 1944-12-16 ) 1944年 12月16日","( 2017-08-22 ) 2017年 8月22日 （72歳没）","ジャズ 、 フュージョン 、 フリー・ジャズ","ミュージシャン、作曲家","ギター","1969年 - 2017年","ECMレコード","ドリームス 、 ゲイトウェイ 、 ジャック・ディジョネット 、 ラルフ・タウナー 、 ジョージ・ムラーツ 、 リッチー・バイラーク 、 マイケル・ブレッカー 、 マーク・ジョンソン 、 ピーター・アースキン 、 ダン・ウォール 、 アダム・ナスバウム 、 アンディ・ラヴァーン","","https://ja.wikipedia.org/wiki/ジョン・アバークロンビー","Category_アメリカ合衆国のジャズ・ギタリスト","https://ja.wikipedia.org/wiki/Category:アメリカ合衆国のジャズ・ギタリスト"
"デイヴィッド・T・ウォーカー"," デイヴィッド・T・ウォーカー （David T. Walker, 1941年 6月25日 - ）は、 アメリカ合衆国 の ギタリスト 。 ソウルミュージック 、 R&B 、 ジャズ などのジャンルにクロスオーバーしたギタリストである。ボビー・ウーマックのアルバム「ザ・ポエト」  (1981)、マイケル・ジャクソンの「ガット・トゥ・ビー・ゼア」、ニック・デカロの「アンダー・ザ・ジャマイカン・ムーン」(1974)などでの名演でも知られている。","","","","","","","","","","","","","https://ja.wikipedia.org/wiki/デイヴィッド・T・ウォーカー","Category_アメリカ合衆国のジャズ・ギタリスト","https://ja.wikipedia.org/wiki/Category:アメリカ合衆国のジャズ・ギタリスト"
"ハーブ・エリス"," ハーブ・エリス （ Herb Ellis 、本名：Mitchell Herbert Ellis、 1921年 8月4日 - 2010年 3月28日 ）は、 アメリカ合衆国 テキサス州 生まれの ジャズ ・ ギタリスト 。1950年代の オスカー・ピーターソン ・ トリオ での演奏で知られる。","Mitchell Herbert Ellis","","アメリカ合衆国 テキサス州 ファーマーズヴィル","( 1921-08-04 ) 1921年 8月4日","( 2010-03-28 ) 2010年 3月28日 （88歳没）","ジャズ 、 スウィング・ジャズ 、 クール・ジャズ 、 ウエストコースト・ジャズ","ミュージシャン","ギター","1941年 - 2010年","ヴァーヴ 、 コンコード・ジャズ 、Justice","オスカー・ピーターソン","","https://ja.wikipedia.org/wiki/ハーブ・エリス","Category_アメリカ合衆国のジャズ・ギタリスト","https://ja.wikipedia.org/wiki/Category:アメリカ合衆国のジャズ・ギタリスト"
"ラリー・カールトン"," ラリー・ユージン・カールトン （ 英語 : Larry Eugene Carlton 、 1948年 3月2日 - ）は、 アメリカ合衆国 カリフォルニア州 トーランス 出身の ギタリスト 、 作曲家 。 ベーシスト の トラヴィス・カールトン は実息で、ツアーにも同行したことがある。","ラリー・ユージン・カールトン","","アメリカ合衆国 カリフォルニア州 トーランス","( 1948-03-02 ) 1948年 3月2日 （73歳）","","ジャズ , スムーズジャズ , フュージョン , ブルース , ロック , ポップ ","ギタリスト, 作曲家","ギター","1962年 -","ワーナー・ブラザース, MCA, GRP, RCAビクター, 335","ザ・クルセイダーズ, フォープレイ","","https://ja.wikipedia.org/wiki/ラリー・カールトン","Category_アメリカ合衆国のジャズ・ギタリスト","https://ja.wikipedia.org/wiki/Category:アメリカ合衆国のジャズ・ギタリスト"
"スティーヴ・カーン"," スティーヴ・カーン （ Steve Khan 、 1947年 4月28日 - ）は、 アメリカ合衆国 の ジャズ ・ギタリストである。","Steven Harris Cahn","","アメリカ合衆国 カリフォルニア州 ロサンゼルス","( 1947-04-28 ) 1947年 4月28日 （74歳）","","ジャズ 、 フュージョン","ミュージシャン","ギター","1969年 -","コロムビア 、Novus、Antilles、Denon、 GRP 、Mesa/Bluemoon、 ヴァーヴ 、Evidence、Tone Center","ブレッカー・ブラザーズ 、 ジョー・ザヴィヌル 、 カリビアン・ジャズ・プロジェクト","","https://ja.wikipedia.org/wiki/スティーヴ・カーン","Category_アメリカ合衆国のジャズ・ギタリスト","https://ja.wikipedia.org/wiki/Category:アメリカ合衆国のジャズ・ギタリスト"
"ヘンリー・カイザー"," ヘンリー・カイザー （ Henry Kaiser 、 1952年 9月19日 -  ）は、 アメリカ の ギタリスト で、作曲家、独特なソリスト、サイドマン、民族音楽学者、映画音楽作曲家として知られている。カイザーはさまざまなスタイルの音楽を多用してレコーディングや演奏をすることで、 サンフランシスコ・ベイエリア の音楽シーンにおけるフィクサーとなっている。また、アメリカのフリー・インプロヴァイザー「第二世代」のメンバーと見なされている  。カナダの芸術家ブランディ・ゲイルと結婚しており、ヘンリー・J・カイザー・ジュニアの息子にして、実業家ヘンリー・J・カイザーの孫である  。","","","アメリカ合衆国 カリフォルニア州 サンフランシスコ・ベイエリア","( 1952-09-19 ) 1952年 9月19日 （68歳）","","フリー・インプロヴィゼーション、 ジャズ 、 ロック 、 電子音楽","ミュージシャン、作曲家、写真家","ギター","1970年代 -","メタランゲージ 、 ツァディク 、 SST 、 ライノ 、 ウィンダム・ヒル 、 シャナキー 、 キュニフォーム","フレッド・フリス 、 デヴィッド・リンドレー 、 ワダダ・レオ・スミス","","https://ja.wikipedia.org/wiki/ヘンリー・カイザー","Category_アメリカ合衆国のジャズ・ギタリスト","https://ja.wikipedia.org/wiki/Category:アメリカ合衆国のジャズ・ギタリスト"
"ネルス・クライン"," ネルス・クライン （ Nels Cline 、 1956年 1月4日 - ）  は、 アメリカ のギタリストにして作曲家。2004年から ウィルコ のギタリストを務めている。","","","アメリカ合衆国 カリフォルニア州 ロサンゼルス","( 1956-01-04 ) 1956年 1月4日 （65歳）","","フリー・ジャズ 、 実験音楽 、 ノイズ 、 パンク・ロック 、 インディー・ロック","ミュージシャン、作曲家","ギター","1977年 -","Cryptogramophone、Nine Winds、Atavistic、Enja、Little Brother、Strange Attractors、Audio House、Long Song、Mack Avenue","カルテット・ミュージック、 ウィルコ 、ジェラルディン・フィバーズ","","https://ja.wikipedia.org/wiki/ネルス・クライン","Category_アメリカ合衆国のジャズ・ギタリスト","https://ja.wikipedia.org/wiki/Category:アメリカ合衆国のジャズ・ギタリスト"
"グラント・グリーン"," グラント・グリーン （ Grant Green 、 1935年 6月6日 - 1979年 1月31日 ）  は、 アメリカ の ジャズ ・ ギタリスト 。 ミズーリ州 セントルイス 生まれ。","","","アメリカ合衆国 ミズーリ州 セントルイス","( 1935-06-06 ) 1935年 6月6日","( 1979-01-31 ) 1979年 1月31日 （43歳没）","ジャズ 、 ビバップ 、 ハード・バップ 、 ソウル・ジャズ 、ジャズ・ブルース、 ジャズ・ファンク","","ギター","1959年 - 1978年","ブルーノート・レコード","ルー・ドナルドソン 、 ラリー・ヤング 、 ビッグ・ジョン・パットン 、アイドリス・ムハマッド","","https://ja.wikipedia.org/wiki/グラント・グリーン","Category_アメリカ合衆国のジャズ・ギタリスト","https://ja.wikipedia.org/wiki/Category:アメリカ合衆国のジャズ・ギタリスト"
"フレディ・グリーン"," フレディ・グリーン （ Freddie Green 、 1911年 3月31日 - 1987年 3月1日 ）は、 アメリカ の ジャズ ギタリスト である。","Frederick William Green","","アメリカ合衆国 サウスカロライナ州 チャールストン","( 1911-03-31 ) 1911年 3月31日","( 1987-03-01 ) 1987年 3月1日 （75歳没）","ジャズ 、 スウィング・ジャズ","ミュージシャン","ギター","","","カウント・ベイシー・オーケストラ","","https://ja.wikipedia.org/wiki/フレディ・グリーン","Category_アメリカ合衆国のジャズ・ギタリスト","https://ja.wikipedia.org/wiki/Category:アメリカ合衆国のジャズ・ギタリスト"
"チャーリー・クリスチャン"," チャーリー・クリスチャン （ Charlie Christian 、 1916年 7月29日 - 1942年 3月2日 ）は、 アメリカ合衆国 の ジャズ ・ ギタリスト 。ジャズ・ギターの開祖とされる人物。 ベニー・グッドマン 楽団での活動が有名。","Charlie Henry Christian","","アメリカ合衆国 テキサス州","1916年 7月29日, アメリカ合衆国 テキサス州","( 1942-03-02 ) 1942年 3月2日 （25歳没）, アメリカ合衆国","ジャズ 、 スウィング・ジャズ 、 ビバップ","ギタリスト","エレクトリックギター","1939年-1941年","","ベニー・グッドマン","","https://ja.wikipedia.org/wiki/チャーリー・クリスチャン","Category_アメリカ合衆国のジャズ・ギタリスト","https://ja.wikipedia.org/wiki/Category:アメリカ合衆国のジャズ・ギタリスト"
"アール・クルー"," アール・クルー （ Earl Klugh 、 1953年 9月16日 - ）は、 アメリカ ・ ミシガン州 デトロイト 出身の ジャズ 、 フュージョン 界の ギタリスト である。","","","アメリカ合衆国 ミシガン州 デトロイト","( 1953-09-16 ) 1953年 9月16日 （67歳）","","スムーズ・ジャズ 、 フュージョン","ギタリスト","ギター","1970年 -","ブルーノート / キャピトル 、 ワーナー・ブラザース・レコード 、 ウィンダム・ヒル 、 コーチ","ボブ・ジェームス 、 ジョージ・ベンソン","","https://ja.wikipedia.org/wiki/アール・クルー","Category_アメリカ合衆国のジャズ・ギタリスト","https://ja.wikipedia.org/wiki/Category:アメリカ合衆国のジャズ・ギタリスト"
"バーニー・ケッセル"," バーニー・ケッセル （ Barney Kessel 、 1923年 10月17日 - 2004年 5月17日 ）は、 アメリカ合衆国 オクラホマ州 出身の ジャズ ・ ギタリスト 。","","","アメリカ合衆国, オクラホマ州 マスコギー","( 1923-10-17 ) 1923年 10月17日","( 2004-05-06 ) 2004年 5月6日 （80歳没）","ジャズ, ポップ・ミュージック, リズム・アンド・ブルース, ロック","ミュージシャン、作曲家","ギター","1940年代 - 1992年","","チコ・マルクス, オスカー・ピーターソン, レイ・ブラウン, ソニー・ロリンズ, フィル・スペクター, ザ・ビーチ・ボーイズ, モンキーズ, ミルト・ジャクソン, レッキング・クルー, サム・クック","","https://ja.wikipedia.org/wiki/バーニー・ケッセル","Category_アメリカ合衆国のジャズ・ギタリスト","https://ja.wikipedia.org/wiki/Category:アメリカ合衆国のジャズ・ギタリスト"
"ラリー・コリエル"," ラリー・コリエル （ Larry Coryell 、 1943年 4月2日 - 2017年 2月19日  ）は、 アメリカ合衆国 の フュージョン ・ ギタリスト 。ジャズと ロック の融合に早くから取り組んだ他、 アコースティック・ギター を使用したジャズと クラシック の融合も試みる。","Lorenz Albert Van DeLinder III","","アメリカ合衆国 テキサス州 ガルベストン","( 1943-04-02 ) 1943年 4月2日","( 2017-02-19 ) 2017年 2月19日 （73歳没）","ジャズ 、 フュージョン 、 クラシック音楽","ミュージシャン","エレクトリックギター 、 アコースティック・ギター","1965年 - 2017年","ヴァンガード・レコード, アリスタ・レコード, アトランティック・レコード, フィリップス・レコード","フリー・スピリッツ, ザ・イレヴンス・ハウス","","https://ja.wikipedia.org/wiki/ラリー・コリエル","Category_アメリカ合衆国のジャズ・ギタリスト","https://ja.wikipedia.org/wiki/Category:アメリカ合衆国のジャズ・ギタリスト"
"ビクター・コンテ"," ビクター・コンテ （ Victor Conte , 1950年 - ）は、 アメリカ合衆国 カリフォルニア州 フレズノ 出身。 タワー・オブ・パワー の元 ベーシスト 、 栄養補助食品 会社の バルコ （BALCO）創設者。","","","","","","","","","","","","","https://ja.wikipedia.org/wiki/ビクター・コンテ","Category_アメリカ合衆国のジャズ・ギタリスト","https://ja.wikipedia.org/wiki/Category:アメリカ合衆国のジャズ・ギタリスト"
"エディ・コンドン"," エディ・コンドン  （ Eddie Condon 、 1905年 11月16日 - 1973年 8月4日 ）は、アメリカの ジャズバンジョー奏者 、ギタリスト、バンドリーダー。シカゴのジャズを牽引する人物であり、ピアノ奏者、歌手としても活躍した。","Albert Edwin Condon","","アメリカ合衆国 インディアナ州 グッドランド","( 1905-11-16 ) 1905年 11月16日","( 1973-08-04 ) 1973年 8月4日 （67歳没）","ジャズ 、 スウィング・ジャズ","ミュージシャン、バンドリーダー","ギター","1921年 - 1973年","コモドア・レコード 、OKレコード、 ビクター・レコード 、ブランズウィック・レコード、 コロムビア・レコード","ジョージ・ブルニーズ、ビリー・バターフィールド、ビル・デイヴィソン、 ボビー・ハケット 、 ウォルター・ペイジ 、 ピー・ウィー・ラッセル 、ラルフ・サットン、ジャック・ティーガーデン、ジョージ・ウェットリング","","https://ja.wikipedia.org/wiki/エディ・コンドン","Category_アメリカ合衆国のジャズ・ギタリスト","https://ja.wikipedia.org/wiki/Category:アメリカ合衆国のジャズ・ギタリスト"
"シスター・ロゼッタ・サープ"," シスター・ロゼッタ・サープ （ 英語 : Sister Rosetta Tharpe 、 1915年 3月20日  - 1973年 10月5日  ）は アメリカ の 歌手 、 ソングライター 、 ギタリスト 。 1930 〜 40年代 にかけて ゴスペル と、 ジャズ や ブルース など大衆音楽をかけ合わせた演奏で人気を博した。スピリチュアルな歌詞をリズミカルな伴奏にのせた演奏が特徴的で、宗教と世俗的な境界をまたいで演奏活動を続け、 スピリチュアル音楽 をメインストリームへと押し上げた。女性のギタリストが稀な時代に天才プレイヤーとして称賛を集め、そのスタイルは ロックンロール の先駆けとして、 リトル・リチャード や ジョニー・キャッシュ 、 チャック・ベリー 、 エルビス・プレスリー 、 ジェリー・リー・ルイス など、ロックンロールを代表するアーティスト達にも大きな影響を与えた    。ゴスペル、リズム＆ブルース、ロックンロールを通じて最初の偉大なスターであり、「ロックンロールの母」「ソウルシスターの元祖」と称される     。","Rosetta Nubin または Rosether Atkins","","アメリカ合衆国 ・アーカンソー州","1915年 3月20日","( 1973-10-05 ) 1973年 10月5日 （58歳没）","ゴスペル 、 ジャズ 、 ブルース 、 ロックンロール 、 R&B","ミュージシャン","ヴォーカル、ギター","1919–1973","Decca など","","","https://ja.wikipedia.org/wiki/シスター・ロゼッタ・サープ","Category_アメリカ合衆国のジャズ・ギタリスト","https://ja.wikipedia.org/wiki/Category:アメリカ合衆国のジャズ・ギタリスト"
"マイケル・グレゴリー・ジャクソン"," マイケル・グレゴリー・ジャクソン （ Michael Gregory Jackson 、 1953年 8月28日 - ）は、 アメリカ合衆国 の ジャズ 、 R&B 、 アバンギャルド 、 ロック 、 ブルース 、 フリー・ジャズ のギタリストおよび作曲家である。キャリアの早い段階で、彼は「マイケル・グレゴリー・ジャクソン」という名前を使用していた。1983年、 アイランド・レコード と契約したとき、ポップ・シンガーである マイケル・ジャクソン の名前との混同を防ぐために「ジャクソン」の使用をやめ、「マイケル・グレゴリー」名義でレコーディングするようになった。2013年になり、またフルネームを使用するようになっている。","","","アメリカ合衆国 ・ コネチカット州 ニューヘイブン","( 1953-08-28 ) 1953年 8月28日 （67歳）","","ジャズ 、 R&B 、 ロック 、 ブルース 、 フリー・ジャズ","ミュージシャン 、 作曲家","ギター","","","","","https://ja.wikipedia.org/wiki/マイケル・グレゴリー・ジャクソン","Category_アメリカ合衆国のジャズ・ギタリスト","https://ja.wikipedia.org/wiki/Category:アメリカ合衆国のジャズ・ギタリスト"
"ポール・ジャクソン・ジュニア"," ポール・ジャクソン・ジュニア （ Paul Jackson Jr. 、 1959年 12月30日 - ）は、 アメリカ合衆国 カリフォルニア州 ロサンゼルス 出身の ジャズ 、 フュージョン ・ギタリスト。","Paul Milton Jackson Jr.","","アメリカ合衆国 カリフォルニア州 ロサンゼルス","( 1959-12-30 ) 1959年 12月30日 （61歳）","","ジャズ 、 フュージョン 、 スムーズジャズ 、 ロック 、 ポップス 、 ファンク 、 R&B 、 ソウル","ミュージシャン、ソングライター、音楽プロデューサー","ドラム、ピアノ、ヴィブラフォン","1976年 -","アトランティック 、 ブルーノート 、Branch","マイケル・ジャクソン 、 ホイットニー・ヒューストン 、ファイヴ・スター、 シカゴ 、 テンプテーションズ 、 ダフト・パンク 、 ルイス・ミゲル","","https://ja.wikipedia.org/wiki/ポール・ジャクソン・ジュニア","Category_アメリカ合衆国のジャズ・ギタリスト","https://ja.wikipedia.org/wiki/Category:アメリカ合衆国のジャズ・ギタリスト"
"スタンリー・ジョーダン"," スタンリー・ジョーダン （Stanley Jordan、 1959年 7月31日 - ）は、アメリカのジャズギタリストで、 ギター の 指板 上で両手の指を タッピング させる奏法を特徴とする。","","","米国 イリノイ州 シカゴ","( 1959-07-31 ) 1959年 7月31日 （61歳）, 米国 イリノイ州 シカゴ","","ジャズ , フュージョン","音楽家","ギター","1982年 -現在","Blue Note , Capitol , EMI , Arista , Mack Avenue","","","https://ja.wikipedia.org/wiki/スタンリー・ジョーダン","Category_アメリカ合衆国のジャズ・ギタリスト","https://ja.wikipedia.org/wiki/Category:アメリカ合衆国のジャズ・ギタリスト"
"ジョン・スコフィールド (音楽家)"," ジョン・スコフィールド （ John Scofield 、 1951年 12月26日 - ）は、 アメリカ合衆国 の 音楽家 、 ギタリスト である。","","","アメリカ合衆国 オハイオ州 デイトン","( 1951-12-26 ) 1951年 12月26日 （69歳）","","ジャズ 、 フュージョン","ギタリスト 、 作曲家","ギター","","エンヤ・レコード, グラマヴィジョン・レコード, ブルーノート・レコード, ヴァーヴ・レコード, エマーシー・レコード, ECMレコード","ビリー・コブハム, ゲイリー・バートン, マイルス・デイヴィス, メデスキ、マーティン・アンド・ウッド, フィル・レッシュ, 他","","https://ja.wikipedia.org/wiki/ジョン・スコフィールド_(音楽家)","Category_アメリカ合衆国のジャズ・ギタリスト","https://ja.wikipedia.org/wiki/Category:アメリカ合衆国のジャズ・ギタリスト"
"マイク・スターン"," マイク・スターン （ Mike Stern 、 1953年 1月10日 - ）は、 アメリカ合衆国 の ジャズ ・ ギタリスト 。 マイルス・デイヴィス が1981年にカムバックした際、ギタリストとして抜擢されて注目を浴びる。妻は、ギタリスト兼歌手の レニ・スターン 。","Mike Sedgwick","","","( 1953-01-10 ) 1953年 1月10日 （68歳）","","ジャズ 、 フュージョン","ギタリスト","ギター","1976年 -","アトランティック・レコード 、 ヘッズ・アップ","","","https://ja.wikipedia.org/wiki/マイク・スターン","Category_アメリカ合衆国のジャズ・ギタリスト","https://ja.wikipedia.org/wiki/Category:アメリカ合衆国のジャズ・ギタリスト"
"ダリル・ステューマー"," ダリル・ステューマー  （ Daryl Stuermer 、 1952年 11月27日 - ）は、 ジェネシス のライブでギターとベースを演奏し、 フィル・コリンズ のほとんどのソロ・ツアーとアルバムでリード・ギターを務めていることで最も有名な アメリカ合衆国 の ミュージシャン 、 ソングライター 、 音楽プロデューサー である  。彼はまた、10枚のソロ・アルバムをリリースし、自ら率いるダリル・ステューマー・バンドとツアーを行っている。","Daryl Mark Stuermer","","アメリカ合衆国 ウィスコンシン州 ミルウォーキー","( 1952-11-27 ) 1952年 11月27日 （68歳）","","プログレッシブ・ロック, ロック, ジャズ・ロック, ポップ・ロック","ミュージシャン、ソングライター、音楽プロデューサー","ギター、ベース","1970年 -","","ジェネシス, フィル・コリンズ, ジャン＝リュック・ポンティ, eRa, ジノ・ヴァネリ, アンニ＝フリッド・リングスタッド","","https://ja.wikipedia.org/wiki/ダリル・ステューマー","Category_アメリカ合衆国のジャズ・ギタリスト","https://ja.wikipedia.org/wiki/Category:アメリカ合衆国のジャズ・ギタリスト"
"デヴィッド・スピノザ"," デヴィッド・スピノザ  （ David Spinozza 、 1949年 8月8日 - ）は、 ニューヨーク で活躍するイタリア系アメリカ人のセッション・ギタリスト。巧みなギタープレイで、 ジョン・レノン や ポール・マッカートニー などの作品にセッション・ギタリストとして参加している。","David Alan Spinozza","","アメリカ合衆国 ニューヨーク州 ポート・チェスター","( 1949-08-08 ) 1949年 8月8日 （71歳）","","フュージョン 、 ロック 、 ソウル","ギタリスト 、 音楽プロデューサー","エレクトリックギター","","","","","https://ja.wikipedia.org/wiki/デヴィッド・スピノザ","Category_アメリカ合衆国のジャズ・ギタリスト","https://ja.wikipedia.org/wiki/Category:アメリカ合衆国のジャズ・ギタリスト"
"ジョニー・スミス (ジャズ・ギタリスト)"," ジョン・ヘンリー・スミス2世 （John Henry Smith II、 1922年 6月25日 - 2013年 6月11日 ）は、 アメリカ合衆国 の クール・ジャズ 、 メインストリーム・ジャズ のギタリスト。 1954年 に「 急がば廻れ ( Walk, Don't Run )」を作曲した。 1984年 には、 アラバマ・ジャズの殿堂 （ 英語版 ） 入りを果たした。","John Henry Smith II","","アラバマ州 バーミングハム","( 1922-06-25 ) 1922年 6月25日, アメリカ合衆国, アラバマ州 バーミングハム","2013年 6月11日 (2013-06-11) （90歳）, アメリカ合衆国, コロラド州 コロラドスプリングス","ジャズ","ミュージシャン","ギター","1935年–1992年","コロムビア・レコード, コンコード・レコード, ルースト・レコード, ルーレット・レコード （ 英語版 ）, ヴァーヴ・レコード","ビング・クロスビー, カウント・ベイシー, スタン・ゲッツ, ベニー・グッドマン, スタン・ケントン","","https://ja.wikipedia.org/wiki/ジョニー・スミス_(ジャズ・ギタリスト)","Category_アメリカ合衆国のジャズ・ギタリスト","https://ja.wikipedia.org/wiki/Category:アメリカ合衆国のジャズ・ギタリスト"
"オル・ダラ"," オル・ダラ （ Olu Dara 、 1941年 1月12日 - ）は、 アメリカ のコルネット奏者、ギタリスト、歌手。息子はラッパーの ナズ 。","Charles Jones III","","アメリカ合衆国 ミシシッピ州 ナチェズ","( 1941-01-12 ) 1941年 1月12日 （80歳）","","ジャズ","ミュージシャン、ソングライター","ボーカル、ギター、コルネット","1964年 -","アトランティック・レコード","ナズ 、ブレイヴハーツ、AZ","","https://ja.wikipedia.org/wiki/オル・ダラ","Category_アメリカ合衆国のジャズ・ギタリスト","https://ja.wikipedia.org/wiki/Category:アメリカ合衆国のジャズ・ギタリスト"
"エディ・ダラム"," エデュアード・\"エディ\"・ダラム （Eduard \"Eddie\" Durham、 1906年 8月19日 - 1987年 3月6日 ）は、 テキサス州 サンマルコス に生まれ、 スウィング・ジャズ の時代に活動した、 アメリカ合衆国 の ジャズ ・ ギタリスト 、 トロンボーン 奏者、 作曲家 、 編曲家 。ダラムは、 キャブ・キャロウェイ 、 ウィリー・ブライアント （ 英語版 ） 、 アンディ・カーク （ 英語版 ） 、 グレン・ミラー 、 ジミー・ランスフォード （ 英語版 ） 、 カウント・ベイシー などのミュージシャンたちと共演した作品で知られている  。","","","","","","","","","","","","","https://ja.wikipedia.org/wiki/エディ・ダラム","Category_アメリカ合衆国のジャズ・ギタリスト","https://ja.wikipedia.org/wiki/Category:アメリカ合衆国のジャズ・ギタリスト"
"ジミ・タンネル"," ジミ・タンネル （ Jimi Tunnell 、1958年7月8日  - ）は、 テキサス州 デントン 出身というアメリカのギタリストおよびボーカリストである  。ギタリストとして著名だが、彼のキャリアはジャズのトランペット奏者として始まった  。","","","アメリカ合衆国 テキサス州 デントン","( 1958-07-08 ) 1958年 7月8日 （62歳）","","ポップ・ミュージック, リズム・アンド・ブルース, ジャズ, クラシック音楽","ミュージシャン","ギター、ボーカル","1980年 -","Art of Life","高橋幸宏, ローリー・アンダーソン, ステップス・アヘッド, メンバーズ・オンリー, ロビン・ギブ","","https://ja.wikipedia.org/wiki/ジミ・タンネル","Category_アメリカ合衆国のジャズ・ギタリスト","https://ja.wikipedia.org/wiki/Category:アメリカ合衆国のジャズ・ギタリスト"
"アル・ディ・メオラ"," アル・ディ・メオラ  （ 英語 : Al Di Meola 、 1954年 7月22日 - ）は、 アメリカ の ジャズ ・ フュージョン ギタリストである。","","","アメリカ合衆国 ニュージャージー州 ジャージーシティ","( 1954-07-22 ) 1954年 7月22日 （66歳）","","ジャズ 、 フュージョン 、 ワールドミュージック 、ワールド・フュージョン","ギタリスト 、 作曲家 、 バンドリーダー","ギター","1974年 - 現在","CBS 、 テラーク 、Tomato Records","リターン・トゥ・フォーエヴァー, パコ・デ・ルシア, ジョン・マクラフリン","","https://ja.wikipedia.org/wiki/アル・ディ・メオラ","Category_アメリカ合衆国のジャズ・ギタリスト","https://ja.wikipedia.org/wiki/Category:アメリカ合衆国のジャズ・ギタリスト"
"コーネル・デュプリー"," コーネル・デュプリー （Cornell Dupree, 1942年 12月19日 - 2011年 5月8日 ）は アメリカ の ギタリスト で スタジオ・ミュージシャン 。 スタッフ のメンバーとして知られた。","","","テキサス州 フォート・ワース","( 1942-12-19 ) 1942年 12月19日, アメリカ合衆国, テキサス州 フォート・ワース","( 2011-05-08 ) 2011年 5月8日 （68歳没）, アメリカ合衆国, テキサス州 フォートワース","R&B 、 ソウル・ジャズ 、 フュージョン","ミュージシャン","ギター","","アトランティック・レコード","スタッフ 、 ガッド・ギャング","","https://ja.wikipedia.org/wiki/コーネル・デュプリー","Category_アメリカ合衆国のジャズ・ギタリスト","https://ja.wikipedia.org/wiki/Category:アメリカ合衆国のジャズ・ギタリスト"
"ジョン・トロペイ"," ジョン・トロペイ （ John Tropea 、 1946年 1月7日 - ）は、 アメリカ合衆国 のギタリスト    。","Richard Malden Heckstall-Smith","","アメリカ合衆国 ニューヨーク","( 1946-01-07 ) 1946年 1月7日 （75歳）","","ポップス 、 ファンク 、 スムーズジャズ 、 ソウル・ジャズ","ミュージシャン","ギター","","Video Arts、DMP","","","https://ja.wikipedia.org/wiki/ジョン・トロペイ","Category_アメリカ合衆国のジャズ・ギタリスト","https://ja.wikipedia.org/wiki/Category:アメリカ合衆国のジャズ・ギタリスト"
"ジョー・パス"," ジョー・パス （ Joe Pass 、 1929年 1月13日 - 1994年 5月23日 ）は、 アメリカ合衆国 の ジャズ ・ミュージシャン、 ギタリスト 。我流ではあるが、卓越した超絶技巧を誇り後進のギタリストに多大な影響を与えている。 オスカー・ピーターソン や エラ・フィッツジェラルド といった大御所との録音も多い。","Joseph Anthony Jacobi Passalaqua","","アメリカ合衆国 ニュージャージー州 ニューブランズウィック","( 1929-01-13 ) 1929年 1月13日","( 1994-05-23 ) 1994年 5月23日 （65歳没）","ジャズ","ギタリスト、作曲家","ギター","1943年 - 1994年","パシフィック・ジャズ 、 コンコード 、 パブロ","オスカー・ピーターソン 、 ニールス＝ヘニング・エルステッド・ペデルセン 、 エラ・フィッツジェラルド","","https://ja.wikipedia.org/wiki/ジョー・パス","Category_アメリカ合衆国のジャズ・ギタリスト","https://ja.wikipedia.org/wiki/Category:アメリカ合衆国のジャズ・ギタリスト"
"ジェニファー・バトゥン"," ジェニファー・バトゥン （ Jennifer Batten 、 1957年 11月29日 - ）は、 ハードロック の分野で活躍するアメリカ合衆国の女性 ギタリスト 。 ニューヨーク ・ ブルックリン 出身。得意な 奏法 は タッピング であり、中でも両手を用いるツーハンド・タッピングの名手。 クラシック の難曲「 熊蜂の飛行 (Flight of the Bumble Bee)」をタッピングで完全に再現したことが名声を得るきっかけであった。 リズムギター においてもタッピングを用いることがある。","","","アメリカ合衆国 ニューヨーク","( 1957-11-29 ) 1957年 11月29日 （63歳）","","フュージョン 、 ハードロック 、 エレクトロニカ","ミュージシャン 、 ソングライター 、 音楽プロデューサー","ギター 、 ギターシンセサイザー","1980年 -","Voss、East West、Lion","マイケル・ジャクソン, ジェフ・ベック","","https://ja.wikipedia.org/wiki/ジェニファー・バトゥン","Category_アメリカ合衆国のジャズ・ギタリスト","https://ja.wikipedia.org/wiki/Category:アメリカ合衆国のジャズ・ギタリスト"
"ケニー・バレル"," ケニー・バレル （ Kenny Burrell 、 1931年 7月31日 - ）は、 アメリカ の ジャズ ・ ギター 奏者。","Kenneth Earl Burrell","","アメリカ合衆国 ミシガン州 デトロイト市","( 1931-07-31 ) 1931年 7月31日 （89歳）","","ジャズ 、 ブルース 、 ソウル・ジャズ","ミュージシャン、教育者","ギター","1951年 -","ブルーノート 、 プレスティッジ 、 ヴァーヴ 、 ファンタジー 、Fortune、 コンコード・ジャズ 、HighNote","ジミー・スミス 、 スタンリー・タレンタイン","","https://ja.wikipedia.org/wiki/ケニー・バレル","Category_アメリカ合衆国のジャズ・ギタリスト","https://ja.wikipedia.org/wiki/Category:アメリカ合衆国のジャズ・ギタリスト"
"ジョー・ピューマ"," ジョー・ピューマ （ Joe Puma 、 1927年 8月13日 - 2000年 5月31日 ）は、アメリカのジャズ・ギタリストである。","","","アメリカ合衆国 ニューヨーク州 ブロンクス","( 1927-08-13 ) 1927年 8月13日","( 2000-05-31 ) 2000年 5月31日 （72歳没）","ジャズ","ミュージシャン","ギター","1949年 - 2000年","","ハービー・マン, チャック・ウェイン","","https://ja.wikipedia.org/wiki/ジョー・ピューマ","Category_アメリカ合衆国のジャズ・ギタリスト","https://ja.wikipedia.org/wiki/Category:アメリカ合衆国のジャズ・ギタリスト"
"タル・ファーロウ"," タル・ファーロウ （ Tal Farlow 、本名タルネージ・ホルト・ファーロウ、 1921年 6月7日 - 1998年 7月25日 ）は アメリカ合衆国 の ジャズ ギタリスト 。圧倒的なテクニックを持ち、主に 1950年代 に活躍した。","Talmage Holt Farlow","","アメリカ合衆国, ノースカロライナ州, グリーンズボロ","1921年 6月7日","( 1998-07-25 ) 1998年 7月25日 （77歳没）","ジャズ","","ギター","","ファンタジー 、 コンコード 、 ヴァーヴ","レッド・ノーヴォ 、 アーティ・ショウ","","https://ja.wikipedia.org/wiki/タル・ファーロウ","Category_アメリカ合衆国のジャズ・ギタリスト","https://ja.wikipedia.org/wiki/Category:アメリカ合衆国のジャズ・ギタリスト"
"ディーン・ブラウン (ギタリスト)"," ディーン・ブラウン （ Dean Brown 、 1955年 8月19日 - ）は、 セッション ・ ギタリスト 。幅広い分野で活動するが、ソロにおいては ジャズ ・ フュージョン のスタイルを演奏する。","","","フランス シャトールー","( 1955-08-19 ) 1955年 8月19日 （65歳）","","フュージョン","","ギター","1982年 -","ESC、JVC Victor、BHM、Moosicus","","","https://ja.wikipedia.org/wiki/ディーン・ブラウン_(ギタリスト)","Category_アメリカ合衆国のジャズ・ギタリスト","https://ja.wikipedia.org/wiki/Category:アメリカ合衆国のジャズ・ギタリスト"
"ノーマン・ブラウン"," ノーマン・ブラウン （ Norman Brown 、 1970年 12月18日 - ）は、 アメリカ ・ ミズーリ州 カンザスシティ 出身の スムーズジャズ 界で活躍している ギタリスト 。","","","アメリカ合衆国 ミズーリ州 カンザスシティ","( 1970-12-18 ) 1970年 12月18日 （50歳）","","フュージョン 、 スムーズジャズ 、 ジャズ・ロック","ギタリスト 、 歌手","ギター 、 ボーカル","1992年 -","モー・ジャズ 、 ワーナー・ブラザース・レコード 、 ピーク 、 シャナキー","BWB 、 ジェラルド・アルブライト","","https://ja.wikipedia.org/wiki/ノーマン・ブラウン","Category_アメリカ合衆国のジャズ・ギタリスト","https://ja.wikipedia.org/wiki/Category:アメリカ合衆国のジャズ・ギタリスト"
"ビル・フリゼール"," ビル・フリゼール  （ Bill Frisell 、1951年3月18日 - ）は、 アメリカ合衆国 メリーランド州 出身の ギタリスト である。","William Richard Frisell","","アメリカ合衆国 メリーランド州 ボルチモア","( 1951-03-18 ) 1951年 3月18日 （70歳）","","ジャズ 、 フュージョン 、 カントリー 、 アメリカーナ 、 ロック","ギタリスト 、 作曲家 、 編曲家","ギター","1982年 -","ECM 、 ノンサッチ 、 ワーナー","ポール・モチアン, ジョーイ・バロン, ウェイン・ホーヴィッツ, カーミット・ドリスコル, ジョン・ゾーン, ネイキッド・シティ","","https://ja.wikipedia.org/wiki/ビル・フリゼール","Category_アメリカ合衆国のジャズ・ギタリスト","https://ja.wikipedia.org/wiki/Category:アメリカ合衆国のジャズ・ギタリスト"
"ハイラム・ブロック"," ハイラム・ブロック （ Hiram Bullock 、 1955年 9月11日 - 2008年 7月25日 ）は、 日本 の 堺市 生まれ、 アメリカ の ジャズ 、 フュージョン の ギタリスト 。","","","アメリカ合衆国","( 1955-09-11 ) 1955年 9月11日, 日本 ・ 大阪府 堺市","( 2008-07-25 ) 2008年 7月25日 （52歳没）","ジャズ, フュージョン","","ギター","","","","","https://ja.wikipedia.org/wiki/ハイラム・ブロック","Category_アメリカ合衆国のジャズ・ギタリスト","https://ja.wikipedia.org/wiki/Category:アメリカ合衆国のジャズ・ギタリスト"
"ジョージ・ベンソン"," ジョージ・ベンソン （ George Benson 、 1943年 3月22日 - ）は、 アメリカ合衆国 ペンシルベニア州 ピッツバーグ 出身の ジャズ ギタリスト 、 歌手 。","","","アメリカ合衆国 ペンシルベニア州 ピッツバーグ","( 1943-03-22 ) 1943年 3月22日 （78歳）","","ジャズ 、 フュージョン 、 ポップ・ミュージック 、 クロスオーバー","ミュージシャン 、 歌手 、 ソングライター","ギター 、 ボーカル","1954年 -","プレスティッジ 、 コロムビア 、 ヴァーヴ 、 A&M 、 CTI 、ワーナー、 GRP 、 コンコード 、マスコット","ジャック・マクダフ 、 フューズ・ワン","","https://ja.wikipedia.org/wiki/ジョージ・ベンソン","Category_アメリカ合衆国のジャズ・ギタリスト","https://ja.wikipedia.org/wiki/Category:アメリカ合衆国のジャズ・ギタリスト"
"スコット・ヘンダーソン"," スコット・ヘンダーソン （ Scott Henderson 、 1954年 8月26日 - ）は、 アメリカ合衆国 の ジャズ 、 フュージョン ギタリスト。","","","アメリカ合衆国, フロリダ州 ウェストパームビーチ ","( 1954-08-26 ) 1954年 8月26日 （66歳）","","ジャズ, フュージョン, ブルース","ギタリスト","ギター","1985年 -","Passport, Relativity Records, Shrapnel Records, ESC Records","トライバル・テック, チック・コリア, ジョー・ザヴィヌル","","https://ja.wikipedia.org/wiki/スコット・ヘンダーソン","Category_アメリカ合衆国のジャズ・ギタリスト","https://ja.wikipedia.org/wiki/Category:アメリカ合衆国のジャズ・ギタリスト"
"マーク・ホイットフィールド"," マーク・ホイットフィールド （ Mark Whitfield 、 1966年 10月6日 - ）は、 アメリカ の ジャズ ・ ギタリスト 。","Mark Adrian Whitfield","","アメリカ合衆国 ニューヨーク州 リンデンハースト","( 1966-10-06 ) 1966年 10月6日 （54歳）","","ジャズ 、 ソウル・ジャズ","ミュージシャン","ギター","","ワーナー 、 ヴァーヴ","","","https://ja.wikipedia.org/wiki/マーク・ホイットフィールド","Category_アメリカ合衆国のジャズ・ギタリスト","https://ja.wikipedia.org/wiki/Category:アメリカ合衆国のジャズ・ギタリスト"
"ジム・ホール"," ジム・ホール （ Jim Hall 、本名 ジェームズ・スタンリー・ホール 、 1930年 12月4日 - 2013年 12月10日  ）は、 アメリカ合衆国 の ジャズ ・ ミュージシャン 、 ギタリスト 。 ソニー・ロリンズ 、 アート・ファーマー 、 ビル・エヴァンス など著名なミュージシャンと長年共演しており、多くのミュージシャンがホールからの影響を受けている  。","James Stanley Hall","","ニューヨーク州 バッファロー","( 1930-12-04 ) 1930年 12月4日, アメリカ合衆国, ニューヨーク州 バッファロー ","( 2013-12-10 ) 2013年 12月10日 （83歳没）, アメリカ合衆国, ニューヨーク州 マンハッタン ","ジャズ","","ギター","1955年 - 2013年","パシフィック・ジャズ・レコード, CTIレコード, コンコード・レコード, ArtistShare","エラ・フィッツジェラルド, ビル・エヴァンス, ソニー・ロリンズ, アート・ファーマー, ロン・カーター, ビル・フリゼール","","https://ja.wikipedia.org/wiki/ジム・ホール","Category_アメリカ合衆国のジャズ・ギタリスト","https://ja.wikipedia.org/wiki/Category:アメリカ合衆国のジャズ・ギタリスト"
"パット・マルティーノ"," パット・マルティーノ （ Pat Martino 、 1944年 8月25日 - ）は、 アメリカ合衆国 の ジャズ ギタリスト 、 作曲家 である。 ジャズの中でも特に、 ポスト・バップ 、 フュージョン 、 メインストリーム・ジャズ 、 ソウル・ジャズ 、 ハード・バップ 等のジャンルで活動している。","Pat Azzara","","アメリカ合衆国 ペンシルベニア州 フィラデルフィア","( 1944-08-25 ) 1944年 8月25日 （76歳）","","ジャズ （ ポスト・バップ 、 フュージョン 、 メインストリーム・ジャズ 、 ソウル・ジャズ 、 ハード・バップ ）","ギタリスト 、 作曲家","ギター","1959年 -","プレスティッジ , ワーナー 、 ブルーノート 、Muse Records、Cobblestone Records、32 Jazz、Evidence Records、Mythos、Camden Records、APM Records","","","https://ja.wikipedia.org/wiki/パット・マルティーノ","Category_アメリカ合衆国のジャズ・ギタリスト","https://ja.wikipedia.org/wiki/Category:アメリカ合衆国のジャズ・ギタリスト"
"ラッセル・マローン"," ラッセル・マローン （ Russell Malone 、 1963年 11月8日 - ）は、 アメリカ合衆国 の ジャズ ・ギタリスト。1988年に ジミー・スミス のバンドで演奏し、1990年代を通して ハリー・コニック・ジュニア や ダイアナ・クラール と共演した  。","","","アメリカ合衆国 ジョージア州 オールバニ","","","ジャズ","ミュージシャン","ギター","1980年代 -","コロンビア 、 インパルス!レコード 、 ヴィーナス・レコード 、 ヴァーヴ・レコード 、 テラーク・インターナショナル・コーポレーション 、 マックスジャズ 、 ハイノート・レコード","ジミー・スミス 、 ハリー・コニック・ジュニア 、 ダイアナ・クラール","","https://ja.wikipedia.org/wiki/ラッセル・マローン","Category_アメリカ合衆国のジャズ・ギタリスト","https://ja.wikipedia.org/wiki/Category:アメリカ合衆国のジャズ・ギタリスト"
"ティム・ミラー"," ティム・ミラー （ 英語 : Tim Miller 、 1974年 - ）は、 アメリカ合衆国 のコンテンポラリー・ ジャズ 、ジャズロック ギタリスト 。","Tim Miller","","アメリカ合衆国 ・ ミシガン州","","","コンテンポラリー・ ジャズ, ジャズロック","ギタリスト","ギター","1996年 -","CD Baby, Abstract Logix Records, Label Bleu","","","https://ja.wikipedia.org/wiki/ティム・ミラー","Category_アメリカ合衆国のジャズ・ギタリスト","https://ja.wikipedia.org/wiki/Category:アメリカ合衆国のジャズ・ギタリスト"
"オスカー・ムーア"," オスカー・ムーア （ Oscar Moore 、 1916年 12月25日 - 1981年 10月8日 ）は、 アメリカ合衆国 の スウィング・ジャズ ・ ギタリスト 。","","","","","","","","","","","","","https://ja.wikipedia.org/wiki/オスカー・ムーア","Category_アメリカ合衆国のジャズ・ギタリスト","https://ja.wikipedia.org/wiki/Category:アメリカ合衆国のジャズ・ギタリスト"
"カミラ・メサ"," カミラ・メサ （Camila Meza Bernstein、 1985年 7月22日 - ）は、 ジャズ ギタリスト 、 歌手 、 作曲家 である。 ニューヨーク を拠点に活動する。 チリ の サンティアゴ 出身の女性。メサは母国チリではジャズ界の主要人物の一人と目されてきた  。ソロ名義の他、 室内楽 編成の ザ・ネクター・オーケストラ を率いて活動している。","Camila Meza Bernstein","","サンティアゴ・デ・チレ ／ チリ共和国","( 1985-07-22 ) 1985年 7月22日 （35歳）","","ジャズ ／ フュージョン ／ フォルクローレ ／ 室内楽","ミュージシャン ／ 作曲家 ／ バンドマスター","ギター ／ ボーカル","2004年 - 現在","サニーサイド、ソニー・マスターワークス","","","https://ja.wikipedia.org/wiki/カミラ・メサ","Category_アメリカ合衆国のジャズ・ギタリスト","https://ja.wikipedia.org/wiki/Category:アメリカ合衆国のジャズ・ギタリスト"
"パット・メセニー"," パット・メセニー （ Pat Metheny 、 1954年 8月12日 - ）  は、 アメリカ 人 ジャズ ・ ギタリスト で パット・メセニー・グループ のリーダーである。 ミズーリ州 リーズ・サミット 出身。兄にジャズ・トランペッターのマイク・メセニーがいる。","Patrick Bruce Metheny","","リーズ・サミット","( 1954-08-12 ) 1954年 8月12日 （66歳）, アメリカ合衆国, ミズーリ州, リーズ・サミット","","ジャズ 、 フュージョン 、 ラテンジャズ 、プログレッシブ・ジャズ","","","","ECM 、 ゲフィン 、 ワーナー・ブラザース・レコード 、 ノンサッチ","パット・メセニー・グループ","","https://ja.wikipedia.org/wiki/パット・メセニー","Category_アメリカ合衆国のジャズ・ギタリスト","https://ja.wikipedia.org/wiki/Category:アメリカ合衆国のジャズ・ギタリスト"
"ウェス・モンゴメリー"," ウェス・モンゴメリー  （ 英 : John Leslie \"Wes\" Montgomery 、 1923年 3月6日 - 1968年 6月15日 ）は、 アメリカ合衆国 の ジャズ ・ ギタリスト 。 オクターブ奏法 で一世を風靡した。","John Leslie Montgomery","","アメリカ合衆国, インディアナ州 インディアナポリス","1923年 3月6日","( 1968-06-15 ) 1968年 6月15日 （45歳没）","ジャズ","","ギター","1948年 - 1968年","リバーサイド・レコード, ヴァーヴ・レコード, CTIレコード","","","https://ja.wikipedia.org/wiki/ウェス・モンゴメリー","Category_アメリカ合衆国のジャズ・ギタリスト","https://ja.wikipedia.org/wiki/Category:アメリカ合衆国のジャズ・ギタリスト"
"トニー・ライス"," トニー・ライス （ Tony Rice ）こと ディヴィッド・アンソニー・ライス （ David Anthony Rice , 1951年 6月8日 - 2020年 12月25日  ）は、 アメリカ合衆国 のギタリスト、ブルーグラスミュージシャン。 ブルーグラス 、ニューグラス、アコースティック・ジャズにおける最も影響力のあるギタリストの一人とされる。   2013年にthe International Bluegrass Music Hall of Fameに名を連ねた。 ","","","アメリカ合衆国 バージニア州 ダンビル","( 1951-06-08 ) 1951年 6月8日, アメリカ合衆国 バージニア州 ダンビル","2020年 12月25日 (2020-12-25) （69歳）, アメリカ合衆国 ノースカロライナ州 リーズビル","アメリカーナ , ブルーグラス , フォーク , ジャズ","ミュージシャン、ソングライター","ギター","1970–2013","ラウンダー","J.D. Crowe & The New South, デビッド・グリスマン・クインテット , ブルーグラス・アルバム・バンド, リッキー・スキャッグス","","https://ja.wikipedia.org/wiki/トニー・ライス","Category_アメリカ合衆国のジャズ・ギタリスト","https://ja.wikipedia.org/wiki/Category:アメリカ合衆国のジャズ・ギタリスト"
"オドネル・リーヴィ"," オドネル・リーヴィ  （ O'Donel Levy 、 1945年 9月20日 - 2016年 3月14日 ）は、 アメリカ の メリーランド州 ボルチモア 出身の リズム・アンド・ブルース 、 ファンク 、 ジャズ のギタリスト。彼はセッション・ドラマーのスタッフォード・リーヴィの兄弟であった。","","","アメリカ合衆国 メリーランド州 ボルチモア","( 1945-09-20 ) 1945年 9月20日","( 2016-03-14 ) 2016年 3月14日 （70歳没）","R&B 、 ファンク 、 ジャズ","ミュージシャン","ギター","","Groove Merchant、Lester Radio Corporation、ILM、Room 302","ジョージ・ベンソン, ジミー・マクグリフ, リチャード・グルーヴ・ホルムズ","","https://ja.wikipedia.org/wiki/オドネル・リーヴィ","Category_アメリカ合衆国のジャズ・ギタリスト","https://ja.wikipedia.org/wiki/Category:アメリカ合衆国のジャズ・ギタリスト"
"リー・リトナー"," リー・マック・リトナー （Lee Mack Ritenour、 1952年 1月11日 - ）とは、 アメリカ合衆国 のギタリストである。 カリフォルニア州 ハリウッド 生まれ。","リー・マック・リトナー（Lee Mack Ritenour）","キャプテン・フィンガーズ","アメリカ合衆国 ・ カリフォルニア州 ロサンゼルス","( 1952-01-11 ) 1952年 1月11日 （69歳）","","ジャズ・フュージョン, スムーズジャズ","ギタリスト, プロデューサー","ギター","1972年 -","エピック, JVC, エレクトラ / ディスカバリー, GRP, i.e.ミュージック, ピーク","ジェントル・ソウツ, フレンドシップ, フォープレイ","","https://ja.wikipedia.org/wiki/リー・リトナー","Category_アメリカ合衆国のジャズ・ギタリスト","https://ja.wikipedia.org/wiki/Category:アメリカ合衆国のジャズ・ギタリスト"
"カート・ローゼンウィンケル"," カート・ローゼンウィンケル （ Kurt Rosenwinkel 、 1970年 10月28日 - ）は、 アメリカ合衆国 の ジャズ ギタリスト 。","","","アメリカ合衆国 ペンシルベニア州 フィラデルフィア","( 1970-10-28 ) 1970年 10月28日 （50歳）","","ジャズ 、 フュージョン","ギタリスト 、 ミュージシャン","ギター","1990年 -","ヴァーヴ 、ArtistShare、Wommusic、Heartcore","ジョシュア・レッドマン 、 マーク・ターナー","","https://ja.wikipedia.org/wiki/カート・ローゼンウィンケル","Category_アメリカ合衆国のジャズ・ギタリスト","https://ja.wikipedia.org/wiki/Category:アメリカ合衆国のジャズ・ギタリスト"
"ミシェル・ンデゲオチェロ"," ミシェル・ンデゲオチェロ （ Meshell Ndegeocello 、本名: ミシェル・リン・ジョンソン、 1968年 8月29日 - ）は、 アメリカ合衆国 の シンガーソングライター 、 ラッパー 、 ベーシスト 、 ボーカリスト である  。 ネオ・ソウル のさきがけとして知られており、音楽的には ファンク 、 ソウル 、 ヒップホップ 、 レゲエ 、 ダブ 、 R&B 、 ロック 、 ジャズ の要素を含む  。","Michelle Lynn Johnson, ミシェル・リン・ジョンソン","Meshell Suhaila Bashir-Shakur, Me'Shell Ndegéocello","アメリカ合衆国 ワシントンD.C.","( 1968-08-29 ) 1968年 8月29日 （52歳）","","ファンク 、 ソウル 、 R&B 、 ロック 、 ジャズ","ミュージシャン 、 作曲家","ベース 、 ボーカル","1992年 -","","","","https://ja.wikipedia.org/wiki/ミシェル・ンデゲオチェロ","Category_アメリカ合衆国のジャズ・ギタリスト","https://ja.wikipedia.org/wiki/Category:アメリカ合衆国のジャズ・ギタリスト"
"アメリカ合衆国のギタリスト"," アメリカ合衆国 の ギタリスト のカテゴリ。","","","","","","","","","","","","","https://ja.wikipedia.org/wiki/Category:アメリカ合衆国のギタリスト","Category_アメリカ合衆国のジャズ・ギタリスト","https://ja.wikipedia.org/wiki/Category:アメリカ合衆国のジャズ・ギタリスト"
"アメリカ合衆国のジャズ・ミュージシャン"," このカテゴリには下位カテゴリ 19 件が含まれており、そのうち以下の 19 件を表示しています。","","","","","","","","","","","","","https://ja.wikipedia.org/wiki/Category:アメリカ合衆国のジャズ・ミュージシャン","Category_アメリカ合衆国のジャズ・ギタリスト","https://ja.wikipedia.org/wiki/Category:アメリカ合衆国のジャズ・ギタリスト"
"各国のジャズ・ギタリスト"," このカテゴリには下位カテゴリ 2 件が含まれており、そのうち以下の 2 件を表示しています。","","","","","","","","","","","","","https://ja.wikipedia.org/wiki/Category:各国のジャズ・ギタリスト","Category_アメリカ合衆国のジャズ・ギタリスト","https://ja.wikipedia.org/wiki/Category:アメリカ合衆国のジャズ・ギタリスト"
