﻿"タイトル","コメント","出生名","別名","出身地","生誕","死没","ジャンル","職業","担当楽器","活動期間","レーベル","共同作業者","メンバー","URL","親リストタイトル","親リストURL"
"秋田慎治"," 幼年期より 電子オルガン を始める。ピアノを開始したのは高校卒業後である。1997年に24歳で渡米。2000年帰国までに中村照夫（B）Victor Jones（Dr）Igal Micheal（G）らとライブツアーを重ねる。2008年より毎年4月と12月にソロピアノツアーを実施。単行本「美男子JAZZ - 知識ゼロでも楽しめる女子ジャズ･ガイド」（ シンコーミュージック・エンタテイメント ）の中で、イケメンジャズピアニストのひとりとして取り上げられる。主な共演者は、 TOKU 、 阿川泰子 、 マリーン 、 中本マリ 、 伊藤君子 、 畠山美由紀 、 今陽子 、 矢沢永吉 、 大野俊三 、 土岐英史 、鈴木央紹、近藤和彦、井上信平、 鳥越啓介 、小松伸之、安ヵ川大樹、加納樹麻、坂崎拓也など多数。","秋田 慎治","","日本 奈良県","( 1972-09-13 ) 1972年 9月13日 （51歳）","","ジャズ","ピアニスト 、 作曲家 、 編曲家","ピアノ","1997年 - 現在","avex trax ・ ポニーキャニオン","","","https://ja.wikipedia.org/wiki/秋田慎治","Category_日本のジャズ・ピアニスト","https://ja.wikipedia.org/wiki/Category:日本のジャズ・ピアニスト"
"穐吉敏子"," 満洲 （現、 中国東北部 ） 遼陽  に日本人の両親の元に生まれた。小学1年生のときに3年生が弾く『 トルコ行進曲 』に魅せられ、小学1年生でピアノを習い始める。後に女学校に通うためと、より良い教師にピアノを習うために 大連 に移り、大連音楽学校で中国人の楊孝毅にピアノを習う。敗戦後に 大分県 に 引き揚げ 、 別府 の駐留軍キャンプ「つるみダンスホール」でジャズピアニストとして演奏を開始。","同じ","","満洲 遼陽","( 1929-12-12 ) 1929年 12月12日 （94歳）","","ジャズ","ピアニスト, 作曲家, 編曲家, ビッグバンド リーダー","ピアノ","1952年 - 現在","ワーナーミュージック・ジャパン","ルー・タバキン","","https://ja.wikipedia.org/wiki/穐吉敏子","Category_日本のジャズ・ピアニスト","https://ja.wikipedia.org/wiki/Category:日本のジャズ・ピアニスト"
"ローラ浅田"," ローラ浅田 （ローラ あさだ、 1942年 （昭和17年） 2月8日 - 2009年 （平成21年） 1月21日 ）は 神奈川県 出身のジャズ歌手、ジャズピアニスト。本名は浅田 ローラ 一美 (あさだ ローラ かずみ) (Lola Kazumi Asada) で旧姓は小野木。","","","","","","","","","","","","","https://ja.wikipedia.org/wiki/ローラ浅田","Category_日本のジャズ・ピアニスト","https://ja.wikipedia.org/wiki/Category:日本のジャズ・ピアニスト"
"綾戸智恵"," 大阪市立常盤小学校 、 文の里中学校 、 明浄学院高等学校 を卒業。","綾戸智恵（あやど ちえ）","綾戸智絵（あやど ちえ）","日本 大阪府 大阪市 阿倍野区","( 1957-09-10 ) 1957年 9月10日 （66歳）","","J-POP","ジャズシンガー","","","","","","https://ja.wikipedia.org/wiki/綾戸智恵","Category_日本のジャズ・ピアニスト","https://ja.wikipedia.org/wiki/Category:日本のジャズ・ピアニスト"
"石橋エータロー"," 本名は石橋 英市  （通称・瑛市）。石橋 暎太郎と表記していた時期もある   。愛称はエーちゃん。","福田 英市","ジョージ石橋, 石橋暎太郎","日本 ・ 東京府 東京市 芝区, （現： 東京都 港区 ）","1927年 9月30日","( 1994-06-22 ) 1994年 6月22日 （66歳没）, 日本 ・東京都 品川区","","ピアニスト 、 コメディアン 、 料理研究家","ピアノ","1947年 - 1994年","","","","https://ja.wikipedia.org/wiki/石橋エータロー","Category_日本のジャズ・ピアニスト","https://ja.wikipedia.org/wiki/Category:日本のジャズ・ピアニスト"
"石原江里子"," 石原 江里子 （いしはら えりこ）は、日本の ミュージシャン 、 ジャズ ピアニスト 、 シンガーソングライター である｡","","","","","","","","","","","","","https://ja.wikipedia.org/wiki/石原江里子","Category_日本のジャズ・ピアニスト","https://ja.wikipedia.org/wiki/Category:日本のジャズ・ピアニスト"
"泉沢果那"," 愛知県 名古屋市 出身。 祖父が歌手、父がビッグバンドのドラマーをしていた影響から音楽を始める  。高校卒業後、 アメリカ ・ ニューオーリンズ へ留学。 エディー・ボー の弟子となり、彼のライブにレギュラー出演するようになる。 Marcy Rooman にも師事。 アメリカ でライブ活動を開始し、 クラレンス・\"ゲイトマウス\"・ブラウン 、 ジョージ・ポーターJr. 等 数多くの現地ミュージシャンとセッションを行う  。 帰国後 大阪 を中心に、ギタリストの 塩次伸二 や 山岸潤史 、 ワイルド・マグノリアス らのセッションに参加。ブルースピアニスト 有吉須美人 に師事。","","","日本 愛知県","( 1977-11-11 ) 1977年 11月11日 （46歳）, 愛知県 名古屋市 ","","ニューオリンズピアノ","ピアニスト 、 ボーカリスト 、 作曲家 、 作詞家","ピアノ 、 ボーカル","","","","","https://ja.wikipedia.org/wiki/泉沢果那","Category_日本のジャズ・ピアニスト","https://ja.wikipedia.org/wiki/Category:日本のジャズ・ピアニスト"
"板倉克行"," 板倉 克行 （いたくら かつゆき、 1943年 8月1日 - 2014年 1月10日 ）は、 日本 の フリージャズ ピアニスト 。 Katsu の活動名が知られる。 日本統治時代の台湾 出身。","","","","","","","","","","","","","https://ja.wikipedia.org/wiki/板倉克行","Category_日本のジャズ・ピアニスト","https://ja.wikipedia.org/wiki/Category:日本のジャズ・ピアニスト"
"板橋文夫"," 板橋 文夫 （いたばし ふみお、 1949年 3月8日 - ）は、 栃木県足利市 出身の ジャズ ・ ピアニスト 。 作曲家 。 レコードレーベル は 日本コロムビア 。","","","","","","","","","","","","","https://ja.wikipedia.org/wiki/板橋文夫","Category_日本のジャズ・ピアニスト","https://ja.wikipedia.org/wiki/Category:日本のジャズ・ピアニスト"
"井上ゆかり (ピアニスト)"," 井上 ゆかり （いのうえ ゆかり）は、 大阪府 大阪市 出身のジャズ・ピアニスト。","","","","","","","","","","","","","https://ja.wikipedia.org/wiki/井上ゆかり_(ピアニスト)","Category_日本のジャズ・ピアニスト","https://ja.wikipedia.org/wiki/Category:日本のジャズ・ピアニスト"
"今田勝"," 1932年3月21日、東京生まれ  。若い頃、クラシック・ピアノのレッスンを受けた  。 明治大学 在学中に学生バンドでジャズを演奏し、それから1年間ビジネスマンとなって仕事した  。その後、プロとして音楽の道を追求することを決心  。1953年からクラリネット奏者である 北村英治 のバンドの一員となった  。","","","日本 東京都","( 1932-03-21 ) 1932年 3月21日 （91歳）","","ジャズ","ピアニスト 、 作曲家","ピアノ","","スリー・ブラインド・マイス 他","","","https://ja.wikipedia.org/wiki/今田勝","Category_日本のジャズ・ピアニスト","https://ja.wikipedia.org/wiki/Category:日本のジャズ・ピアニスト"
"上原ひろみ"," その他多数","","Hiromi","日本 静岡県","( 1979-03-26 ) 1979年 3月26日 （44歳）, 日本 静岡県","","ジャズ","ピアニスト 、 キーボーディスト","ピアノ 、 キーボード","1986年 -","テラーク ・ ユニバーサル","HIROMI'S SONICBLOOM","","https://ja.wikipedia.org/wiki/上原ひろみ","Category_日本のジャズ・ピアニスト","https://ja.wikipedia.org/wiki/Category:日本のジャズ・ピアニスト"
"海野雅威"," 1980年、東京生まれ。4歳からピアノを弾き始め、9歳でジャズ・ピアノを元岡一英に師事。","","","日本 東京都","( 1980-08-15 ) 1980年 8月15日 （43歳）","","ジャズ","ピアニスト 、 作曲家","ピアノ","1998年 -","","","","https://ja.wikipedia.org/wiki/海野雅威","Category_日本のジャズ・ピアニスト","https://ja.wikipedia.org/wiki/Category:日本のジャズ・ピアニスト"
"大江千里 (アーティスト)"," 1983年にシンガーソングライターとしてデビュー、2007年末までに45枚のシングルと18枚のオリジナル・アルバムを発表、「十人十色」「あいたい」「 格好悪いふられ方 」「ありがとう」などのシングル曲がヒット。作詞・作曲・編曲家としても、 松田聖子 ・ 光GENJI ・ 渡辺美里 ・ 優木まおみ ・ 渡辺満里奈 などのアーティストに数多くの楽曲を提供、プロデュースも手がけている。","大江 千里","梶原杢太郎","日本 ・ 大阪府 藤井寺市","( 1960-09-06 ) 1960年 9月6日 （63歳）","","ポップ , J-POP , ジャズ ","シンガーソングライター, ミュージシャン, ピアニスト, 俳優","ボーカル, ピアノ","1982年 -","EPICソニー, Station Kids Records, PND RECORDS, Sony Masterworks","","","https://ja.wikipedia.org/wiki/大江千里_(アーティスト)","Category_日本のジャズ・ピアニスト","https://ja.wikipedia.org/wiki/Category:日本のジャズ・ピアニスト"
"大塚善章"," 学生時代から今日まで65年を越えるジャズ演奏活動の中で、 作曲 や 編曲 でも数多くの作品があり、 アメリカ のジャズピアニスト ホレス・シルバー の影響を受けているといわれる。国内では数々の ライブ 演奏のほか、テレビ、ラジオや映画にも出演しており、海外でも スイス 「モントルー・ジャズ・フェスティバル」に参加するなど、高い評価を得ている。","大塚善章","","日本 大阪府大阪市天王寺区","( 1934-02-15 ) 1934年 2月15日 （89歳）","","","","","","","","","https://ja.wikipedia.org/wiki/大塚善章","Category_日本のジャズ・ピアニスト","https://ja.wikipedia.org/wiki/Category:日本のジャズ・ピアニスト"
"大西順子 (ミュージシャン)"," 1967年 京都府 久世郡 城陽町 （現・ 城陽市 ）生まれ。4歳からピアノを始める。 東京都立国立高等学校 に在籍中、兄が持っていた セロニアス・モンク のレコードを聴いて衝撃を受け、ジャズに開眼。卒業後渡米し、ボストンの バークリー音楽院 に学ぶ  。","大西 順子","","日本 京都府 城陽市","( 1967-04-16 ) 1967年 4月16日 （56歳）","","ジャズ","ピアニスト","ピアノ","1989年 - 現在","1992年 - 2009年　Somethin' Else（ EMIミュージック・ジャパン ）, 2010年 - 2013年　 Verve （ ユニバーサル クラシックス アンド ジャズ ）, 2015年 - 2016年　Taboo（ ヴィレッジミュージック ）, 2017年 - 　Somethin'cool","","","https://ja.wikipedia.org/wiki/大西順子_(ミュージシャン)","Category_日本のジャズ・ピアニスト","https://ja.wikipedia.org/wiki/Category:日本のジャズ・ピアニスト"
"大野智子 (ジャズ・ミュージシャン)"," 東京都 生まれ。 立教大学法学部 を卒業後、 アメリカ ・ ニュージャージー州 にある ウィリアム・パターソン大学 ジャズ科に入学。現在  、ニュージャージー州に在住。","","","日本 ・ 東京都","","","","ミュージシャン","ピアノ","","","","","https://ja.wikipedia.org/wiki/大野智子_(ジャズ・ミュージシャン)","Category_日本のジャズ・ピアニスト","https://ja.wikipedia.org/wiki/Category:日本のジャズ・ピアニスト"
"大野雄二"," 日本テレビ音楽 専属、 フリー を経て、 バップ 専属で活動している。","","ピーター・ストーン (Peter Stone)","日本 静岡県 熱海市","( 1941-05-30 ) 1941年 5月30日 （82歳）","","","作曲家, 編曲家, ピアニスト","ピアノ","","バップ","You & The Explosion Band","","https://ja.wikipedia.org/wiki/大野雄二","Category_日本のジャズ・ピアニスト","https://ja.wikipedia.org/wiki/Category:日本のジャズ・ピアニスト"
"大林武司"," 広島県 広島市 出身。","","","日本 広島県 広島市","( 1987-01-11 ) 1987年 1月11日 （36歳）","","ジャズ","ピアニスト ・ キーボーディスト ・ 作曲家 ・ 編曲家","ピアノ ・ キーボード","2008年  -","SOMETHIN'COOL EIGHT ISLANDS RECORDS LIVE at alfie","New Century Jazz Quintet（2014年 - ） J-Squad（2016年 - ）","","https://ja.wikipedia.org/wiki/大林武司","Category_日本のジャズ・ピアニスト","https://ja.wikipedia.org/wiki/Category:日本のジャズ・ピアニスト"
"魚返明未"," 4歳からピアノを始める。1998年、 東京学芸大学附属小金井小学校 に入学。2004年、 東京学芸大学附属小金井中学校 に入学。2007年 東京学芸大学附属高等学校 に入学。モダンジャズ研究部に入部し、ジャズピアノに転向。 ","","","日本 ・東京都","( 1991-06-05 ) 1991年 6月5日 （32歳）","","ジャズ","ジャズピアニスト、作曲家","ピアノ","","","","","https://ja.wikipedia.org/wiki/魚返明未","Category_日本のジャズ・ピアニスト","https://ja.wikipedia.org/wiki/Category:日本のジャズ・ピアニスト"
"小川理子"," パナソニック執行役員、マツダ取締役、アプライアンス社副社長、技術担当（兼）技術本部長、 テクニクス 事業推進室長、テクニクスブランド事業担当。","","","日本 ・ 大阪府 大阪市 西区","( 1962-12-04 ) 1962年 12月4日 （61歳）","","ジャズ","","ピアノ","1993年 - 現在","ビクターエンタテインメント （2006年）","","","https://ja.wikipedia.org/wiki/小川理子","Category_日本のジャズ・ピアニスト","https://ja.wikipedia.org/wiki/Category:日本のジャズ・ピアニスト"
"奥田弦"," 埼玉県 生まれ  。3歳で トイピアノ で遊び始め、楽譜の読み方を父に教わる  。5歳のときに 毛呂山町 に転居すると、居間に置かれたピアノで熱心に練習するようになり  、映画『 アマデウス 』にて、 モーツァルト が5歳で作曲を始めたことを知り、自分も始める。ほぼ独習で演奏法を身につけ  、さらに作曲もはじめた  。6歳で ビル・エバンス を聴いたのをきっかけに、もっぱらCDを聴くことを通して ジャズ に傾倒してゆき   、 オスカー・ピーターソン に憧れるようになった  。その後、7歳でソロ・コンサートを開き、8歳のときに3か月間だけ、ピアノ教師の指導を受け  、 2010年 から各地の会場でコンサートを開催するようになり  、 2011年 には地元の 毛呂山町 のほか、 川越市 、 兵庫県 香美町 でコンサートを行なった  。数々のジャズ・フェスティバルにも登場。","","","日本 　 埼玉県","( 2001-10-10 ) 2001年 10月10日 （22歳）","","クラシック音楽","ピアニスト ・ 作曲家 ・ 編曲家","","2011年 -","ポニーキャニオン ・ キングレコード","","","https://ja.wikipedia.org/wiki/奥田弦","Category_日本のジャズ・ピアニスト","https://ja.wikipedia.org/wiki/Category:日本のジャズ・ピアニスト"
"小澤秀夫"," 1934年11月、 ポリドール・レコード から『港の恋唄』で歌手としてデビューする  。翌1935年、 東海林太郎 とのデュエット曲『弥次喜多行進曲』がヒットする。","","","","1910年","1982年","","歌手 、 演奏家 、 作曲家","ピアノ 、 アコーディオン ","1934年 - 1982年","","","","https://ja.wikipedia.org/wiki/小澤秀夫","Category_日本のジャズ・ピアニスト","https://ja.wikipedia.org/wiki/Category:日本のジャズ・ピアニスト"
"小曽根真"," 1961年 神戸市 生まれ。 須磨浦学園 須磨浦小学校 卒業。父の影響で5歳からクラシックピアノを習うも、 バイエル の練習に飽き、 ハモンドオルガン に転向して天才奏者と呼ばれる  。12歳の時に オスカー・ピーターソン のソロ・ピアノを聴き、 ジャズピアノ を始める決意をする。 1976年 、15歳でプロデビュー。 神戸市立葺合高等学校 卒業。","","","日本 ・ 神戸市","( 1961-03-25 ) 1961年 3月25日 （62歳）","","ジャズ","ピアニスト","ピアノ","1976年 -","ユニバーサルミュージック","","","https://ja.wikipedia.org/wiki/小曽根真","Category_日本のジャズ・ピアニスト","https://ja.wikipedia.org/wiki/Category:日本のジャズ・ピアニスト"
"小曽根実"," 小曽根 実 （おぞね みのる　 1934年 4月20日 - 2018年 2月15日  ）は、 日本 の ジャズ ピアニスト および ハモンドオルガン 奏者。 兵庫県 神戸市 出身。 滝川高等学校 卒業  。","","","","","","","","","","","","","https://ja.wikipedia.org/wiki/小曽根実","Category_日本のジャズ・ピアニスト","https://ja.wikipedia.org/wiki/Category:日本のジャズ・ピアニスト"
"香取良彦"," 香取 良彦 （かとり よしひこ）は、日本の作曲家、編曲家、ヴィブラフォン、マリンバ、キーボード（ピアノ）奏者。 洗足学園音楽大学 教授。","","","","","","","","","","","","","https://ja.wikipedia.org/wiki/香取良彦","Category_日本のジャズ・ピアニスト","https://ja.wikipedia.org/wiki/Category:日本のジャズ・ピアニスト"
"金谷こうすけ"," 金谷康佑（かなたに こうすけ、 1958年 9月17日 - ）は日本の ジャズ ピアニスト 、 コンポーサー 、 アレンジャー 兵庫県 西宮市 出身・京都府宮津市在住","","","","","","","","","","","","","https://ja.wikipedia.org/wiki/金谷こうすけ","Category_日本のジャズ・ピアニスト","https://ja.wikipedia.org/wiki/Category:日本のジャズ・ピアニスト"
"辛島文雄"," 大分大学 の音楽の教授だった父のもとで、3歳のころからクラシック音楽を学んだ  。","","","日本 大分県","( 1948-03-09 ) 1948年 3月9日","( 2017-02-24 ) 2017年 2月24日 （68歳没）","ジャズ","","ピアノ","1975-2017","","エルビン・ジョーンズ","","https://ja.wikipedia.org/wiki/辛島文雄","Category_日本のジャズ・ピアニスト","https://ja.wikipedia.org/wiki/Category:日本のジャズ・ピアニスト"
"菊地雅章"," 東京都 出身。太平洋戦争中に福島県 会津若松市 に 疎開 。6歳で ピアノ を始め、18歳でプロとして活動開始。1960年代には 美空ひばり 、 渡辺貞夫 、 日野皓正 などと共演。","","プーさん","日本 東京都","1939年 10月19日, 日本 東京都","( 2015-07-06 ) 2015年 7月6日 （75歳没）, アメリカ合衆国 ニューヨーク","ジャズ","","ピアノ 、 キーボード","1958年 - 2015年","","日野皓正, ギル・エヴァンス, ゲイリー・ピーコック, SLASH TRIO","","https://ja.wikipedia.org/wiki/菊地雅章","Category_日本のジャズ・ピアニスト","https://ja.wikipedia.org/wiki/Category:日本のジャズ・ピアニスト"
"菊池ひみこ"," 宮城県 仙台市 で生まれ  、宮城県 塩竈市 で育ち、1歳でクラシックピアノを学び始めた。7歳から、 宮城学院女子大学 音楽科の古賀るい子と 東京芸術大学 教授・堀江孝子の指導を受ける  。 ヤマハ エレクトーン コンクールに12歳で出場し、 ヨハン・ゼバスティアン・バッハ の トッカータとフーガ ニ短調 の演奏で第2位を受賞した  。","","","日本 ・宮城県仙台市","( 1953-03-02 ) 1953年 3月2日 （70歳）","","ジャズ 、 フュージョン","ピアニスト 、 キーボード 奏者、 作曲家 、 編曲家","ピアノ 、 キーボード","1979年 -","","","","https://ja.wikipedia.org/wiki/菊池ひみこ","Category_日本のジャズ・ピアニスト","https://ja.wikipedia.org/wiki/Category:日本のジャズ・ピアニスト"
"木住野佳子"," ","","","日本","1960年 10月15日","","ジャズ","演奏家","ピアノ","1986年 -","ユニバーサルミュージック (日本)","","","https://ja.wikipedia.org/wiki/木住野佳子","Category_日本のジャズ・ピアニスト","https://ja.wikipedia.org/wiki/Category:日本のジャズ・ピアニスト"
"キダ・タロー"," 兵庫県 宝塚市 出生・出身   。五男一女の末っ子  。血液型はB型。趣味は ゴルフ  。妻はタレントの 木田美千代  。上記の活動の他、 実業家 としても活躍。","木田 太良, （きだ たろう）","浪花の モーツァルト","日本 ・ 兵庫県 宝塚市","( 1930-12-06 ) 1930年 12月6日 （93歳）","","CM音楽, 現代音楽","作曲家, タレント, ラジオパーソナリティ","指揮, ピアノ, アコーディオン","1949年 -","","","","https://ja.wikipedia.org/wiki/キダ・タロー","Category_日本のジャズ・ピアニスト","https://ja.wikipedia.org/wiki/Category:日本のジャズ・ピアニスト"
"北野タダオ"," 北野 タダオ （きたの タダオ、本名：北野董郎（きたの ただお）、 1934年 3月3日 - 2018年 10月3日 ）は 日本 の ジャズ ピアニスト 。 和歌山市 出身。","","","","","","","","","","","","","https://ja.wikipedia.org/wiki/北野タダオ","Category_日本のジャズ・ピアニスト","https://ja.wikipedia.org/wiki/Category:日本のジャズ・ピアニスト"
"紀平凱成"," 福岡県 福岡市 に生まれる。名前の由来は イルカ のように自由で、人を幸せにできる子に育ってほしいとの思いから  。","同じ","","日本 ・ 福岡県","( 2001-04-02 ) 2001年 4月2日 （22歳）","","","ジャズ ピアニスト","ピアノ","","","","","https://ja.wikipedia.org/wiki/紀平凱成","Category_日本のジャズ・ピアニスト","https://ja.wikipedia.org/wiki/Category:日本のジャズ・ピアニスト"
"久保田隆 (浮月楼)"," 久保田 隆 （くぼた ゆたか、 1955年 3月21日 - ）は、 日本 の 実業家 、 ジャズ ピアニスト   。 浮月楼 （株式会社浮月）代表取締役会長、 ジャズクラブ 「ライフタイム」オーナー。","","","","","","","","","","","","","https://ja.wikipedia.org/wiki/久保田隆_(浮月楼)","Category_日本のジャズ・ピアニスト","https://ja.wikipedia.org/wiki/Category:日本のジャズ・ピアニスト"
"クリヤ・マコト"," 兵庫県 神戸市 生まれ。 ダチョウ倶楽部 の 上島竜兵 は単なる クラスメイト というだけでなく、いつもつるんでいた3人グループの1人だった  。米国留学中から演奏活動を開始。卒業後は ピッツバーグ大学 でジャズ史、 インプロビゼーション の講師を務める傍ら、『 チャック・マンジョーネ ・グループ』などのメンバーとして全米各地をツアーを行うなどし、数々の米国アーティストとのパイプを築くとともにジャズの本場、アメリカで実力を認められる。","","","日本 兵庫県 神戸市","","","ジャズ","","ピアノ 、キーボード","1990年 -","","","","https://ja.wikipedia.org/wiki/クリヤ・マコト","Category_日本のジャズ・ピアニスト","https://ja.wikipedia.org/wiki/Category:日本のジャズ・ピアニスト"
"アキコ・グレース"," 神奈川県 生まれ   。ピアノ教師である母親の影響で3歳よりピアノを弾き始める。10代後半からボストン、ニューヨークを中心にライブ活動をはじめる。 神奈川県立茅ケ崎北陵高等学校 を経て  、 東京藝術大学 音楽学部 楽理科   と バークリー音楽大学 ピアノ演奏科   を卒業。","","","日本 ・ 神奈川県  ","1974年 （48 - 49歳）  ","","ジャズ","","ピアノ","1998年 -","日本コロムビア","","","https://ja.wikipedia.org/wiki/アキコ・グレース","Category_日本のジャズ・ピアニスト","https://ja.wikipedia.org/wiki/Category:日本のジャズ・ピアニスト"
"桑原あい"," 1991年生まれ。 洗足学園高等学校 音楽科ジャズピアノ専攻を卒業  。これまでにピアノを蟻正行義、山下葉子、財満和音の各氏に師事。幼い頃から活躍し、ヤマハエレクトーンコンクール全日本大会金賞を含む入賞多数。2004年、雑誌「AERA」に天才エレクトーン少女として掲載される。 ","","","","( 1991-09-21 ) 1991年 9月21日 （32歳）","","ジャズ","ピアニスト, 作曲家","ピアノ","2010年 -","eweレコード, ヴァーヴ・レコード, ユニバーサルミュージックグループ","","","https://ja.wikipedia.org/wiki/桑原あい","Category_日本のジャズ・ピアニスト","https://ja.wikipedia.org/wiki/Category:日本のジャズ・ピアニスト"
"ケイ赤城"," 仙台市 生まれで、幼少期はアメリカ合衆国 オハイオ州 に在住、音楽学校で学ぶ。日本に帰国後、 国際基督教大学 に入学し 哲学 と 作曲学 を専攻。卒業後は再び渡米し。その間にピアニストとして活動し、プロ・ミュージシャンとして1979年に アイアート・モレイラ & フローラ・プリム のバンド・メンバーとなる。その後、 アル・ディ・メオラ のグループなどを経て、1989年から1991年まで マイルス・デイヴィス のバンド・メンバーとして活動する。 スタンリー・タレンタイン 、 アラン・ホールズワース のバンドにも参加している。","赤城 恵（あかぎ けい）","","日本 ・ 宮城県 仙台市","( 1953-03-16 ) 1953年 3月16日 （70歳）","","ジャズ","","ピアノ","1979年 -","","","","https://ja.wikipedia.org/wiki/ケイ赤城","Category_日本のジャズ・ピアニスト","https://ja.wikipedia.org/wiki/Category:日本のジャズ・ピアニスト"
"小池純子"," 2作目のアルバムにあたる小池純子trio『Danny Boy』で ジミー・ヒース 、 ピーター・ワシントン と共演した。","","","日本","","","","","ピアノ","","","","","https://ja.wikipedia.org/wiki/小池純子","Category_日本のジャズ・ピアニスト","https://ja.wikipedia.org/wiki/Category:日本のジャズ・ピアニスト"
"甲田まひる"," 5歳からヤマハ音楽教室に通い、 ピアノ を始めた  。その後、図書館でCDを借りるうちにジャズに目覚め、10歳ごろ、母親とジャズクラブに通うようになった  。","","Mappy ","日本 沖縄県","( 2001-05-24 ) 2001年 5月24日 （22歳）","","オルタナティブR&B, ヒップホップ, K-POP","シンガーソングライター","ボーカル, ラップ, ジャズ","2017年  -","","石若駿","","https://ja.wikipedia.org/wiki/甲田まひる","Category_日本のジャズ・ピアニスト","https://ja.wikipedia.org/wiki/Category:日本のジャズ・ピアニスト"
"ジェイコブ・コーラー"," 1980年米国アリゾナ州・フェニックス生まれ。 4歳の時ピアノを始め、5歳ですでにリサイタルをこなす。 アリゾナ・ヤマハ・ピアノコンクールを含む10以上のクラシックピアノコンクールで優勝する。","","","アメリカ合衆国 ・ アリゾナ州 フェニックス","( 1980-03-09 ) 1980年 3月9日 （43歳）","","ジャズ, 映画音楽, クラシック, JPOP","ピアニスト, 作曲家, 編曲家","ピアノ","","","","","https://ja.wikipedia.org/wiki/ジェイコブ・コーラー","Category_日本のジャズ・ピアニスト","https://ja.wikipedia.org/wiki/Category:日本のジャズ・ピアニスト"
"国府弘子"," 川崎市文化大使、埼玉入間市文化創造施設のアドバイザー、 平成音楽大学 、 尚美学園大学 客員教授、 CNNj 放送番組審議会 委員。","","","日本 東京都 渋谷区","( 1959-08-26 ) 1959年 8月26日 （64歳）","","ジャズ, フュージョン, スムーズジャズ","ピアニスト","ピアノ, キーボード","1986年 -","JVC （ 1987年 - ）","","","https://ja.wikipedia.org/wiki/国府弘子","Category_日本のジャズ・ピアニスト","https://ja.wikipedia.org/wiki/Category:日本のジャズ・ピアニスト"
"小谷充"," 小谷 充 （こたに みつる、 1934年 6月18日 - 1990年 11月24日 ）は、 日本 の 作曲家 ・ 編曲家 。ジャズ ピアニスト 。 兵庫県 出身。","","","","","","","","","","","","","https://ja.wikipedia.org/wiki/小谷充","Category_日本のジャズ・ピアニスト","https://ja.wikipedia.org/wiki/Category:日本のジャズ・ピアニスト"
"後藤浩二"," 南山大学 在学中より、活動を開始。 峰厚介 ， 大野俊三 ， ケイコ・リー をはじめ、多くのミュージシャンとのセッションを重ねる。 作曲においても、自身のグループへの提供だけでなく、ポップシンガー 竹井詩織里 への提供もある。","","","日本 愛知県","( 1973-01-23 ) 1973年 1月23日 （50歳）","","ジャズ","ピアニスト 、 作曲家","ピアノ 、 キーボード","1993年 -","","","","https://ja.wikipedia.org/wiki/後藤浩二","Category_日本のジャズ・ピアニスト","https://ja.wikipedia.org/wiki/Category:日本のジャズ・ピアニスト"
"桜井センリ"," 公式プロフィール上では1930年（昭和5年）3月20日生まれとなっているが、実際は1926年（大正15年）生まれ。これはクレージーキャッツの他のメンバーとバランスをとるためだといわれている（最年少の 安田伸 は1932年（昭和7年）生まれ）。その結果、旧制中学の後輩である 石橋エータロー 、 犬塚弘 より年少ということになってしまっている。旧名・ 桜井 ヘンリー として父志郎の赴任地の イギリス ・ ロンドン に生まれ、3歳までその地で育つ。いわゆる 帰国子女 。父は日本人会の代表幹事  であった。日本に帰国後、千里と改名したとも言われるが、本名はもともと桜井千里だったとする資料もある  。","桜井 ヘンリー","","日本","( 1926-03-20 ) 1926年 3月20日","( 2012-11-10 ) 2012年 11月10日 （86歳没）","ジャズ, お笑い","ピアニスト, コメディアン, 俳優","ピアノ","1952年 - 2012年","","ハナ肇とクレージーキャッツ","","https://ja.wikipedia.org/wiki/桜井センリ","Category_日本のジャズ・ピアニスト","https://ja.wikipedia.org/wiki/Category:日本のジャズ・ピアニスト"
"佐佐木功"," 佐佐木 功 （ささき いさお、 1953年 3月1日 - ）は、 日本 のピアニストであり、作曲家でもある。 北海道 出身。","","","","","","","","","","","","","https://ja.wikipedia.org/wiki/佐佐木功","Category_日本のジャズ・ピアニスト","https://ja.wikipedia.org/wiki/Category:日本のジャズ・ピアニスト"
"佐藤真也 (ジャズピアニスト)"," 1973年静岡生まれ。幼少よりヤマハエレクトーン教室にて学ぶ。中学生の時 ビル・エヴァンス の「 枯葉 」を聞いてジャズ・ミュージシャンになる事を決意。早稲田大学入学と同時に本格的にピアノに転向し、早稲田大学モダンジャズ研究会に所属。 南博 に師事。","","","日本 静岡県","1973年 ?? 月 ?? 日","","ジャズ, エレクトロニカ, 歌謡曲, シャンソン, etc...","作曲家 、 演奏家, 音楽プロデューサー","ピアノ, シンセサイザー","","","","","https://ja.wikipedia.org/wiki/佐藤真也_(ジャズピアニスト)","Category_日本のジャズ・ピアニスト","https://ja.wikipedia.org/wiki/Category:日本のジャズ・ピアニスト"
"佐藤允彦"," 両国国技館 前で電飾看板商を営んでいた父のもとに次男として生まれた。両国生まれだが、 目黒 、 渋谷 、 西大崎 、 川崎 、 赤坂 と3年ごとに引っ越した  。","","","日本 ・ 東京都","( 1941-10-06 ) 1941年 10月6日 （82歳）","","ジャズ","作曲家","ピアノ","","BAJ Records","","","https://ja.wikipedia.org/wiki/佐藤允彦","Category_日本のジャズ・ピアニスト","https://ja.wikipedia.org/wiki/Category:日本のジャズ・ピアニスト"
"佐山雅弘"," 小学生の頃、幼馴染の好きな女の子がピアノを習っていたのがきっかけでピアノを弾き始める。中学1年生の頃にピアノを習うのを一時辞めるが、中学2年生の時叔父に誘われて行った オスカー・ピーターソン のライブに感銘を受け、ジャズに目覚める。 国立音楽大学 作曲科に入学するもピアニストとしてプロの仕事が増え、中退。 RCサクセション の ゴンタ2号 は学友だった。影響された音楽家は チック・コリア 、 ハービー・ハンコック 。好きなものはワインと麻雀、ポールウィンナーソーセージ。","","","日本 兵庫県 尼崎市","( 1953-11-26 ) 1953年 11月26日","( 2018-11-14 ) 2018年 11月14日 （64歳没）","ジャズ","ジャズ ピアニスト ・ 作曲家","ピアノ","1976年 - 2018年","JVCケンウッド・ビクターエンタテインメント","","","https://ja.wikipedia.org/wiki/佐山雅弘","Category_日本のジャズ・ピアニスト","https://ja.wikipedia.org/wiki/Category:日本のジャズ・ピアニスト"
"椎名豊"," 1964年9月23日に東京都墨田区で誕生。父親の影響で幼少期より音楽に触れ、3歳から本格的にピアノのレッスンを始める。家業の関係で小・中学校時代は 新潟県 上越市 で過ごした。当時はプロ野球選手を目指していたが、東京に転居してからピアニストに指針を大きく転換、国立音楽大学作曲科に入学し、在学中からプロとして活動を始める。","","","日本 東京都 墨田区","( 1964-09-23 ) 1964年 9月23日 （59歳）","","ジャズ","","ピアノ","1982年 -","","","","https://ja.wikipedia.org/wiki/椎名豊","Category_日本のジャズ・ピアニスト","https://ja.wikipedia.org/wiki/Category:日本のジャズ・ピアニスト"
"塩谷哲"," 1980年 、14歳の時に ヤマハ 「 ジュニアオリジナルコンサート （JOC）」に、自作 エレクトーン ・オリジナル曲『海溝 A Deep』で参加・演奏（同年の優秀作品集に収録）。同曲は、 吹奏楽 用には 久石譲 （ 1983年 「 ニューサウンズ・イン・ブラス 」第11集・ ヤマハ音楽振興会 刊）、佐々木邦雄・石原基国「JOC作品による マーチングバンド 」、エレクトーン用には 三原善隆 （ 1982年 「5セレクションズ」）、矢口理津子（ 1992年 「サウンドイン6ファンタスティックサウンド」）、柏木玲子（ 2001年 「パーソナルシリーズ　柏木玲子」）など数多のバージョンで 編曲 されている。","","","日本","( 1966-06-08 ) 1966年 6月8日 （57歳）","","フュージョン","ピアニスト, 編曲家, 音楽プロデューサー","ピアノ","1980年 -","ファンハウス, ビクターエンタテインメント","","","https://ja.wikipedia.org/wiki/塩谷哲","Category_日本のジャズ・ピアニスト","https://ja.wikipedia.org/wiki/Category:日本のジャズ・ピアニスト"
"ジャック滋野"," ジャック 滋野 （ジャック しげの、Jacques Shigeno、本名： 滋野 清鴻 （しげの きよとり）、 1922年 9月11日  - 1989年 6月20日  ）は、 日本 の ジャズ ピアニスト 。「和製 カーメン・キャバレロ 」の異名で呼ばれた  。","","","","","","","","","","","","","https://ja.wikipedia.org/wiki/ジャック滋野","Category_日本のジャズ・ピアニスト","https://ja.wikipedia.org/wiki/Category:日本のジャズ・ピアニスト"
"篠田元一"," 篠田 元一 （しのだ もとかず、 1958年 11月30日 - ）は、 日本 の 作曲家 、 編曲家 、 キーボーディスト 、 ピアニスト 。娘は打楽器奏者の 篠田浩美 。","","","","","","","","","","","","","https://ja.wikipedia.org/wiki/篠田元一","Category_日本のジャズ・ピアニスト","https://ja.wikipedia.org/wiki/Category:日本のジャズ・ピアニスト"
"澁江夏奈"," 国立音楽大学附属高等学校 作曲科を経て、 東京音楽大学 作曲指揮専攻映画・放送音楽コースを卒業。大学在学中は国立音楽大学Newtide Jazz Orchestraにてレギュラーピアニストおよび コンサートミストレス を務める   。","","","東京都","( 1991-07-21 ) 1991年 7月21日 （32歳）","","劇伴 、 ジャズ","作曲家 、 ピアニスト","ピアノ","2013年 -","","","","https://ja.wikipedia.org/wiki/澁江夏奈","Category_日本のジャズ・ピアニスト","https://ja.wikipedia.org/wiki/Category:日本のジャズ・ピアニスト"
"渋谷毅"," 1939年 東京都生まれ。 芸大付属高校 2年の時、 エロール・ガーナー を聴いてジャズに興味を持つ。同い年のジャズ・ピアニスト、プーさんこと 菊地雅章 とは高校三年間を共にしている。","","Ritardo, S.リタルド","日本 東京都","( 1939-11-03 ) 1939年 11月3日 （84歳）","","ジャズ","ピアニスト 、 作曲家 、 編曲家","ピアノ 、 オルガン","","Carcoレーベル","","","https://ja.wikipedia.org/wiki/渋谷毅","Category_日本のジャズ・ピアニスト","https://ja.wikipedia.org/wiki/Category:日本のジャズ・ピアニスト"
"白崎彩子"," 5歳から クラシックピアノ を始め、10歳になると ジャズピアノ の演奏を父親より習った   。 東京都立芸術高等学校 、 東京芸術大学 音楽学部 ピアノ科卒  。","","","日本 ・ 東京都 世田谷区","( 1969-09-16 ) 1969年 9月16日 ","( 2021-11-29 ) 2021年 11月29日 （52歳没）, アメリカ合衆国 ・ ニューヨーク市","ジャズ","ピアニスト","ピアノ","1983年 - 2021年","","","","https://ja.wikipedia.org/wiki/白崎彩子","Category_日本のジャズ・ピアニスト","https://ja.wikipedia.org/wiki/Category:日本のジャズ・ピアニスト"
"スガダイロー"," 幼少の頃より クラシック ピアノ に親しむ。中学校時代に 山下洋輔 （ジャズ・ピアニスト） ジョン・ルイス （ モダン・ジャズ・カルテット のピアニスト）を聴いてジャズに目覚める。 生物学者 を目指し大学で 生物学 を専攻し学ぶも、その道を断念しピアニストに転向  。当時 客員教授 だった山下洋輔に教えを請うため 洗足学園短期大学 （当時）ジャズコースに第1期生として入学。卒業後 バークリー音楽大学 に4年間留学。バークリー音楽大学の同期生に、同じくジャズピアニストの 上原ひろみ がいる  。帰国後は「 渋さ知らズ 」や「 鈴木勲 OMA SOUND」で活躍し、自己のトリオでの活動のほか、 ジェイソン・モラン ( en:Jason Moran ）、 田中泯 、 夢枕獏 、 京極夏彦 、 飴屋法水 、 近藤良平 （ コンドルズ ）、 酒井はな 、 contact Gonzo 、 向井秀徳 （ ZAZEN BOYS ）、 七尾旅人 、 中村達也 （ LOSALIOS 、ex: BLANKEY JET CITY ）、 志人 （ 降神 、 TriuneGods 、 templeATS ）、 灰野敬二 、 U-zhaan 、 仙波清彦 、 MERZBOW 、 吉田達也 ( RUINS 、 是巨人 、 ZENI GEVA )らと即興対決を行うなど、様々なアーティストと共演している。","","","日本 ・ 東京都","( 1974-03-19 ) 1974年 3月19日 （49歳）","","ジャズ","","ピアノ","1996年 -","","山下洋輔 、 坂田明 、 田中泯 、 夢枕獏 、 中村達也 、 志人 、ほか","","https://ja.wikipedia.org/wiki/スガダイロー","Category_日本のジャズ・ピアニスト","https://ja.wikipedia.org/wiki/Category:日本のジャズ・ピアニスト"
"菅野邦彦"," 菅野 邦彦 （すがの くにひこ、 1936年 10月13日 - ）は、 東京都 出身の ジャズ ピアニスト 。 学習院大学 卒業。","","","","","","","","","","","","","https://ja.wikipedia.org/wiki/菅野邦彦","Category_日本のジャズ・ピアニスト","https://ja.wikipedia.org/wiki/Category:日本のジャズ・ピアニスト"
"鈴木宏昌"," 歯科医 の息子として生まれ、 慶應義塾大学 経済学部 に進学  。大学在学中は ジャズ・ピアノ に傾倒し、 佐藤允彦 、 大野雄二 と共に「慶應三羽烏」として名をはせる。ニックネームの「コルゲン」はもともとは佐藤のものであったが、佐藤が渡米し、その後を受けた形で参加したグループで「二代目コルゲン」と言われていた鈴木がいつしか「コルゲン」のニックネームとなって定着した。","鈴木宏昌","コルゲン","日本 ・ 東京都","( 1940-05-26 ) 1940年 5月26日","( 2001-05-21 ) 2001年 5月21日 （60歳没）","ジャズ / フュージョン","作曲家 ・ 編曲家","ピアノ","1969年 　- 2001年","","","","https://ja.wikipedia.org/wiki/鈴木宏昌","Category_日本のジャズ・ピアニスト","https://ja.wikipedia.org/wiki/Category:日本のジャズ・ピアニスト"
"世良譲"," 島根県 大原郡 木次町 （現在の 雲南市 ）出身。 明治大学 在学中の 1950年 から、プロ活動を始め、 奥田宗宏 とブルースカイ・オーケストラなどに在籍した  。","世良哲壮","","日本 島根県","( 1932-03-10 ) 1932年 3月10日","( 2004-02-17 ) 2004年 2月17日 （71歳没）","ジャズ","","ピアノ","1950年 - 2004年","","","","https://ja.wikipedia.org/wiki/世良譲","Category_日本のジャズ・ピアニスト","https://ja.wikipedia.org/wiki/Category:日本のジャズ・ピアニスト"
"園田涼"," 兵庫県宝塚市に生まれる。その後、ほどなくして同じく兵庫県は 三木市 に移住し、 エレクトーン を習い始める。","園田涼","","日本 ・ 兵庫県 宝塚市","( 1986-10-25 ) 1986年 10月25日 （37歳）","","ポップス, ジャズ, ロック","作曲家, 編曲家, ピアニスト, キーボーディスト","ピアノ, シンセサイザー","2010年 -","","","","https://ja.wikipedia.org/wiki/園田涼","Category_日本のジャズ・ピアニスト","https://ja.wikipedia.org/wiki/Category:日本のジャズ・ピアニスト"
"高木里代子"," 東京都 出身  。4歳から ピアノ を始め  ヤマハ にてクラシック・ピアノと作曲を学ぶ  。 慶應義塾大学 在学中から都内 ジャズ・クラブ 、 ライブハウス などでの活動を本格化させる  。","","","日本 東京都","( 1984-09-20 ) 1984年 9月20日 （39歳）","","ジャズ ・ エレクトロ","ピアニスト ・ 作曲家 ・ タレント","ピアノ ・ キーボード","2009年 -","HALレコード, HD Impression, avex trax （2015年 - 2016年）, Steelpan Records","","","https://ja.wikipedia.org/wiki/高木里代子","Category_日本のジャズ・ピアニスト","https://ja.wikipedia.org/wiki/Category:日本のジャズ・ピアニスト"
"高瀬アキ"," 大阪生まれ。母がピアノを弾いていたこともあり3歳からピアノを始める。 桐朋学園 ピアノ科在学中に 山下洋輔 に師事。","","","日本 大阪府","1948年 1月26日","","ジャズ","","ピアノ","","","","","https://ja.wikipedia.org/wiki/高瀬アキ","Category_日本のジャズ・ピアニスト","https://ja.wikipedia.org/wiki/Category:日本のジャズ・ピアニスト"
"宅孝二"," 醸造家の息子として生まれ、幼少の頃より 謡曲 を学んでいたが 西洋音楽 へと転じる。 1922年 、 同志社大学 予科中退。 パウル・ショルツ と ウィリー・バルダス にピアノを、 山田耕筰 に作曲を師事した。 1927年 6月、姉夫妻に随行して渡欧。 フランス の エコールノルマル音楽院 に入学し、ピアニストである アルフレッド・コルトー 、 ナディア・ブーランジェ 、アンリ・ジル＝マルシェ (Henri Gil-Marchex) らに師事   。 パリ音楽院 ピアノ科の教授 ヴィクトル・ストーブ （ 英語版 ） にも学んだ  。 1932年 4月に一旦帰国。同年10月に 朝日新聞社 の主催で朝日講堂において最初のピアノ独奏会を開く  。 1934年 12月、ふたたび渡仏。エコールノルマル音楽院に復学し、卒業後、 1937年 6月に帰国。","宅 孝二 ","","日本 大阪府 堺市 ","( 1904-03-10 ) 1904年 3月10日 ","( 1983-05-03 ) 1983年 5月3日 （79歳没） ","クラシック音楽, ジャズ","作曲家, ピアニスト","","","","","","https://ja.wikipedia.org/wiki/宅孝二","Category_日本のジャズ・ピアニスト","https://ja.wikipedia.org/wiki/Category:日本のジャズ・ピアニスト"
"立花洋一"," 立花 洋一 （たちばな よういち、 1959年 5月16日 - ）は、 福岡県 出身の ジャズ ミュージシャン 。 ピアニスト 、 作編曲家 。 泰星高等学校 卒業。","","","","","","","","","","","","","https://ja.wikipedia.org/wiki/立花洋一","Category_日本のジャズ・ピアニスト","https://ja.wikipedia.org/wiki/Category:日本のジャズ・ピアニスト"
"土井一郎"," 土井 一郎 （どい いちろう、 1952年 3月27日 - ）は、日本の 作曲家 、ジャズ・ピアニスト。2018年11月5日すい臓がんのため死去。","","","","","","","","","","","","","https://ja.wikipedia.org/wiki/土井一郎","Category_日本のジャズ・ピアニスト","https://ja.wikipedia.org/wiki/Category:日本のジャズ・ピアニスト"
"徳山陽"," 徳山陽 （とくやま よう、 1925年 （ 大正 14年） 12月11日 - ）は、ジャズ・ピアニスト、音楽家。父は「侍ニッポン」や「ルンペン節」で有名な流行歌手 徳山璉 。 守安祥太郎 、 穐吉敏子 と並び評される、戦後モダン・ピアノ三傑の一人である。","","","","","","","","","","","","","https://ja.wikipedia.org/wiki/徳山陽","Category_日本のジャズ・ピアニスト","https://ja.wikipedia.org/wiki/Category:日本のジャズ・ピアニスト"
"永井隆雄"," 永井 隆雄 （ながい たかお、 1951年 - ）は 東京都 出身の ジャズ ピアニスト 。 日本大学 歯学部 卒業、歯学博士。歯科医をしながらジャズピアニストとしても30年以上の活動を続けている。","","","","","","","","","","","","","https://ja.wikipedia.org/wiki/永井隆雄","Category_日本のジャズ・ピアニスト","https://ja.wikipedia.org/wiki/Category:日本のジャズ・ピアニスト"
"中島さち子"," フェリス女学院中学校・高等学校   、 東京大学理学部 数学科 卒業  。一女の母。 大阪府 出身。","","","日本 大阪府","( 1979-06-13 ) 1979年 6月13日 （44歳）","","ジャズ","","ピアノ","2002年 -","","渋さ知らズ","","https://ja.wikipedia.org/wiki/中島さち子","Category_日本のジャズ・ピアニスト","https://ja.wikipedia.org/wiki/Category:日本のジャズ・ピアニスト"
"中島徹 (音楽家)"," 中島 徹 （なかじま とおる、 1964年 1月21日 - ）は、 兵庫県 芦屋市 出身の ジャズ ピアニスト ・ トロンボーン 奏者。","","","","","","","","","","","","","https://ja.wikipedia.org/wiki/中島徹_(音楽家)","Category_日本のジャズ・ピアニスト","https://ja.wikipedia.org/wiki/Category:日本のジャズ・ピアニスト"
"中村八大"," 『 上を向いて歩こう 』、『 こんにちは赤ちゃん 』、『 遠くへ行きたい 』、『 明日があるさ 』など、1950年代末から1960年代にかけての数々のヒット曲を作曲した。","","","中華民国 青島市","1931年 1月20日","( 1992-06-10 ) 1992年 6月10日 （61歳没）","","","ピアノ","1951年 - 1991年","","","","https://ja.wikipedia.org/wiki/中村八大","Category_日本のジャズ・ピアニスト","https://ja.wikipedia.org/wiki/Category:日本のジャズ・ピアニスト"
"中村ユウスケ"," このページに他の言語版はありません。","","","日本 宮崎県 都城市","","","ジャズ","作曲家 、 編曲家 、 ピアニスト 、 歌手","ピアノ","","","","","https://ja.wikipedia.org/wiki/中村ユウスケ","Category_日本のジャズ・ピアニスト","https://ja.wikipedia.org/wiki/Category:日本のジャズ・ピアニスト"
"西島尊大"," 父は ジャズ サキソフォン 奏者の 大山日出男  、母は クラシック サキソフォン奏者という両親のもとに生まれ、大学時代から音楽活動を始める  。また塾講師のアルバイトも大学生の時に始め、そのまま 2019年 2月 まで9年間勤続していた  。","","西島ソーンダイク","日本 ・ 埼玉県 大宮市 （現・ さいたま市 ） ","( 1987-11-13 ) 1987年 11月13日 （36歳）","","電子音楽, ポップ・ミュージック, アシッドジャズ, ジャズ・ファンク, クラシック, プログレッシブ・ロック, チルアウト","作詞家, 作曲家, 編曲家","ピアノ","2008年 -","U/M/A/A GINGA（ 2014年 ）","monochromia, Sou, 星銀乃丈","","https://ja.wikipedia.org/wiki/西島尊大","Category_日本のジャズ・ピアニスト","https://ja.wikipedia.org/wiki/Category:日本のジャズ・ピアニスト"
"野瀬栄進"," 1971年 に 北海道 小樽市 に生まれる。幼少のころより ピアノ を習うが、段々と クラシック音楽 としてのピアノよりも ジャズ としてのピアノに傾倒していく。 北海道小樽潮陵高等学校 卒業後、 1992年 に本場でのジャズ演奏を志し アメリカ合衆国 カリフォルニア州 へ渡る。様々なライブハウスで演奏し、ファンフェアーというヴォーカル・グループに参加する。 1994年 に ニューヨーク へ移住し、音楽学校で ジャズ・ピアノ を改めて習う。 ジャッキー・バイアード 、 リッチー・バイラーク 、 フィル・マルコウィッツ に師事し、ニューヨークのライブハウスで様々なジャズ・ミュージシャンとも共演した。 トリオ ・ カルテット での演奏がメインだが、ソロとしても活動している。アメリカでの活動が主力だが、ヨーロッパ・日本でも活動の場を拡げており、 作曲 ・ 音楽プロデューサー としての活動も並行して行なっている。","","エイシン","北海道 小樽市","1971年","","ジャズ","作曲家 ・ ピアニスト","","1990年 -","acmusic","","","https://ja.wikipedia.org/wiki/野瀬栄進","Category_日本のジャズ・ピアニスト","https://ja.wikipedia.org/wiki/Category:日本のジャズ・ピアニスト"
"信田かずお"," 信田 かずお （のぶた かずお、 1949年 11月7日  - ）は、 日本 の 作曲家 ・ 編曲家 ・ ピアニスト 。","","","","","","","","","","","","","https://ja.wikipedia.org/wiki/信田かずお","Category_日本のジャズ・ピアニスト","https://ja.wikipedia.org/wiki/Category:日本のジャズ・ピアニスト"
"野力奏一"," 1974年 に実父が率いる\"ベラミ・オールスターズ\"に参加し、音楽活動を開始する。その後、 ジョージ川口 、 本多俊之 、 渡辺貞夫 、 日野皓正 のグループなどでセッションに参加しつつ、 阿川泰子 、 山下達郎 、 本多俊之 、 ケイコ・リー 、 寺井尚子 、 尾崎豊 などのアルバムに参加している。","野力奏一","","日本 京都府","( 1957-10-20 ) 1957年 10月20日 （66歳）","","ジャズ","ピアニスト 、 作曲家 、 編曲家","ピアノ","1974年 -","","","","https://ja.wikipedia.org/wiki/野力奏一","Category_日本のジャズ・ピアニスト","https://ja.wikipedia.org/wiki/Category:日本のジャズ・ピアニスト"
"袴塚淳"," 東京都 出身  。4歳の時から クラシック ピアノ を習い始めた   。 明治大学 入学後明治大学軽音楽クラブ内のジャズ・ビッグバンド・明治大学ビッグサウンズソサエティーオーケストラに入部する一方  、 藤井貞泰 に ジャズピアノ を師事した   。","袴塚 淳","","日本 ・ 東京都","( 1955-01-26 ) 1955年 1月26日 （68歳） ","","ジャズ, フュージョン","ピアニスト","ピアノ","","","T-SQUARE","","https://ja.wikipedia.org/wiki/袴塚淳","Category_日本のジャズ・ピアニスト","https://ja.wikipedia.org/wiki/Category:日本のジャズ・ピアニスト"
"橋本一子"," 幼少時に神戸を離れ、熊本を経て東京へ。 東京都立上野高等学校 卒業後、 武蔵野音楽大学 へ進み、在学中から音楽活動を始める  。 1980年 には 矢野顕子 の産休中、 YMO 初の国内ツアー、「 TECHNOPOLIS 2000-20 」をサポート。その後、 藤本敦夫 とのユニット「カラード・ミュージック ( Colored Music )」での活動を経て、ソロ・アルバムをリリースする一方、 谷山浩子 のアルバム・プロデュースや 渡辺香津美 MOBOバンドへの参加をはじめ、多数のアーティストと競演、 映画 、 CM の音楽担当のほか、映画出演や小説執筆など活動範囲は多岐にわたる。","橋本 一子","","兵庫県 神戸市","( 1952-07-01 ) 1952年 7月1日 （71歳）","","ジャズ","ピアニスト 、 作曲家","ピアノ 、 ボーカル","1980年 -","","","","https://ja.wikipedia.org/wiki/橋本一子","Category_日本のジャズ・ピアニスト","https://ja.wikipedia.org/wiki/Category:日本のジャズ・ピアニスト"
"羽仁知治"," 羽仁 知治 （はに ともはる、 1961年 4月10日 - ）は、 日本 の ジャズ ピアニスト 、 作曲家 。 東京都 東久留米市 出身。 自由学園 高等科卒業後プロのミュージシャンとして活動を開始する。作曲、レコーディングアレンジ、ピアニスト、キーボーディスト、プロデューサーとして活動。 上田正樹 、 加藤登紀子 、 田中健 、 つのだひろ 、など幅広いジャンルの音楽家とコンサート、レコーディングにおける演奏、テレビ、ラジオの音楽番組出演など多数経験している。 2005年1月22日には アメリカ合衆国 の建築家 フランク・ロイド・ライト が設計し国の 重要文化財 に指定された 自由学園明日館 で今回3回目となる「羽仁知治オリジナルバンド」によるコンサートを行い、これを機に Jazz のテイストがありながらも ファンキー で メロディアス なサウンドのオリジナル曲をメインとした「羽仁知治トリオ」で活動を開始する。また2015年8月には新宿文化センター大ホールにてソロピアノコンサートを開催、2020年1月には「羽仁知治トリオ+1」バンドを結成し「Funky & Melodious」をテーマに都内ライブハウスでのワンマンライブを中心に精力的に活動している。またこれまでの共演者としてワールドクラスのアーティストである「HeadHunters」のベーシストPaul JacksonやRUFUSのリーダー、ギタリストのTony Maiden、グラミー賞受賞のシンガー Gordon Chambersとの 共演も好評を博している。","","","","","","","","","","","","","https://ja.wikipedia.org/wiki/羽仁知治","Category_日本のジャズ・ピアニスト","https://ja.wikipedia.org/wiki/Category:日本のジャズ・ピアニスト"
"馬場葉子"," 岩手県 久慈市 生まれ、 青森県 八戸市 育ち、 岩手県 盛岡市 在住。 岩手県から全国・海外へと国境を越えた演奏活動をしているアーティスト。 2012年には、ジャズの本場アメリカ公演（NY・LA）、更に香港でもソロコンサートツアーを開催し大絶賛される。アメリカ公演の利益は岩手県へ寄付された。  作詞作曲家としても評価も高く、各メディアへ楽曲の提供をしている。JASRAC権利保持者である。 音楽活動だけに留まらず、作曲、エッセイの執筆、バラエティ番組への出演等その活躍は多岐に渡る。演奏活動の傍ら、トークショーやセミナー講師も経験。新聞や雑誌等でエッセイ連載・執筆も手掛ける。地域ボランティア活動に携わり、岩手県の医療・介護施設を始め、近県の小・中学校等でワークショップ・慰問演奏を精力的に行なっている。文化庁派遣音楽家としても活躍している。東日本大震災復興復旧の為のボランティア活動も続けている。テレビ・ラジオ番組やイベント出演等、ジャズの他にも幅広いジャンルで魅力を放つタレントとしても幅広いファン層に人気を得ている。八戸前沖さば大使でもある。 ","馬場　葉子","","日本, 青森県 八戸市 日本, 岩手県 久慈市","","","ジャズ","ピアニスト, 作詞作曲家, エッセイスト","","","","","","https://ja.wikipedia.org/wiki/馬場葉子","Category_日本のジャズ・ピアニスト","https://ja.wikipedia.org/wiki/Category:日本のジャズ・ピアニスト"
"原尞"," 原 尞 （はら りょう、 1946年 12月18日 - 2023年 5月4日 ）は、 日本 の 推理作家 。本名は 原 孝 。私立探偵沢崎を主人公とする ハードボイルド 小説で人気を博した。1989年直木賞受賞。","","","","","","","","","","","","","https://ja.wikipedia.org/wiki/原尞","Category_日本のジャズ・ピアニスト","https://ja.wikipedia.org/wiki/Category:日本のジャズ・ピアニスト"
"菱山正太"," 幼少期をオランダのデン・ハーグで過ごす。","","","東京都","","","アンビエント, ダブ, ジャズ","音楽家","","2001年 -","sony jazz (2004-2007), disk union (2010), bossanovita (2015), milovani (2023-)","","","https://ja.wikipedia.org/wiki/菱山正太","Category_日本のジャズ・ピアニスト","https://ja.wikipedia.org/wiki/Category:日本のジャズ・ピアニスト"
"平田隆夫"," 京都府出身。 武蔵野音楽大学 卒業。","","","日本 京都府","1939年 ?","2011年 6月12日","歌謡曲 、 ボサノヴァ","作詞家 、 作曲家, ピアニスト","ピアノ","1960年代 - 2011年","","ダン池田とアフロキューバン, 平田隆夫とセルスターズ, 内田良平","","https://ja.wikipedia.org/wiki/平田隆夫","Category_日本のジャズ・ピアニスト","https://ja.wikipedia.org/wiki/Category:日本のジャズ・ピアニスト"
"平戸祐介"," 平戸 祐介 （ひらど ゆうすけ）は、 長崎県 出身の ジャズ ・ ピアニスト 。 quasimode （クオシモード、2015年2月より活動休止中）のリーダーを務める  。","","","","","","","","","","","","","https://ja.wikipedia.org/wiki/平戸祐介","Category_日本のジャズ・ピアニスト","https://ja.wikipedia.org/wiki/Category:日本のジャズ・ピアニスト"
"平林牧子"," 彼女の作曲は、 クラシック音楽 、ジャズ、極東や北欧のムードをもった音楽といった要素に触発されている  。","","","日本","1966年","","ジャズ","ピアニスト 、 作曲家","ピアノ","","Enja、Stunt","","","https://ja.wikipedia.org/wiki/平林牧子","Category_日本のジャズ・ピアニスト","https://ja.wikipedia.org/wiki/Category:日本のジャズ・ピアニスト"
"福居良"," 美しい旋律のオリジナル曲と、力強く スウィング 感あふれる ビバップ スタイルの演奏で多くのファンを魅了してきた  。 1995年 、 札幌市 にライブハウス「スローボート」を開店しそこを拠点に全国で活動。 2012年 にはジャズピアニストとして初めて札幌文化奨励賞を受賞した。 バリー・ハリス を師と仰ぎ長年にわたって交流を重ねた。","","","日本 北海道 平取町","1948年 6月1日","2016年 3月15日","モダンジャズ","ジャズピアニスト","ピアノ","1970年代 - 2016年","","","","https://ja.wikipedia.org/wiki/福居良","Category_日本のジャズ・ピアニスト","https://ja.wikipedia.org/wiki/Category:日本のジャズ・ピアニスト"
"福田重男"," 福田 重男 （ ふくだ しげお 、 1957年 5月8日 - ）は、 ジャズ ピアニスト 。","","","","","","","","","","","","","https://ja.wikipedia.org/wiki/福田重男","Category_日本のジャズ・ピアニスト","https://ja.wikipedia.org/wiki/Category:日本のジャズ・ピアニスト"
"藤井郷子"," 藤井は1958年10月9日に東京で生まれた  。彼女は4歳で ピアノ を弾き始め、即興と ジャズ に興味を持つようになる20歳まで クラシック のトレーニングを受けてきた  。20代になると東京のピアニスト 板橋文夫 からジャズの指導を受けた  。","","","日本 東京","( 1958-10-09 ) 1958年 10月9日 （65歳）","","ジャズ","ミュージシャン、作曲家","ピアノ 、 アコーディオン","","","","","https://ja.wikipedia.org/wiki/藤井郷子","Category_日本のジャズ・ピアニスト","https://ja.wikipedia.org/wiki/Category:日本のジャズ・ピアニスト"
"古瀬里恵"," 幼少より ピアノ 、 フルート を習い、大学在学中にジャズヴォーカリストとして活動を始める。 シック (バンド　日本) のオリジナル・メンバー、 ディーヴァ・グレイ に師事。 語学 に堪能で、 英語 、 フランス語 、 イタリア語 で歌う、マルチ・ボーカリスト。ジャズの他、 フュージョン 、 ラテン 、 ジャズ・ポップ 、 フレンチ・ポップス 、 ポップス を混ぜた音楽スタイルで演奏する。","古瀬 里恵","Rie Furuse","熊本県 熊本市","( 1982-02-07 ) 1982年 2月7日 （41歳）","","ジャズ 、 ファンク 、 ラテン 、 ポップ 、 シャンソン","","","2001年 - 現在","","","","https://ja.wikipedia.org/wiki/古瀬里恵","Category_日本のジャズ・ピアニスト","https://ja.wikipedia.org/wiki/Category:日本のジャズ・ピアニスト"
"星野由美子 (ミュージシャン)"," 星野由美子 （ほしの ゆみこ、生年月日非公開）は 茨城県 水戸市 在住の ジャズ ボーカリスト ・ ピアニスト 。主に水戸と 東京 で ライブ活動 を行っている。後進の指導にも熱心で、 読売文化センター ほか茨城を中心に多くの ボーカル教室 を受け持っている。","","","","","","","","","","","","","https://ja.wikipedia.org/wiki/星野由美子_(ミュージシャン)","Category_日本のジャズ・ピアニスト","https://ja.wikipedia.org/wiki/Category:日本のジャズ・ピアニスト"
"本田竹広"," ","本田昂","本田竹彦, 本田竹曠","日本 岩手県 宮古市 ","1945年 8月21日 ","( 2006-01-12 ) 2006年 1月12日 （60歳没） ","ジャズ","ピアニスト","ピアノ","1966年 - 2006年","","ザ・モージョ, ネイティブ・サン , The Pure ","","https://ja.wikipedia.org/wiki/本田竹広","Category_日本のジャズ・ピアニスト","https://ja.wikipedia.org/wiki/Category:日本のジャズ・ピアニスト"
"前田憲男"," 大阪府 出身   。小学校教師であった父より、幼少より読譜を学ぶ。 大阪府立桜塚高等学校 卒業と同時に、プロのジャズピアニストとして活動を開始。ピアノ・指揮法とも独学で習得する。1955年に上京、名門 ジャズバンド 「 西條孝之介 とウエスト・ライナーズ」などのメンバーとして活躍。以後、様々なバンドに参加する一方、数多くのテレビ番組のテーマ音楽を手がける。特に、テレビ番組で共演し、共に昭和9年生まれの芸能人の会「 昭和九年会 」のメンバーでもある 大橋巨泉 とは親交も深く、巨泉が出演した番組のテーマ音楽の大半を手がけている。また ビッグバンド 向けのアレンジも数多く手がけるほか、 東京フィルハーモニー交響楽団 のポップス部門音楽監督として、編曲・指揮を担当していた。","前田 暢人 ","","日本 ・ 大阪府 ","( 1934-12-06 ) 1934年 12月6日","( 2018-11-25 ) 2018年 11月25日 （83歳没） ","ジャズ","作曲家 ・ 編曲家","ピアノ 、 ビブラフォン 、 オルガン","","","","","https://ja.wikipedia.org/wiki/前田憲男","Category_日本のジャズ・ピアニスト","https://ja.wikipedia.org/wiki/Category:日本のジャズ・ピアニスト"
"松井秋彦"," 松井 秋彦 （まついあきひこ、 1964年 11月27日 - ）は、ジャズ作編曲家、マルチインストゥルメンタリスト（ピアノ、ギター、ベース、ドラム）  。","","","","","","","","","","","","","https://ja.wikipedia.org/wiki/松井秋彦","Category_日本のジャズ・ピアニスト","https://ja.wikipedia.org/wiki/Category:日本のジャズ・ピアニスト"
"松居慶子"," 東京都 出身。 日本女子大学附属中学校・高等学校 を経て、 日本女子大学 家政学部 児童学科 を卒業  。","土居慶子","","日本 ・ 東京都","( 1961-07-26 ) 1961年 7月26日 （62歳）","","コンテンポラリー・ジャズ, ラテン・ジャズ, スムース・ジャズ, ジャズ・ポップス, フュージョン （ クロスオーヴァー を含む）","ジャズ ミュージシャン 、 ピアニスト 、 キーボーディスト","ピアノ 、 キーボード","1979年 -","","","","https://ja.wikipedia.org/wiki/松居慶子","Category_日本のジャズ・ピアニスト","https://ja.wikipedia.org/wiki/Category:日本のジャズ・ピアニスト"
"松井八郎"," 台湾 出身。日本高等音楽学校卒業  。 淡谷のり子 、 春日八郎 、 越路吹雪 、 森繁久彌 などへの歌の作曲や、多くの日本映画の音楽を手掛けた。また、刀根勝美楽団でドラムを担当していた ハナ肇 を見つけ、メジャーデビューのきっかけを作った。","","","日本","1919年 5月11日","( 1976-08-30 ) 1976年 8月30日 （57歳没）","ジャズ","作曲家, ピアニスト","ピアノ","","","","","https://ja.wikipedia.org/wiki/松井八郎","Category_日本のジャズ・ピアニスト","https://ja.wikipedia.org/wiki/Category:日本のジャズ・ピアニスト"
"松岡直也"," 生家は本牧・小港にあった。7歳の頃から独学でピアノを弾き始める。15歳の時、「 パン猪狩 とマーキス・トリオ」のピアニストとしてプロデビュー。翌年には自身のバンド「松岡直也カルテット」を率いてライブを中心に活動を開始する。また、「 浜口庫之助 とアフロ・クバーノ・ジュニア」にピアニスト、編曲家として参加し、ヒット曲「 黄色いサクランボ 」を編曲する。","松岡 直也","","神奈川県 横浜市 中区 本牧","1937年 5月9日","( 2014-04-29 ) 2014年 4月29日 （76歳没）","ジャズ, ラテン・フュージョン","ピアニスト, 作曲家, 編曲家","ピアノ, シンセサイザー","1952年 - 2014年","ワーナーミュージック・ジャパン, アーント","","","https://ja.wikipedia.org/wiki/松岡直也","Category_日本のジャズ・ピアニスト","https://ja.wikipedia.org/wiki/Category:日本のジャズ・ピアニスト"
"松永貴志"," 兵庫県 芦屋市 出身。巨匠 ハンク・ジョーンズ に絶賛され、2003年5月、17歳でアルバム「TAKASHI」でメジャーデビュー。各種メディアにも多数取り上げられ、ベストセラーとなる。 ジャズ の名門、米 ブルーノート レーベル70年の歴史上、最年少リーダー録音記録を樹立。","松永貴志","","兵庫県 芦屋市","( 1986-01-27 ) 1986年 1月27日 （37歳）","","ジャズ 、 現代音楽","作曲家 、 編曲家 、 演奏家","ピアノ","2001年 ～","","","","https://ja.wikipedia.org/wiki/松永貴志","Category_日本のジャズ・ピアニスト","https://ja.wikipedia.org/wiki/Category:日本のジャズ・ピアニスト"
"松本茜"," このページに他の言語版はありません。","","","日本 ・ 鳥取県 米子市","( 1987-11-12 ) 1987年 11月12日 （36歳）","","ジャズ","","ピアノ","2006年 - 現在","日本コロムビア （2008年 - ）","","","https://ja.wikipedia.org/wiki/松本茜","Category_日本のジャズ・ピアニスト","https://ja.wikipedia.org/wiki/Category:日本のジャズ・ピアニスト"
"松谷穣"," 松谷 穣 （まつや みのる、 1910年 1月2日 - 1995年 5月15日 ）は、日本のジャズピアニスト。ゆずる、じょうとも呼ばれていた。","","","","","","","","","","","","","https://ja.wikipedia.org/wiki/松谷穣","Category_日本のジャズ・ピアニスト","https://ja.wikipedia.org/wiki/Category:日本のジャズ・ピアニスト"
"南博 (ジャズピアニスト)"," 音楽高校のピアノ科に在籍していた頃に キース・ジャレット の『フェイシング・ユー』（1971年）を聴いたことがジャズに関心を抱くきっかけになった。","","","日本 ・ 東京都","( 1960-05-15 ) 1960年 5月15日 （63歳）","","ジャズ","ピアニスト 、 作曲家 、 エッセイスト 、 文筆家","ピアノ","1991年 -","イーストワークスエンターテインメント","Hiroshi Minami Trio, 菊地成孔, カスパー・トランバーグ","","https://ja.wikipedia.org/wiki/南博_(ジャズピアニスト)","Category_日本のジャズ・ピアニスト","https://ja.wikipedia.org/wiki/Category:日本のジャズ・ピアニスト"
"三保敬太郎"," 三保 敬太郎 （みほ けいたろう、 1934年 10月17日 - 1986年 5月16日 ）は、 東京都 出身の 作曲家 、 編曲家 、 ジャズ ピアニスト 、 レーシングドライバー 、 俳優 、 映画監督 。","","","","","","","","","","","","","https://ja.wikipedia.org/wiki/三保敬太郎","Category_日本のジャズ・ピアニスト","https://ja.wikipedia.org/wiki/Category:日本のジャズ・ピアニスト"
"宮本貴奈"," 物語が見えるようなプレイとアレンジ、演者が輝くサウンド作りで、繊細かつダイナミックなピアノスタイルは『一人オーケストラ』と呼ばれている。","","","日本 茨城県 結城市","","","ジャズ, 映画音楽, ポップス, オーケストラ, ロック, クロスオーバー","ピアニスト, 作曲家, 作詞家, 編曲家, 歌手, 音楽プロデューサー","","","Spice of Life Inc., JUMP WORLD","","","https://ja.wikipedia.org/wiki/宮本貴奈","Category_日本のジャズ・ピアニスト","https://ja.wikipedia.org/wiki/Category:日本のジャズ・ピアニスト"
"村尾陸男"," 中国 北京市 にて、鐵道省高官の父・ 村尾薫 （ 香川県 高松市 出身）と母・鈴の三男として生まれる。 慶應義塾大学 工学部 化学科に進学するも音楽に傾倒し中退。1962年頃からジャズ・ギタリストとしてプロ入り。 河辺公市 とスウィングジャイアンツを皮切りにギターで２年ほど仕事をし、66年、24歳の時に、当時、国の記録映画の撮影に従事していた父 村尾薫 のサポートのための渡米を機に、本場のジャズシーンに触れ研鑚。翌67年に帰国後、ジャズ・ピアニストに転向し、 泉胤昭 率いるクインテットに所属し活動。主に、ソロや自分のトリオで赤坂、高輪のプリンスホテル、銀座、六本木のクラブなどで演奏活動を続け、30代から本格的に英語の勉強をし始め、呼吸発声の研究をしながら、音楽書の著訳書を多く手がける。また、横浜のジャズスクールで呼吸発声の指導、劇団四季の英詞訳などを担当し、演奏活動に励む。 現在はその傍ら、ヴォーカリスト養成のための発声指導者として音楽学校や大学の講師も務める。","","","日本 東京都 、幼少期は 香川県 高松市 で育つ。（ 中華人民共和国 北京市 出生）","( 1942-00-00 ) 1942年 0000 （81歳）","","ジャズ","ピアニスト 、 著述家","ピアノ 、 ギター","1962年 -","","","","https://ja.wikipedia.org/wiki/村尾陸男","Category_日本のジャズ・ピアニスト","https://ja.wikipedia.org/wiki/Category:日本のジャズ・ピアニスト"
"モヒカーノ関"," 従来より親しみやすい楽曲をハッピーに演奏する芸風が好評だったが、近年はトリッキーなリズムや複雑なフレージング、緊張感のあるハーモナイズなど高度な音楽性と持ち前のエンターテインメントを融合させる方向に進んできている。","","","日本 北海道","1954年 7月22日","( 2013-01-23 ) 2013年 1月23日 （58歳没）","","","ピアノ","1996年 - 2013年","","","","https://ja.wikipedia.org/wiki/モヒカーノ関","Category_日本のジャズ・ピアニスト","https://ja.wikipedia.org/wiki/Category:日本のジャズ・ピアニスト"
"マイク・モラスキー"," ＜主な出典：早稲田大学研究者データベース  ＞","","","ミズーリ州 セントルイス","1956年 （66 - 67歳）, アメリカ合衆国, ミズーリ州 セントルイス","","","","","","","","","https://ja.wikipedia.org/wiki/マイク・モラスキー","Category_日本のジャズ・ピアニスト","https://ja.wikipedia.org/wiki/Category:日本のジャズ・ピアニスト"
"森田真奈美 (ジャズピアニスト)"," いずれも Manami Morita 名義","森田 真奈美","","日本 埼玉県","( 1984-11-23 ) 1984年 11月23日 （39歳）","","ジャズ","","ピアノ","","Rambling Records","Zak Croxall、Thomas Hartman","","https://ja.wikipedia.org/wiki/森田真奈美_(ジャズピアニスト)","Category_日本のジャズ・ピアニスト","https://ja.wikipedia.org/wiki/Category:日本のジャズ・ピアニスト"
"森永理美"," 森永 理美 （もりなが さとみ ）　JAZZピアニスト","","","","","","","","","","","","","https://ja.wikipedia.org/wiki/森永理美","Category_日本のジャズ・ピアニスト","https://ja.wikipedia.org/wiki/Category:日本のジャズ・ピアニスト"
"森村献"," 森村 献 （もりむら けん、 1954年 5月22日 -）は 東京都 出身の ピアニスト 、 プロデューサー 、 作曲家 、 編曲家 。","","","","","","","","","","","","","https://ja.wikipedia.org/wiki/森村献","Category_日本のジャズ・ピアニスト","https://ja.wikipedia.org/wiki/Category:日本のジャズ・ピアニスト"
"守屋純子"," ","","","日本 東京都","( 1965-03-31 ) 1965年 3月31日 （58歳）","","","","ピアノ","1997年 - 現在","日本クラウン 、 ユーキャン 、 スパイスオブライフ","","","https://ja.wikipedia.org/wiki/守屋純子","Category_日本のジャズ・ピアニスト","https://ja.wikipedia.org/wiki/Category:日本のジャズ・ピアニスト"
"森矢湖亜姫子"," ジャマイカ 在住。","","","日本","","","ジャズ","ミュージシャン","ピアノ","2010年 - 現在","ドーモレコード","","","https://ja.wikipedia.org/wiki/森矢湖亜姫子","Category_日本のジャズ・ピアニスト","https://ja.wikipedia.org/wiki/Category:日本のジャズ・ピアニスト"
"守安祥太郎"," 東京都 出身。父親は 日本酸素 、秋田木工拓殖、 日米商店 、日本絹布捺染などの重役を務めた守安瀧二郎  。 慶應義塾大学 経済学部 から同 大学院 に進む  。学生時代から クラシック ・ ピアノ に親しみ、大学時代は ヨット 部の主将だった。ジャズに興味を持ち始めたのは社会人になってからだという。","","","日本 東京都","( 1924-01-05 ) 1924年 1月5日","( 1955-09-28 ) 1955年 9月28日 （31歳没）","ビバップ","","ピアノ","1949年 - 1955年","","","","https://ja.wikipedia.org/wiki/守安祥太郎","Category_日本のジャズ・ピアニスト","https://ja.wikipedia.org/wiki/Category:日本のジャズ・ピアニスト"
"八木正生"," 青山学院高 卒業。戦後、築地の「クラブ・リオ」、米軍立川基地などで演奏。 武満徹 ・ 渡辺貞夫 らとともに 日本 の ジャズ 創成期に活躍。 1960年代 から 東映 の 映画音楽 をメインに作曲を手がけていたが、 1976年 の 千葉真一 主演 映画 『 脱走遊戯 』  では、自らのベースであるジャズのみで映画音楽を制作した。","","","日本 ・ 東京都 新宿区","( 1932-11-14 ) 1932年 11月14日","( 1991-03-04 ) 1991年 3月4日 （58歳没）","ジャズ","ピアニスト ・ 作曲家 ・ 編曲家","","1960年 - 1991年","","","","https://ja.wikipedia.org/wiki/八木正生","Category_日本のジャズ・ピアニスト","https://ja.wikipedia.org/wiki/Category:日本のジャズ・ピアニスト"
"安田芙充央"," 安田 芙充央 （やすだ ふみお、Fumio Yasuda、 1953年 - ）は、日本の 作曲家 、 ピアニスト 、 ジャズピアニスト である    。","","","","","","","","","","","","","https://ja.wikipedia.org/wiki/安田芙充央","Category_日本のジャズ・ピアニスト","https://ja.wikipedia.org/wiki/Category:日本のジャズ・ピアニスト"
"山下洋輔"," 他分野への進出、コラボレーションにも積極的であり、『 ジャズ大名 』  『 ファザーファッカー 』『 カンゾー先生 』などの映画音楽を手がけている。またクラシックピアニスト、 オーケストラ 、 和楽器 楽隊とのフリーな競演や山下洋輔パンジャスイングオーケストラを組織するなどもしている。","","","日本 ・ 東京府 東京市","( 1942-02-26 ) 1942年 2月26日 （81歳）","","ジャズ","","ピアノ","1959年 -","","富樫雅彦 、武田和命、 坂田明 、 中村誠一 、 森山威男 ほか","","https://ja.wikipedia.org/wiki/山下洋輔","Category_日本のジャズ・ピアニスト","https://ja.wikipedia.org/wiki/Category:日本のジャズ・ピアニスト"
"山中千尋"," ","","","日本 群馬県","12月26日 ※生年は非公開","","ジャズ","ピアニスト","ピアノ","2001年 -","ヴァーヴ・レコード （2005年 -）, デッカ・レコード （2011年 -）, ブルーノート・レコード （2014年 -）","マリオ・ガルガーノ（ ベース ）、ミケーレ・サルガレッロ（ ドラムス ）","","https://ja.wikipedia.org/wiki/山中千尋","Category_日本のジャズ・ピアニスト","https://ja.wikipedia.org/wiki/Category:日本のジャズ・ピアニスト"
"山本剛 (ピアニスト)"," ","","","日本 新潟県 佐渡市","( 1948-03-23 ) 1948年 3月23日 （75歳）","","ジャズ","ミュージシャン","ピアノ","1967年 -","","","","https://ja.wikipedia.org/wiki/山本剛_(ピアニスト)","Category_日本のジャズ・ピアニスト","https://ja.wikipedia.org/wiki/Category:日本のジャズ・ピアニスト"
