﻿"タイトル","コメント","出生名","別名","出身地","生誕","死没","ジャンル","職業","担当楽器","活動期間","レーベル","共同作業者","メンバー","URL","親リストタイトル","親リストURL"
"Pages_in_category","","","","","","","","","","","","","","","Category_Jazz_keyboardists","https://en.wikipedia.org/wiki/Category:Jazz_keyboardists"
"Tihomir Pop Asanović"," Tihomir \"Pop\" Asanović (born 16 November 1948) is a Croatian jazz-rock and fusion keyboardist , Hammond organ player and composer .","Tihomir Asanović","Pop","SFR Yugoslavia (present-day North Macedonia )","( 1948-11-16 ) November 16, 1948 (age 72), Skopje , SFR Yugoslavia (present-day North Macedonia )","","Jazz , Funk , jazz-rock , fusion , pop , blues","musician , composer","Keyboard instrument , Hammond B-3","1967 - present","Jugoton , ZKP RTLJ , PGP-RTB , Suzy","Montenegro Five, The Generals, Time , September , Jugoslovenska Pop Selekcija, YU Grupa , Smak , Pro arte","","https://en.wikipedia.org/wiki/Tihomir_Pop_Asanović","Category_Jazz_keyboardists","https://en.wikipedia.org/wiki/Category:Jazz_keyboardists"
"Louis Banks"," Louis Banks (born Dambar Bahadur Budaprithi on 11 February 1941) is an Indian film composer, record producer, keyboardist, and singer.  He has often been referred to as the 'Godfather of Indian jazz '.   ","Dambar Bahadur Budaprithi","","India","( 1941-02-11 ) 11 February 1941 (age 80), Darjeeling , India","","Jazz , world music , Indian pop","Singer, musician, composer, record producer","Piano, trumpet, guitar, keyboard","1982–present","","","","https://en.wikipedia.org/wiki/Louis_Banks","Category_Jazz_keyboardists","https://en.wikipedia.org/wiki/Category:Jazz_keyboardists"
"Federico González Peña"," Federico González Peña (born c. 5 February 1966) is a Uruguayan-Argentine jazz pianist and keyboardist. After being taught by the renowned classical pianist Antonio De Raco , he moved to the United States in 1984 to pursue his studies at the Berklee College of Music ,  and has since played in numerous groups. He played in the trio Gaïa with harmonica player Grégoire Maret and drummer Gene Lake . He is best known though for his work with the Marcus Miller band.  ","","","","","","","","","","","","","https://en.wikipedia.org/wiki/Federico_González_Peña","Category_Jazz_keyboardists","https://en.wikipedia.org/wiki/Category:Jazz_keyboardists"
"Paul Kempf (musician)"," Paul Kempf (born October 10, 1977), also known by his stage name DJ Pavo , is a Croatian keyboardist. He is most notable as a former member of rock band Zabranjeno Pušenje .","","DJ Pavo","SFR Yugoslavia","( 1977-10-10 ) October 10, 1977 (age 43) , Slavonski Brod , SR Croatia , SFR Yugoslavia","","Rock, soft jazz","Musician","keyboards","1988–present","","Zabranjeno Pušenje, Shaderwan Code, Rafael Dropulić","","https://en.wikipedia.org/wiki/Paul_Kempf_(musician)","Category_Jazz_keyboardists","https://en.wikipedia.org/wiki/Category:Jazz_keyboardists"
"Steve Lodder"," Steve Lodder , born Stephen John Lodder (born 10 April 1951, St. Helier , Jersey ), is a British keyboardist, composer, and organist. He played piano as a child and took up organ at age 14. He studied organ at Gonville and Caius College , and after completing his studies he taught music and wrote for film and television.","","","","","","","","","","","","","https://en.wikipedia.org/wiki/Steve_Lodder","Category_Jazz_keyboardists","https://en.wikipedia.org/wiki/Category:Jazz_keyboardists"
"Shaun Martin"," Shaun Martin is an American composer , arranger , producer , and multi-instrumental musician . Martin is a member of the jazz fusion band Snarky Puppy ,  as well as music director for Gospel music star Kirk Franklin , and former Minister of Music at Dallas’ Friendship-West Baptist Church.  Martin has been awarded four Grammies for his work with Franklin and two as a member of Snarky Puppy.","","","U.S.","( 1978-08-23 ) August 23, 1978 (age 42), Dallas , Texas , U.S.","","Jazz, jazz fusion, gospel, R&B","Musician, composer, arranger, producer","Piano, Minimoog, clarinet, keyboards","","Ropeadope , GroundUp","Snarky Puppy , Kirk Franklin , Erykah Badu , Chaka Khan , Fred Hammond , Kim Burrell , Yolanda Adams , Timbaland , The Weeknd , Tamela Mann , Ledisi","","https://en.wikipedia.org/wiki/Shaun_Martin","Category_Jazz_keyboardists","https://en.wikipedia.org/wiki/Category:Jazz_keyboardists"
"Mikio Masuda"," Mikio Masuda ( 益田 幹夫 , also known as Mickey Masuda , born 14 August 1949 in Osaka , Japan ) is a Japanese jazz and jazz fusion keyboardist.","","","Japan","( 1949-08-14 ) August 14, 1949 (age 71), Osaka, Japan","","Jazz , jazz fusion","Musician, composer","Piano, synthesizer, organ","1972–1998","","","","https://en.wikipedia.org/wiki/Mikio_Masuda","Category_Jazz_keyboardists","https://en.wikipedia.org/wiki/Category:Jazz_keyboardists"
"Keyboardists by genre"," This category has the following 12 subcategories, out of 12 total.","","","","","","","","","","","","","https://en.wikipedia.org/wiki/Category:Keyboardists_by_genre","Category_Jazz_keyboardists","https://en.wikipedia.org/wiki/Category:Jazz_keyboardists"
"Jazz musicians by instrument"," See also: Category:Smooth jazz musicians by instrument","","","","","","","","","","","","","https://en.wikipedia.org/wiki/Category:Jazz_musicians_by_instrument","Category_Jazz_keyboardists","https://en.wikipedia.org/wiki/Category:Jazz_keyboardists"
"Commons category link is on Wikidata"," This category has the following 200 subcategories, out of 293,009 total.","","","","","","","","","","","","","https://en.wikipedia.org/wiki/Category:Commons_category_link_is_on_Wikidata","Category_Jazz_keyboardists","https://en.wikipedia.org/wiki/Category:Jazz_keyboardists"
