﻿"タイトル","コメント","出生名","別名","出身地","生誕","死没","ジャンル","職業","担当楽器","活動期間","レーベル","共同作業者","メンバー","URL","親リストタイトル","親リストURL"
"Pages_in_category","","","","","","","","","","","","","","","Category_American_folk_rock_musicians","https://en.wikipedia.org/wiki/Category:American_folk_rock_musicians"
"Ryan Adams"," In 2000, Adams left Whiskeytown and released his debut solo album, Heartbreaker , to critical acclaim. The album was nominated for the Shortlist Music Prize . The following year, his profile increased with the release of the UK certified-gold Gold , which included the single, \" New York, New York \". During this time, Adams worked on several unreleased albums, which were consolidated into a third solo release, Demolition (2002). Working at a prolific rate, Adams released the classic rock -influenced Rock N Roll (2003), after a planned album, Love Is Hell , was rejected by his label Lost Highway . As a compromise, Love Is Hell was released as two EPs and eventually released in its full-length state in 2004.","","","U.S.","David Ryan Adams, ( 1974-11-05 ) November 5, 1974 (age 47), Jacksonville, North Carolina , U.S.","","Rock, alternative country, folk rock, indie rock","","","","Bloodshot, Lost Highway, PAX AM, Blue Note, Capitol","","","https://en.wikipedia.org/wiki/Ryan_Adams","Category_American_folk_rock_musicians","https://en.wikipedia.org/wiki/Category:American_folk_rock_musicians"
"Joan Baez"," Baez is generally regarded as a folk singer , but her music has diversified since the counterculture era of the 1960s and encompasses genres such as folk rock , pop , country , and gospel music . She began her recording career in 1960 and achieved immediate success. Her first three albums, Joan Baez , Joan Baez, Vol. 2 and Joan Baez in Concert , all achieved gold record status.  Although a songwriter herself, Baez generally interprets other composers' work,  having recorded songs by the Allman Brothers Band , the Beatles , Jackson Browne , Leonard Cohen , Woody Guthrie , Violeta Parra , the Rolling Stones , Pete Seeger , Paul Simon , Stevie Wonder , Bob Marley , and many others. She was one of the first major artists to record the songs of Bob Dylan in the early 1960s; Baez was already an internationally celebrated artist and did much to popularize his early songwriting efforts.   On her later albums she has found success interpreting the work of more recent songwriters, including Ryan Adams , Josh Ritter , Steve Earle , Natalie Merchant , and Joe Henry .","Joan Chandos Baez","","U.S.","( 1941-01-09 ) January 9, 1941 (age 81), Staten Island , New York, U.S.","","Folk, folk rock, Americana, country folk, gospel, Latin","Singer, songwriter, musician, activist","","1958–present","Vanguard, RCA Victor, A&M, Portrait/CBS, Gold Castle, Virgin, Guardian, Koch, Razor & Tie","","","https://en.wikipedia.org/wiki/Joan_Baez","Category_American_folk_rock_musicians","https://en.wikipedia.org/wiki/Category:American_folk_rock_musicians"
"Devendra Banhart"," Banhart was born in Houston, Texas to a Venezuelan mother, María Eugenia Rísquez, and an American father, Robert Gary Banhart. His given name is a synonym for Indra , suggested by Indian religious leader Prem Rawat (whom Banhart's parents followed),  and his middle name Obi takes after Obi-Wan Kenobi , a Star Wars character. ","Devendra Obi Banhart","","U.S.","( 1981-05-30 ) May 30, 1981 (age 41), Houston , Texas, U.S.","","Freak folk , psychedelic folk , New Weird America","Singer-songwriter, musician, visual artist","","2002–present","XL, Young God, hinah, Reprise, Nonesuch, Warner Bros.","","","https://en.wikipedia.org/wiki/Devendra_Banhart","Category_American_folk_rock_musicians","https://en.wikipedia.org/wiki/Category:American_folk_rock_musicians"
"Bhi Bhiman"," In 2016, Bhiman contributed the song \"With Love from Russia\" to Dave Eggers ' 30 Days 30 Songs project. It was the third song released in the series, which raised funds for democratic causes ahead of the 2016 U.S. Elections. ","","","St. Louis, Missouri","American","","Folk rock, folk, rock, soul","Singer-songwriter","","2002–present","Boocoo Music, Tummy Touch","","","https://en.wikipedia.org/wiki/Bhi_Bhiman","Category_American_folk_rock_musicians","https://en.wikipedia.org/wiki/Category:American_folk_rock_musicians"
"Andrew Bird"," Beyond his own record releases, he has collaborated with various artists, including The Handsome Family , Dosh , Fiona Apple , and Nora O'Connor .","Andrew Wegman Bird","","U.S.","( 1973-07-11 ) July 11, 1973 (age 49), Lake Forest, Illinois , U.S.","","Indie rock ","Musician, singer, songwriter","","1992–present","Rykodisc, Righteous Babe, Fat Possum, RCRD LBL, Bella Union, Earwig Music, Waterbug, Carrot Top, Delmark, Mom + Pop, Loma Vista","","","https://en.wikipedia.org/wiki/Andrew_Bird","Category_American_folk_rock_musicians","https://en.wikipedia.org/wiki/Category:American_folk_rock_musicians"
"Joseph Brent"," Brent attended the Berklee College of Music , and studied the mandolin under Carlo Aonzo in Savona , Italy .  He also received instruction from Barry Mitterhoff  and Adam Steffey . ","","","New York","( 1976-04-06 ) April 6, 1976 (age 46), Queens , New York","","Classical , folk , jazz , bluegrass , experimental","","","","Adhyâropa Records , Sunnyside Records , Vienna Modern Masters, orlando records","","","https://en.wikipedia.org/wiki/Joseph_Brent","Category_American_folk_rock_musicians","https://en.wikipedia.org/wiki/Category:American_folk_rock_musicians"
"Edie Brickell"," Brickell was born in the Oak Cliff neighborhood of Dallas, Texas to Larry Jean (Sellers) Linden and Paul Edward Brickell.   She was raised with her older sister, Laura Strain. She attended Booker T. Washington High School for the Performing and Visual Arts  in Dallas, and later studied at Southern Methodist University  until she joined a band and decided to focus on songwriting.","Edie Arlisa Brickell","","Texas","( 1966-03-10 ) March 10, 1966 (age 56), Dallas, Texas","","Alternative rock , folk rock , jam rock , jangle pop , neo-psychedelia , bluegrass","Singer-songwriter, guitarist","","1985–present","Geffen","","","https://en.wikipedia.org/wiki/Edie_Brickell","Category_American_folk_rock_musicians","https://en.wikipedia.org/wiki/Category:American_folk_rock_musicians"
"Eliot Bronson"," Bronson was born in Baltimore, Maryland . He began playing at local coffeehouses and was dubbed a \"folk singing wunderkind \"  by The Baltimore Sun .   He later moved to Atlanta, where he formed the duo The Brilliant Inventions. The band became a staple of the Atlanta music scene, winning several local and national music awards and gaining a substantial fan following.  In 2010, the band split up and Bronson continued solo, releasing Blackbirds in 2011.  In 2012, Bronson released Milwaukee , with his band Yonder Orphans ( Kevin Leahy , Will Robertson and Bret Hartley).","","","Atlanta, Georgia , United States","Baltimore, Maryland , United States","","Americana, Alt. Country, Contemporary Folk","","","2000 – present","Saturn 5 Records","","","https://en.wikipedia.org/wiki/Eliot_Bronson","Category_American_folk_rock_musicians","https://en.wikipedia.org/wiki/Category:American_folk_rock_musicians"
"Jonatha Brooke"," Jonatha Brooke attended Shady Hill School in Cambridge, Massachusetts , and the Commonwealth School in Boston . She graduated from Amherst College in 1985.","Jonatha Brooke","","United States","( 1964-01-23 ) January 23, 1964 (age 58), Illinois , United States","","Folk rock","Musician, songwriter","","1980s–present","Bad Dog Records, MCA Records , Elektra , Green Linnet , Rykodisc","","","https://en.wikipedia.org/wiki/Jonatha_Brooke","Category_American_folk_rock_musicians","https://en.wikipedia.org/wiki/Category:American_folk_rock_musicians"
"Jackson Browne"," Emerging as a precocious teenage songwriter in mid-1960s Los Angeles, he had his first successes writing songs for others, writing \" These Days \" as a 16-year-old; the song became a minor hit for the German singer and Andy Warhol protégé Nico in 1967. He also wrote several songs for fellow Southern California bands Nitty Gritty Dirt Band (with whom he was briefly a member in 1966) and the Eagles , the latter of whom had their first Billboard Top 40 hit in 1972 with the Browne co-written song \" Take It Easy \".","Clyde Jackson Browne","","Los Angeles, California, U.S.","( 1948-10-09 ) October 9, 1948 (age 73), Heidelberg , Germany","","Rock, folk rock, country rock, soft rock","Musician, songwriter, political activist","Vocals, guitar, piano","1966–present","Elektra, Adrenaline Music Group, Inside, Asylum","","","https://en.wikipedia.org/wiki/Jackson_Browne","Category_American_folk_rock_musicians","https://en.wikipedia.org/wiki/Category:American_folk_rock_musicians"
"Jeff Buckley"," Over the following three years, the band toured extensively to promote the album, including concerts in the U.S., Europe, Japan, and Australia. In 1996, they stopped touring  and made sporadic attempts to record Buckley's second album in New York City with Tom Verlaine as producer.","Jeffrey Scott Buckley","Scott \"Scottie\" Moorhead","East Village, Manhattan, New York","( 1966-11-17 ) November 17, 1966, Anaheim, California , U.S.","May 29, 1997 (1997-05-29) (aged 30), Memphis, Tennessee , U.S.","Alternative rock, folk-rock, blues","Singer, songwriter, guitarist","","1990–1997","Columbia","","","https://en.wikipedia.org/wiki/Jeff_Buckley","Category_American_folk_rock_musicians","https://en.wikipedia.org/wiki/Category:American_folk_rock_musicians"
"Jimmy Buffett"," Aside from his career in music, Buffett is also a bestselling author and was involved in two restaurant chains named after two of his best-known songs; he currently owns the Margaritaville Cafe restaurant chain and co-developed the now defunct Cheeseburger in Paradise restaurant chain. Buffett is one of the world's richest musicians, with a net worth as of 2017 of $900 million. ","James William Buffett","","Key West, Florida , U.S.","( 1946-12-25 ) December 25, 1946 (age 75), Pascagoula, Mississippi , U.S.","","Gulf and Western , country , country rock , folk rock , trop rock , calypso , easy listening , pop ","Singer-songwriter, musician, author, actor, businessman","","1964–present ","Barnaby, ABC, Dunhill, MCA, Margaritaville, Island Def Jam, PolyGram, Mailboat, Atlantic, RCA","","","https://en.wikipedia.org/wiki/Jimmy_Buffett","Category_American_folk_rock_musicians","https://en.wikipedia.org/wiki/Category:American_folk_rock_musicians"
"Peter Case"," Case was born in Buffalo , New York and lived in nearby Hamburg, New York . He wrote his first song \"Stay Away,\" in 1965, at the age of eleven. A veteran of several rock bands and the local bar scene as a teenager, Case dropped out of high school when he was fifteen (he would later earn a GED), and after several years of traveling arrived in 1973 in San Francisco , where he performed as a street musician. During this period a documentary about the local music scene, Nightshift, directed by Bert Deivert, captured the young Case on film. In 1976, he teamed up with Jack Lee and Paul Collins to form the early punk-era band The Nerves in San Francisco. The group's 1976 EP track, \" Hanging on the Telephone \", was later recorded by Blondie .","","","United States","( 1954-04-05 ) April 5, 1954 (age 68), Buffalo , New York , United States","","Rock and roll, blues, folk rock","","Vocals, guitar, harmonica, piano, organ, bass","","Geffen , Vanguard Records, Alive/Naturalsound, Yep Roc ","","","https://en.wikipedia.org/wiki/Peter_Case","Category_American_folk_rock_musicians","https://en.wikipedia.org/wiki/Category:American_folk_rock_musicians"
"Ryan Cassata"," Cassata composed the soundtrack for the 2010 short film \"Loop Planes\" which screened at various film festivals including the Tribeca Film Festival ,  South by Southwest Gay & Lesbian Film Festival,  and Hamptons International Film Festival .  \"Distraction\" and \"Sleeping Through\" from Cassata's 2011 EP \"Distraction\" make up the soundtrack. Cassata is the main subject of the full feature Danish produced documentary Songs for Alexis .  Songs for Alexis , produced by Copenhagen Bombay with help from the Danish Film Institute , had its world premiere at Hot Docs Canadian International Documentary Festival to a sold-out crowd on April 30, 2014.   Songs for Alexis had its United States premiere at Frameline Film Festival on June 28, 2014. Songs for Alexis also screened and sold out at DOC NYC .   Indiewire listed Songs for Alexis on its \"10 Films You must Watch at Frameline 2014\" article. ","","","Bay Shore, New York , U.S.","( 1993-12-13 ) December 13, 1993 (age 28), Stony Brook, New York , U.S.","","Folk rock , indie , alternative","Singer-songwriter, public speaker, LGBT activist , actor","","2007 – present","Artemendous Records, R.O.C. Productions","","","https://en.wikipedia.org/wiki/Ryan_Cassata","Category_American_folk_rock_musicians","https://en.wikipedia.org/wiki/Category:American_folk_rock_musicians"
"Harry Chapin"," Chapin recorded a total of 11 albums from 1972 until his death in 1981. All 14 singles that he released became hits on at least one national music chart.","Harold Forster Chapin","","U.S.","( 1942-12-07 ) December 7, 1942, New York City , U.S.","July 16, 1981 (1981-07-16) (aged 38), East Meadow, New York , U.S.","Folk, folk rock, pop rock","Singer-songwriter, philanthropist","","1950s–1981","Elektra, Boardwalk, Sequel Records, DCC Compact Classics, Chapin Productions","","","https://en.wikipedia.org/wiki/Harry_Chapin","Category_American_folk_rock_musicians","https://en.wikipedia.org/wiki/Category:American_folk_rock_musicians"
"Tracy Chapman"," Chapman was signed to Elektra Records by Bob Krasnow in 1987.  The following year she released her debut album, Tracy Chapman , which became a commercial success, boosted by her appearance at the Nelson Mandela 70th Birthday Tribute concert, and was certified 6× Platinum by the Recording Industry Association of America . The album received six Grammy Award nominations, including one for Album of the Year , three of which she won; Best New Artist , Best Female Pop Vocal Performance for her single \"Fast Car\", and Best Contemporary Folk Album . In 1989, Chapman released her second album, Crossroads , which earned her an additional Grammy Award nomination for Best Contemporary Folk Album. Her third album, Matters of the Heart , followed in 1992.","","","U.S.","( 1964-03-30 ) March 30, 1964 (age 58), Cleveland, Ohio , U.S.","","Folk, blues rock, pop, soul","Singer-songwriter","","1986–present","Elektra","","","https://en.wikipedia.org/wiki/Tracy_Chapman","Category_American_folk_rock_musicians","https://en.wikipedia.org/wiki/Category:American_folk_rock_musicians"
"Vic Chesnutt"," Chesnutt released 17 albums during his career, including two produced by Michael Stipe , and a 1996 release on Capitol Records , About to Choke . His musical style has been described by Bryan Carroll of AllMusic as a \"skewed, refracted version of Americana that is haunting, funny, poignant, and occasionally mystical, usually all at once\". ","James Victor Chesnutt","","Athens, Georgia , U.S.","( 1964-11-12 ) November 12, 1964, Jacksonville, Florida , U.S.","December 25, 2009 (2009-12-25) (aged 45), Athens, Georgia, U.S.","Folk rock , indie folk , roots rock , alternative country ","Singer-songwriter, musician","","1985–2009","Constellation Records, Texas Hotel, Capitol, PolyGram, Backburner, New West, Orange Twin, Vapor","","","https://en.wikipedia.org/wiki/Vic_Chesnutt","Category_American_folk_rock_musicians","https://en.wikipedia.org/wiki/Category:American_folk_rock_musicians"
"Gene Clark"," Clark was born in Tipton, Missouri , the third of 13 children in a family of Irish, German, and American Indian heritage.  His family moved to Kansas City, Missouri , where as a boy he began learning to play the guitar and harmonica from his father.  He was soon playing Hank Williams tunes as well as songs by early rockers such as Elvis Presley and the Everly Brothers . He began writing songs at the age of 11.  By the time he was 15, he had developed a rich tenor voice, and he formed a local rock and roll combo, Joe Meyers and the Sharks.  Like many of his generation, Clark developed an interest in folk music because of the popularity of the Kingston Trio . When he graduated from Bonner Springs High School, in Bonner Springs, Kansas , in 1962, he formed a folk group, the Rum Runners. ","Harold Eugene Clark","","U.S.","( 1944-11-17 ) November 17, 1944, Tipton, Missouri , U.S.","May 24, 1991 (1991-05-24) (aged 46), Sherman Oaks, California , U.S.","Rock, country rock, folk rock, folk, country, bluegrass, Americana","Musician, singer-songwriter","","1963–1991","Columbia, A&M, Asylum, RSO, Capitol, Takoma, Sierra","","","https://en.wikipedia.org/wiki/Gene_Clark","Category_American_folk_rock_musicians","https://en.wikipedia.org/wiki/Category:American_folk_rock_musicians"
"Michael Clarke (musician)"," Clarke was born in Spokane, Washington . His father was a pipefitter and his mother was an amateur musician. Clarke ran away from home when he was 17 years old and hitchhiked to California to become a musician. In legend, he was said to have been discovered by Byrds' founder David Crosby while playing bongos on a beach. In fact, he was discovered by singer-songwriter Ivan Ulz in North Beach, San Francisco , and was introduced to other group members by Ulz. ","Michael James Dick","","San Francisco, California , U.S.","( 1946-06-03 ) June 3, 1946, Spokane, Washington , U.S.","December 19, 1993 (1993-12-19) (aged 47), Treasure Island, Florida , U.S.","Rock , Folk rock , country rock","Drummer","","1964–1993","","","","https://en.wikipedia.org/wiki/Michael_Clarke_(musician)","Category_American_folk_rock_musicians","https://en.wikipedia.org/wiki/Category:American_folk_rock_musicians"
"Jim Croce"," On September 20, 1973, at the height of his popularity and the day before the lead single to his fifth album I Got a Name was released, Croce and five others died in a plane crash. His music continued to chart throughout the 1970s following his death. Croce's wife Ingrid was his early songwriting partner. She continued to write and record after his death and their son A. J. Croce became a singer-songwriter in the 1990s.","James Joseph Croce","","U.S.","( 1943-01-10 ) January 10, 1943, South Philadelphia, Pennsylvania , U.S.","September 20, 1973 (1973-09-20) (aged 30), Natchitoches, Louisiana , U.S.","Folk, soft rock","","Vocals, acoustic guitar","1964–1973","Capitol / EMI, ABC, Saja/ Atlantic","","","https://en.wikipedia.org/wiki/Jim_Croce","Category_American_folk_rock_musicians","https://en.wikipedia.org/wiki/Category:American_folk_rock_musicians"
"David Crosby"," Crosby joined the Byrds in 1964. They got their first number one hit in April 1965 with a cover of \" Mr. Tambourine Man \" by Bob Dylan . Crosby appeared on the Byrds' first five albums and produced the original lineup's 1973 reunion album . In 1967 he joined Buffalo Springfield on stage at the Monterey Pop Festival , which contributed to his dismissal from the Byrds. He subsequently formed Crosby, Stills & Nash in 1968 with Stephen Stills (of Buffalo Springfield) and Graham Nash of the Hollies . After the release of their debut album CSN won the Grammy Award for Best New Artist of 1969. Neil Young joined the group for live appearances, their second concert being Woodstock , before recording their second album Déjà Vu . Meant to be a group that could collaborate freely, Crosby and Nash recorded three gold albums in the 1970s, while the core trio of CSN remained active from 1976 until 2016. CSNY reunions took place in each decade from the 1970s through the 2000s.","David Van Cortlandt Crosby","","U.S.","( 1941-08-14 ) August 14, 1941 (age 81), Los Angeles , California , U.S.","","Rock, folk, jazz","Singer, musician, songwriter","","1964–present","Atlantic, A&M, Rhino","","","https://en.wikipedia.org/wiki/David_Crosby","Category_American_folk_rock_musicians","https://en.wikipedia.org/wiki/Category:American_folk_rock_musicians"
"Anthony D'Amato"," D'Amato grew up in Blairstown, New Jersey , and attended Blair Academy on a scholarship. He attended Princeton University , where he recorded his first album Down Wires in a dormitory during his senior year, graduating in 2010.   He released the record independently in 2010, catching the attention of NPR , which called his song \"My Father's Son\" a \"modern folk gem,\"  and the World Cafe , which featured him in their emerging artist series \"Next.\"  D'Amato followed it up with another home recording, Paper Back Bones, which made BBC Scotland 's Best Americana Albums of 2012,  and was described by host Ricky Ross as \"one of  favourites of all time.\" ","","","United States","( 1987-11-27 ) November 27, 1987 (age 34), Blairstown, New Jersey, United States","","Indie folk, rock, americana","Songwriter, singer, musician","","2010 - present","New West Records","","","https://en.wikipedia.org/wiki/Anthony_D'Amato","Category_American_folk_rock_musicians","https://en.wikipedia.org/wiki/Category:American_folk_rock_musicians"
"John Darnielle"," Born in Bloomington, Indiana , Darnielle grew up in San Luis Obispo and then Claremont, California with an abusive stepfather  (as referenced frequently in The Sunset Tree ).","","","U.S.","( 1967-03-16 ) March 16, 1967 (age 55), Bloomington, Indiana , U.S.","","Indie folk, indie rock, folk rock, lo-fi, folk","Singer-songwriter, musician, novelist","","1991–present","","","","https://en.wikipedia.org/wiki/John_Darnielle","Category_American_folk_rock_musicians","https://en.wikipedia.org/wiki/Category:American_folk_rock_musicians"
"Jamie Davis (musician)"," He was born as James Lee Davis III in Tupelo, Mississippi , and grew up in Booneville . He is the eldest of three children born to Angela Cook Hughes and James \"Jim\" Davis, Jr. He attended Northeast Community College and Mississippi State University , where he graduated with a Bachelor's degree in Business.  Davis is a Republican, although he supported then-Congressman Travis Childers (D-MS) in 2008. He was married in October 2013 to Maria Davis and has two children.","James Lee Davis III","","Rienzi, Mississippi , U.S.","( 1983-09-03 ) September 3, 1983 (age 38), Tupelo, Mississippi , U.S.","","Country , soul , Southern rock , blues rock , folk rock , pop","Singer , guitarist","","2005-present","Unsigned","","","https://en.wikipedia.org/wiki/Jamie_Davis_(musician)","Category_American_folk_rock_musicians","https://en.wikipedia.org/wiki/Category:American_folk_rock_musicians"
"Reina del Cid"," Del Cid was born in Fargo, North Dakota . She earned a Bachelor of Arts degree in English literature from the University of Minnesota in 2010.","Rachelle Cordova","","Minneapolis , Minnesota , U.S.","( 1988-03-08 ) March 8, 1988 (age 34), Fargo , North Dakota , U.S.","","Folk rock, indie folk, indie rock, bluegrass","Musician, singer-songwriter","","2008–present","","","","https://en.wikipedia.org/wiki/Reina_del_Cid","Category_American_folk_rock_musicians","https://en.wikipedia.org/wiki/Category:American_folk_rock_musicians"
"Ani DiFranco"," DiFranco supports many social and political movements by performing benefit concerts, appearing on benefit albums and speaking at rallies. Through the Righteous Babe Foundation, DiFranco has backed grassroots cultural and political organizations supporting causes including abortion rights and LGBT visibility. She counts American folk singer and songwriter Pete Seeger among her mentors. ","Angela Maria DiFranco","","New York","( 1970-09-23 ) September 23, 1970 (age 51), Buffalo, New York","","Folk rock, alternative rock, punk rock, indie folk ","Musician, singer-songwriter, poet","","1989–present","Righteous Babe","","","https://en.wikipedia.org/wiki/Ani_DiFranco","Category_American_folk_rock_musicians","https://en.wikipedia.org/wiki/Category:American_folk_rock_musicians"
"Dion DiMucci"," Dion's commercial popularity waned in the mid-1960s, and toward the end of the decade he shifted his style with more mature and contemplative songs, such as \" Abraham, Martin and John \".  He remained popular in the late 1960s until the mid-1970s,  and continued making music.  During the 1980s, Dion produced several Christian albums , winning a GMA Dove Award in 1984 for the album I Put Away My Idols .   He returned to secular music in the late 1980s with Yo Frankie (1989).  Between the mid-2000s and 2021, Dion released six chart-topping blues albums .  Critics who had dismissed his early work, labeling him as a teen idol , praised his later work and noted the influence he has had on other musicians. ","Dion Francis DiMucci","","U.S.","( 1939-07-18 ) July 18, 1939 (age 83), The Bronx , New York, U.S.","","Doo-wop, R&B, rock and roll, folk-rock , CCM , blues, blues rock ","Singer, songwriter","","1957–present","Mohawk, Laurie, Columbia, ABC, Warner Bros., Arista, DaySpring, Blue Horizon, Keeping the Blues Alive  ","","","https://en.wikipedia.org/wiki/Dion_DiMucci","Category_American_folk_rock_musicians","https://en.wikipedia.org/wiki/Category:American_folk_rock_musicians"
"Jerry Donahue"," Donahue was born in New York, the son of big band saxophonist Sam Donahue and actress Patricia Donahue and grew up in Los Angeles. Encouraged by his parents, Donahue took classical guitar lessons as a child, but it was Gerry McGee (who later joined The Ventures ) who made the biggest impression on him, when the 14-year-old Donahue witnessed him playing a behind-the-nut bend at a performance at the Sea Witch , emulating Earl Scruggs ' banjo technique. Donahue then took lessons from McGee. Regarding regular bends on the fretboard, Donahue cites Amos Garrett as a major influence. Other influences in his formative years were Chet Atkins , Duane Eddy , The Shadows and The Ventures ; later influences were Clarence White , Danny Gatton , Albert Lee , Tommy Emmanuel and Robben Ford .   ","","","US","( 1946-09-24 ) September 24, 1946 (age 75), Manhattan , New York City, US","","British folk rock , blues rock , rock, country","Musician, producer","","","","","","https://en.wikipedia.org/wiki/Jerry_Donahue","Category_American_folk_rock_musicians","https://en.wikipedia.org/wiki/Category:American_folk_rock_musicians"
"DW (Dave) Drouillard"," DW (Dave) Drouillard (birth name, David Wilson Drullard) was introduced at an early age to the songs of Woody Guthrie , Huddie Ledbetter , The Weavers , and the work of John Jacob Niles by his mother, Elizabeth Harriet Wilson, a music educator and 1943 graduate of Case Western Reserve University . He entered Trinity Church Choir in 1959, transitioning to St. Paul's Cathedral (Buffalo) Choir  in 1962 where he trained as a countertenor in the tradition of Alfred Deller .","David Wilson Drullard","","United States","March 23, 1950, Buffalo, New York , United States","","Folk , British folk rock","Vocalist, songwriter, musician","","1972–present","Red Jacket Music","","","https://en.wikipedia.org/wiki/DW_(Dave)_Drouillard","Category_American_folk_rock_musicians","https://en.wikipedia.org/wiki/Category:American_folk_rock_musicians"
"Bob Dylan"," Following his self-titled debut album in 1962, which comprised mainly traditional folk songs , Dylan made his breakthrough as a songwriter with the release of The Freewheelin' Bob Dylan the following year. The album features \"Blowin' in the Wind\" and the thematically complex \" A Hard Rain's a-Gonna Fall \". Many of his songs adapted the tunes and phraseology of older folk songs. He went on to release the politically charged The Times They Are a-Changin' and the more lyrically abstract and introspective Another Side of Bob Dylan in 1964. In 1965 and 1966, Dylan drew controversy among folk purists when he adopted electrically amplified rock instrumentation, and in the space of 15 months recorded three of the most important and influential rock albums of the 1960s: Bringing It All Back Home , Highway 61 Revisited (both 1965) and Blonde on Blonde (1966). His six-minute single \" Like a Rolling Stone \" (1965) expanded commercial and creative boundaries in popular music.  ","","","U.S.","Robert Allen Zimmerman, ( 1941-05-24 ) May 24, 1941 (age 81), Duluth, Minnesota , U.S.","","Folk, blues, rock, gospel, country, traditional pop, jazz","","Vocals, guitar, harmonica, keyboards","","Columbia, Asylum","","","https://en.wikipedia.org/wiki/Bob_Dylan","Category_American_folk_rock_musicians","https://en.wikipedia.org/wiki/Category:American_folk_rock_musicians"
"Steve Earle"," His breakthrough album was the 1986 debut album Guitar Town ; the eponymous lead single peaked at number 7 on the Billboard Hot Country chart. Since then Earle has released 20 more studio albums and received three Grammy awards each for Best Contemporary Folk Album ; he has four additional nominations in the same category. \" Copperhead Road \" was released in 1988 and is his best selling single; it peaked on its initial release at number 10 on the Mainstream Rock chart, and had a 21st century resurgence reaching number 15 on the Hot Rock & Alternative Songs chart, buoyed by vigorous online sales. His songs have been recorded by Johnny Cash , Waylon Jennings , Willie Nelson , Levon Helm , The Highwaymen , Travis Tritt , Vince Gill , Patty Loveless , Shawn Colvin , Bob Seger , Percy Sledge, and Emmylou Harris .  He has appeared in film and television, most notably as a recurring character in HBO's critically acclaimed show The Wire . He has also written a novel, a play, and a book of short stories.","Stephen Fain Earle","","San Antonio , Texas, U.S.","( 1955-01-17 ) January 17, 1955 (age 67), Ft. Monroe, Virginia , U.S.","","Country, country rock, outlaw country, folk ","Musician, singer-songwriter, writer, actor","","1968–present ","Uni, MCA Nashville, New West, E² Records, Warner Bros.","","","https://en.wikipedia.org/wiki/Steve_Earle","Category_American_folk_rock_musicians","https://en.wikipedia.org/wiki/Category:American_folk_rock_musicians"
"Marc Ellington"," The son of a radio broadcaster, Ellington was born in Stoneham, Massachusetts , U.S., close to Boston .   (Some sources wrongly give his birthplace as Boston , Lincolnshire, England.) In the early 1960s, he played in a folk group, the Highwaymen, in Eugene, Oregon . ","Marc Floyd Ellington","","U.S.","( 1945-12-16 ) 16 December 1945, Stoneham, Massachusetts , U.S.","17 February 2021 (2021-02-17) (aged 75), Aberdeenshire , Scotland","Singer-songwriter","","","","Philips , B&C , Transatlantic","","","https://en.wikipedia.org/wiki/Marc_Ellington","Category_American_folk_rock_musicians","https://en.wikipedia.org/wiki/Category:American_folk_rock_musicians"
"Cass Elliot"," Ellen Naomi Cohen was born in Baltimore, Maryland , on September 19, 1941, the daughter of Philip (died 1962) and Bess Cohen (née Levine; 1915–1994).  All four of her grandparents were Russian Jewish immigrants. Her family was subject to significant financial stresses and uncertainties during her childhood years. Her father, involved in several business ventures, ultimately succeeded through the development of a lunch wagon in Baltimore that provided meals to construction workers.  Her mother was a trained nurse.  Elliot had a brother, Joseph, and a younger sister, Leah , who also became a singer and recording artist. Elliot's early life was spent with her family in Alexandria, Virginia , before the family moved to Baltimore when Elliot was 15, and where they had briefly lived at the time of Elliot's birth. ","","","U.S.","Ellen Naomi Cohen, ( 1941-09-19 ) September 19, 1941, Baltimore, Maryland , U.S.","July 29, 1974 (1974-07-29) (aged 32), London , England","Folk rock, sunshine pop","","","1959–1974","FM, Dunhill, RCA","","","https://en.wikipedia.org/wiki/Cass_Elliot","Category_American_folk_rock_musicians","https://en.wikipedia.org/wiki/Category:American_folk_rock_musicians"
"JW Farquhar"," Farquhar graduated high school in 1956 at Woodrow Wilson High School in Camden, NJ, and studied electrical engineering for three years at Drexel University, but never finished his degree. ","","","Philadelphia , Pennsylvania , United States","1937/1938","","Acid rock , folk rock , lo-fi","Musician, singer-songwriter","","","Brainbloblu","","","https://en.wikipedia.org/wiki/JW_Farquhar","Category_American_folk_rock_musicians","https://en.wikipedia.org/wiki/Category:American_folk_rock_musicians"
"Fish Karma"," Fish Karma has been called everything from Neil Young 's bastard brother to the most horrible thing you've ever seen in your life. He has also been described as \"one of the worst vocalists ever to have the gall to step in front of a mic, his voice falling somewhere between Neil Young after a swift boot to the naughty bits and the dying screech of a depleted air horn\".  His career in creative antagonism began at the University of Arizona where Fish worked with a student run comedy troupe.  An early incarnation of Owen's stage persona featured Karma garbed in elf shoes and a full-length burlap gown (purchased at a Tucson thrift store) festooned with bottle caps.  The stage bug infected him and, discovering that he could neither sing nor play an instrument, he decided to begin a life in music.","Terry Owen","","Tucson , Arizona , United States","1959 (age 62–63)","","Punk rock , folk rock , comedy rock","","","1980s–present","Addled, Triple X, San Jacinto, Deep Shag , Alternative Tentacles","","","https://en.wikipedia.org/wiki/Fish_Karma","Category_American_folk_rock_musicians","https://en.wikipedia.org/wiki/Category:American_folk_rock_musicians"
"Béla Fleck"," In 2020, he was inducted into the International Bluegrass Music Hall of Fame as a member of New Grass Revival.","Béla Anton Leoš Fleck","","U.S.","( 1958-07-10 ) July 10, 1958 (age 64), New York City, U.S.","","Jazz , jazz fusion , bluegrass , folk , classical , world , folk rock","Musician, songwriter, composer","","1976–present","Rounder , Warner Bros. , Sony Classical , Rhino","","","https://en.wikipedia.org/wiki/Béla_Fleck","Category_American_folk_rock_musicians","https://en.wikipedia.org/wiki/Category:American_folk_rock_musicians"
"Jeremiah Fraites"," Jeremiah Fraites' family is from Ramsey, New Jersey ; his mother is the director of the Redeemer Christian Nursery School in Ramsey.  Fraites graduated from Ramsey High School in 2004, and William Paterson University in 2009. ","Jeremiah Caleb Fraites","","U.S.","( 1986-01-17 ) January 17, 1986 (age 36), Ramsey , New Jersey , U.S.","","Indie folk , Folk rock","Musician, songwriter","","2005–present","Dualtone Records , Mercury KX","","","https://en.wikipedia.org/wiki/Jeremiah_Fraites","Category_American_folk_rock_musicians","https://en.wikipedia.org/wiki/Category:American_folk_rock_musicians"
"Julian Fulton"," Fulton was born and raised in New Jersey.  He grew up in a big family, and has been writing music and playing instruments since he was a kid. ","","","Jersey","New Jersey","","indie rock , indie pop , psych pop , acid folk , soul , blues , alternative , psych pop , indie folk , psych rock , bedroom pop , singer-songwriter, folk","","","2010s–present","unsigned","","","https://en.wikipedia.org/wiki/Julian_Fulton","Category_American_folk_rock_musicians","https://en.wikipedia.org/wiki/Category:American_folk_rock_musicians"
"Jerry Garcia"," As one of its founders, Garcia performed with the Grateful Dead for the band's entire 30-year career (1965–1995). Garcia also founded and participated in a variety of side projects, including the Saunders–Garcia Band (with longtime friend Merl Saunders ), the Jerry Garcia Band , Old & In the Way , the Garcia/ Grisman and Garcia/ Kahn acoustic duos, Legion of Mary , and New Riders of the Purple Sage (which he co-founded with John Dawson and David Nelson ).  He also released several solo albums, and contributed to a number of albums by other artists over the years as a session musician . He was well known for his distinctive guitar playing, and was ranked 13th in Rolling Stone ' s \"100 Greatest Guitarists of All Time\" cover story in 2003.  In the 2015 version of the list he was ranked at #46. ","","","U.S.","Jerome John Garcia, August 1, 1942, San Francisco , California, U.S.","August 9, 1995 (1995-08-09) (aged 53), Forest Knolls , California, U.S.","Rock, psychedelia, jam, blues, folk, jazz, country, bluegrass, rock and roll","","Guitar, banjo, pedal steel guitar, vocals","","Rhino, Arista, Warner Bros., Acoustic Disc, Grateful Dead","","","https://en.wikipedia.org/wiki/Jerry_Garcia","Category_American_folk_rock_musicians","https://en.wikipedia.org/wiki/Category:American_folk_rock_musicians"
"Art Garfunkel"," Highlights of Garfunkel's solo music career include one top-10 hit, three top-20 hits, six top-40 hits, 14 Adult Contemporary top-30 singles, five Adult Contemporary number ones, two UK number ones and a People's Choice Award . Through his solo and collaborative work, Garfunkel has earned eight Grammys , including a Lifetime Achievement Award .  In 1990, he and Simon were inducted into the Rock and Roll Hall of Fame . In 2008, Garfunkel was ranked 86th in Rolling Stone magazine's list of the 100 Greatest Singers of All Time . ","Arthur Ira Garfunkel","","U.S.","( 1941-11-05 ) November 5, 1941 (age 80), New York City, New York , U.S.","","Folk, rock, pop","Singer, actor, poet","","1956–present","Columbia, Manhattan, Atco","","","https://en.wikipedia.org/wiki/Art_Garfunkel","Category_American_folk_rock_musicians","https://en.wikipedia.org/wiki/Category:American_folk_rock_musicians"
"Lisa Germano"," Germano was born in Mishawaka , Indiana, one of five children of violinist Rocco and Betty Germano.  She studied music, including piano and violin, as a child. When she was seven, she composed a fifteen-minute opera for the piano.","Lisa Ruth Germano","","U.S.","( 1958-06-27 ) June 27, 1958 (age 64), Mishawaka , Indiana, U.S.","","Alternative rock , dream pop , folk rock","Musician, singer, songwriter, graphic artist","","","Major Bill, Capitol , 4AD , Warner Bros. , Ineffable, Young God","","","https://en.wikipedia.org/wiki/Lisa_Germano","Category_American_folk_rock_musicians","https://en.wikipedia.org/wiki/Category:American_folk_rock_musicians"
"Mark Germino"," The Song \"Lean on Jesus (Before He Leans on You)\" co-written by Germino with Rob Stanley and sung by Paul Craft reached No. 55 on the Billboard country chart in 1977.  Germino moved on to performing in Nashville clubs at night, while working by day as a truck driver . By 1981, he was signed to a songwriting contract; five years later, RCA Records signed him as a recording artist. Between 1986 and 1991, he recorded two solo albums for the label (1986's London Moon and Barnyard Remedies and 1987's Caught in the Act of Being Ourselves ); a third album for the label, 1991's Radartown , featured a backing band called The Sluggers.  His third solo album, 1995's Rank and File , was issued independently.","","","North Carolina , United States","","","Folk rock, Country","Singer-songwriter","","1981–present","RCA , Winter Harvest, Atomic Office","","","https://en.wikipedia.org/wiki/Mark_Germino","Category_American_folk_rock_musicians","https://en.wikipedia.org/wiki/Category:American_folk_rock_musicians"
"Tom Goss (musician)"," Goss was born in Quincy, Illinois , and raised in Kenosha, Wisconsin .  He graduated from the University of Central Missouri  before moving to Washington, DC to attend a Roman Catholic seminary.  Shortly after entry, he decided to take a different path and pursued work in the nonprofit industry, working at Charlie's Place as a Program Manager in Washington DC.  He also pursued his music, performing in local coffeehouses. During this time, he came out of the closet and soon after met his husband, Mike Briggs, whom he married in October 2010.  In 2012, Goss produced a music video for his song \"You Know That I Love You\" off his 2011 album, which documented his marriage ceremony.","Thomas Patrick Goss","Justin Jaymes","U.S.","( 1981-04-30 ) April 30, 1981 (age 41), Quincy , Illinois , U.S.","","Power pop, blue-eyed soul, Pop rock, folk rock","Musician, Actor","","2005–present","independent","","","https://en.wikipedia.org/wiki/Tom_Goss_(musician)","Category_American_folk_rock_musicians","https://en.wikipedia.org/wiki/Category:American_folk_rock_musicians"
"Levon Helm"," Helm also had a successful career as a film actor, appearing as Loretta Lynn 's father in Coal Miner's Daughter (1980), as Chuck Yeager 's friend and colleague Captain Jack Ridley in The Right Stuff (1983), as a Tennessee firearms expert in Shooter (2007), and as General John Bell Hood in In the Electric Mist (2009).","","","U.S.","Mark Lavon Helm, ( 1940-05-26 ) May 26, 1940, Elaine, Arkansas , U.S.","April 19, 2012 (2012-04-19) (aged 71), New York City , U.S.","Rock, Americana, country, folk, roots rock","","","","Capitol, MCA","","","https://en.wikipedia.org/wiki/Levon_Helm","Category_American_folk_rock_musicians","https://en.wikipedia.org/wiki/Category:American_folk_rock_musicians"
"Chris Hillman"," With frequent collaborator Gram Parsons , Hillman was a key figure in the development of country rock , defining the genre through his work with The Byrds, the Flying Burrito Brothers , Manassas and the country-rock group the Desert Rose Band . He was inducted into the Rock and Roll Hall of Fame in 1991 as a member of the Byrds.","Christopher Hillman","","U.S.","( 1944-12-04 ) December 4, 1944 (age 77), Los Angeles, California, U.S.","","Folk, bluegrass, folk rock, rock, country rock, country","Musician","","1960–present","Columbia, Sugar Hill, Asylum, A&M, Rounder","","","https://en.wikipedia.org/wiki/Chris_Hillman","Category_American_folk_rock_musicians","https://en.wikipedia.org/wiki/Category:American_folk_rock_musicians"
"Shannon Hoon"," Richard Shannon Hoon was born on September 26, 1967 in Lafayette, Indiana .  He was raised in the nearby town of Dayton, Indiana with his older half-sister, Anna and older half-brother, Tim.  His father, Dick Hoon, was a bricklayer and his mother, Nel Hoon, was a manager of a bar in Dayton. ","Richard Shannon Hoon","","U.S.","( 1967-09-26 ) September 26, 1967, Lafayette, Indiana , U.S.","October 21, 1995 (1995-10-21) (aged 28), New Orleans, Louisiana , U.S.","Alternative rock, grunge , neo-psychedelia, folk rock, psychedelic rock, stoner rock","Singer-songwriter, musician","","1985–1995","Capitol","","","https://en.wikipedia.org/wiki/Shannon_Hoon","Category_American_folk_rock_musicians","https://en.wikipedia.org/wiki/Category:American_folk_rock_musicians"
"Gregory Alan Isakov"," Isakov's music combines indie and folk, featuring instruments such as the guitar and banjo. He is widely known for the songs \"Words\", \"The Stable Song\", \"Big Black Car\", \"If I Go, I'm Goin\" and \"San Luis\". Isakov has released seven albums, most recently Evening Machines in October 2018. ","","","Philadelphia, Pennsylvania , U.S.","( 1979-10-19 ) October 19, 1979 (age 42), Johannesburg , South Africa ","","Contemporary folk, indie folk , country folk","Singer-songwriter","","","","","","https://en.wikipedia.org/wiki/Gregory_Alan_Isakov","Category_American_folk_rock_musicians","https://en.wikipedia.org/wiki/Category:American_folk_rock_musicians"
"Stephen Kellogg"," Kellogg founded his band Stephen Kellogg and the Sixers in 2003.  The band went on hiatus in the fall of 2012. While Kellogg has consistently toured since then billed simply as “Stephen Kellogg,\" past members of the Sixers have joined him on stage from time to time.","","Skunk","Massachusetts , United States","( 1976-11-28 ) November 28, 1976 (age 45), West Chester, Pennsylvania , U.S.","","Americana , folk-rock","Singer-songwriter","","1994-present","Vanguard , Universal Records , Everfine Records, Bread and Butter Music","","","https://en.wikipedia.org/wiki/Stephen_Kellogg","Category_American_folk_rock_musicians","https://en.wikipedia.org/wiki/Category:American_folk_rock_musicians"
"Bobby Kimmel"," Bobby Kimmel moved to Tucson as a child for his asthmatic condition.  His father was a studio musician in New York City, and become the principal double bass player in the Tucson Symphony Orchestra. He also owned and operated a retail music shop near the university.","","","United States","( 1940-09-01 ) September 1, 1940 (age 81), United States","","Folk rock","Singer, songwriter, guitarist","","1962 – present","Capitol Records , Takoma Records , GemsTone (distributed by mondayMEDIA)","","","https://en.wikipedia.org/wiki/Bobby_Kimmel","Category_American_folk_rock_musicians","https://en.wikipedia.org/wiki/Category:American_folk_rock_musicians"
"Jennifer Knapp"," Knapp was born in Chanute, Kansas on April 12, 1974,  and was brought up irreligiously along with her twin sister Lori. Knapp's parents divorced when she was three and she spent an unhappy childhood with her remarried father until leaving home at 18. ","","","Chanute, Kansas , U.S.","( 1974-04-12 ) April 12, 1974 (age 48)","","Folk rock , Christian rock","","","1994–2003, 2009–present","Gotee , EMI CMG , Graylin, ThirtyTigers/RED, Righteous Babe","","","https://en.wikipedia.org/wiki/Jennifer_Knapp","Category_American_folk_rock_musicians","https://en.wikipedia.org/wiki/Category:American_folk_rock_musicians"
"Mark Kozelek"," Born and raised in Massillon, Ohio , Kozelek developed an interest in music as a child. Upon meeting drummer Anthony Koutsos in Atlanta , Georgia, the pair moved to San Francisco , California and formed Red House Painters alongside guitarist Gorden Mack and bass guitarist Jerry Vessel. Signing with record label 4AD ,  the band released four studio albums to acclaim. In 1996, Kozelek recorded the band's fifth studio album, Songs for a Blue Guitar , mostly alone.  The release of the band's final studio album, Old Ramon (2001), was delayed for three years. In the interim, Kozelek recorded both an album and an EP of AC/DC cover songs. ","Mark Edward Kozelek","","United States","( 1967-01-24 ) January 24, 1967 (age 55), Massillon , Ohio, United States","","Folk rock, slowcore, alt country, indie rock, spoken word, experimental","Singer-songwriter, musician, record producer, record label owner","","1989–present","Caldo Verde","","","https://en.wikipedia.org/wiki/Mark_Kozelek","Category_American_folk_rock_musicians","https://en.wikipedia.org/wiki/Category:American_folk_rock_musicians"
"Rich Krueger"," Richard Charles Krueger, Jr. (born January 27, 1960)  is an American rock singer-songwriter and neonatologist , as of 2017-2022 based in the Chicago , Illinois , area. ","","","","","","","","","","","","","https://en.wikipedia.org/wiki/Rich_Krueger","Category_American_folk_rock_musicians","https://en.wikipedia.org/wiki/Category:American_folk_rock_musicians"
"Ray LaMontagne"," LaMontagne was born in Nashua, New Hampshire , in 1973, one of six children raised by his mother. In his early teens he lived in Morgan, Utah , and was more interested in drawing images of Dungeons & Dragons than in his school work.  After graduating from high school, LaMontagne moved to Lewiston, Maine , and found work in a shoe factory.  LaMontagne also spent a significant amount of time in Wilton, Maine .  Other sources state that by his teen years he was living in Maine, spending time in Turner and Buckfield . ","Raymond Charles Jack LaMontagne","","U.S.","( 1973-06-18 ) June 18, 1973 (age 49), Nashua, New Hampshire , U.S.","","Folk, rock, folk rock, folk blues, soul","","","","RCA","","","https://en.wikipedia.org/wiki/Ray_LaMontagne","Category_American_folk_rock_musicians","https://en.wikipedia.org/wiki/Category:American_folk_rock_musicians"
"Greg Laswell"," Greg Laswell was born in Long Beach, California . He moved to San Diego in 1993 and graduated from Point Loma Nazarene University .  From 1998 through the early 2000s, Laswell was frontman for the San Diego-based band Shillglen. Members of the band included Chad Lansford (backing vocals and guitar), Justin Skeesuck (guitar), Michael de Neve (bass), Marcel de Neve (drums) and Matt Mintz (lead guitar).  The band released one album, titled Sometimes I Feel , in late 1999  and had some moderate success when the band was nominated for Best Alternative Album and Best Alternative Band at the San Diego Music Awards in 2000.  By mid-2001, Shillglen had over 400,000 downloads of their music through MP3.com . However, Shillglen quietly disbanded in October 2001 after Laswell suggested the band take a break. The band mutually agreed, but never regrouped.","","","San Diego, California, U.S.","( 1974-04-26 ) April 26, 1974 (age 48), Long Beach, California , U.S.","","Indie rock, folk rock, singer-songwriter","Musician, songwriter, recording engineer, record producer","","1998–present","Vanguard","","","https://en.wikipedia.org/wiki/Greg_Laswell","Category_American_folk_rock_musicians","https://en.wikipedia.org/wiki/Category:American_folk_rock_musicians"
"Doug Levitt"," Levitt is the youngest child of former Washington, D.C. Councilmember and mayoral candidate Carol Schwartz and husband David Schwartz. He attended the Washington, D.C. public schools, graduating from Woodrow Wilson High School .  When Levitt was 16, his father committed suicide, an experience he has mentioned in interviews as instrumental in his path toward becoming an artist. ","","","D.C.","1972 (age 49–50), Washington, D.C.","","Folk-Rock , Americana , Pop","Singer-songwriter, writer, photographer","","","","","","https://en.wikipedia.org/wiki/Doug_Levitt","Category_American_folk_rock_musicians","https://en.wikipedia.org/wiki/Category:American_folk_rock_musicians"
"Laurie Beebe Lewis"," Lewis was the only female artist on the 1985 Happy Together Tour with The Buckinghams , the Turtles , Gary Lewis & the Playboys , and the Grass Roots .  That same year the Buckinghams recorded their 1985 come-back album entitled A Matter Of Time  to which Lewis contributed lead and back-up vocals as well as co-writing the song \"Made To Love You\". Meanwhile, in 1997 she recorded with singer Gary Puckett on his album Is This Love . The album was released in Canada and Europe with tracks later released on compilation albums Timepiece and This is Love , both of which feature a power duet of Puckett and Lewis covering the Heart (band) ballad \" Alone \". ","Laurie Seaman","","U.S.","( 1954-11-05 ) November 5, 1954 (age 67), Ludington, Michigan , U.S.","","","","","","","","","https://en.wikipedia.org/wiki/Laurie_Beebe_Lewis","Category_American_folk_rock_musicians","https://en.wikipedia.org/wiki/Category:American_folk_rock_musicians"
"Lissie"," Lissie was born Elisabeth Corrin Maurus, the youngest of four children  and raised in Rock Island , Illinois . Her father is a physician and her mother, who is of Swedish ancestry,  is an interior designer .  She was interested in singing and music from an early age.  She played the title role of the musical Annie at the age of nine.  \"In high school it seems like everyone has more drama than any other time in their life. So that was the time in my life where I really leaned on music as a way to stay sane,\" she said in an interview. ","Elisabeth Corrin Maurus  ","","United States","( 1982-11-21 ) November 21, 1982 (age 39), Rock Island, Illinois , United States","","rock, pop, country, folk","Singer-songwriter","","2006–present","Cooking Vinyl, Columbia, Fat Possum","","","https://en.wikipedia.org/wiki/Lissie","Category_American_folk_rock_musicians","https://en.wikipedia.org/wiki/Category:American_folk_rock_musicians"
"John Lombardo"," Called by the Buffalo News \"a dominant force\" in the Maniacs , Lombardo was in the group from its inception in 1981 until he left in 1986 after the release of their first major-label album The Wishing Chair , disagreeing with the direction of the band and frustated with the lack of success. \"I think I just really ran out of gas,\" Lombardo explained to The Morning Call in 1997. \"It was very much a nomadic, gypsy lifestyle, even though we were on a major label (Elektra). We weren't making very much money and it just got very frustrating for me. I needed a breather to find out what my own life was about.\"  ","","","Buffalo , New York, United States","( 1952-09-30 ) September 30, 1952 (age 69), Jamestown, New York , United States","","Folk rock , alternative rock","Musician , songwriter , producer","","1981–present","Christian Burial, Elektra , Rykodisc , Geffen , Bar/None","","","https://en.wikipedia.org/wiki/John_Lombardo","Category_American_folk_rock_musicians","https://en.wikipedia.org/wiki/Category:American_folk_rock_musicians"
"Charles Manson"," Before the murders, Manson had spent more than half of his life in correctional institutions. While gathering his cult following, Manson was a singer-songwriter on the fringe of the Los Angeles music industry, chiefly through a chance association with Dennis Wilson of the Beach Boys , who introduced Manson to record producer Terry Melcher . In 1968, the Beach Boys recorded Manson's song \"Cease to Exist\", renamed \" Never Learn Not to Love \" as a single B-side, but without a credit to Manson. Afterward, Manson attempted to secure a record contract through Melcher, but was unsuccessful.","","","U.S.","Charles Milles Maddox, ( 1934-11-12 ) November 12, 1934, Cincinnati , Ohio, U.S.","November 19, 2017 (2017-11-19) (aged 83), Bakersfield, California , U.S.","","","","","","","","https://en.wikipedia.org/wiki/Charles_Manson","Category_American_folk_rock_musicians","https://en.wikipedia.org/wiki/Category:American_folk_rock_musicians"
"Roger McGuinn"," McGuinn was born and raised in Chicago , Illinois , United States,  son of James Joseph McGuinn Jr (b. 1909) and Dorothy Irene (b. 1911), daughter of engineer Louis Heyn.   His parents worked in journalism and public relations, and during his childhood, they had written a bestseller titled Parents Can't Win . He attended the Latin School of Chicago . He became interested in music after hearing Elvis Presley 's \" Heartbreak Hotel \", and asked his parents to buy a guitar for him. (During the early 1980s, he paid tribute to the song that encouraged him to play guitar by including \"Heartbreak Hotel\" in his autobiographical show). Around the same time, he was also influenced by country artists and/or groups such as Johnny Cash , Carl Perkins , Gene Vincent , and the Everly Brothers .","James Joseph McGuinn III","Roger McGuin, James Roger McGuinn, Jim McGuinn","U.S.","( 1942-07-13 ) July 13, 1942 (age 80), Chicago, Illinois , U.S.","","Rock, folk, country","Musician, singer, songwriter, record producer","","1960–present","Columbia","","","https://en.wikipedia.org/wiki/Roger_McGuinn","Category_American_folk_rock_musicians","https://en.wikipedia.org/wiki/Category:American_folk_rock_musicians"
"Natalie Merchant"," Natalie Merchant was born October 26, 1963, in Jamestown, New York ,  the third of four children of Anthony and Anne Merchant. Her paternal grandfather, who played the accordion , mandolin and guitar, immigrated to the United States from Sicily ; his surname was \"Mercante\" before it was Anglicized . ","Natalie Anne Merchant","","U.S.","( 1963-10-26 ) October 26, 1963 (age 58), Jamestown, New York , U.S.","","Alternative rock , pop , pop rock , Americana , folk , folk rock","Musician, songwriter","","1981–present","Myth America, Nonesuch / Elektra","","","https://en.wikipedia.org/wiki/Natalie_Merchant","Category_American_folk_rock_musicians","https://en.wikipedia.org/wiki/Category:American_folk_rock_musicians"
"Matthew Milia"," Milia was raised in West Bloomfield, Michigan , where he attended Catholic school for 13 years. While in high school at Brother Rice he met David Jones, with whom he formed Frontier Ruckus. He then studied Creative Writing at Michigan State University , where he was mentored by poet Diane Wakoski . At Michigan State, Milia met bandmates Zachary Nichols, Anna Burch , and Ryan Etzcorn. In 2007, he and Burch studied at the Irish Writers Centre in Dublin. ","","","United States","( 1985-11-06 ) November 6, 1985 (age 36), Royal Oak, Michigan , United States","","Folk Rock","Songwriter, musician, poet","","2005–present","Quite Scientific Records, Ramseur Records, Loose Music","","","https://en.wikipedia.org/wiki/Matthew_Milia","Category_American_folk_rock_musicians","https://en.wikipedia.org/wiki/Category:American_folk_rock_musicians"
"Candice Night"," Born in Hauppauge , Long Island , New York,  as Candice Lauren Isralow, she took piano lessons for a couple of years.  She began modeling as \"Candice Loren\"  at 12 years of age. She appeared in everything from commercials to print ads, and promoted products at trade shows until her 20s.  Night also had her own radio show on a rock music radio station on Long Island, and attended New York Institute of Technology where she studied communications.  She is Jewish. ","Candice Lauren Isralow","","U.S.","( 1971-05-08 ) May 8, 1971 (age 51), Hauppauge, New York , U.S.","","Medieval folk rock, folk rock, hard rock, new-age","Singer, musician, songwriter","","1990s–present","Edel, SPV, Ariola, Frontiers","","","https://en.wikipedia.org/wiki/Candice_Night","Category_American_folk_rock_musicians","https://en.wikipedia.org/wiki/Category:American_folk_rock_musicians"
"Larry Norman"," Larry Norman was born in Corpus Christi, Texas ,  the oldest son of Joe Hendrex \"Joe Billy\" Norman (December 9, 1923 – April 28, 1999),  and his wife, Margaret Evelyn \"Marge\" Stout (born in 1925 in Nebraska).   Joe Norman had served as a sergeant in the US Army Air Corps during World War II  and worked at the Southern Pacific Railroad  while studying to become a teacher.  After Norman's birth, the family joined the Southern Baptist church.  In 1950 the family moved to San Francisco , where they attended an African American Pentecostal church and then a Baptist church, where Norman became a Christian at the age of five.    In 1959, Norman performed on the syndicated television show The Original Amateur Hour . ","Larry David Norman","","San Jose, California , U.S.","( 1947-04-08 ) April 8, 1947, Corpus Christi, Texas , U.S.","February 24, 2008 (2008-02-24) (aged 60), Salem, Oregon , U.S.","Rock, Christian rock, Jesus music","","","1966–2007","Capitol, MGM / Verve, Solid Rock, Phydeaux","","","https://en.wikipedia.org/wiki/Larry_Norman","Category_American_folk_rock_musicians","https://en.wikipedia.org/wiki/Category:American_folk_rock_musicians"
"Conor Oberst"," Conor Mullen Oberst was born on February 15, 1980, the youngest of three boys, and raised in Omaha , Nebraska ,  to Matthew Ryan Oberst, Sr., an information manager for Mutual of Omaha , and Nancy Oberst, an elementary education director for Omaha Public Schools .  Oberst had two older brothers, Matthew Ryan Oberst, Jr. and Justin H. Oberst. Matthew was a teacher and part-time musician until his death in 2016, and helped finance one of Oberst's self-released independent albums. Matt was also in the indie band Sorry About Dresden , which Conor played in from time to time.  Conor has been writing and releasing music from a very young age, releasing his first solo album when he was 13.  ","Conor Mullen Oberst","","United States","( 1980-02-15 ) February 15, 1980 (age 42), Omaha, Nebraska , United States","","Indie rock, folk, alternative country, emo, indie folk, Americana","Singer-songwriter, musician, multi-instrumentalist","Vocals, guitar, bass, piano, keyboards, drums, harmonica, percussion","1993–present","Saddle Creek, Wichita, Sing, Eunuchs!, Merge, Team Love, Nonesuch, Dead Oceans","","","https://en.wikipedia.org/wiki/Conor_Oberst","Category_American_folk_rock_musicians","https://en.wikipedia.org/wiki/Category:American_folk_rock_musicians"
"Gram Parsons"," Parsons was born in Winter Haven, Florida , and developed an interest in country music while attending Harvard University . He founded the International Submarine Band in 1966, but the group disbanded prior to the 1968 release of its debut album, Safe at Home . Parsons joined the Byrds in early 1968 and played a pivotal role in the making of the seminal Sweetheart of the Rodeo album. After leaving the group in late 1968, Parsons and fellow Byrd Chris Hillman formed The Flying Burrito Brothers in 1969; the band released its debut, The Gilded Palace of Sin , the same year. The album was well received but failed commercially. After a sloppy cross-country tour, the band hastily recorded Burrito Deluxe . Parsons was fired from the band before the album's release in early 1970. Emmylou Harris assisted him on vocals for his first solo record, GP , released in 1973. Although it received enthusiastic reviews, the release failed to chart. His next album, Grievous Angel , peaked at number 195 on the Billboard chart. His health deteriorated due to several years of drug abuse culminating in his death from a toxic combination of morphine and alcohol in 1973 at the age of 26.","Ingram Cecil Connor III","","U.S.","( 1946-11-05 ) November 5, 1946, Winter Haven, Florida , U.S.","September 19, 1973 (1973-09-19) (aged 26), Joshua Tree, California , U.S.","Country, country rock, folk rock, Americana","Singer-songwriter, guitarist, pianist","","1963–1973","Reprise , A&M","","","https://en.wikipedia.org/wiki/Gram_Parsons","Category_American_folk_rock_musicians","https://en.wikipedia.org/wiki/Category:American_folk_rock_musicians"
"Sam Phillips (musician)"," Phillips was born in Glendale, California , the second of three children, and has a brother and a sister.  ","Leslie Ann Phillips","","U.S.","( 1962-01-28 ) January 28, 1962 (age 60), Glendale , California, U.S.","","Alternative rock , pop","Singer, songwriter","","1980–present","Myrrh , Virgin , Nonesuch","","","https://en.wikipedia.org/wiki/Sam_Phillips_(musician)","Category_American_folk_rock_musicians","https://en.wikipedia.org/wiki/Category:American_folk_rock_musicians"
"Ryan Pollie"," Pollie moved to Los Angeles after completing a degree in music from Bates College in Maine in 2010.  In 2014, Pollie began the recording project Los Angeles Police Department. The long, anonymous band name was inspired by 60s artists like Jimi Hendrix Experience , Creedence Clearwater Revival and The Mothers of Invention . ","","","Los Angeles","( 1988-08-02 ) August 2, 1988 (age 34)","","Indie rock, Singer-songwriter, Folk rock","","","2010–present","Anti-, Fat Possum Records, Forged Artifacts, Chill Mega Chill","","","https://en.wikipedia.org/wiki/Ryan_Pollie","Category_American_folk_rock_musicians","https://en.wikipedia.org/wiki/Category:American_folk_rock_musicians"
"Katie Pruitt"," Pruitt grew up in the suburbs of Atlanta, Georgia. She was raised in a Catholic family and attended Catholic school.  She began singing as a child in musical theatre productions. She began learning guitar in middle school with her mother teaching her basic chords and hymns.  Pruitt continued singing at open mic nights in Athens, Georgia while attending community college. ","Katherine Nicole Pruitt","","US","( 1994-03-04 ) March 4, 1994 (age 28), Atlanta , Georgia, US","","Americana, alternative country, alternative rock, folk, pop","Singer, songwriter, record producer","","2018–present","Rounder Records (2019–present)","","","https://en.wikipedia.org/wiki/Katie_Pruitt","Category_American_folk_rock_musicians","https://en.wikipedia.org/wiki/Category:American_folk_rock_musicians"
"Joshua Radin"," Joshua Radin was born and raised in Shaker Heights, Ohio , United States, to a Jewish family of Polish , German, Austrian, and Russian background.   He studied drawing and painting at Northwestern University , following his college years with stints as an art teacher, screenwriter, and art gallery employee.","","","Cleveland , Ohio , U.S.","( 1974-06-14 ) June 14, 1974 (age 48)","","Acoustic, folk","Singer, songwriter","","2004–present","Mom + Pop Music","","","https://en.wikipedia.org/wiki/Joshua_Radin","Category_American_folk_rock_musicians","https://en.wikipedia.org/wiki/Category:American_folk_rock_musicians"
"Bonnie Raitt"," In 1989, after several years of limited commercial success, she had a major hit with her tenth studio album Nick of Time , which included the song of the same name . The album reached number one on the Billboard 200 chart, and won the Grammy Award for Album of the Year . It has since been selected by the Library of Congress for preservation in the United States National Recording Registry . Her following two albums, Luck of the Draw (1991) and Longing in Their Hearts (1994), were multimillion sellers, generating several hit singles, including \" Something to Talk About \", \" Love Sneakin' Up On You \", and the ballad \" I Can't Make You Love Me \" (with Bruce Hornsby on piano).","Bonnie Lynn Raitt","","U.S.","( 1949-11-08 ) November 8, 1949 (age 72), Burbank, California , U.S.","","Blues, blues rock, roots rock, folk rock, folk, Americana","Singer, musician, songwriter","","1971–present","Warner Bros., Capitol, Redwing, Proper","","","https://en.wikipedia.org/wiki/Bonnie_Raitt","Category_American_folk_rock_musicians","https://en.wikipedia.org/wiki/Category:American_folk_rock_musicians"
"Mary Ramsey"," Ramsey is a classically trained violinist who has been playing the violin since age five. She has worked with the Erie Philharmonic and was a founder of the Lexington String Trio. She has also performed with the Fresno Philharmonic, the Santa Cruz Symphony and the Monterey Symphony in California and is currently a member of the Western New York Chamber Orchestra.","Mary Jeanne Ramsey","","Buffalo, New York , U.S.","( 1963-12-24 ) December 24, 1963 (age 58), Washington, D.C. , U.S.","","Folk, folk rock, alternative rock","Musician, singer-songwriter","","1989–present","Rykodisc, Geffen, Bar/None","","","https://en.wikipedia.org/wiki/Mary_Ramsey","Category_American_folk_rock_musicians","https://en.wikipedia.org/wiki/Category:American_folk_rock_musicians"
"Josh Ritter"," Ritter was born on October 21, 1976, in Moscow , Idaho , to Robert and Sue Ritter.  His fascination with music began when he first heard Johnny Cash and Bob Dylan 's \" Girl from the North Country \" on his parents' copy of Nashville Skyline ,  and he purchased his first guitar at a local K-Mart .  After graduating from Moscow High School in 1995, Ritter attended Oberlin College in Oberlin , Ohio .  He initially enrolled in Oberlin's neuroscience program, as his parents were both neuroscientists, but he later created the independent major \"American History Through Narrative Folk Music.\"  At the age of 21, Ritter recorded his self-titled debut album at a recording studio on campus.","","","U.S.","( 1976-10-21 ) October 21, 1976 (age 45), Moscow, Idaho , U.S.","","Folk, alternative country, rock, Americana","Singer, songwriter, musician, author","","1997–present","Signature Sounds, V2, Sony BMG, Victor","","","https://en.wikipedia.org/wiki/Josh_Ritter","Category_American_folk_rock_musicians","https://en.wikipedia.org/wiki/Category:American_folk_rock_musicians"
"Mya Rose"," At 18 she co-created the indie rock group Slappin Patties and was the band's lead vocalist, songwriter and acoustic guitarist. While Mya was with Slappin Patties they released the album 'Take Me Home'. After the group disbanded in 2002 Mya played solo until creating a new band: Mya Rose & the Flux band. After breaking away from the Flux band in 2006 Mya continued her solo act. Also in 2006, Mya Rose wrote, recorded, & produced her first solo album: 'breaking free.' Half of this CD was recorded on her 30' O'day sloop , \"Risky Business\". In 2008 she completed her second solo album 'Sailin' South' aboard her boat studio \"Burnett Trilogy\", a 30' Pearson sloop in the harbor of Ocracoke, North Carolina while living out on the hook in the O'day. ","Mya Rose Wilkins","","","( 1979-09-04 ) 4 September 1979 (age 42)","","Folk alternative, folk rock","Singer-songwriter, record producer, guitarist, sailor","","1995–present","1995–present Indie ,","","","https://en.wikipedia.org/wiki/Mya_Rose","Category_American_folk_rock_musicians","https://en.wikipedia.org/wiki/Category:American_folk_rock_musicians"
"Daniel Rossen"," Originally from Los Angeles , Rossen moved to attend New York University . Rossen is the grandchild of filmmaker Robert Rossen , who directed The Hustler and All the King's Men .  Robert Rossen's parents were Russian-Jewish immigrants.  As a student at the university, Rossen formed Department of Eagles with roommate Fred Nicolaus in 2001. The duo then released two 7\" singles and an album, The Whitey on the Moon UK , on Isota Records. About Department of Eagles early recordings, Rossen explains: ","Daniel Raphael Rossen","","U.S.","( 1982-08-05 ) August 5, 1982 (age 40), Los Angeles , California , U.S.","","Indie folk, indie rock","Singer-songwriter, musician","","2000–present","Warp","","","https://en.wikipedia.org/wiki/Daniel_Rossen","Category_American_folk_rock_musicians","https://en.wikipedia.org/wiki/Category:American_folk_rock_musicians"
"Phil Roy"," Roy was born in Philadelphia and began playing the guitar at age nine.  At age 17, attended Berklee College of Music in Boston . He moved to Los Angeles in 1981 and was discovered on Sunset Boulevard by Ted Templeman , a music executive from Warner Bros. who is also responsible for discovering Van Halen , Little Feat , and the Doobie Brothers . He was a member of two rock bands in Los Angeles, but neither were successful. ","","","U.S.","February 28, 1959, Philadelphia, Pennsylvania, U.S.","","Pop, rock ","Singer, songwriter","","1981–present","","","","https://en.wikipedia.org/wiki/Phil_Roy","Category_American_folk_rock_musicians","https://en.wikipedia.org/wiki/Category:American_folk_rock_musicians"
"Thayer Sarrano"," Sarrano grew up in a small town in southern Georgia after having lived in a monastic seminary as a preschooler. She studied piano at Berry college and then moved to Athens, GA, having enrolled at UGA as an art student. There, musically educated since the age of 3 and having shown an earlier interest in poetry, she took up songwriting and started collaborating with local musicians, which led to her releasing solo albums, King (2009) and Lift Your Eyes to the Hills (2012), Shaky (2015), Wings Alleluia (2019) and a career as a session musician recording with several other acts ( Discography ) and touring with of Montreal , Kuroma and Dead Confederate . She also toured for several years as a member of Cracker , and camper van beethoven , Sarrano is also a counselor at Camp Amped, a camp for teenage musicians held at Nuçi's Space , to which a portion of the sales of her second album is donated.  ","Thayer Sarrano","","","","","Shoegaze , psychedelic folk , psych rock , gothic folk","Musician, Composer, singer-songwriter, session musician, producer, painter","","2007–present","","","","https://en.wikipedia.org/wiki/Thayer_Sarrano","Category_American_folk_rock_musicians","https://en.wikipedia.org/wiki/Category:American_folk_rock_musicians"
"Oskar Saville"," ","","","United States","","","Alternative rock, Folk rock","Musician","","1996–present","","","","https://en.wikipedia.org/wiki/Oskar_Saville","Category_American_folk_rock_musicians","https://en.wikipedia.org/wiki/Category:American_folk_rock_musicians"
"Wesley Schultz"," Schultz grew up in Ramsey, New Jersey ,  the son of clinical psychologist Dr Michael J. Schultz (died 2007) and primary domestic Judy (née Kinyon),    and attended Ramsey High School  and the University of Richmond .   At the time The Lumineers released their first album, their press release highlighted the fact that Schultz, then age 9, had been quoted in a 1992 story in The New York Times .  In that story (a profile of Dennis Kobray, who since 1986 has performed the award-winning musical/ acting show \"Meet the Musicians\",  as part of which he tours elementary schools imitating classical composers as a way to introduce children to classical music ), 9-year-old Schultz is quoted as saying: \"I spend a lot of time on my drawings and it turns out good 'cause I've been practicing a lot.\" ","Wesley Keith Schultz","","Ramsey, New Jersey , U.S.","( 1982-12-30 ) December 30, 1982 (age 39)","","","","","2005–present","","","","https://en.wikipedia.org/wiki/Wesley_Schultz","Category_American_folk_rock_musicians","https://en.wikipedia.org/wiki/Category:American_folk_rock_musicians"
"Shawn Z."," Shawn had a band called \"Elmo Lincoln\" that played local bars and clubs and later changing the name to \"South 40\". One afternoon, while playing a benefit show, his father was also playing with his band at the same show. Shawn and his father finally got together and decided to leave their bands and form a new band called \"BFD\".  The band became popular in the Northeast region rapidly.","","","","","","Americana , Alternative country , Outlaw Country , Roots Rock , Folk Rock","Singer, songwriter","","","GypZee","","","https://en.wikipedia.org/wiki/Shawn_Z.","Category_American_folk_rock_musicians","https://en.wikipedia.org/wiki/Category:American_folk_rock_musicians"
"Paul Simon"," Simon was born in Newark, New Jersey , and grew up in the borough of Queens in New York City. He began performing with his schoolfriend Art Garfunkel in 1956 when they were still in their early teens. After limited success, the pair reunited after an electrified version of their song \" The Sound of Silence \" became a hit in 1966. Simon & Garfunkel recorded five albums together featuring songs mostly written by Simon, including the hits \" Mrs. Robinson \", \" America \", \" Bridge over Troubled Water \" and \" The Boxer \". ","Paul Frederic Simon","","New York City , New York, U.S.","( 1941-10-13 ) October 13, 1941 (age 80), Newark, New Jersey , U.S.","","Folk, rock, pop, world","Musician, singer, songwriter, actor","","1956–present","Columbia, Warner Bros., Concord","","","https://en.wikipedia.org/wiki/Paul_Simon","Category_American_folk_rock_musicians","https://en.wikipedia.org/wiki/Category:American_folk_rock_musicians"
"Zach Sobiech"," In his early years, Sobiech attended St. Croix Catholic School in Stillwater, Minnesota (Class of 2009). He later attended Stillwater Area High School (Class of 2013). At age 14, Sobiech was diagnosed with osteosarcoma , a bone cancer that mostly affects children.  CBS reported that during his treatment he underwent 10 surgeries and 24 rounds of chemotherapy .  He started writing music after his diagnosis. ","Zachary David Sobiech","","U.S.","( 1995-05-03 ) May 3, 1995, Saint Paul, Minnesota , U.S.","May 20, 2013 (2013-05-20) (aged 18), Lakeland, Minnesota , U.S.","Folk rock , indie folk , indie pop","Singer, songwriter, musician","","2009–2013","","","","https://en.wikipedia.org/wiki/Zach_Sobiech","Category_American_folk_rock_musicians","https://en.wikipedia.org/wiki/Category:American_folk_rock_musicians"
"Bruce Springsteen"," In 1973, Springsteen released his first two albums, Greetings from Asbury Park, N.J. and The Wild, the Innocent & the E Street Shuffle , neither of which earned him a large audience. He changed his style and reached worldwide popularity with Born to Run in 1975. It was followed by Darkness on the Edge of Town (1978) and The River (1980), which topped the US Billboard 200 chart. His first album without the E Street Band was Nebraska (1982). Born in the U.S.A. (1984), which reunited Springsteen with the E Street Band, became his most commercially successful album and one of the best-selling albums of all time . Seven of its singles reached the top 10 of the Billboard Hot 100 , including the title track . Springsteen recorded his next three albums, Tunnel of Love (1987), Human Touch (1992), and Lucky Town (1992), using mostly session musicians. He reassembled the E Street Band for 1995's Greatest Hits and The Ghost of Tom Joad . His last release of the 1990s was the EP Blood Brothers (1996).","","","U.S.","Bruce Frederick Joseph Springsteen, ( 1949-09-23 ) September 23, 1949 (age 72), Long Branch , New Jersey , U.S.","","Rock, Americana, heartland rock","","","1964–present","Columbia","","","https://en.wikipedia.org/wiki/Bruce_Springsteen","Category_American_folk_rock_musicians","https://en.wikipedia.org/wiki/Category:American_folk_rock_musicians"
"Peter Stampfel"," Stampfel is best known as a member of the Holy Modal Rounders , a psychedelic folk band that he founded with Steve Weber in the early 1960s.  He was also briefly a member of the Fugs and has been the leader of several musical projects, including the Bottlecaps, the Du-Tels, and the WORM All-Stars. He has performed with They Might Be Giants , the Roches , Richard Barone , Yo La Tengo , Bongwater , Jeffrey Lewis , Michael Hurley , Baby Gramps and Loudon Wainwright III . ","","","US","( 1938-10-29 ) October 29, 1938 (age 83), Wauwatosa , Wisconsin , US","","Folk","Singer-songwriter, musician","","1963–present","Don Giovanni, Rounder, Homestead","","","https://en.wikipedia.org/wiki/Peter_Stampfel","Category_American_folk_rock_musicians","https://en.wikipedia.org/wiki/Category:American_folk_rock_musicians"
"Stephen Kellogg and the Sixers"," They have recorded albums for Universal Records , Everfine Records (a subsidiary of Atlantic Records ) and Vanguard Records . Their album Glassjaw Boxer , recorded for Everfine Records, was named one of the top five albums of 2007 by USA Today critic Brian Mansfield . ","","SK6ERS","Massachusetts, United States","","","Americana , Folk-Rock , Country","","","2003– 2012","Vanguard Records , Universal Records, Everfine Records","","Stephen Kellogg, Kit Karlson, Brian Factor, Sam Getz, Chip Johnson","https://en.wikipedia.org/wiki/Stephen_Kellogg_and_the_Sixers","Category_American_folk_rock_musicians","https://en.wikipedia.org/wiki/Category:American_folk_rock_musicians"
"Sufjan Stevens"," His debut album, A Sun Came , was released in 2000 on the Asthmatic Kitty label, which he co-founded with his stepfather. He received wide recognition for his 2005 album Illinois , which hit number one on the Billboard Top Heatseekers chart, and for the single \" Chicago \" from that album. Stevens later contributed to the soundtrack of the 2017 film Call Me by Your Name . He received an Academy Award nomination for Best Original Song and a Grammy nomination for Best Song Written for Visual Media for the soundtrack's lead single, \" Mystery of Love .\"","","","U.S.","( 1975-07-01 ) July 1, 1975 (age 47), Detroit , Michigan, U.S.","","Indie folk, baroque pop, indie rock, electronica","Musician, singer, songwriter","","1995–present","Asthmatic Kitty, Sounds Familyre, Orchard","","","https://en.wikipedia.org/wiki/Sufjan_Stevens","Category_American_folk_rock_musicians","https://en.wikipedia.org/wiki/Category:American_folk_rock_musicians"
"Laura Stevenson"," Stevenson was raised in Nassau County, New York . Her grandfather, Harry Simeone , was a successful pianist and composer whose works included \" The Little Drummer Boy \" and \" Do You Hear What I Hear? \". His wife, Margaret McCravy, was a singer for the jazz bandleader Benny Goodman . After leaving home for college, Stevenson began both playing guitar and writing songs . ","Laura Anne Stevenson","","","( 1984-04-25 ) April 25, 1984 (age 38)","","Folk rock , indie rock","Musician","","","","","","https://en.wikipedia.org/wiki/Laura_Stevenson","Category_American_folk_rock_musicians","https://en.wikipedia.org/wiki/Category:American_folk_rock_musicians"
"Stephen Stills"," Beginning his professional career with Buffalo Springfield, he composed \" For What It's Worth \", which became one of the most recognizable songs of the 1960s. Other notable songs he contributed to the band were \" Sit Down, I Think I Love You \", \" Bluebird \", and \"Rock & Roll Woman\". According to bandmate Richie Furay , he was \"the heart and soul of Buffalo Springfield\". ","","","US","Stephen Arthur Stills, ( 1945-01-03 ) January 3, 1945 (age 77), Dallas , Texas, US","","Rock, folk, country, psychedelia","","","","Atlantic, Columbia, Reprise, Vision, Raven, Titan/Pyramid, Talking Elephant","","","https://en.wikipedia.org/wiki/Stephen_Stills","Category_American_folk_rock_musicians","https://en.wikipedia.org/wiki/Category:American_folk_rock_musicians"
"Michael Stipe"," Possessing a distinctive voice, Stipe has been noted for the \"mumbling\" style of his early career. Since the mid-1980s, Stipe has sung in \"wailing, keening, arching vocal figures\" that R.E.M. biographer David Buckley compared to Celtic folk artists and Muslim muezzin .  He was in charge of R.E.M.'s visual aspect, often selecting album artwork and directing many of the band's music videos. Outside the music industry, he owns and runs two film production studios, C-00 and Single Cell Pictures.","John Michael Stipe","","U.S.","( 1960-01-04 ) January 4, 1960 (age 62), Decatur, Georgia , U.S.","","Alternative rock, folk rock , college rock, jangle pop","Singer, songwriter, musician, producer, visual artist, director","","1980–present","","","","https://en.wikipedia.org/wiki/Michael_Stipe","Category_American_folk_rock_musicians","https://en.wikipedia.org/wiki/Category:American_folk_rock_musicians"
"Jimmy Stofer"," Stofer was born in Minneapolis, Minnesota. He graduated from the Breck School of Minneapolis in 2001. He currently lives in Los Angeles, CA. His credits include The Fray, Rose Hill Drive, Ryan Bingham, Scars On 45, Weather Maps, Cary Brothers, Meese, Hello Kavita, VAN STEE, Dualistics, and more.","","","Minnesota","( 1983-02-10 ) February 10, 1983 (age 39), Minneapolis , Minnesota","","Pop rock , alternative rock , folk rock","Singer, bassist, composer, producer","","","","","","https://en.wikipedia.org/wiki/Jimmy_Stofer","Category_American_folk_rock_musicians","https://en.wikipedia.org/wiki/Category:American_folk_rock_musicians"
"J.D. Stooks"," Stooks along with 3 High School friends formed the punk rock band No Gimmick in 1996. The band went on to win the \"Best Punk Band\" title at the 2003 Arizona Infusion of Music Awards.  Stooks played on the band's first two releases One Wop, Two Micks and a Bean , and Loss for Words recorded in San Diego with Blink-182 collaborator Jeff Forrest.  Stooks left the band after recording of the latter to pursue a solo career. ","","","Phoenix, Arizona , United States","","","Rock, alternative country , Indie rock","","","1996–present","","","","https://en.wikipedia.org/wiki/J.D._Stooks","Category_American_folk_rock_musicians","https://en.wikipedia.org/wiki/Category:American_folk_rock_musicians"
"Strand of Oaks"," Showalter has released seven studio albums— Leave Ruin (2009), Pope Killdragon (2010), Dark Shores (2012), Heal (2014), Hard Love (2017), Eraserland (2019) and In Heaven (2021). ","Timothy Showalter","Strand of Oaks","Indiana","July 20, 1982, Goshen, Indiana","","Rock, folk rock, folk","Singer, songwriter","","2003–present","Thirty Tigers , Dead Oceans","","","https://en.wikipedia.org/wiki/Strand_of_Oaks","Category_American_folk_rock_musicians","https://en.wikipedia.org/wiki/Category:American_folk_rock_musicians"
"Joe Strell"," Joe Strell began his musical career in 1980 as songwriter and bassist for The Imports , one of Chicago 's first punk rock / post punk bands, which was named after their favorite section in the Wax Trax record bins. The Imports entertained local audiences with their dark minimalism, playing in alternative dance clubs including Ann Arkees, Tuts, Ruts, Waves, Gaspar's, Huey's, Jamie's Elsewhere, and the Lucky Number. The final lineup of The Imports consisted of Ben Krug (vocals), Tom Krug (guitar), Joe Strell (bass), and Tom Wall (drums).","","","Chicago , Illinois , United States","","","Folk , rock","","","1979-Current","Dansbane Elandet","","","https://en.wikipedia.org/wiki/Joe_Strell","Category_American_folk_rock_musicians","https://en.wikipedia.org/wiki/Category:American_folk_rock_musicians"
"James Taylor"," Taylor achieved his breakthrough in 1970 with the No. 3 single \" Fire and Rain \" and had his first No. 1 hit in 1971 with his recording of \" You've Got a Friend \", written by Carole King in the same year. His 1976 Greatest Hits album was certified Diamond and has sold 12 million copies in the US alone. Following his 1977 album JT , he has retained a large audience over the decades. Every album that he released from 1977 to 2007 sold over 1 million copies. He enjoyed a resurgence in chart performance during the late 1990s and 2000s, when he recorded some of his most-awarded work (including Hourglass , October Road , and Covers ). He achieved his first number-one album in the US in 2015 with his recording Before This World . ","","","U.S.","James Vernon Taylor, ( 1948-03-12 ) March 12, 1948 (age 74), Boston, Massachusetts , U.S.","","Folk rock, rock, pop, blues, country, soft rock  ","","","","Apple, Capitol, EMI, Warner Bros., Columbia, SME, Hear Music, Fantasy Records","","","https://en.wikipedia.org/wiki/James_Taylor","Category_American_folk_rock_musicians","https://en.wikipedia.org/wiki/Category:American_folk_rock_musicians"
"Kim Taylor (musician)"," To date, Taylor has released five full-length studio albums, toured with notable international artists, and embarked on an acting career which has garnered positive attention from critics and bloggers. Her first full-length film, I Used To Be Darker , premiered at the Sundance Festival in January 2013.","","","Cincinnati, Ohio","( 1973-12-20 ) December 20, 1973 (age 48), Miami, Florida","","Folk , folk-influenced, singer-songwriter","Singer-songwriter, musician, actress","","2002–present","Don't Darling Me","","","https://en.wikipedia.org/wiki/Kim_Taylor_(musician)","Category_American_folk_rock_musicians","https://en.wikipedia.org/wiki/Category:American_folk_rock_musicians"
"Stelth Ulvang"," While working at a coffee shop on Laurel Street in Fort Collins, Ulvang developed an interest in music and decided to become a musician. Being an avid traveler, he used to busk to cover his expenses.    Due to his habit of performing barefoot on stage, he has acquired the nickname \"Barefoot Wanderer\".   ","","Barefoot Wanderer","United States","Fort Collins, Colorado , United States ","","Indie folk, folk rock, indie rock, folk punk, americana, country-folk, alt-country  ","Musician, singer-songwriter","","2009–present","","","","https://en.wikipedia.org/wiki/Stelth_Ulvang","Category_American_folk_rock_musicians","https://en.wikipedia.org/wiki/Category:American_folk_rock_musicians"
"Suzanne Vega"," Vega has released nine studio albums to date, the latest of which is Lover, Beloved: Songs from an Evening with Carson McCullers , released in 2016.","","","New York City","( 1959-07-11 ) July 11, 1959 (age 63), Santa Monica, California , U.S.","","Alternative rock, folk rock","Singer-songwriter, musician","","1982–present","Cooking Vinyl, A&M, Blue Note, Amanuensis Productions","","","https://en.wikipedia.org/wiki/Suzanne_Vega","Category_American_folk_rock_musicians","https://en.wikipedia.org/wiki/Category:American_folk_rock_musicians"
"Steve Weber"," Weber is best known as member of the Holy Modal Rounders , a psychedelic folk band that he founded with Peter Stampfel . He and Stampfel were also briefly members of The Fugs .","Steven P. Weber","","United States","( 1943-06-22 ) June 22, 1943, Philadelphia , Pennsylvania , United States","February 7, 2020 (2020-02-07) (aged 76), Mount Clare , West Virginia , United States","Folk","Singer-songwriter","","1963–2003","","","","https://en.wikipedia.org/wiki/Steve_Weber","Category_American_folk_rock_musicians","https://en.wikipedia.org/wiki/Category:American_folk_rock_musicians"
"Neil Young"," Young has received several Grammy and Juno Awards . The Rock and Roll Hall of Fame inducted him twice: in 1995 as a solo artist and in 1997 as a member of Buffalo Springfield.  In 2000, Rolling Stone named Young No. 34 on their list of the 100 greatest musical artists. According to Acclaimed Music , he is the seventh most celebrated artist in popular music history.  His guitar work, deeply personal lyrics    and signature high tenor singing voice   define his long career. He also plays piano and harmonica on many albums, which frequently combine folk , rock , country and other musical genres. His often distorted electric guitar playing, especially with Crazy Horse, earned him the nickname \" Godfather of Grunge \"  and led to his 1995 album Mirror Ball with Pearl Jam . More recently he has been backed by Promise of the Real .  21 of his albums and singles have been certified Gold and Platinum in U.S by RIAA certification . ","","","Winnipeg , Manitoba, Canada","Neil Percival Young, ( 1945-11-12 ) November 12, 1945 (age 76), Toronto, Ontario, Canada","","Rock, folk rock, country rock, proto-grunge ","","","","Warner Bros., Reprise, Atco, Atlantic, Geffen","","","https://en.wikipedia.org/wiki/Neil_Young","Category_American_folk_rock_musicians","https://en.wikipedia.org/wiki/Category:American_folk_rock_musicians"
"Pete Zorn"," As a member of Thompson's backing group, Zorn played acoustic guitar , mandolin , saxophone , flute , and tin whistle and acted as a backing vocalist.   He was also a bass guitarist .","Peter Zorn","","United States","( 1950-05-29 ) 29 May 1950, Somerset, Pennsylvania , United States","19 April 2016 (2016-04-19) (aged 65), London , United Kingdom","British folk rock , Americana","Musician","","","","","","https://en.wikipedia.org/wiki/Pete_Zorn","Category_American_folk_rock_musicians","https://en.wikipedia.org/wiki/Category:American_folk_rock_musicians"
