﻿"タイトル","コメント","出生名","別名","出身地","生誕","死没","ジャンル","職業","担当楽器","活動期間","レーベル","共同作業者","メンバー","URL","親リストタイトル","親リストURL"
"ACO"," ACO （アコ、 1977年 2月3日 - ）は、日本の女性 シンガーソングライター 。 名古屋 出身。","","","日本 愛知県","( 1977-02-03 ) 1977年 2月3日 （44歳）","","ロック, オルタナティヴ, エレクトロニカ","シンガーソングライター","ボーカル","1995年 -","HIT STREET, （1995年 - 1997年）, キューンレコード, （1998年 - 2006年）, AWDR/LR2 / SPACE SHOWER MUSIC, （2010年 - ）","","","https://ja.wikipedia.org/wiki/ACO","Category_日本のオルタナティヴ・ロック・ミュージシャン","https://ja.wikipedia.org/wiki/Category:日本のオルタナティヴ・ロック・ミュージシャン"
"足立祐二"," 足立 祐二 （あだち ゆうじ、 1964年 3月10日 - 2020年 6月16日  ）は、 日本 の ギタリスト 、 ミュージシャン 。ロックバンド DEAD END の ギタリスト 。 大阪府 出身。 血液型 はB型。","","YOU","日本 ・ 大阪府","( 1964-03-10 ) 1964年 3月10日","( 2020-06-16 ) 2020年 6月16日 （56歳没）","ハードロック, ヘヴィメタル","ギタリスト, 作曲家","ギター","1986年 - 2020年","","DEAD END","","https://ja.wikipedia.org/wiki/足立祐二","Category_日本のオルタナティヴ・ロック・ミュージシャン","https://ja.wikipedia.org/wiki/Category:日本のオルタナティヴ・ロック・ミュージシャン"
"亜矢"," 亜矢 （あや）は、 日本 の シンガーソングライター 。 北海道 出身   。レコード会社は BMG JAPAN （現・ Ariola Japan ）。","","","日本 北海道","","","J-POP, ロック, オルタナティブ・ロック","シンガーソングライター","ボーカル 、 ギター","2001年 -","BMGファンハウス （2001年 - 2004年）","","","https://ja.wikipedia.org/wiki/亜矢","Category_日本のオルタナティヴ・ロック・ミュージシャン","https://ja.wikipedia.org/wiki/Category:日本のオルタナティヴ・ロック・ミュージシャン"
"安藤裕子"," 安藤 裕子 （あんどう ゆうこ、 1977年 5月9日  - ）は、 日本 の シンガーソングライター 、 歌手 、元 女優 。 神奈川県 横浜市 青葉区 出身  。所属 事務所 は ホリプロ  。 フェリス女学院大学 卒業  。","","Üchary Andrew, アンドリュー, ねえやん","日本 神奈川県 横浜市 青葉区 ","( 1977-05-09 ) 1977年 5月9日 （44歳） ","","J-POP","シンガーソングライター, 歌手, 作詞家, 元 女優","ボーカル, ギター","1998年 - 2000年 （ 女優 業）, 2003年 -","cutting edge （2003年 - 2016年 ）","山本隆二","","https://ja.wikipedia.org/wiki/安藤裕子","Category_日本のオルタナティヴ・ロック・ミュージシャン","https://ja.wikipedia.org/wiki/Category:日本のオルタナティヴ・ロック・ミュージシャン"
"五十嵐隆"," 五十嵐 隆 （いがらし たかし、 1973年 6月1日 - ）は、 日本 の ミュージシャン 。 Syrup16g のボーカル。 埼玉県 浦和市 （現・ さいたま市 ）出身。愛称は「がっちゃん」。","五十嵐 隆","","日本 埼玉県 浦和市, （現・ 埼玉県 さいたま市 ）","( 1973-06-01 ) 1973年 6月1日 （48歳）","","ロック","ミュージシャン","ギター","","TiNSTAR RECORDS, （ 1999年 - 2001年 ）, DAIZAWA RECORDS, （2001年- 2002年 ）, （2004年- 2008年 ）, 日本コロムビア, （2002年- 2004年 ）","","","https://ja.wikipedia.org/wiki/五十嵐隆","Category_日本のオルタナティヴ・ロック・ミュージシャン","https://ja.wikipedia.org/wiki/Category:日本のオルタナティヴ・ロック・ミュージシャン"
"井口理"," 井口理 （いぐち さとる、 1993年 10月5日 - ）は、 日本 の 歌手 、 キーボーディスト 、 俳優 。ロックバンド King Gnu の ボーカル 、 キーボード 担当。 長野県 伊那市 出身  。身長は約180cm。","","Li-191, 191, （共にSrv.Vinci時代）","日本 ・ 長野県 伊那市 ","( 1993-10-05 ) 1993年 10月5日 （27歳）","","J-POP, オルタナティヴ, テクノポップ, エレクトロニカ, コンテンポラリー・R&B","歌手, キーボーディスト, 俳優, ナレーター","ボーカル, キーボード, タンバリン","2013年 -","PERIMETRON（ 2016年 - 2018年 ), アリオラジャパン （ 2019年 - ）","King Gnu","","https://ja.wikipedia.org/wiki/井口理","Category_日本のオルタナティヴ・ロック・ミュージシャン","https://ja.wikipedia.org/wiki/Category:日本のオルタナティヴ・ロック・ミュージシャン"
"INORAN"," INORAN （イノラン、 1970年 9月29日 - ）は、 日本 の ロック ミュージシャン 。 LUNA SEA のギタリスト。本名は 井上 清信 （いのうえ きよのぶ）。2012年に結成した Muddy Apes についても本項にて扱う。 愛称  は「イノ」。","井上清信","イノラン","日本 ・ 神奈川県 秦野市","( 1970-09-29 ) 1970年 9月29日 （50歳）","","ロック, オルタナティヴ・ロック, ガレージ・ロック, シューゲイザー, ドリーム・ポップ, アンビエント","ミュージシャン, シンガーソングライター, 音楽プロデューサー, モデル","ボーカル, ギター","","KING RECORDS","LUNA SEA, FAKE?, Tourbillon, Muddy Apes, SUGIZO","","https://ja.wikipedia.org/wiki/INORAN","Category_日本のオルタナティヴ・ロック・ミュージシャン","https://ja.wikipedia.org/wiki/Category:日本のオルタナティヴ・ロック・ミュージシャン"
"UA (歌手)"," UA （ウーア、 1972年 3月11日 - ）は、 大阪府 出身  の 日本 の 女性歌手     。4児の母で、俳優の 村上虹郎 は長男   。","","","日本 ・ 大阪府","( 1972-03-11 ) 1972年 3月11日 （49歳）","","R&B 、 ロック 、 ジャズ 、 エレクトロ","歌手","歌","1995年 -","SPEEDSTAR RECORDS","AJICO, フィッシュマンズ, 菊地成孔","","https://ja.wikipedia.org/wiki/UA_(歌手)","Category_日本のオルタナティヴ・ロック・ミュージシャン","https://ja.wikipedia.org/wiki/Category:日本のオルタナティヴ・ロック・ミュージシャン"
"上杉昇"," 上杉 昇 （うえすぎ しょう、 英語 : Show Wesugi 、本名：鈴木昇（すずき のぼる） 1972年 5月24日 - ）は、 日本 の ミュージシャン 、 ボーカリスト 、シンガーソングライター、作詞家。1990年代に一世を風靡したロックバンド「 WANDS 」の第1期および第2期の初代ボーカルとして知られる。","鈴木昇（すずき のぼる）","SHOW WESUGI、Show","日本 ・ 神奈川県 横須賀市","( 1972-05-24 ) 1972年 5月24日 （49歳）","","J-POP, ロック, オルタナティブ・ロック, グランジ","シンガーソングライター, 作詞家, 音楽プロデューサー","ボーカル","1991年 -","pojjo record","織田哲郎、岡野ハジメ、栗林誠一郎、坂井泉水、長戸大幸、柴崎浩、木村真也、大島康介、川島だりあ、大黒摩季、向山テツ、PATA(X JAPAN)、堀越信康、五十嵐”SunｰGo☆”美貴(SHOW-YA)、友森昭一(ex:REBECCA,AUTO-MOD,筋肉少女帯)、小林悟(クロマニヨンズ)、判治大介、中山美穂、猫騙","","https://ja.wikipedia.org/wiki/上杉昇","Category_日本のオルタナティヴ・ロック・ミュージシャン","https://ja.wikipedia.org/wiki/Category:日本のオルタナティヴ・ロック・ミュージシャン"
"宇多田ヒカル"," 宇多田 ヒカル （うただ ヒカル、 1983年 （ 昭和 58年） 1月19日  - ）は、 日本 の 歌手 、 シンガーソングライター 、 ミュージシャン 、 音楽プロデューサー 。本名は 宇多田 光 （読み同じ）  。 音楽プロデューサー の父・ 宇多田照實 と、 歌手 の母・ 藤圭子 の下、 アメリカ合衆国 ニューヨーク で生まれた。所属芸能事務所はU3MUSIC。所属レーベルは エピックレコードジャパン 。 ロンドン 在住  。","宇多田 光 ","Utada","アメリカ合衆国 ニューヨーク州","( 1983-01-19 ) 1983年 1月19日 （38歳）","","J-POP , R&B , オルタナティヴ・ロック , インディー・ロック , コンテンポラリー・ポップ , ダンス・ポップ , クラブ ","歌手, シンガーソングライター, 編曲家, 音楽プロデューサー","ボーカル, ピアノ, キーボード, ギター","1998年 - 2010年, 2016年 -","EMIミュージック・ジャパン, Virgin Records, エピック","小袋成彬","","https://ja.wikipedia.org/wiki/宇多田ヒカル","Category_日本のオルタナティヴ・ロック・ミュージシャン","https://ja.wikipedia.org/wiki/Category:日本のオルタナティヴ・ロック・ミュージシャン"
"遠藤一馬"," 遠藤 一馬 （えんどう かずま、 1972年 2月26日 - ）は、日本の ミュージシャン 。 SIAM SHADE の ギタリスト 、 ボーカリスト 。 東京都北区王子 生まれ。 静岡県 賀茂郡 西伊豆町 育ち。 血液型 はB型。元 アミューズ 所属  。","遠藤 一馬","KAZUMA","日本 東京都","( 1972-02-26 ) 1972年 2月26日 （49歳）","","ロック, J-POP","ボーカリスト 、 ギタリスト","歌 、 ギター","1988年 - 1990年, (LOVE JETS), 1991年 - 1993年, (atae:ru), 1993年 - 2002年, ( SIAM SHADE ), 2002年 -, （ソロ活動）","","","","https://ja.wikipedia.org/wiki/遠藤一馬","Category_日本のオルタナティヴ・ロック・ミュージシャン","https://ja.wikipedia.org/wiki/Category:日本のオルタナティヴ・ロック・ミュージシャン"
"王舟"," 王 舟 （おう しゅう）は、東京在住のミュージシャン。","","","","","","オルタナティヴ","","","","felicity","","","https://ja.wikipedia.org/wiki/王舟","Category_日本のオルタナティヴ・ロック・ミュージシャン","https://ja.wikipedia.org/wiki/Category:日本のオルタナティヴ・ロック・ミュージシャン"
"大橋隆志"," 大橋 隆志 （おおはし たかし、 1965年 5月5日 - ）は、 日本 の ギタリスト 。 愛知県 豊橋市 出身。身長178cm。","","ジェイル大橋","日本 , 愛知県 豊橋市","( 1965-05-05 ) 1965年 5月5日 （56歳）","","ヘヴィメタル, ハードロック","ギタリスト","ギター","1985年 -","","聖飢魔II, キャッツ・イン・ブーツ","","https://ja.wikipedia.org/wiki/大橋隆志","Category_日本のオルタナティヴ・ロック・ミュージシャン","https://ja.wikipedia.org/wiki/Category:日本のオルタナティヴ・ロック・ミュージシャン"
"岡峰光舟"," 岡峰 光舟 （おかみね こうしゅう、 1979年 10月14日 - ）は、日本のベーシスト。 広島県 福山市 出身。血液型はA型。「 THE BACK HORN 」のベーシストとして活動中。通称として「岡峰」、「光舟」、「女将」などがある。元妻は 入山法子  。","岡峰 光舟","光舟 他","日本 ・ 広島県 福山市","( 1979-10-14 ) 1979年 10月14日 （41歳）","","オルタナティヴ・ロック","ベーシスト","ベース","1994年 -","SPEEDSTAR RECORDS （ 2001年 - ）","THE BACK HORN","","https://ja.wikipedia.org/wiki/岡峰光舟","Category_日本のオルタナティヴ・ロック・ミュージシャン","https://ja.wikipedia.org/wiki/Category:日本のオルタナティヴ・ロック・ミュージシャン"
"小山田圭吾"," 小山田 圭吾 （おやまだ けいご、 1969年 1月27日 - ）は、 日本 の ミュージシャン である。 1989年 に フリッパーズ・ギター のメンバーとしてデビュー。1991年の解散後、約2年のブランクを経て、1994年よりソロユニット Cornelius （コーネリアス）として活動。","","Cornelius","日本 東京都 世田谷区","( 1969-01-27 ) 1969年 1月27日 （52歳）","","実験音楽 , オルタナティヴ・ロック , インディー・ロック , 渋谷系 , エレクトロニカ ","ミュージシャン, シンガーソングライター, 音楽プロデューサー, 作曲家, スタジオ・ミュージシャン","ボーカル, ギター, テルミン, キーボード, プログラミング, ベース, ドラムス, テノリオン （ 英語版 ）","1987年 -","トラットリア / ポリスター, WMJ, Rostrum （ 英語版 ）, Lefse, House Arrest, Everloving （ 英語版 ）, Matador, Cherry Red","堀江博久, あらきゆうこ, 大野由美子, YOKO ONO PLASTI ONO BAND, salyu × salyu, METAFIVE","","https://ja.wikipedia.org/wiki/小山田圭吾","Category_日本のオルタナティヴ・ロック・ミュージシャン","https://ja.wikipedia.org/wiki/Category:日本のオルタナティヴ・ロック・ミュージシャン"
"薫 (ミュージシャン)"," 薫 （かおる、 1974年 2月17日 - ）は、 日本 の男性 ミュージシャン 。 DIR EN GREY の ギタリスト 兼リーダー。 兵庫県 出身。血液型A型。 身長170cm。","","","日本 兵庫県","( 1974-02-17 ) 1974年 2月17日 （47歳）","","オルタナティヴ・ロック, ヘヴィメタル, エクスペリメンタル・メタル, エクストリーム・メタル, オルタナティヴ・メタル, プログレッシブ・メタル","ミュージシャン, ギタリスト, コンポーザー","ギター","DIE:STERIA, ( 1991 - 1992 ), CHARM, ( 1994 - 1996 ), La:Sadie's, (1996 - 1997 ), DIR EN GREY, (1997 - )","Fire Wall Division, (DIR EN GREY), ( 2000年 - )","DIR EN GREY","","https://ja.wikipedia.org/wiki/薫_(ミュージシャン)","Category_日本のオルタナティヴ・ロック・ミュージシャン","https://ja.wikipedia.org/wiki/Category:日本のオルタナティヴ・ロック・ミュージシャン"
"片寄明人"," 片寄 明人 （かたよせ あきと、 ( 1968-05-23 ) 1968年 5月23日 （53歳） - B型 ）は 日本 の シンガーソングライター 、 音楽プロデューサー 。","","","日本 東京都 目黒区","( 1968-05-23 ) 1968年 5月23日 （53歳）","","ロック, オルタナティヴ・ロック, ファンク, ポップ・ロック, サイケデリック・ロック, インディー・ポップ, ドリーム・ポップ, フォーク・ロック, AOR","シンガーソングライター, 音楽プロデューサー","ボーカル 、 ギター","","","GREAT3, Chocolat & Akito, ex- ロッテンハッツ","","https://ja.wikipedia.org/wiki/片寄明人","Category_日本のオルタナティヴ・ロック・ミュージシャン","https://ja.wikipedia.org/wiki/Category:日本のオルタナティヴ・ロック・ミュージシャン"
"加藤慎一"," 加藤 慎一 （かとう しんいち、 1980年 〈 昭和 55年〉 8月2日 - ）は、日本の ミュージシャン ・ ベーシスト 。","","","日本 石川県 金沢市","( 1980-08-02 ) 1980年 8月2日 （40歳）, 日本 石川県 金沢市","","J-POP 、 ロック","ミュージシャン","ベース 、 コーラス","2003年 -","東芝EMI / EMI Music Japan, （ 2004 - 2009年 ）, SMAR （ 2010年 - ）","太陽の衝動 （ 2000 - 2004年 ）, フジファブリック （ 2003年 - ）","","https://ja.wikipedia.org/wiki/加藤慎一","Category_日本のオルタナティヴ・ロック・ミュージシャン","https://ja.wikipedia.org/wiki/Category:日本のオルタナティヴ・ロック・ミュージシャン"
"金澤ダイスケ"," 金澤 ダイスケ （かなざわ だいすけ、 1980年 〈 昭和 55年〉 2月9日 - ）は、日本の ミュージシャン 。","","","日本 茨城県 久慈郡 大子町","( 1980-02-09 ) 1980年 2月9日 （41歳）, 日本 茨城県 久慈郡 大子町","","J-POP 、 ロック","ミュージシャン","ピアノ 、 キーボード 、 コーラス 、 ギター","2003年 -","東芝EMI / EMI Music Japan, （ 2004 - 2009年 ）, SMAR （ 2010年 - ）","フジファブリック （ 2003年 - ）","","https://ja.wikipedia.org/wiki/金澤ダイスケ","Category_日本のオルタナティヴ・ロック・ミュージシャン","https://ja.wikipedia.org/wiki/Category:日本のオルタナティヴ・ロック・ミュージシャン"
"カヒミ・カリィ"," カヒミ・カリィ （ 英語 : Kahimi Karie 、 1968年 3月15日 - ）は日本の 女性歌手 。 栃木県 宇都宮市 出身。","","","日本 栃木県 宇都宮市","( 1968-03-15 ) 1968年 3月15日 （53歳）","","オルタナティヴ・ロック , ボサノヴァ , ネオ・ラウンジ , 渋谷系 ","歌手","ボーカル","1990年 -","CRUE-L, トラットリア, ポリドール, ビクターエンタテインメント","","","https://ja.wikipedia.org/wiki/カヒミ・カリィ","Category_日本のオルタナティヴ・ロック・ミュージシャン","https://ja.wikipedia.org/wiki/Category:日本のオルタナティヴ・ロック・ミュージシャン"
"かみじょうちひろ"," かみじょう ちひろ （本名非公開、男性、 1981年 〈 昭和 56年〉 1月13日 - ）は、日本の ミュージシャン ・ ドラマー 。ロックバンド・ 9mm Parabellum Bullet および monomono でドラムを担当する。","","","日本 長野県 上伊那郡 辰野町","( 1981-01-13 ) 1981年 1月13日 （40歳）","","ロック 、 ポップス （ J-POP ）","ドラマー, 作詞家 / 作曲家","ドラムス 、 ギター","2004年 -","","9mm Parabellum Bullet, （2004年 - ）, monomono （2015年 - ）","","https://ja.wikipedia.org/wiki/かみじょうちひろ","Category_日本のオルタナティヴ・ロック・ミュージシャン","https://ja.wikipedia.org/wiki/Category:日本のオルタナティヴ・ロック・ミュージシャン"
"川島剛光"," 川島 剛光 （かわしま たかみつ、 1992年 5月13日 - ）は、 STOMP TALK MODSTONE の ボーカリスト 兼 ギタリスト 。 千葉県 館山市 出身。愛称は「川さん」。","","TAKAMITSU KAWASHIMA, Cadasil, couni.","日本 ・ 千葉県 館山市","( 1992-05-13 ) 1992年 5月13日 （29歳）","","ロック, ポップス ( J-POP ), オルタナティヴ・ロック, インディー・ロック, ポスト・ロック, エモ, グランジ, シューゲイザー, エレクトロ","シンガーソングライター, ボーカリスト, ギタリスト","ボーカル, ギター, ベース, ピアノ, キーボード, シンセサイザー","2007年 -","春と修羅, （ 2013年 - ）","STOMP TALK MODSTONE","","https://ja.wikipedia.org/wiki/川島剛光","Category_日本のオルタナティヴ・ロック・ミュージシャン","https://ja.wikipedia.org/wiki/Category:日本のオルタナティヴ・ロック・ミュージシャン"
"岸田繁"," 岸田 繁 （きしだ しげる、 1976年 4月27日 - ）は、 日本 の ミュージシャン 。 ロック バンド 、 くるり の ボーカリスト 兼 ギタリスト で同バンドのフロントマンである。","","シゲール、きっしー","日本 京都府 京都市 北区","( 1976-04-27 ) 1976年 4月27日 （45歳）","","ロック 、 オルタナティブ・ロック","ミュージシャン, シンガーソングライター, ギタリスト","ボーカル, ギター, ベース, ドラム, ピアノ, キーボード, シンセサイザー, ブルースハープ, バンジョー, マンドリン, プログラミング","1996年 -","SPEEDSTAR RECORDS","くるり, SINGER SONGER","","https://ja.wikipedia.org/wiki/岸田繁","Category_日本のオルタナティヴ・ロック・ミュージシャン","https://ja.wikipedia.org/wiki/Category:日本のオルタナティヴ・ロック・ミュージシャン"
"北嶋徹"," TK （ティーケー、 1982年 12月23日 - ）は 東京都 町田市 出身の ミュージシャン 。ロックバンド、 凛として時雨 の ボーカル 、 ギター 担当。本名は 北嶋徹 （きたじまとおる）。ソロでの活動時には TK from 凛として時雨 名義を使用している。","北嶋徹","TK from 凛として時雨","日本 ・ 東京都","( 1982-12-23 ) 1982年 12月23日 （38歳）","","ポスト・ハードコア, インディー・ロック, プログレッシブ・ロック, ポストロック, マスロック","","ボーカル, ギター, ベース, ピアノ","2002年 -, 2011年 - （ソロ活動）","ソニー・ミュージックアソシエイテッドレコーズ","凛として時雨","","https://ja.wikipedia.org/wiki/北嶋徹","Category_日本のオルタナティヴ・ロック・ミュージシャン","https://ja.wikipedia.org/wiki/Category:日本のオルタナティヴ・ロック・ミュージシャン"
"木下理樹"," 木下 理樹 （きのした りき、 1978年 10月14日 - ）は 日本 の シンガーソングライター 。ソロ活動を経て、 ART-SCHOOL 、 killing Boy の ボーカル 、 ギター 担当として活動している。2010年末まではART-SCHOOLの戸高賢史らとともに KAREN でも活動していた。 大阪府 大阪市 出身。血液型はO型。","","","日本 大阪府 大阪市","( 1978-10-14 ) 1978年 10月14日 （42歳）","","オルタナティヴ・ロック","シンガーソングライター","ボーカル 、 ギター","","","ART-SCHOOL, killing Boy, ex- KAREN","","https://ja.wikipedia.org/wiki/木下理樹","Category_日本のオルタナティヴ・ロック・ミュージシャン","https://ja.wikipedia.org/wiki/Category:日本のオルタナティヴ・ロック・ミュージシャン"
"京 (ミュージシャン)"," 京 （きょう、 1976年 2月16日 - ）は、日本の ロック ミュージシャン 、 歌手 、 作詞家 、 DIR EN GREY および sukekiyo のメンバー。 京都府 出身。血液型B型。","","","日本 京都府","( 1976-02-16 ) 1976年 2月16日 （45歳）","","ヘヴィメタル, ロック, オルタナティヴ・ロック","ミュージシャン, ボーカリスト, 作詞家","voice ( ヴォーカル )","月蝕, ( 1993 - 1994 ), Viṣṇu, (1994 - 1995 ), Masquerade, (1995), La:Sadie's, (1995 - 1997 ), DIR EN GREY, (1997 - ), sukekiyo, ( 2013 - )","Fire Wall Division, ( DIR EN GREY ), ( 2000 - )","DIR EN GREY, sukekiyo","","https://ja.wikipedia.org/wiki/京_(ミュージシャン)","Category_日本のオルタナティヴ・ロック・ミュージシャン","https://ja.wikipedia.org/wiki/Category:日本のオルタナティヴ・ロック・ミュージシャン"
"草野マサムネ"," 草野 マサムネ （くさの マサムネ、 1967年 12月21日  - ）は、 日本 の ミュージシャン 、 ボーカリスト 、 ギタリスト 、 作詞家 、 作曲家 、 ラジオパーソナリティ である。 ロック バンド ・ スピッツ の ボーカリスト 兼 ギタリスト 。本名は 草野 正宗 で読みは同じ。 福岡県 福岡市 早良区 出身。","草野 正宗（くさの まさむね）","草野 正宗（作詞名義）","日本 ・ 福岡県 福岡市 早良区","( 1967-12-21 ) 1967年 12月21日 （53歳）","","ロック, オルタナティヴ・ロック, パワー・ポップ, ギターポップ, J-POP","ミュージシャン","ボーカル, ギター, ハーモニカ, タンバリン","1991年 -","ポリドール, （ 1991年 - 2001年 ）, ユニバーサルJ, （ 2002年 - ）","スピッツ","","https://ja.wikipedia.org/wiki/草野マサムネ","Category_日本のオルタナティヴ・ロック・ミュージシャン","https://ja.wikipedia.org/wiki/Category:日本のオルタナティヴ・ロック・ミュージシャン"
"KEIT"," KEIT （ケイト、 1月21日 生）は、 日本 の アーティスト 、 作詞家 、 作曲家 、 編曲家 、 音楽プロデューサー 。ロックバンドLANDFORCE、 knotlamp のメンバー。 大分県 中津市 出身。T's Corporation所属。","","","日本 ・ 大分県 中津市","???? 年 1月21日","","メロディックパンク, J-POP","アーティスト, 作詞家, 作曲家, 編曲家, 音楽プロデューサー","ボーカル, ギター, ベース","","","","","https://ja.wikipedia.org/wiki/KEIT","Category_日本のオルタナティヴ・ロック・ミュージシャン","https://ja.wikipedia.org/wiki/Category:日本のオルタナティヴ・ロック・ミュージシャン"
"Ken"," ken （ケン、 1968年 11月28日 - ）は 日本 の ミュージシャン 、 ギタリスト 、 シンガーソングライター 、 音楽プロデューサー 。","","Ken, KEN P'UNK, Kën D'Ark","日本 ・ 滋賀県 米原市","( 1968-11-28 ) 1968年 11月28日 （52歳）","","ロック, オルタナティヴ・ロック, プログレッシブ・ロック, ポップ・ロック, ニュー・ウェイヴ","ギタリスト, シンガーソングライター, 作詞家, 作曲家, 編曲家, 音楽プロデューサー","ギター, ボーカル, ベース, ドラムス, ピアノ, キーボード","L'Arc〜en〜Ciel, 1992年 -, SONS OF ALL PUSSYS, 2002年 - 2006年, Ken, 2006年 -","Danger Crue Records","L'Arc〜en〜Ciel, SONS OF ALL PUSSYS","","https://ja.wikipedia.org/wiki/Ken","Category_日本のオルタナティヴ・ロック・ミュージシャン","https://ja.wikipedia.org/wiki/Category:日本のオルタナティヴ・ロック・ミュージシャン"
"Cocco"," Cocco （こっこ、 1977年 1月19日 - ）は、日本の女性 シンガーソングライター ・ 女優 ・ 絵本作家 ・ エッセイスト ・ 小説家  。 沖縄県 那覇市 出身  。 Colourful Records 所属。 血液型 はO型。愛称は コッキー 、 あっちゃん 、 姫 、 コウ 。","","Cocko　, こっこ","日本 ・ 沖縄県 那覇市","( 1977-01-19 ) 1977年 1月19日 （44歳）","","J-POP, オルタナティブ・ロック","シンガーソングライター, 女優, 絵本作家, エッセイスト, 小説家","ボーカル","1996年 - 2001年, 2006年 -","bounce records （1996年 - 1997年）, SPEEDSTAR RECORDS （1997年 - 2014年）, SPACE SHOWER MUSIC （2014年）, Colourful Records （2016年 - ）","根岸孝旨, 長田進, 堀江博久, 岸田繁 （ くるり ）","","https://ja.wikipedia.org/wiki/Cocco","Category_日本のオルタナティヴ・ロック・ミュージシャン","https://ja.wikipedia.org/wiki/Category:日本のオルタナティヴ・ロック・ミュージシャン"
"後藤正文"," 後藤 正文 （ごとう まさふみ、 1976年 12月2日 - ）は 日本 の ミュージシャン 、 ボーカリスト 、 ギタリスト 、 作詞家 ・ 作曲家 ・ コラムニスト であり、 ASIAN KUNG-FU GENERATION の ボーカル 、 ギター 担当。 Gotch （ゴッチ）名義でも活動し、数枚の アルバム をリリースしている。","","Gotch","日本 ・ 静岡県 島田市","( 1976-12-02 ) 1976年 12月2日 （44歳）","","ロック, ポップス ( J-POP )","シンガーソングライター, ボーカリスト, ギタリスト, 作詞家 ・ 作曲家, コラムニスト","ボーカル, ギター","1996年 -","Ki/oon Music （2003年 - ）, （ASIAN KUNG-FU GENERATIONとして）, only in dreams（2014年 - ）, （ソロアーティストとして）","ASIAN KUNG-FU GENERATION","","https://ja.wikipedia.org/wiki/後藤正文","Category_日本のオルタナティヴ・ロック・ミュージシャン","https://ja.wikipedia.org/wiki/Category:日本のオルタナティヴ・ロック・ミュージシャン"
"小林太郎"," 小林 太郎 （こばやし たろう、 1990年 6月26日  - ）は、日本の シンガーソングライター 。 静岡県 浜松市 出身  。","小林太郎","","日本 静岡県 浜松市","( 1990-06-26 ) 1990年 6月26日 （31歳）","","オルタナティブ・ロック, ハードロック, ガレージロック, ポスト・グランジ, フォーク・ロック","シンガーソングライター","ボーカル 、 ギター","2008年 -","Driftwood Record, （ 2009年 - 2011年 ）, STANDING THERE, ROCKS, （ 2012年 - 2015年 ）, 日本コロムビア, （ 2016年 - 2017年 ）, MOTHERSMILK RECORD, （ 2018年 - ）","","","https://ja.wikipedia.org/wiki/小林太郎","Category_日本のオルタナティヴ・ロック・ミュージシャン","https://ja.wikipedia.org/wiki/Category:日本のオルタナティヴ・ロック・ミュージシャン"
"沢田泰司"," 沢田 泰司 （さわだ たいじ、 1966年 〈昭和41年〉 7月12日 - 2011年 〈平成23年〉 7月17日 ）は、 日本 の ロック ベーシスト 、 ミュージシャン 。 千葉県 市川市 出身。通称は TAIJI 。X（現・ X JAPAN ）を経て LOUDNESS や D.T.R などで活動した。身長173cm、体重55kg、血液型A型(長年B型と思っていたが、1991年渡米中に受けた検査によりA型だと判明した。)  。尚、TAIJIの死後、 HIDE と同様正式メンバーと数えられているような形式がX JAPANオフィシャルサイト等でとられている。愛称は「 たいちゃん 」。","沢田 泰司（さわだ たいじ）","TAIJI, 沢田 大司","日本 千葉県 市川市","( 1966-07-12 ) 1966年 7月12日","( 2011-07-17 ) 2011年 7月17日 （45歳没）, 北マリアナ諸島 サイパン島","ロック, ハードロック, ヘヴィメタル, グラムロック","ベーシスト, ギタリスト, ソングライター, 宝飾デザイナー","ベース, ギター, ピアノ, キーボード, コーラス","","","X JAPAN, LOUDNESS, 旧 D.T.R (Dirty Trash Road), 新D.T.R(Death to Rive), Kings, Cloud Nine, 音風, THE KILLING RED ADDICTION, TAIJI with HEAVEN'S, TSP(TAIJI & Shu Project/Tribal Scream of Phoenix)","","https://ja.wikipedia.org/wiki/沢田泰司","Category_日本のオルタナティヴ・ロック・ミュージシャン","https://ja.wikipedia.org/wiki/Category:日本のオルタナティヴ・ロック・ミュージシャン"
"椎名林檎"," 椎名 林檎 （しいな りんご、 1978年 11月25日 -  ）は、 日本 の シンガーソングライター 。 有限会社 黒猫堂 所属。レコードレーベルは EMI Records 。2004年からは ロック バンド ・ 東京事変 の ボーカリスト としても活動している。","椎名 裕美子（しいな ゆみこ） ","Deyonná ","日本 、 埼玉県 浦和市 （現 さいたま市 浦和区 ）","( 1978-11-25 ) 1978年 11月25日 （42歳）","","ロック, J-POP, ジャズ, アシッドジャズ, オルタナティヴ・ロック, エレクトロニカ, インダストリアル, プログレッシブ・ロック, パンク・ロック, エクスペリメンタル・ロック, スウィング・ジャズ","シンガーソングライター, 作詞家, 作曲家, 編曲家, プロデューサー","ボーカル, ギター ","1998年 - 現在 ","東芝EMI /EASTWORLD（1998年 - 1999年）, 東芝EMI / Virgin Music （2000年 - 2007年）, EMIミュージック・ジャパン /Virgin Music（2007年 - 2013年）, ユニバーサルミュージック /EMI Records Japan（2013年）, ユニバーサルミュージック /Virgin Music（2014年）, ユニバーサルミュージック /EMI Records（2015年 - 現在）","東京事変 、 亀田誠治 、 斎藤ネコ 、 井上雨迩 、 村田陽一 、 児玉裕一","","https://ja.wikipedia.org/wiki/椎名林檎","Category_日本のオルタナティヴ・ロック・ミュージシャン","https://ja.wikipedia.org/wiki/Category:日本のオルタナティヴ・ロック・ミュージシャン"
"J (ミュージシャン)"," J （ジェイ、 1970年 8月12日 - ）は、 日本 の ミュージシャン 。本名： 小野瀬 潤 （おのせ じゅん）。身長180cm。血液型はAB型。 神奈川県立大秦野高等学校 卒業。 LUNA SEA の ベーシスト にしてロックミュージシャン。既婚。","小野瀬潤","","日本 神奈川県 秦野市","( 1970-08-12 ) 1970年 8月12日 （50歳）","","オルタナティヴ・ロック, ポスト・グランジ, ハードロック, パンク・ロック","ベーシスト, シンガーソングライター","ベース, ボーカル, ギター, キーボード, シンセサイザー","","ユニバーサル, （1997年 - 2005年）, blowgrow/ avex trax, （2005年 - ）","LUNA SEA, zilch","","https://ja.wikipedia.org/wiki/J_(ミュージシャン)","Category_日本のオルタナティヴ・ロック・ミュージシャン","https://ja.wikipedia.org/wiki/Category:日本のオルタナティヴ・ロック・ミュージシャン"
"志村正彦"," 志村 正彦 （しむら まさひこ、 1980年 7月10日 - 2009年 12月24日 ）は、 日本 の ミュージシャン 。 ロックバンド ・ フジファブリック の元 ボーカリスト および ギタリスト 。","志村 正彦","","日本 ・ 山梨県 富士吉田市","( 1980-07-10 ) 1980年 7月10日","( 2009-12-24 ) 2009年 12月24日 （29歳没）","J-POP, ロック","ミュージシャン, シンガーソングライター","ボーカル, ギター","2000年 - 2009年","東芝EMI, → EMIミュージック・ジャパン, （ 2004年 - 2009年 )","フジファブリック","","https://ja.wikipedia.org/wiki/志村正彦","Category_日本のオルタナティヴ・ロック・ミュージシャン","https://ja.wikipedia.org/wiki/Category:日本のオルタナティヴ・ロック・ミュージシャン"
"シン・マナヒロ"," シン・マナヒロ は、 日本 の 作曲家 、 ミュージシャン 、 シンガーソングライター 。","","The 5H1N","日本 , 東京都","12月19日","","ロック, オルタナティブ・ロック, オルタナティブ・メタル, ラウドロック","作曲家, 作詩家, 編曲家","ボーカル, ギター, ベース","2017年 -","Ginger Valley Label","","","https://ja.wikipedia.org/wiki/シン・マナヒロ","Category_日本のオルタナティヴ・ロック・ミュージシャン","https://ja.wikipedia.org/wiki/Category:日本のオルタナティヴ・ロック・ミュージシャン"
"XINLISUPREME"," シンリシュープリーム ( XINLISUPREME )は、 日本 のミュージシャン。 2002年 ３月にファーストアルバム\"Tomorrow Never Comes\"、同年１０月ミニアルバム\"Murder License\"をイギリス FatCat Records からリリース。 2010年 、Seaside Voice Guitarをオフィシャルサイト上で発表。 2018年 、セカンドフルアルバム「I Am Not Shinzo Abe」を配信リリースした。","","","","","","ノイズロック, シューゲイザー, ローファイ, エレクトロニカ","","","2000年 -現在","","","","https://ja.wikipedia.org/wiki/XINLISUPREME","Category_日本のオルタナティヴ・ロック・ミュージシャン","https://ja.wikipedia.org/wiki/Category:日本のオルタナティヴ・ロック・ミュージシャン"
"菅波栄純"," 菅波 栄純 （すがなみ えいじゅん、 1979年 10月16日 - ）は、日本の ギタリスト であり、 THE BACK HORN の ギター 担当。 福島県 須賀川市 出身。","菅波 栄純","","日本 ・ 福島県 須賀川市","( 1979-10-16 ) 1979年 10月16日 （41歳）","","オルタナティヴ・ロック","作詞家, 作曲家, 編曲家, ギタリスト","ギター","1998年 -","SPEEDSTAR RECORDS （ 2001年 - ）","THE BACK HORN","","https://ja.wikipedia.org/wiki/菅波栄純","Category_日本のオルタナティヴ・ロック・ミュージシャン","https://ja.wikipedia.org/wiki/Category:日本のオルタナティヴ・ロック・ミュージシャン"
"菅原卓郎"," 菅原 卓郎 （すがわら たくろう、 1983年 〈 昭和 58年〉 7月19日 - ）は、日本の ミュージシャン 。ロックバンド・ 9mm Parabellum Bullet 及び キツネツキ でボーカル・ギターを担当。","","","日本 山形県 東田川郡 藤島町, （現・ 鶴岡市 ）","( 1983-07-19 ) 1983年 7月19日 （37歳）","","ロック 、 ポップス （ J-POP ）","シンガーソングライター, ボーカリスト, ギタリスト, 作詞家 / 作曲家","ボーカル 、 ギター","2004年 -","","9mm Parabellum Bullet, キツネツキ","","https://ja.wikipedia.org/wiki/菅原卓郎","Category_日本のオルタナティヴ・ロック・ミュージシャン","https://ja.wikipedia.org/wiki/Category:日本のオルタナティヴ・ロック・ミュージシャン"
"SUGIZO"," SUGIZO （スギゾー、 1969年 〈昭和44年〉 7月8日 - ）は、 日本 の ロック ミュージシャン 、 音楽プロデューサー 。 LUNA SEA 、 X JAPAN 及び Violet UK の ギタリスト ・ ヴァイオリニスト 。愛称は「スギちゃん」、「スギ様」  。","杉原康弘（すぎはら やすひろ）(現在の戸籍上の名前(本名)は杉原有音(すぎはら　ゆうね)) ","","日本 , 神奈川県 秦野市","( 1969-07-08 ) 1969年 7月8日 （51歳）","","ロック, オルタナティヴ・ロック, ポップ・ロック, クラシック, エレクトロニカ, アンビエント, ドラムンベース, トランス","ギタリスト, シンガーソングライター, 作詞家, 作曲家, 音楽プロデューサー","ギター, ヴァイオリン, ベース, シタール, 胡弓, トランペット, ピアノ, キーボード, シンセサイザー, ターンテーブル","","","LUNA SEA, X JAPAN, Violet UK, ジュノ・リアクター, S.K.I.N., STOP ROKKASHO, The Flare, S.T.K., Shag","","https://ja.wikipedia.org/wiki/SUGIZO","Category_日本のオルタナティヴ・ロック・ミュージシャン","https://ja.wikipedia.org/wiki/Category:日本のオルタナティヴ・ロック・ミュージシャン"
"鈴木慶一"," 鈴木 慶一 （すずき けいいち、 1951年 8月28日 - ）は、 日本 の ミュージシャン 。 ムーンライダーズ の ボーカル 、リーダー。 東京都立羽田高等学校 卒業。","","Suzuki K1 >> 7.5cc, 宇宙からの物体X, 東京太郎","日本 東京都 大田区","( 1951-08-28 ) 1951年 8月28日 （69歳）","","ロック, サイケデリック・ロック","ミュージシャン, シンガーソングライター, 作曲家, 音楽プロデューサー","ボーカル 、 ギター 、 プログラミング 、 メロトロン","1970年 -","ソニー・ミュージックダイレクト","はちみつぱい, ビートニクス, ムーンライダーズ","","https://ja.wikipedia.org/wiki/鈴木慶一","Category_日本のオルタナティヴ・ロック・ミュージシャン","https://ja.wikipedia.org/wiki/Category:日本のオルタナティヴ・ロック・ミュージシャン"
"勢喜遊"," 勢喜 遊 （せき ゆう、 1992年 9月2日 - ）は、 日本 の ドラマー である。ロックバンド King Gnu のメンバーである。 徳島県 阿南市 出身。","","","日本 徳島県 阿南市","( 1992-09-02 ) 1992年 9月2日 （28歳）","","J-POP, オルタナティヴ, テクノポップ, エレクトロニカ, コンテンポラリー・R&B","ドラマー","ドラムス, サンプラー, コーラス","","PERIMETRON（ 2016年 - 2018年 ), アリオラジャパン （ 2019年 - ）","King Gnu","","https://ja.wikipedia.org/wiki/勢喜遊","Category_日本のオルタナティヴ・ロック・ミュージシャン","https://ja.wikipedia.org/wiki/Category:日本のオルタナティヴ・ロック・ミュージシャン"
"Die (ミュージシャン)"," Die （だい、 1974年 12月20日 - ）は、 DIR EN GREY のギタリスト。Decaysのボーカリスト、ギタリスト。 三重県 出身。血液型はB型。身長177cm。","","","日本 三重県","( 1974-12-20 ) 1974年 12月20日 （46歳）","","エクスペリメンタル・メタル, エクストリーム・メタル, オルタナティヴ・メタル, プログレッシブ・メタル","ミュージシャン, ギタリスト, コンポーザー","ギター","Ka･za･ri, ( 1995 - 1996 ), La:Sadie's, ( 1995 - 1997 ), DIR EN GREY, (1997 - ), DECAYS, ( 2015 - )","Fire Wall Division, (DIR EN GREY), ( 2000 - )","DIR EN GREY 、DECAYS","","https://ja.wikipedia.org/wiki/Die_(ミュージシャン)","Category_日本のオルタナティヴ・ロック・ミュージシャン","https://ja.wikipedia.org/wiki/Category:日本のオルタナティヴ・ロック・ミュージシャン"
"DAITA"," DAITA （ダイタ、伊藤大太、 Daita Itoh , 1971年 6月19日 - ）は、日本の ロックミュージシャン 。 東京都世田谷区出身。1995年、 SIAM SHADE の ギタリスト としてデビュー。","伊藤大太","","日本 ・ 東京都 世田谷区","( 1971-06-19 ) 1971年 6月19日 （50歳）","","ロック, J-POP","ギタリスト","ギター","1993年 -","","","","https://ja.wikipedia.org/wiki/DAITA","Category_日本のオルタナティヴ・ロック・ミュージシャン","https://ja.wikipedia.org/wiki/Category:日本のオルタナティヴ・ロック・ミュージシャン"
"高田雄一"," 高田 雄一 （たかだ ゆういち、 高田メタル 、 1976年 7月23日 - ）は、 日本 の ミュージシャン 、 ベーシスト 、 カメラマン 。 ロック バンド ・ ELLEGARDEN 、 MAYKIDZ などのメンバーとしても活動している。 キミノマワリ＋ のオフィシャルカメラマン。 千葉県 出身、血液型A型。","","","日本 千葉県","( 1976-07-23 ) 1976年 7月23日 （44歳）","","","ミュージシャン, ベーシスト, カメラマン","ベース","1998年 -","","ELLEGARDEN, MAYKIDZ, キミノマワリ＋","","https://ja.wikipedia.org/wiki/高田雄一","Category_日本のオルタナティヴ・ロック・ミュージシャン","https://ja.wikipedia.org/wiki/Category:日本のオルタナティヴ・ロック・ミュージシャン"
"滝善充"," 滝 善充 （たき よしみつ、 1983年 〈 昭和 58年〉 5月9日 - ）は、日本の ミュージシャン 、 音楽プロデューサー 。ロックバンド・ 9mm Parabellum Bullet でリードギターを、 キツネツキ でドラムを担当するほか、他アーティストのプロデュース活動も行っている。","","","日本 茨城県 北茨城市","( 1983-05-09 ) 1983年 5月9日 （38歳）","","ロック 、 ポップス （ J-POP ）","ギタリスト, 作曲家, 音楽プロデューサー","ギター 、 ドラムス 、 キーボード","2004年 -","","9mm Parabellum Bullet, キツネツキ","","https://ja.wikipedia.org/wiki/滝善充","Category_日本のオルタナティヴ・ロック・ミュージシャン","https://ja.wikipedia.org/wiki/Category:日本のオルタナティヴ・ロック・ミュージシャン"
"TAKUYA"," TAKUYA （タクヤ、 1971年 9月9日 - ）は、 京都府 京都市 出身の 日本 の ミュージシャン 、 音楽プロデューサー 。 本名は、 浅沼 拓也 （あさぬま たくや）。元 JUDY AND MARY のギタリストで、ソロ活動の際には TAKUYA 名義とソロユニットの ROBOTS （ロボッツ）名義を使い分けている。 血液型 はO型。 ユニバーサルミュージック 所属。","浅沼拓也","","日本 , 京都府 京都市","( 1971-09-09 ) 1971年 9月9日 （49歳）","","ロック, オルタナティヴ・ロック , ポップ・ロック , J-POP","ミュージシャン, 音楽プロデューサー","ギター, ボーカル","1987年 -","Epic/SO What?, (1997年 - 2000年), UNIVERSAL J, (2002年), MCAレコード, (2004年), レヴェイユ, (2007年), avex entertainment, (2009年), 日本コロムビア, (2009年), avex entertainment, (2012年)","JUDY AND MARY","","https://ja.wikipedia.org/wiki/TAKUYA","Category_日本のオルタナティヴ・ロック・ミュージシャン","https://ja.wikipedia.org/wiki/Category:日本のオルタナティヴ・ロック・ミュージシャン"
"田村明浩"," 田村 明浩 （たむら あきひろ、 1967年 5月31日  - ）は、 日本 の ベーシスト 、 ミュージシャン 、 作曲家 である。 ロック バンド ・ スピッツ のベーシスト。本名同じ、旧称は 田村 アキヒロ 。 静岡県 藤枝市 出身。","田村 明浩（たむら あきひろ）","田村アキヒロ（旧称）","日本 ・ 静岡県 藤枝市","( 1967-05-31 ) 1967年 5月31日 （54歳）","","ロック, オルタナティヴ・ロック, パワー・ポップ, ギターポップ, J-POP","ベーシスト, ミュージシャン","ベース, コーラス","1987年 -","ポリドール （ 1991年 - 2001年 ）, ユニバーサルJ （ 2002年 - ）, MOTORWORKS, ドリーミュージック （ 2004年 - ）","スピッツ","","https://ja.wikipedia.org/wiki/田村明浩","Category_日本のオルタナティヴ・ロック・ミュージシャン","https://ja.wikipedia.org/wiki/Category:日本のオルタナティヴ・ロック・ミュージシャン"
"CHARA"," CHARA （ Chara とも表記。ちゃら、 1968年 1月13日 - ）は、 日本 の ミュージシャン 、 女優 、音楽プロデューサー。本名非公開。","","","日本 ・ 埼玉県 川口市","( 1968-01-13 ) 1968年 1月13日 （53歳）","","J-POP 、 ソウル 、 R&B 、 オルタナティブ・ロック ","シンガーソングライター 、 女優","ボーカル 、 ギター 、 ピアノ","1991年 -","エピックレコードジャパン, （1991年 - 2003年）, ユニバーサルミュージック, （2006年 - 2011年、2018年 - ）, BounDEE by SSNW, (2011年 - 2012年), キューンミュージック, (2012年 - 2017年)","YEN TOWN BAND, Mean Machine, Chara+YUKI, Chara with THE 99 1/2","","https://ja.wikipedia.org/wiki/CHARA","Category_日本のオルタナティヴ・ロック・ミュージシャン","https://ja.wikipedia.org/wiki/Category:日本のオルタナティヴ・ロック・ミュージシャン"
"土屋飛鳥"," 土屋飛鳥 （つちやあすか、 1994年 5月10日  - ）は、日本の ミュージシャン 、 シンガーソングライター 。 東京都 練馬区 出身  。","","","日本 ・ 東京都 練馬区","( 1994-05-10 ) 1994年 5月10日 （27歳）","","オルタナティヴ・ロック, ポップス, シャンソン, ゴスペル","ミュージシャン, シンガーソングライター","ボーカル, ピアノ, キーボード","2015年 -","キノ・ミュージック（2015年 - ）","","","https://ja.wikipedia.org/wiki/土屋飛鳥","Category_日本のオルタナティヴ・ロック・ミュージシャン","https://ja.wikipedia.org/wiki/Category:日本のオルタナティヴ・ロック・ミュージシャン"
"TGMX aka SYUTA-LOW TAGAMI"," TGMX aka SYUTA-LOW TAGAMI は、 FRONTIER BACKYARD 、 SCAFULL KING 、 THE DEKITS 、 CUBISMO GRAFICO FIVE の 田上修太郎 のアーティスト表記である。 2001年にSCAFULL KING活動休止後の「 TGMX 」名義で活動を本格化。アーティスト表記は決まったものはない。 TGMX は略称。 LOW IQ 01 & MASTER LOW（1998年 - ）にギターでサポート参加。 バンド活動のみならず、プロデュース、楽曲提供、DJ、弾き語り等あらゆる音楽形態でマルチに活動中。 栃木県 出身。","田上修太郎","SCAFULL KING, FRONTIER BACKYARD, CUBISMO GRAICO FIVE, THE DEKITS","日本","( 1972-06-25 ) 1972年 6月25日 （49歳）","","オルタナティヴ・ロック, ポップ・パンク, ポストパンク, スカ, ニューウェーブ","","vocal 、 guitar 、 synthesizer 、 trumpet","","DIWPHALANX RECORDS 、NIW! Records","","","https://ja.wikipedia.org/wiki/TGMX_aka_SYUTA-LOW_TAGAMI","Category_日本のオルタナティヴ・ロック・ミュージシャン","https://ja.wikipedia.org/wiki/Category:日本のオルタナティヴ・ロック・ミュージシャン"
"Tetsuya"," tetsuya （テツヤ、 1969年 10月3日 - ）は、 日本 の ミュージシャン 、 ベーシスト 、 シンガーソングライター 。","","TETSUYA, T.E.Z P'UNK, TETSU P'UNK, tetsu, TETSU69, DARK TETSU","日本 ・ 滋賀県 米原市","( 1969-10-03 ) 1969年 10月3日 （51歳）","","ロック, ポップ・ロック, オルタナティヴ・ロック","ベーシスト, ギタリスト, シンガーソングライター, 作詞家, 作曲家, 編曲家, ファッションデザイナー","ベース, ボーカル, ギター","L'Arc〜en〜Ciel, 1991年 -, TETSU69 / tetsu / TETSUYA, 2001年 -","SPROUSE , (2001年 - 2003年、2015年、2020年), Ki/oon Records, Ki/oon Music, (2007年 - 2012年), EMI Records Japan, (2016年 - 2019年), LDH Records, (2020年)","L'Arc〜en〜Ciel, 室姫深","","https://ja.wikipedia.org/wiki/Tetsuya","Category_日本のオルタナティヴ・ロック・ミュージシャン","https://ja.wikipedia.org/wiki/Category:日本のオルタナティヴ・ロック・ミュージシャン"
"徳永憲"," 徳永 憲 （とくなが けん、 1971年 - ）は 日本 の シンガーソングライター 、 ギタリスト 。 滋賀県 出身。","","","日本 東京都","1971年","","アシッドフォーク、 パワー・ポップ","シンガーソングライター","","1995年 - 現在","ポニーキャニオン →デンジャークルー・レコード→MULE RECORDS→WAIKIKI RECORD","","","https://ja.wikipedia.org/wiki/徳永憲","Category_日本のオルタナティヴ・ロック・ミュージシャン","https://ja.wikipedia.org/wiki/Category:日本のオルタナティヴ・ロック・ミュージシャン"
"トクマルシューゴ"," トクマル シューゴ （ 1980年 5月29日 - ）は、日本の ミュージシャン である。東京都出身。","","Shugo Tokumaru","東京都","( 1980-05-29 ) 1980年 5月29日 （41歳）","","インディー・ロック, インディー・ポップ, インディー・フォーク","ミュージシャン","ボーカル, ギター, 玩具","2004年 -現在","P-VINE RECORDS, ポリバイナル・レコーズ , Music Related, Compare Notes, Active Suspension, Lil' Chief, StarTime International","イトケン 、 田中馨 、岸田佳也、ユミコ、シャンソンシゲル、 GELLERS 、","","https://ja.wikipedia.org/wiki/トクマルシューゴ","Category_日本のオルタナティヴ・ロック・ミュージシャン","https://ja.wikipedia.org/wiki/Category:日本のオルタナティヴ・ロック・ミュージシャン"
"Toshl"," Toshl （とし、 1965年 〈昭和40年〉 10月10日 - ）は、 日本 の ミュージシャン 、 ボーカリスト 、 音楽プロデューサー 、 コンポーザー 、 執筆家 、 画家 。 ロックバンド ・ X JAPAN の ボーカリスト 。身長168cm。血液型A型。本名は 出山 利三 （でやま としみつ）。2010年2月9日  、名前の表記を 大文字 だけの TOSHI から Toshl に変更   。最後の文字は大文字のアイではなく小文字のエルである。","出山 利三（でやま としみつ）","TOSHI、Toshi、龍玄とし ","日本 ・ 千葉県 館山市","( 1965-10-10 ) 1965年 10月10日 （55歳）","","J-POP, ロック, ヘヴィメタル","ボーカリスト, ミュージシャン, プロデューサー","ボーカル, ギター, ピアノ","1989年 -","ユニバーサルミュージック","X JAPAN","","https://ja.wikipedia.org/wiki/Toshl","Category_日本のオルタナティヴ・ロック・ミュージシャン","https://ja.wikipedia.org/wiki/Category:日本のオルタナティヴ・ロック・ミュージシャン"
"中村和彦 (ミュージシャン)"," 中村 和彦 （なかむら かずひこ、 1984年 〈 昭和 59年〉 4月24日 - ）は、日本の ミュージシャン ・ ベーシスト 。ロックバンド・ 9mm Parabellum Bullet でベースを担当する。","","","日本 宮城県 仙台市","( 1984-04-24 ) 1984年 4月24日 （37歳）","","ロック 、 ポップス （ J-POP ）","ベーシスト, 作曲家","ベース","2004年 -","","9mm Parabellum Bullet","","https://ja.wikipedia.org/wiki/中村和彦_(ミュージシャン)","Category_日本のオルタナティヴ・ロック・ミュージシャン","https://ja.wikipedia.org/wiki/Category:日本のオルタナティヴ・ロック・ミュージシャン"
"七尾旅人"," 七尾 旅人 （ななお たびと、 1979年 8月20日 - ）は、 日本 の シンガーソングライター 。 高知県 高知市 出身。","","","日本 高知県","( 1979-08-20 ) 1979年 8月20日 （41歳）","","ギターポップ, インディー・ポップ, ドリーム・ポップ, シューゲイザー, エレクトロニカ, ノイズポップ, 実験音楽","シンガーソングライター","","1998年 -","Sony (1998-2000), Wonderground Music (2002-2007), Heartfast (2007), ブルース・インターアクションズ - Felicity (2009-)","","","https://ja.wikipedia.org/wiki/七尾旅人","Category_日本のオルタナティヴ・ロック・ミュージシャン","https://ja.wikipedia.org/wiki/Category:日本のオルタナティヴ・ロック・ミュージシャン"
"NARASAKI"," NARASAKI は、 日本 の ミュージシャン 、 ギタリスト 、 音楽プロデューサー 。","奈良崎伸毅","渡五郎, qwerty, NARAMETAL","日本 , 東京都","( 1969-04-03 ) 1969年 4月3日 （52歳）","","スラッシュメタル, デスメタル, グラインドコア, ヘヴィメタル, シューゲイザー, ネオアコ, ボサノヴァ, グランジ, ノイズロック, テクノ, エレクトロニカ, イージーリスニング, ニュー・ウェイヴ, CM 音楽, 劇中音楽","ギタリスト, ボーカリスト, 音楽プロデューサー, 作詞家, 作曲家, 編曲家","ギター, ボーカル","1991年 -","","臨終懺悔 , DEF.MASTER , COALTAR OF THE DEEPERS, 特撮, Sadesper Record, マッハトリガー","","https://ja.wikipedia.org/wiki/NARASAKI","Category_日本のオルタナティヴ・ロック・ミュージシャン","https://ja.wikipedia.org/wiki/Category:日本のオルタナティヴ・ロック・ミュージシャン"
"野田洋次郎"," 野田 洋次郎 （のだ ようじろう、 1985年 7月5日 - ）は、 日本 の シンガーソングライター 、 俳優 。 ロック バンド ・ RADWIMPS の ボーカル 、 ギター 、 キーボード 担当であり  、ほとんどの曲で作詞・作曲を手掛ける  。ソロ活動の名義は「 illion 」。 東京都 出身。身長180cm。血液型はA型  。 慶應義塾大学環境情報学部 中退した。","野田 洋次郎","illion（ソロ名義）","日本 ・ 神奈川県","( 1985-07-05 ) 1985年 7月5日 （35歳）","","ロック, J-POP","シンガーソングライター, 作詞家, 作曲家, ギタリスト, 俳優","ボーカル, ギター, ベース, ドラム, ピアノ, キーボード, ヴァイオリン","2001年 -","EMI RECORDS","RADWIMPS","","https://ja.wikipedia.org/wiki/野田洋次郎","Category_日本のオルタナティヴ・ロック・ミュージシャン","https://ja.wikipedia.org/wiki/Category:日本のオルタナティヴ・ロック・ミュージシャン"
"Hyde"," hyde （ハイド、本名：寶井 秀人（たからい ひでと  ）、 1969年 1月29日  - ）は、 日本 の ミュージシャン 、 ボーカリスト 、 シンガーソングライター 、 音楽プロデューサー 。","寶井 秀人（たからい ひでと  ）","HYDE, HYDE P'UNK, HYDE DARK, HIDE","日本 ・ 和歌山県 和歌山市","( 1969-01-29 ) 1969年 1月29日 （52歳）","","ロック, ポップ・ロック, ニュー・ウェイヴ, オルタナティヴ・ロック, ハードロック","ボーカリスト, シンガーソングライター, ギタリスト, 作詞家, 作曲家, 編曲家, 音楽プロデューサー, ファッションデザイナー","ボーカル, ギター, ブルースハープ, ピアノ, キーボード, サクソフォーン","L'Arc〜en〜Ciel, 1991年 -, HYDE, 2001年 -, VAMPS, 2008年 - 2017年","HAUNTED RECORDS , （2001年 - 2009年）, Virgin Music, （2018年 - ）","L'Arc〜en〜Ciel, VAMPS, K.A.Z, HALLOWEEN JUNKY ORCHESTRA","","https://ja.wikipedia.org/wiki/Hyde","Category_日本のオルタナティヴ・ロック・ミュージシャン","https://ja.wikipedia.org/wiki/Category:日本のオルタナティヴ・ロック・ミュージシャン"
"灰野敬二"," 灰野 敬二 （はいの けいじ、 1952年 5月3日 - ）は、 日本 の ミュージシャン 。 千葉県 市川市 生まれ  、 埼玉県 川越市 育ち  。1970年代より活動。日本国内におけるアヴァンギャルドなミュージックシーンにおいては最古参の人物であり、ボックスセット『魂の純愛』や『ロスト・アラーフ』『天乃川』といった作品でうかがえるアプローチを十代の頃から深め続けている。リリースしたレコードやCDはほとんどがインディペンデント流通で、100を超える厖大な点数のため全体像を把握するのは困難。","","","日本 千葉県","( 1952-05-03 ) 1952年 5月3日 （69歳）","","アヴァンギャルド , ジャズ , エクスペリメンタル・ロック , ノイズ , 自由即興 （ 英語版 ） , ノイズロック , オルタナティヴ・ロック ","ミュージシャン","ボーカル, ギター, ドラムス, パーカッション, ハーディ・ガーディ, 民族楽器","1971年 -","","ロストアラーフ, 不失者","","https://ja.wikipedia.org/wiki/灰野敬二","Category_日本のオルタナティヴ・ロック・ミュージシャン","https://ja.wikipedia.org/wiki/Category:日本のオルタナティヴ・ロック・ミュージシャン"
"PATA"," PATA （パタ、本名： 石塚 智昭 （いしづか ともあき）、 1965年 〈昭和40年〉 11月4日 - ）は、日本の ギタリスト 。 ロックバンド 、 X JAPAN のメンバー。 千葉県 千葉市 出身。 血液型 はB型。ステージネーム（屋号）はPATAだが、ファンからは「石塚（大）先生」と呼ばれている。由来は、漫画「 パタリロ！ 」の主人公である「 パタリロ・ド・マリネール8世 」から。同単行本の44巻にPATA本人が登場している。","石塚 智昭（いしづか ともあき）","","日本 , 千葉県 千葉市","( 1965-11-04 ) 1965年 11月4日 （55歳）","","ロック 、 ハードロック 、 ヘヴィメタル","ギタリスト","ギター","1980年〜現在","","X JAPAN 、 Ra:IN","","https://ja.wikipedia.org/wiki/PATA","Category_日本のオルタナティヴ・ロック・ミュージシャン","https://ja.wikipedia.org/wiki/Category:日本のオルタナティヴ・ロック・ミュージシャン"
"ピエール中野"," ピエール中野 （ピエールなかの、 1980年 7月18日 - ）は 日本 の ロックバンド ・ 凛として時雨 の ドラマー 。凛として時雨以外にも数々のバンド・ユニットにドラマーとして参加（ 後述 ）。また、 DJピエール中野 名義で DJ 、 クールJ 名義でヒップホップユニット・玉筋クールJ太郎の MC も務める。本名は 中野 正敏 （なかの まさとし）。 埼玉県 越谷市 出身  。愛称は「 ピ様 」。","中野 正敏","DJピエール中野, クールJ","日本 埼玉県 越谷市","( 1980-07-18 ) 1980年 7月18日 （40歳）","","ロック","ドラマー, DJ","ドラムス, ターンテーブル, アコースティックギター, MC","2003年 -","ソニー・ミュージックアソシエイテッドレコーズ","凛として時雨, 大森靖子, ZiNG","","https://ja.wikipedia.org/wiki/ピエール中野","Category_日本のオルタナティヴ・ロック・ミュージシャン","https://ja.wikipedia.org/wiki/Category:日本のオルタナティヴ・ロック・ミュージシャン"
"Hide"," hide （ヒデ、本名：松本 秀人〈まつもと ひでと〉  、 1964年 〈昭和39年〉 12月13日   - 1998年 〈平成10年〉 5月2日 ）は、 日本 の ミュージシャン 、 ギタリスト 、 歌手 、 プロデューサー  。 神奈川県 横須賀市 出身  。1987年から1997年まで X JAPAN （旧名：X）のギタリストとして HIDE 名義で活動   。2007年のX JAPAN活動再開以降も正式メンバーとして在籍。1989年にアルバム『 BLUE BLOOD 』でXのメンバーとして メジャーデビュー  。 愛称は「 ヒデさん 」、「 ヒデくん 」、「 ヒデちゃん 」。身長170cm。血液型AB型。","松本 秀人（まつもと ひでと）","","日本 ・ 神奈川県 横須賀市","( 1964-12-13 ) 1964年 12月13日","( 1998-05-02 ) 1998年 5月2日 （33歳没）","オルタナティヴ・ロック, ヘヴィメタル, インダストリアル・ロック ポップ","音楽家, シンガーソングライター, 音楽プロデューサー","ギター, ボーカル, ベース","1981年 - 1998年","MCAビクター （1993 - 1997）, ユニバーサルビクター（1997 - 2000）, ユニバーサルJ （2000 - ）","X JAPAN, I.N.A, zilch, 横須賀サーベルタイガー","","https://ja.wikipedia.org/wiki/Hide","Category_日本のオルタナティヴ・ロック・ミュージシャン","https://ja.wikipedia.org/wiki/Category:日本のオルタナティヴ・ロック・ミュージシャン"
"ひみつのはぐ"," ひみつのはぐ （ himitsunohug とも表記。 2月7日 – ）は、 日本 の ミュージシャン 、 アートディレクター 、 編集者 。血液型はB型。本名は和田あずさ（わだ　あずさ）。","和田あずさ","","日本 ・ 埼玉県 さいたま市","","","J-POP 、 オルタナティブ・ロック","シンガーソングライター 、 アーティスト 、 アートディレクター 、 編集者","ボーカル","2009年 -","daisies records （2012年 - ）","","","https://ja.wikipedia.org/wiki/ひみつのはぐ","Category_日本のオルタナティヴ・ロック・ミュージシャン","https://ja.wikipedia.org/wiki/Category:日本のオルタナティヴ・ロック・ミュージシャン"
"藤原基央"," 藤原 基央 （ふじわら もとお、 1979年 4月12日 - ）は、 日本 の ミュージシャン 、 シンガーソングライター 。 ロック バンド ・ BUMP OF CHICKEN の ボーカリスト 兼 ギタリスト 。 千葉県 佐倉市 出身。既婚。未年・ 牡羊座  。","","MOTOO FUJIWARA","日本 ・ 千葉県 佐倉市","( 1979-04-12 ) 1979年 4月12日 （42歳）","","ロック, ポップス ( J-POP )","シンガーソングライター, ボーカリスト, ギタリスト","ボーカル, ギター, ブルースハープ, ベース, ブズーキ, グロッケン, バンジョー, フラットマンドリン, ピアノ, キーボード, シンセサイザー, ハーモニカ","1996年 -","ハイラインレコーズ, （ 1998年 - 2000年 ）, トイズファクトリー, （2000年 - ）","BUMP OF CHICKEN, MOR","","https://ja.wikipedia.org/wiki/藤原基央","Category_日本のオルタナティヴ・ロック・ミュージシャン","https://ja.wikipedia.org/wiki/Category:日本のオルタナティヴ・ロック・ミュージシャン"
"細野晴臣"," 細野 晴臣 （ほその はるおみ、 1947年 7月9日 - ）は、 日本 の ミュージシャン 。","","ハリー, ハリー細野, 宇野主水, 西原朱夏","日本 東京都 港区","( 1947-07-09 ) 1947年 7月9日 （73歳）","","ロック, フュージョン, エキゾチカ, テクノポップ, アンビエント, エレクトロニカ, ワールドミュージック, ニューエイジ","ミュージシャン, ベーシスト, シンガーソングライター, 作曲家, 編曲家, 音楽プロデューサー","ボーカル, ベース, ギター, ピアノ, キーボード, シンセサイザー, シンセベース, オルガン, ドラムス, ヴィブラフォン, パーカッション, マンドリン, リゾネーター・ギター, シロフォン, マリンバ, 三味線, スティールパン","1969年 -","ベルウッド・レコード, （1973年 - 1975年）, 日本クラウン / パナム, （1975年 - 1977年）, アルファレコード, （1978年 - 1982年）, アルファレコード /YEN, （1982年 - 1984年）, テイチク / ノン・スタンダード、モナド, （1984年 - 1987年）, エピック・ソニー, （1987年 - 1996年）, エイベックス / cutting edge /daisyworld discs, （1996年 - 2003年）, コロムビアミュージックエンタテインメント → 日本コロムビア /daisyworld discs, （2008年 - 2009年）, SPEEDSTAR /daisyworld discs, （2006年 - ）","エイプリル・フール, はっぴいえんど, ティン・パン・アレー, イエロー・マジック・オーケストラ, フレンズ・オブ・アース, HIS, スケッチ・ショウ, ヒューマン・オーディオ・スポンジ","","https://ja.wikipedia.org/wiki/細野晴臣","Category_日本のオルタナティヴ・ロック・ミュージシャン","https://ja.wikipedia.org/wiki/Category:日本のオルタナティヴ・ロック・ミュージシャン"
"細美武士"," 細美 武士 （ほそみ たけし、 1973年 2月22日 - ）は、 日本 の ミュージシャン 。 千葉県 香取市 出身。 ロック バンド ・ ELLEGARDEN のボーカリスト兼ギタリスト。 the HIATUS 、the LOW-ATUS、 MONOEYES のメンバーとしても活動する。身長168cm、血液型A型。既婚。","","","日本 千葉県 香取市","( 1973-02-22 ) 1973年 2月22日 （48歳）","","メロディック・ハードコア, パンク・ロック, オルタナティヴ・ロック, エモ, ポップ・パンク, パワーポップ, アートロック, エレクトロニカ","ミュージシャン, シンガーソングライター","ボーカル, ギター, ループサンプラー","1998年 -","","ELLEGARDEN, the HIATUS, the LOW-ATUS, MONOEYES","","https://ja.wikipedia.org/wiki/細美武士","Category_日本のオルタナティヴ・ロック・ミュージシャン","https://ja.wikipedia.org/wiki/Category:日本のオルタナティヴ・ロック・ミュージシャン"
"ホリエアツシ"," ホリエアツシ （ 1978年 7月8日 - ）は 日本 の ミュージシャン 、 ボーカリスト 、 ギタリスト 、 作詞家 ･ 作曲家 であり、 ストレイテナー の ボーカル 、 ギター 、 ピアノ 、 シンセサイザー 担当。「ent」という名義でソロでも活動している。","","ent","日本 ・ 長崎県 長崎市","( 1978-07-08 ) 1978年 7月8日 （42歳）","","オルタナティヴ・ロック, インディー・ロック, ポストロック, エレクトロニカ","シンガーソングライター, ボーカリスト, ギタリスト, 作詞家, 作曲家","ボーカル, ギター, キーボード, シンセサイザー","1998年 -","","ストレイテナー, FULLARMOR","","https://ja.wikipedia.org/wiki/ホリエアツシ","Category_日本のオルタナティヴ・ロック・ミュージシャン","https://ja.wikipedia.org/wiki/Category:日本のオルタナティヴ・ロック・ミュージシャン"
"増川弘明"," 増川 弘明 （ますかわ ひろあき、 1979年 12月20日 - ）は、日本の ロック バンド ・ BUMP OF CHICKEN の ギタリスト 。 千葉県 佐倉市 出身。 左利き （ ギター は 右利き 用）。 千葉県立佐倉高等学校 卒業、 中央大学 理工学部 中退。未年・ 射手座  。","","","日本 ・ 千葉県 佐倉市","( 1979-12-20 ) 1979年 12月20日 （41歳）","","ロック, オルタナティヴ・ロック, ポップ・ロック, インディー・ロック, エレクトロニカ","ギタリスト","ギター","1996年 -","TOY'S FACTORY","BUMP OF CHICKEN","","https://ja.wikipedia.org/wiki/増川弘明","Category_日本のオルタナティヴ・ロック・ミュージシャン","https://ja.wikipedia.org/wiki/Category:日本のオルタナティヴ・ロック・ミュージシャン"
"松田晋二"," 松田晋二 （まつだ しんじ、 1978年 5月24日 - ）は、日本の ドラマー 。 THE BACK HORN の ドラム 担当。 福島県 東白川郡 塙町 出身。バンドのリーダー。通称は「マツ」。","松田 晋二","","日本 ・ 福島県 東白川郡 塙町","( 1978-05-24 ) 1978年 5月24日 （43歳）","","オルタナティヴ・ロック","ドラマー","ドラムス","1998年 -","SPEEDSTAR RECORDS （ 2001年 - ）","THE BACK HORN","","https://ja.wikipedia.org/wiki/松田晋二","Category_日本のオルタナティヴ・ロック・ミュージシャン","https://ja.wikipedia.org/wiki/Category:日本のオルタナティヴ・ロック・ミュージシャン"
"光村龍哉"," 光村 龍哉 （みつむら たつや、 1985年 9月8日 - ）は、日本の ミュージシャン 、 シンガーソングライター 、 ギタリスト 、 作詞家 ・ 作曲家 。 NICO Touches the Walls の ボーカル 、 ギター を担当していた。愛称は『みっちゃん』。血液型はAB型。","光村 龍哉","","日本 千葉県 浦安市","( 1985-09-08 ) 1985年 9月8日 （35歳）","","J-POP, ロック","ミュージシャン, 作詞家, 作曲家, ボーカリスト, ギタリスト, シンガーソングライター","ボーカル, ギター","2004年 -","セーニャ・アンド・カンパニー, （ 2006年 - 2007年 ）, Ki/oon Records, （2007年 - 2012年 3月）, Ki/oon Music, （2012年4月 - ）","NICO Touches the Walls, 河原光","","https://ja.wikipedia.org/wiki/光村龍哉","Category_日本のオルタナティヴ・ロック・ミュージシャン","https://ja.wikipedia.org/wiki/Category:日本のオルタナティヴ・ロック・ミュージシャン"
"向井秀徳"," 向井 秀徳 （むかい しゅうとく、本名読み : ひでのり、 1973年 10月26日 - ）は、 日本 の ミュージシャン 。 ナンバーガール 、 ZAZEN BOYS のボーカリスト兼ギター。既婚。","向井 秀徳（むかい ひでのり）","無戒秀徳, 向畑徳徳, 向井徳次郎","日本 佐賀県 三養基郡 北茂安町 （現・ みやき町 ）","( 1973-10-26 ) 1973年 10月26日 （47歳）","","ロック, オルタナティヴ・ロック, インディー・ロック, ポスト・ロック, エレクトロニカ, 実験音楽","ミュージシャン, シンガーソングライター, ギタリスト, レコーディング・エンジニア","ボーカル, ギター, キーボード, 三味線","1995年 -","MATSURI STUDIO","ナンバーガール （1995年 - 2002年 2019年 - ）, ZAZEN BOYS （2003年 - ）, KIMONOS （2010年 - ）","","https://ja.wikipedia.org/wiki/向井秀徳","Category_日本のオルタナティヴ・ロック・ミュージシャン","https://ja.wikipedia.org/wiki/Category:日本のオルタナティヴ・ロック・ミュージシャン"
"MORRIE"," MORRIE （モーリー、 1964年 （ 昭和 39年） 3月4日 (魚座) - ）は、 日本 の ヴォーカリスト 、 ミュージシャン 。 兵庫県 龍野市 （現 たつの市 ）出身。 神戸市外国語大学 学科卒業。血液型 A型 。ソロ活動と並行して、ロックバンド「 DEAD END 」、ソロプロジェクト「 Creature Creature 」のヴォーカルを務める。妻は ヴァイオリニスト のHeather Paauweで、MORRIEのソロ活動にも参加している。","大塚基之","","日本 兵庫県 龍野市 （現 たつの市 ）","( 1964-03-04 ) 1964年 3月4日 （57歳）","","ロック 、 ヘヴィメタル","ヴォーカリスト, 作詞家, 作曲家","ボーカル 、 ギター","1986年 -","BMGビクター /ariola, Danger Crue Records, Psyche Records","DEAD END, Creature Creature","","https://ja.wikipedia.org/wiki/MORRIE","Category_日本のオルタナティヴ・ロック・ミュージシャン","https://ja.wikipedia.org/wiki/Category:日本のオルタナティヴ・ロック・ミュージシャン"
"百々和宏"," 百々 和宏 （もも かずひろ、 1972年 11月2日 - ）は、 日本 の ミュージシャン 、 シンガーソングライター 。 MO'SOME TONEBENDER の ボーカル 、 ギター 。 福岡県 福岡市 出身  。","","","日本 福岡県 福岡市","( 1972-11-02 ) 1972年 11月2日 （48歳）","","ロック, ポップ・ミュージック","","","1997年 -","日本コロムビア","MO'SOME TONEBENDER, geek sleep sheep","","https://ja.wikipedia.org/wiki/百々和宏","Category_日本のオルタナティヴ・ロック・ミュージシャン","https://ja.wikipedia.org/wiki/Category:日本のオルタナティヴ・ロック・ミュージシャン"
"山内総一郎"," 山内 総一郎 （やまうち そういちろう、 1981年 〈 昭和 56年〉 10月25日 - ）は、日本の ミュージシャン ・ シンガーソングライター 。","山内 総一郎","","日本 大阪府 茨木市","( 1981-10-25 ) 1981年 10月25日 （39歳）, 日本 大阪府 茨木市","","J-POP 、 ロック","ミュージシャン, シンガーソングライター","ボーカル 、 ギター","2003年 -","東芝EMI / EMI Music Japan, （ 2004 - 2009年 ）, SMAR （ 2010年 - ）","フジファブリック （ 2003年 - ）","","https://ja.wikipedia.org/wiki/山内総一郎","Category_日本のオルタナティヴ・ロック・ミュージシャン","https://ja.wikipedia.org/wiki/Category:日本のオルタナティヴ・ロック・ミュージシャン"
"山口一郎 (歌手)"," 山口 一郎 （やまぐち いちろう、 1980年 9月8日 - ）は、 日本 の ミュージシャン 。 ロック バンド ・ サカナクション の ボーカリスト 兼 ギタリスト 。","山口 一郎","","日本 北海道 小樽市","( 1980-09-08 ) 1980年 9月8日 （40歳）","","ロック, テクノ","ミュージシャン","ボーカル, ギター","1998年 -","BabeStar Label, （ 2007年 - 2008年 ）, ビクターエンタテインメント, （ 2009年 - 2015年 ）, NF Records, (2015年 - ）","サカナクション","","https://ja.wikipedia.org/wiki/山口一郎_(歌手)","Category_日本のオルタナティヴ・ロック・ミュージシャン","https://ja.wikipedia.org/wiki/Category:日本のオルタナティヴ・ロック・ミュージシャン"
"山田将司 (ミュージシャン)"," 山田 将司 （やまだ まさし、 1979年 10月8日 - ）は、日本の ミュージシャン である。 ロックバンド ・ THE BACK HORN の ボーカル 担当。 茨城県 出身。","山田 将司","将司 他","日本 ・ 茨城県","( 1979-10-08 ) 1979年 10月8日 （41歳）","","オルタナティヴ・ロック","ミュージシャン","ボーカル, ベース, ギター","1998年 -","SPEEDSTAR RECORDS （ 2001年 - ）","THE BACK HORN","","https://ja.wikipedia.org/wiki/山田将司_(ミュージシャン)","Category_日本のオルタナティヴ・ロック・ミュージシャン","https://ja.wikipedia.org/wiki/Category:日本のオルタナティヴ・ロック・ミュージシャン"
"山中さわお"," 山中 さわお （やまなか さわお、本名: 山中 沢男 （読み同じ）、 1968年 12月7日 - ）は、 日本 の シンガーソングライター 。 オルタナティヴ・ロック バンド 、 the pillows の リーダー であり、 ボーカル と ギター を担当。 北海道 札幌市 生まれ、 小樽市 銭函 育ち。 北海高等学校 卒業。 血液型 は B型 。","山中 沢男","さわお","日本 ・ 北海道 札幌市","( 1968-12-07 ) 1968年 12月7日 （52歳）","","オルタナティヴ・ロック","シンガーソングライター","ボーカル 、 ギター","1986年 - 1989年, （ コインロッカー・ベイビーズ ）, 1989年 -, （ the pillows ）","DELICIOUS LABEL (ソロ活動), (2010年 - )","コインロッカー・ベイビーズ, the pillows, 林英男, THE PREDATORS, The Bumps, Casablanca, 鈴木淳, 吉田仁","","https://ja.wikipedia.org/wiki/山中さわお","Category_日本のオルタナティヴ・ロック・ミュージシャン","https://ja.wikipedia.org/wiki/Category:日本のオルタナティヴ・ロック・ミュージシャン"
"やまもとひかる"," やまもとひかる は、 日本 の ベーシスト 、 シンガーソングライター 、 ミュージシャン 。","","","日本","","","J-POP, オルタナティヴ・ロック","シンガーソングライター, ベーシスト","ボーカル, ベース, シンセベース","2018年 -","ソニー・ミュージックエンタテインメント （ 2019年 - ）","","","https://ja.wikipedia.org/wiki/やまもとひかる","Category_日本のオルタナティヴ・ロック・ミュージシャン","https://ja.wikipedia.org/wiki/Category:日本のオルタナティヴ・ロック・ミュージシャン"
"ゆうらん船"," ゆうらん船 は、 日本 の バンド 。 2016年 結成、Vo/G 内村イタル、B/本村拓磨、Key/伊藤里文、Pf/永井秀和、Dr/砂井慧により構成される ロックバンド 。","","","日本 神奈川県","","","ロック, フォーク, カントリー, オルタナティブ・ロック","","","2016年 -","COMPLEX (2018) 、 O.O.C RECORDS (2020-)","","内村イタル（ ギター ・ ボーカル ）, 伊藤里文（ キーボード ）, 永井秀和（ ピアノ ）, 本村拓磨（ ベース ）, 砂井慧（ ドラムス ）","https://ja.wikipedia.org/wiki/ゆうらん船","Category_日本のオルタナティヴ・ロック・ミュージシャン","https://ja.wikipedia.org/wiki/Category:日本のオルタナティヴ・ロック・ミュージシャン"
"Yukihiro"," yukihiro （ユキヒロ、 1968年 11月24日 - ）は、 日本 の ミュージシャン 、 ドラマー 、 シンガーソングライター 。","淡路 幸宏（あわじ ゆきひろ）","YUKIHIRO, Yukihiro, YUKI P'UNK","日本 ・ 千葉県 市川市","( 1968-11-24 ) 1968年 11月24日 （52歳）","","ロック, オルタナティヴ・ロック, インダストリアル, テクノ, ハウス, エレクトロニカ, シューゲイザー","ドラマー, シンガーソングライター, ギタリスト, ベーシスト, DJ, 作詞家, 作曲家, 編曲家","ドラム, ボーカル, ギター, ベース, DJ, ピアノ, キーボード, シンセサイザー, サンプラー","ZI:KILL, 1989年 - 1990年, DIE IN CRIES, 1991年 - 1995年, L'Arc〜en〜Ciel, 1998年 -, acid android, 2001年 -, geek sleep sheep, 2012年 -","Danger Crue Records, （1995年 - 2000年）, track on drugs records , （2001年 - 現在）, Ki/oon Records, （2001年、2003年 - 2006年）","L'Arc〜en〜Ciel, acid android, geek sleep sheep","","https://ja.wikipedia.org/wiki/Yukihiro","Category_日本のオルタナティヴ・ロック・ミュージシャン","https://ja.wikipedia.org/wiki/Category:日本のオルタナティヴ・ロック・ミュージシャン"
"雪見だいふくの中身になりたい人生だった"," 雪見だいふくの中身になりたい人生だった （ゆきみだいふくのなかみになりたいじんせいだった）は、 さの。 主宰のバンド形式によるプロジェクト。アーティスト。2019年4月頃より始動。自主レーベル「neconchi recoreds（ねこんちれこーど）」。","","","日本","","","J-POP","","","2019年 -","neconchi records(ねこんちれこーど)","","さの。（ ボーカル ・ ギター ）","https://ja.wikipedia.org/wiki/雪見だいふくの中身になりたい人生だった","Category_日本のオルタナティヴ・ロック・ミュージシャン","https://ja.wikipedia.org/wiki/Category:日本のオルタナティヴ・ロック・ミュージシャン"
"LEO今井"," LEO今井 （レオ いまい / Leo Imai 1981年 7月24日 - ）は、 日本 の ミュージシャン 。 東京都 杉並区 出身。本名：今井 アレクサンダー レオ（Leo Alexander Imai）。 ロンドン大学 を経て、 オックスフォード大学 大学院 卒。","今井 アレクサンダー レオ","","東京都 杉並区","( 1981-07-24 ) 1981年 7月24日 （39歳）","","アートロック ・ オルタナティブ","シンガーソングライター","ギター ・ ピアノ ・ シンセサイザー","2006年 -","UUtwo Records（2006-2007）, EMI Music Japan ・ Virgin Music （2007-）","向井秀徳 、 吉田一郎 、 いしわたり淳治","","https://ja.wikipedia.org/wiki/LEO今井","Category_日本のオルタナティヴ・ロック・ミュージシャン","https://ja.wikipedia.org/wiki/Category:日本のオルタナティヴ・ロック・ミュージシャン"
"オルタナティヴ・ロック・ミュージシャン"," オルタナティヴ・ロック ミュージシャン に関するカテゴリ。","","","","","","","","","","","","","https://ja.wikipedia.org/wiki/Category:オルタナティヴ・ロック・ミュージシャン","Category_日本のオルタナティヴ・ロック・ミュージシャン","https://ja.wikipedia.org/wiki/Category:日本のオルタナティヴ・ロック・ミュージシャン"
"日本のロック・ミュージシャン"," 日本 の ロック ミュージシャン に関するカテゴリ。","","","","","","","","","","","","","https://ja.wikipedia.org/wiki/Category:日本のロック・ミュージシャン","Category_日本のオルタナティヴ・ロック・ミュージシャン","https://ja.wikipedia.org/wiki/Category:日本のオルタナティヴ・ロック・ミュージシャン"
