﻿"タイトル","コメント","出生名","別名","出身地","生誕","死没","ジャンル","職業","担当楽器","活動期間","レーベル","共同作業者","メンバー","URL","親リストタイトル","親リストURL"
"飯窪敏彦"," 飯窪 敏彦 （いいくぼ としひこ、 1942年 - ）は、 日本 の 写真家 、 ジャズ コルネット 奏者。","","","","","","","","","","","","","https://ja.wikipedia.org/wiki/飯窪敏彦","Category_日本のジャズ・ミュージシャン","https://ja.wikipedia.org/wiki/Category:日本のジャズ・ミュージシャン"
"石若駿"," 北海道 清里町 生まれ  。 父親が高校教師でブラスバンド部の顧問、母親がピアノ教師だったことから幼少よりジャズやクラシックに触れて育つ。4歳の時に父親に 森山威男 と松風鉱一のライブを見に連れていかれ、森山の叩くドラムの迫力に圧倒されたことがきっかけでおもちゃのドラムセットで遊ぶようになる。5歳になると X JAPAN のライブ映像に衝撃を受け ロック に傾倒し、 電子ドラム で練習するようになる。小学4年生の時、札幌ジュニアジャズスクールの小学生ビッグバンドのオーディションに合格し、本格的にジャズドラムを始める   。 2002年 ～ 2006年 までジャズスクールに在籍し、クリニックで ハービー・ハンコック 、 日野皓正 、 タイガー大越 に出会い多大な影響を受ける  。 13歳よりクラシックパーカッションを始め、 東京芸術大学音楽学部附属音楽高等学校 打楽器専攻を経て、 東京藝術大学 音楽学部 器楽科打楽器専攻を卒業  。","日本 ・ 北海道","","","( 1992-08-16 ) 1992年 8月16日 （31歳）","","ジャズ","ドラマー","ドラム, シンセベース, ピアノ, ヴィブラフォン","2004年 -","Studio TLive Records, SOMETHIN'COOL","日野皓正, TOKU, 常田大希, Answer to Remember, CRCK/LCKS, SMTK","","https://ja.wikipedia.org/wiki/石若駿","Category_日本のジャズ・ミュージシャン","https://ja.wikipedia.org/wiki/Category:日本のジャズ・ミュージシャン"
"泉沢果那"," 愛知県 名古屋市 出身。 祖父が歌手、父がビッグバンドのドラマーをしていた影響から音楽を始める  。高校卒業後、 アメリカ ・ ニューオーリンズ へ留学。 エディー・ボー の弟子となり、彼のライブにレギュラー出演するようになる。 Marcy Rooman にも師事。 アメリカ でライブ活動を開始し、 クラレンス・\"ゲイトマウス\"・ブラウン 、 ジョージ・ポーターJr. 等 数多くの現地ミュージシャンとセッションを行う  。 帰国後 大阪 を中心に、ギタリストの 塩次伸二 や 山岸潤史 、 ワイルド・マグノリアス らのセッションに参加。ブルースピアニスト 有吉須美人 に師事。","","","日本 愛知県","( 1977-11-11 ) 1977年 11月11日 （46歳）, 愛知県 名古屋市 ","","ニューオリンズピアノ","ピアニスト 、 ボーカリスト 、 作曲家 、 作詞家","ピアノ 、 ボーカル","","","","","https://ja.wikipedia.org/wiki/泉沢果那","Category_日本のジャズ・ミュージシャン","https://ja.wikipedia.org/wiki/Category:日本のジャズ・ミュージシャン"
"犬塚弘"," コミックバンド 「 ハナ肇とクレージーキャッツ 」で最後まで存命だった人物で、 昭和 ・ 平成 ・ 令和 時代と3代に渡って存命した唯一のメンバーでもあった  。最終所属は 境事務所 。","犬塚 弘（ひろむ）","","","( 1929-03-23 ) 1929年 3月23日","","","俳優, コメディアン, ベーシスト","","1955年 - 2023年","","","","https://ja.wikipedia.org/wiki/犬塚弘","Category_日本のジャズ・ミュージシャン","https://ja.wikipedia.org/wiki/Category:日本のジャズ・ミュージシャン"
"岩瀬立飛"," 現在の主な使用 ドラムセット は Noble & Cooley 、 シンバル は Zildjan を使用。","","","日本 愛知県 豊橋市","","","","ドラマー, スタジオミュージシャン, 作曲家, 編曲家","ドラムス","","","","","https://ja.wikipedia.org/wiki/岩瀬立飛","Category_日本のジャズ・ミュージシャン","https://ja.wikipedia.org/wiki/Category:日本のジャズ・ミュージシャン"
"梅垣ルナ"," 梅垣ルナ （うめがき るな）は 東京都 出身の 作曲家 、 キーボーディスト 。 ジャズ ・ フュージョン ・ 音楽ユニット 、 Lu7 （エルユーセブン）のリーダー。","","","","","","","","","","","","","https://ja.wikipedia.org/wiki/梅垣ルナ","Category_日本のジャズ・ミュージシャン","https://ja.wikipedia.org/wiki/Category:日本のジャズ・ミュージシャン"
"梅津和時"," 宮城県 仙台市 出身。 宮城県仙台第三高等学校 、 国立音楽大学 卒。大学在学中に ジャズ の世界でプロ活動を始め、 ニューヨーク でフリー・ジャズに目覚める。帰国後は生活向上委員会、生向委（せいこうい）で活動。同バンドは、 生活向上委員会大管弦楽団 と改名して1980年にメジャー・デビューした。梅津を筆頭に 篠田昌已 、 片山広明 、 早川岳晴 等の重要人物を擁していたことで伝説になっているバンドだが、2枚のアルバムを残して解散。","","","日本 宮城県 仙台市","( 1949-10-17 ) 1949年 10月17日 （74歳）","","ジャズ 、 フリー・ジャズ 、 クレズマー","演奏家 、 作曲家","アルト・サックス, ソプラノ・サックス, バスクラリネット","1971年 -","","生活向上委員会大管弦楽団, D.U.B., DANGER, シャクシャイン, こまっちゃクレズマ, KIKI BAND","","https://ja.wikipedia.org/wiki/梅津和時","Category_日本のジャズ・ミュージシャン","https://ja.wikipedia.org/wiki/Category:日本のジャズ・ミュージシャン"
"大井貴司"," 大井 貴司 （おおい たかし、 1947年 10月16日 - ）は、 ジャズ ・ ヴィブラフォン 奏者。 三重県 津市 出身。","","","","","","","","","","","","","https://ja.wikipedia.org/wiki/大井貴司","Category_日本のジャズ・ミュージシャン","https://ja.wikipedia.org/wiki/Category:日本のジャズ・ミュージシャン"
"大久保徳二郎"," 大久保 徳二郎 （おおくぼ とくじろう、 1908年 3月14日 - 1974年 8月19日 ）は、日本の 作曲家 、 編曲家 、 映画音楽家 である。ジャズバンドの サックス奏者 から転向、 作詞家 の 島田磬也 、 歌手 の ディック・ミネ とのチームで 第二次世界大戦 前の テイチクレコード のヒットメーカーだった。","","","","","","","","","","","","","https://ja.wikipedia.org/wiki/大久保徳二郎","Category_日本のジャズ・ミュージシャン","https://ja.wikipedia.org/wiki/Category:日本のジャズ・ミュージシャン"
"太田剣"," 愛知県 渥美郡 渥美町 (現・ 田原市 )出身。 早稲田実業学校高等部 、 早稲田大学 第一文学部卒業。 サクソフォーン は クラシック を 雲井雅人 、 ジャズ を池田篤、 ケニー・ギャレット 、ビンセント・ハーリングらに師事   。 大坂昌彦 、 TOKU 、 小沼ようすけ 、 日野賢二 、小林陽一、Tommy Campbellらのバンドに参加した。2003年～2005年、 クラリオン のTV-CMへの出演・音楽提供  。","","","日本 愛知県 田原市","1970年 6月15日","","ジャズ","","アルト・サクソフォーン","","ユニバーサルミュージック","","","https://ja.wikipedia.org/wiki/太田剣","Category_日本のジャズ・ミュージシャン","https://ja.wikipedia.org/wiki/Category:日本のジャズ・ミュージシャン"
"大高清美"," 埼玉県 出身。幼稚園の頃、教室にあった オルガン をずっと弾いていたため、園の保育師に勧められて、6歳より 電子オルガン を習い始める。同時に そろばん でも実力を発揮し、通っていたそろばん塾で初めての1級取得者となり、中学3年でそろばん2段取得、4年連続で全日本珠算競技大会に出場し3部門共に3位以内に入賞する。","","","日本 ・ 埼玉県 八潮市","","","フュージョン 、 ジャズ 、 プログレッシブ・ロック","オルガニスト 、 作曲家","キーボード","1998年 -","1998年 - subconsious","CASIOPEA 3rd, 川口千里","","https://ja.wikipedia.org/wiki/大高清美","Category_日本のジャズ・ミュージシャン","https://ja.wikipedia.org/wiki/Category:日本のジャズ・ミュージシャン"
"大友良英"," 神奈川県 横浜市 生まれ   。","","","日本 ・ 神奈川県 横浜市","( 1959-08-01 ) 1959年 8月1日 （64歳）, 日本 ・ 神奈川県 横浜市","","ノイズミュージック, 実験音楽, フリージャズ, 映画音楽","ミュージシャン","","","","高柳昌行 、 巻上公一 、 菊地成孔 、Phew、 大友良英ニュー・ジャズ・クインテット 、大友良英ニュー・ジャズ・オーケストラ、 Ground Zero 、","","https://ja.wikipedia.org/wiki/大友良英","Category_日本のジャズ・ミュージシャン","https://ja.wikipedia.org/wiki/Category:日本のジャズ・ミュージシャン"
"大西順子 (ミュージシャン)"," 1967年 京都府 久世郡 城陽町 （現・ 城陽市 ）生まれ。4歳からピアノを始める。 東京都立国立高等学校 に在籍中、兄が持っていた セロニアス・モンク のレコードを聴いて衝撃を受け、ジャズに開眼。卒業後渡米し、ボストンの バークリー音楽院 に学ぶ  。","大西 順子","","日本 京都府 城陽市","( 1967-04-16 ) 1967年 4月16日 （56歳）","","ジャズ","ピアニスト","ピアノ","1989年 - 現在","1992年 - 2009年　Somethin' Else（ EMIミュージック・ジャパン ）, 2010年 - 2013年　 Verve （ ユニバーサル クラシックス アンド ジャズ ）, 2015年 - 2016年　Taboo（ ヴィレッジミュージック ）, 2017年 - 　Somethin'cool","","","https://ja.wikipedia.org/wiki/大西順子_(ミュージシャン)","Category_日本のジャズ・ミュージシャン","https://ja.wikipedia.org/wiki/Category:日本のジャズ・ミュージシャン"
"多忠修"," 多 忠修 （おおの ただおさ、 1913年 7月14日 - 1996年 1月22日 ）は、 日本 の ジャズ ミュージシャン 。筆名、 萩原忠司 。","","","","","","","","","","","","","https://ja.wikipedia.org/wiki/多忠修","Category_日本のジャズ・ミュージシャン","https://ja.wikipedia.org/wiki/Category:日本のジャズ・ミュージシャン"
"岡田勉"," 上智大学 在学中に音楽活動を開始。数々のジャズミュージシャンの作品に参加している。 綾戸智絵 のファースト及びセカンドアルバム、 与世山澄子 のデビューアルバムへの参加などもある。参加作品への楽曲提供も多い。","岡田勉","ベンさん","日本 愛媛県 南宇和郡","( 1948-12-23 ) 1948年 12月23日","( 2013-10-02 ) 2013年 10月2日 （64歳没）","ジャズ","ベーシスト 、 作曲家","ベース","1968年 - 2013年","","","","https://ja.wikipedia.org/wiki/岡田勉","Category_日本のジャズ・ミュージシャン","https://ja.wikipedia.org/wiki/Category:日本のジャズ・ミュージシャン"
"岡本章生"," 1942年 （昭和17年） 11月8日 京都府 生まれ。","","","日本 京都府","( 1942-11-08 ) 1942年 11月8日 （81歳）","","ジャズ 、 歌謡曲","バンドリーダー 、 トランペッター","","1961年 - 現在","","","","https://ja.wikipedia.org/wiki/岡本章生","Category_日本のジャズ・ミュージシャン","https://ja.wikipedia.org/wiki/Category:日本のジャズ・ミュージシャン"
"小沢健二"," 東京大学文学部 に在籍中に、中学時代の同級生である 小山田圭吾 らが結成した ロリポップ・ソニック に参加。1989年にフリッパーズ・ギターに改名し、 ポリスター からメジャーデビューするも1991年に解散。1993年にシングル『 天気読み 』で 東芝EMI からソロデビューして以来、「 ラブリー 」や「 カローラIIにのって 」、 スチャダラパー と共演した楽曲「 今夜はブギー・バック 」などのヒット曲を発表している   。","","","日本 神奈川県 相模原市","( 1968-04-14 ) 1968年 4月14日 （55歳）","","J-POP , ポップス , ジャズ , ソウル , R&B , アンビエント , 渋谷系 ","シンガーソングライター, ミュージシャン, 作詞家, 作曲家, 作詩家, 朗読家","ボーカル, ギター, ドラムス, パーカッション, シンセサイザー","1987年 -","東芝EMI→EMI Records Japan （1992年 - 2014年）, Virgin Music / Universal Music （2017年 - ）","","","https://ja.wikipedia.org/wiki/小沢健二","Category_日本のジャズ・ミュージシャン","https://ja.wikipedia.org/wiki/Category:日本のジャズ・ミュージシャン"
"小田敏文"," 小田 敏文 （おだ としふみ、 1960年 - ）、別名・ 小田ビンブン 、 BINBN は、 作曲家 、 編曲家 、 キーボーディスト 、 歌手 。","","","","","","","","","","","","","https://ja.wikipedia.org/wiki/小田敏文","Category_日本のジャズ・ミュージシャン","https://ja.wikipedia.org/wiki/Category:日本のジャズ・ミュージシャン"
"片山広明"," 高校生の頃アルト・サクソフォーンを始め、後にテナー・サクソフォーンに転向。 國學院大學 を中退し、プロとして活動を始めた。","","","日本 千葉県 野田市","( 1951-03-01 ) 1951年 3月1日","( 2018-11-13 ) 2018年 11月13日 （67歳没）","ジャズ 、 フリー・ジャズ","演奏家","テナー・サクソフォーン","1970年 - 2018年","オーマガトキ, Studio Wee, 地底レコード","生活向上委員会大管弦楽団, D・U・B, DANGER, 渋さ知らズ, デ・ガ・ショー, CO2","","https://ja.wikipedia.org/wiki/片山広明","Category_日本のジャズ・ミュージシャン","https://ja.wikipedia.org/wiki/Category:日本のジャズ・ミュージシャン"
"Katokunnlee"," 名前は メキシコ の覆面レスラーと自身の名字「カトウ」に由来する  。 pLAYA 、 MATALLY 、STARDISH、LIONKINGなどの グループ にて作品をリリースしている  。","","masahiro kato, katokuan lee, n'masa","日本","","","エレクトロニック・ダンス・ミュージック, ハウス, ヒップホップ・ミュージック, ラテン音楽 （ カリビアン ・ ブラジリアン ）, ロック, ソウルミュージック, ファンク, ポップ・ミュージック, エレクトロ, ボサノヴァ, リズム・アンド・ブルース, ブレイクビーツ, テクノ, ジャズ","音楽プロデューサー, 作曲家, リミキサー, サウンドクリエイター, DJ","","2002年 -","Sony Music Records","PLAYA, MATALLY, STARDISH, LIONKING","","https://ja.wikipedia.org/wiki/Katokunnlee","Category_日本のジャズ・ミュージシャン","https://ja.wikipedia.org/wiki/Category:日本のジャズ・ミュージシャン"
"香取良彦"," 香取 良彦 （かとり よしひこ）は、日本の作曲家、編曲家、ヴィブラフォン、マリンバ、キーボード（ピアノ）奏者。 洗足学園音楽大学 教授。","","","","","","","","","","","","","https://ja.wikipedia.org/wiki/香取良彦","Category_日本のジャズ・ミュージシャン","https://ja.wikipedia.org/wiki/Category:日本のジャズ・ミュージシャン"
"紙恭輔"," 紙 恭輔 （かみ きょうすけ、 1902年 9月3日 - 1981年 3月24日 ）は、日本初の本格的 ジャズ プレーヤー   。 作曲家 、 指揮者 。日本の ジャズ ・ 軽音楽 ・ 映画音楽 の草分け     。 広島県 広島市 大手町（現在の同市 中区 大手町 ）生まれ  。岳父は 貴族院 議員 男爵 、日本橋簡易商業夜学校（現在の 中央学院大学 ）初代校長 南岩倉具威 。","","","","","","","","","","","","","https://ja.wikipedia.org/wiki/紙恭輔","Category_日本のジャズ・ミュージシャン","https://ja.wikipedia.org/wiki/Category:日本のジャズ・ミュージシャン"
"河上修"," 1984年にアルバム『Mr. Doublebass』を発表以来、『ミスター・ダブルベース』の異名を持つ。2010年現在で音楽生活40年となる大ベテランである。","","","秋田県","","","ジャズ","ベーシスト","コントラバス(ウッドベース)","","","","","https://ja.wikipedia.org/wiki/河上修","Category_日本のジャズ・ミュージシャン","https://ja.wikipedia.org/wiki/Category:日本のジャズ・ミュージシャン"
"川嶋哲郎"," 川嶋 哲郎 （かわしま てつろう、 1966年 8月9日 - ）は、 日本 の ジャズ ・ サックス 奏者、 洗足学園大学 講師   。","","","","","","","","","","","","","https://ja.wikipedia.org/wiki/川嶋哲郎","Category_日本のジャズ・ミュージシャン","https://ja.wikipedia.org/wiki/Category:日本のジャズ・ミュージシャン"
"川端民生"," 川端民生 （かわばた　たみお、 1947年 7月10日 - 2000年 7月26日 ）は、 北海道 紋別郡 遠軽町  出身の ベーシスト 。 北海道札幌西高等学校 卒業。","","","","","","","","","","","","","https://ja.wikipedia.org/wiki/川端民生","Category_日本のジャズ・ミュージシャン","https://ja.wikipedia.org/wiki/Category:日本のジャズ・ミュージシャン"
"河辺浩市"," 1949年 東京音楽学校 （現 東京芸術大学 ）卒業。作曲を 橋本國彦 、 紙恭輔 に師事。 1951年 同研究科卒業。作曲家の 黛敏郎 は同窓であり、その出世作「10楽器のためのディヴェルティスマン」初演には「石辻桂一」名義で加わっていた。音大卒業と同時に日本交響楽団（現 NHK交響楽団 ）研究員となる。","","河辺公一、石辻桂一","","( 1927-05-03 ) 1927年 5月3日","( 2014-09-03 ) 2014年 9月3日 （87歳没）","","作曲家 ・トロンボーン奏者","トロンボーン","","","","","https://ja.wikipedia.org/wiki/河辺浩市","Category_日本のジャズ・ミュージシャン","https://ja.wikipedia.org/wiki/Category:日本のジャズ・ミュージシャン"
"KANKAWA"," テレビ番組『 11PM 』の番組中の演奏を担当し、ジャズ・オルガン・プレイヤーとして本格的にデビューを果たす。","寒川敏彦","BLUE SMITH","大阪市 日本","","","ジャズ","オルガニスト","オルガン","1972年 - 2020年","","","","https://ja.wikipedia.org/wiki/KANKAWA","Category_日本のジャズ・ミュージシャン","https://ja.wikipedia.org/wiki/Category:日本のジャズ・ミュージシャン"
"神田山陽 (3代目)"," 女満別小学校・女満別中学校・ 北海道網走南ヶ丘高等学校 卒業。高校卒業後、様々なアルバイト等を経て、 1990年 2代目神田山陽 に入門。「神田北陽」を名乗る。趣味はドラム演奏。","稲荷 （ いなり ） 啓之 （ ひろゆき ）","","日本 ・ 北海道 網走郡 女満別町","( 1966-01-14 ) 1966年 1月14日 （57歳）","","","","","1990年 - 2007年, 2017年, 2022年","","","","https://ja.wikipedia.org/wiki/神田山陽_(3代目)","Category_日本のジャズ・ミュージシャン","https://ja.wikipedia.org/wiki/Category:日本のジャズ・ミュージシャン"
"神田広美"," 本名同じ  。身長164cm（ 1977年 の時点）  。 長崎県 諫早市 出身  、 大阪府 岸和田市 育ち  。 一人っ子  。小学6年生の時に CMソング がきっかけで音楽好きになる  。","","野原 理香, 岸田 采子","日本, 長崎県 諫早市","( 1956-11-03 ) 1956年 11月3日 （67歳）","","","歌手 、 作詞家","","","","穂口雄右","","https://ja.wikipedia.org/wiki/神田広美","Category_日本のジャズ・ミュージシャン","https://ja.wikipedia.org/wiki/Category:日本のジャズ・ミュージシャン"
"菊地成孔"," 銚子市立銚子高等学校 を経て、 音楽学校メーザー・ハウス サックス科卒業  。作家の 菊地秀行 は実兄。公式サイトによれば、特定宗教は信仰していないが、好きな宗教は 神道 、 仏教 、 キリスト教 、 イスラム教 、 ヒンドゥー教 、 ユダヤ教 だという。","","","日本 千葉県 銚子市","( 1963-06-14 ) 1963年 6月14日 （60歳）","","ジャズ, モダン・ジャズ, ハード・バップ, ビバップ, ジャズ・ファンク, アフロビート, 実験音楽, 前衛音楽, 映画音楽, ハウス, テクノポップ, ポップス, ヒップホップ, 劇伴","サクソフォーン奏者, バンドマスター, 作曲家, 文筆家, 非常勤講師","サクソフォーン, キーボード, CDJ, ボーカル, ピアノ","1984年 -","","DC/PRG, SPANK HAPPY, ティポグラフィカ, Ground Zero, 東京ザヴィヌルバッハ, KILLER SMELLS, 大友良英ニュー・ジャズ・クインテット, 大谷能生, 菊地成孔ダブ・セクステット, 菊地成孔とペペ・トルメント・アスカラール","","https://ja.wikipedia.org/wiki/菊地成孔","Category_日本のジャズ・ミュージシャン","https://ja.wikipedia.org/wiki/Category:日本のジャズ・ミュージシャン"
"菊地雅章"," 東京都 出身。太平洋戦争中に福島県 会津若松市 に 疎開 。6歳で ピアノ を始め、18歳でプロとして活動開始。1960年代には 美空ひばり 、 渡辺貞夫 、 日野皓正 などと共演。","","プーさん","日本 東京都","1939年 10月19日, 日本 東京都","( 2015-07-06 ) 2015年 7月6日 （75歳没）, アメリカ合衆国 ニューヨーク","ジャズ","","ピアノ 、 キーボード","1958年 - 2015年","","日野皓正, ギル・エヴァンス, ゲイリー・ピーコック, SLASH TRIO","","https://ja.wikipedia.org/wiki/菊地雅章","Category_日本のジャズ・ミュージシャン","https://ja.wikipedia.org/wiki/Category:日本のジャズ・ミュージシャン"
"菊池ひみこ"," 宮城県 仙台市 で生まれ  、宮城県 塩竈市 で育ち、1歳でクラシックピアノを学び始めた。7歳から、 宮城学院女子大学 音楽科の古賀るい子と 東京芸術大学 教授・堀江孝子の指導を受ける  。 ヤマハ エレクトーン コンクールに12歳で出場し、 ヨハン・ゼバスティアン・バッハ の トッカータとフーガ ニ短調 の演奏で第2位を受賞した  。","","","日本 ・宮城県仙台市","( 1953-03-02 ) 1953年 3月2日 （70歳）","","ジャズ 、 フュージョン","ピアニスト 、 キーボード 奏者、 作曲家 、 編曲家","ピアノ 、 キーボード","1979年 -","","","","https://ja.wikipedia.org/wiki/菊池ひみこ","Category_日本のジャズ・ミュージシャン","https://ja.wikipedia.org/wiki/Category:日本のジャズ・ミュージシャン"
"吉川よしひろ"," 吉川 よしひろ （きっかわ よしひろ）は、Cello Solo スタンディング・ チェロ奏者 。 山形県 鶴岡市 大山出身。A.N.Music School卒。（先天的 聴覚障害者 ）“NHK/Eテレ・ドキュメンタリー番組『ろうを生きる・難聴を生きる』” NHK・FM・JAZZ番組『セッション505』に出演、他局のTVでも特集される。2003年2月 NYへ移住。アメリカ政府公認のアーティストビザ取得後・NYで本格的に音楽活動、アメリカ国内での演奏活動と日本全国・世界各地での積極的な音楽活動を展開始める。Jazz・ヒーリング・民族音楽を融合させた幅広い音作りに独自の即興で奏でる一人チェロ・パフォーマンス“奏法”と“講演”を日本各地で展開中。","","","","","","","","","","","","","https://ja.wikipedia.org/wiki/吉川よしひろ","Category_日本のジャズ・ミュージシャン","https://ja.wikipedia.org/wiki/Category:日本のジャズ・ミュージシャン"
"黒田敦司"," 16歳でブルースバンドを結成。 愛知大学 時代にジャズ・ドラム、ボーカルを始める。 中部地区のライブハウスで活動を開始後、 大野俊三 、 中本マリ 、 小林エミ 、 寺田恵子 、 塩次信二 、 ミッキー・カーチス 、 峰厚介 、 土岐英史 、 岡田勉 など、多くの著名ジャズミュージシャンとのセッションを重ねる。俳優・ イッセー尾形 の舞台への参加など、その活動は多岐に及ぶ。 2002年に、ベーシスト 岡田勉 、ピアニスト 後藤浩二 と共にトリオ（岡田組）を結成し、さらに活動を広げる。 2009年には 高松市 文化事業による「Jazz of T-city」アルバム制作にボーカリストとして参加している。","","クロちゃん","日本 岐阜市","( 1959-01-29 ) 1959年 1月29日 （64歳）","","ジャズ","ドラマー 、 ボーカリスト 、 ハーモニカ 奏者","ドラム 、 ボーカル 、 ハーモニカ","1980年 -","","","","https://ja.wikipedia.org/wiki/黒田敦司","Category_日本のジャズ・ミュージシャン","https://ja.wikipedia.org/wiki/Category:日本のジャズ・ミュージシャン"
"黒田和良"," 黒田 和良 （くろだ かずよし、 1971年 10月1日 - ）は 大阪府 出身の ジャズドラマー 。 東住吉高等学校 、 愛知学院大学 法学部卒業。現在、K's presents 代表取締役、 名古屋音楽大学 ジャズポピュラー科非常勤講師。","","","","","","","","","","","","","https://ja.wikipedia.org/wiki/黒田和良","Category_日本のジャズ・ミュージシャン","https://ja.wikipedia.org/wiki/Category:日本のジャズ・ミュージシャン"
"黒田美治"," 旧 福岡藩 大老 ・黒田男爵家（ 三奈木黒田家 ）の次男として、 イギリス の ロンドン にて出生した。妹が後に 板東英二 と結婚したことから、板東の義兄にも当たる。","黒田 美治","","イギリス ロンドン","( 1930-09-25 ) 1930年 9月25日","( 2001-02-28 ) 2001年 2月28日 （70歳没）","カントリー ・ ジャズ","","ギター","1949 - 2001","日本コロムビア ・ 日本ビクター","チャック・ワゴン・ボーイズ, 東京キューバン・ボーイズ","","https://ja.wikipedia.org/wiki/黒田美治","Category_日本のジャズ・ミュージシャン","https://ja.wikipedia.org/wiki/Category:日本のジャズ・ミュージシャン"
"黒田雅之 (サックス奏者)"," 15歳から独学でサクソフォーンを学びはじめ、高校在学中から音楽学校 アン・ミュージック・スクール に在籍。在籍中よりプロ活動をはじめ自主退学し、20歳から奏者・ インストラクター としてプロミュージシャン活動を本格的に開始する。","","crow","日本 京都府 京都市","","","ジャズ, フュージョン, ポップス, ロック, ファンク","音楽家","サクソフォーン, チューバックス, フルート, フルート・ダモーレ, クラリネット, EWI","1995年 -","Diverse System・DDBY","ついったー東方部","","https://ja.wikipedia.org/wiki/黒田雅之_(サックス奏者)","Category_日本のジャズ・ミュージシャン","https://ja.wikipedia.org/wiki/Category:日本のジャズ・ミュージシャン"
"河野康弘"," 大学中退後、 矢沢永吉 のバックバンド、 中村雅俊 の伴奏などを務め、","","","","","","音楽 ・ 政治","","","2006年11月16日 -","","","","https://ja.wikipedia.org/wiki/河野康弘","Category_日本のジャズ・ミュージシャン","https://ja.wikipedia.org/wiki/Category:日本のジャズ・ミュージシャン"
"小島正雄"," 小島 正雄 （こじま まさお、 1913年 〈 大正 2年〉 3月4日 - 1968年 〈 昭和 43年〉 1月20日 ）は、日本の ジャズ 演奏家 ・ 評論家 、 司会者 。愛称はチャーさん。","","","","","","","","","","","","","https://ja.wikipedia.org/wiki/小島正雄","Category_日本のジャズ・ミュージシャン","https://ja.wikipedia.org/wiki/Category:日本のジャズ・ミュージシャン"
"後藤浩二"," 南山大学 在学中より、活動を開始。 峰厚介 ， 大野俊三 ， ケイコ・リー をはじめ、多くのミュージシャンとのセッションを重ねる。 作曲においても、自身のグループへの提供だけでなく、ポップシンガー 竹井詩織里 への提供もある。","","","日本 愛知県","( 1973-01-23 ) 1973年 1月23日 （50歳）","","ジャズ","ピアニスト 、 作曲家","ピアノ 、 キーボード","1993年 -","","","","https://ja.wikipedia.org/wiki/後藤浩二","Category_日本のジャズ・ミュージシャン","https://ja.wikipedia.org/wiki/Category:日本のジャズ・ミュージシャン"
"駒沢さっき"," 2008年からは指の怪我のためダイアトニック・ ハーモニカ のみで音楽活動を続けていたが現在は、怪我をした指を使わない特殊な奏法により エレクトリックベース での活動を再開している。","竹内 真弓","Koma","日本 ・ 長野県","( 1978-08-20 ) 1978年 8月20日 （45歳）","","J-POP","ミュージシャン","ベース","2010年 -, （GG-Bradz）","","","","https://ja.wikipedia.org/wiki/駒沢さっき","Category_日本のジャズ・ミュージシャン","https://ja.wikipedia.org/wiki/Category:日本のジャズ・ミュージシャン"
"レイモンド・コンデ"," レイモンド・コンデ （Raymond Conde、 1916年 1月23日 - 2003年 12月23日 ）は、日本で活躍した フィリピン人 のジャズ・ クラリネット 奏者、ジャズ・シンガー。日本へ 帰化 後は 吉場レイモンド  とも。","","","","","","","","","","","","","https://ja.wikipedia.org/wiki/レイモンド・コンデ","Category_日本のジャズ・ミュージシャン","https://ja.wikipedia.org/wiki/Category:日本のジャズ・ミュージシャン"
"近藤等則"," 愛媛県立今治西高等学校 卒業。 京都大学工学部 から 京都大学文学部 英米文学科 に転じて卒業。 芸名 は20代後半に 占い師 から「名前を変えた方がいい」と言われたことによるもの。","近藤 俊則 ","","日本 愛媛県 今治市","( 1948-12-15 ) 1948年 12月15日","( 2020-10-17 ) 2020年 10月17日 （71歳没）","ジャズ 、 フリージャズ","ミュージシャン 、 作曲家","トランペット","","","","","https://ja.wikipedia.org/wiki/近藤等則","Category_日本のジャズ・ミュージシャン","https://ja.wikipedia.org/wiki/Category:日本のジャズ・ミュージシャン"
"坂田明"," 息子もミュージシャンで、元・バンド「 Polaris 」の ドラマー 坂田学 。","","","日本 ・ 広島県 呉市","( 1945-02-21 ) 1945年 2月21日 （78歳）","","ジャズ","","サクソフォーン","1972年 ～現在","","山下洋輔 、 ジム・オルーク 他","","https://ja.wikipedia.org/wiki/坂田明","Category_日本のジャズ・ミュージシャン","https://ja.wikipedia.org/wiki/Category:日本のジャズ・ミュージシャン"
"佐藤有華"," 幼い頃からピアノを習いはじめその後、音楽の道を志し 洗足学園音楽大学 ジャズコースへ進学、 ジャズピアノ を学ぶ。学生時代は Oscar Peterson 、 Bill Evans 、 Jeo Sample 、 FourPlay 、 上原ひろみ に影響を受けピアニストとして活動を始める。在学中より独学で弾き語りを始め、2015年シンガーソングライターとして1stアルバム「Avanti」をセルフプロデュースで発売。 ジャズ と ポップス を融合させた世界観に好評を得る。 Norah Jones 、 Carpenters 、 松任谷由実 、 玉置浩二 、 中島美嘉 などから影響を受け、オリジナルの他、カバー曲のレパートリーも多く歌っている。 全国各地での公演の他、作家として楽曲提供も行う。","","","日本 宮城県 仙台市","","","ジャズ ・ ポップス","シンガーソングライター","ヴォーカル ・ ピアノ","2006年 -","","","","https://ja.wikipedia.org/wiki/佐藤有華","Category_日本のジャズ・ミュージシャン","https://ja.wikipedia.org/wiki/Category:日本のジャズ・ミュージシャン"
"三遊亭右紋"," 明治学院大学 卒業。 三代目柳家権太楼 とは明治学院大学 落研 の同期で、卒業後は大手アパレル企業に就職したが、権太楼（当時ほたる）から 三代目三遊亭圓右 を紹介されて 1972年 4月に入門、「右紋」を名乗る。 1976年 11月、二ツ目昇進。 1987年 5月、 柳亭楽輔 と共に真打昇進。","中沢 （ なかざわ ） 輝夫 （ てるお ）","","日本 ・ 東京都 中野区","1947年 10月2日","","","","","1972年 - 2014年","","","","https://ja.wikipedia.org/wiki/三遊亭右紋","Category_日本のジャズ・ミュージシャン","https://ja.wikipedia.org/wiki/Category:日本のジャズ・ミュージシャン"
"三遊亭圓雀"," 五代目 三遊亭 圓雀 （ 1949年 3月22日 - 2016年 1月4日 ）は 落語芸術協会 所属の落語家。本名∶ 柳本 修 。 出囃子 は「喜撰」。","柳本 （ やなぎもと ） 修 （ おさむ ）","","日本 ・ 東京都 世田谷区","1949年 3月22日","","","","","1968年 - 2016年","","","","https://ja.wikipedia.org/wiki/三遊亭圓雀","Category_日本のジャズ・ミュージシャン","https://ja.wikipedia.org/wiki/Category:日本のジャズ・ミュージシャン"
"三遊亭小遊三"," 1947年 3月2日 、 神奈川県 横浜市 生まれ。 山梨県 大月市 で育つ。","天野 （ あまの ） 幸夫 （ ゆきお ）","","日本 ・ 山梨県 大月市","( 1947-03-02 ) 1947年 3月2日 （76歳）","","","","","1968年 -","","","","https://ja.wikipedia.org/wiki/三遊亭小遊三","Category_日本のジャズ・ミュージシャン","https://ja.wikipedia.org/wiki/Category:日本のジャズ・ミュージシャン"
"塩田哲嗣"," 1996年にニューオリンズで数年活動後、帰国するが2001年に再度、米国ニューヨークへ渡る。この間 大坂昌彦 など数多くのミュージシャンと共演を行っている   。","","","日本 東京都 世田谷区","( 1969-08-08 ) 1969年 8月8日 （54歳）","","ジャズ ・ ファンク ・ ソウル ・ R&B ・ Jpop ・ フュージョン","ミュージシャン ・ レコーディングエンジニア ・ 音楽プロデューサー ・ 作曲家","コントラバス ・ エレクトリックベース","1992年 -","","","","https://ja.wikipedia.org/wiki/塩田哲嗣","Category_日本のジャズ・ミュージシャン","https://ja.wikipedia.org/wiki/Category:日本のジャズ・ミュージシャン"
"塩村宰"," 天保プロダクション代表取締役プロデューサー。 金沢市民芸術村 ミュージック工房アートマネージャー。 日本音楽著作権協会 会員。","","","石川県 金沢市","","","ジャズ","","トロンボーン 、 ベース","","","","","https://ja.wikipedia.org/wiki/塩村宰","Category_日本のジャズ・ミュージシャン","https://ja.wikipedia.org/wiki/Category:日本のジャズ・ミュージシャン"
"篠田昌已"," 主なものを列記する。（順不同）","","","日本 東京都","( 1958-12-08 ) 1958年 12月8日","( 1992-12-09 ) 1992年 12月9日 （34歳没）","ジャズ, ファンク, チンドン, クレズマー, アバンギャルド","ミュージシャン","サックス","","OFF NOTE","じゃがたら, 関島岳郎, 中尾勘二, 西村卓也, 工藤冬里, 大熊ワタル, 竹田賢一, 梅津和時","","https://ja.wikipedia.org/wiki/篠田昌已","Category_日本のジャズ・ミュージシャン","https://ja.wikipedia.org/wiki/Category:日本のジャズ・ミュージシャン"
"白井淳夫"," 白井 淳夫 （しらい あつお、 1945年 2月19日 （昭和20年）- ）は、日本有数の ジャズ ・ サクソフォーン 奏者。 ビッグバンド 「白井淳夫Swingin' Band」リーダー。 福井県 出身。大学時代に観た「 グレン・ミラー 物語」に感動してジャズの道を志す。 1972年 （昭和47年）、日本を代表するビッグバンド「宮間利之とニュー・ハード」のオーディションに合格し入団。以降、ジャズ・コンサートやレコーディング、TV番組等で本格的に演奏活動を開始し、 1974年 ～ 1977年 にかけての「ニューハード第二黄金期」でアルトサクソフォーン奏者として活躍した。現在は福井県を中心に活躍しており、 2007年 10月には、白井にとって初のリーダーアルバムとなる「Swingin' Daddy」をリリースした。「日本ビッグバンド紳士録」掲載人物。","","","","","","","","","","","","","https://ja.wikipedia.org/wiki/白井淳夫","Category_日本のジャズ・ミュージシャン","https://ja.wikipedia.org/wiki/Category:日本のジャズ・ミュージシャン"
"杉山千絵"," 学生時代にジャズに興味を持ち、ロックから転向する。AN MUSIC SCHOOL KYOTO（現School Of Music Plan）にて笠木新一、大妻ひとみの下で学ぶ。『 痛快!明石家電視台 （ 毎日放送 ）』のオープニングコーラスとして3年間出演。その他、ラジオ・CMレコーディングなどで活動。サリナジョーンズ、 伊藤君子 に師事。","","","日本","5月22日, 日本 ・ 京都府","","ジャズ","ジャズ ・ ボーカリスト, ボイス・インストラクター","ボーカル","2003年 -","KeyWest CS label","西谷尚雄","","https://ja.wikipedia.org/wiki/杉山千絵","Category_日本のジャズ・ミュージシャン","https://ja.wikipedia.org/wiki/Category:日本のジャズ・ミュージシャン"
"杉山正"," 静岡県 静岡市 にて生まれる。中学で吹奏楽部に入部しトランペットを担当する。中学で演奏が上手いと評判になったため、高校進学後、 音楽大学 を目指すために NHK交響楽団 のトランペット奏者に師事し、週1回レッスンを受けていた。しかし、「練習が足りない」、「言った通りにやっていない」と言われ続けて自信を喪失したため、音楽大学への進学を諦めて一般の大学へと進学することになった。後に クラウド・ゴードン （ 英語版 ） のレッスンを受けた際に、このエピソードを話したところ、「金を返してもらえ！」と言われ、 トラウマ から解放されたという  。","","","日本 静岡県 静岡市","( 1953-01-13 ) 1953年 1月13日 （70歳）","","ジャズ","トランペット奏者 、 著述家 、 指導者","トランペット","","","","","https://ja.wikipedia.org/wiki/杉山正","Category_日本のジャズ・ミュージシャン","https://ja.wikipedia.org/wiki/Category:日本のジャズ・ミュージシャン"
"鈴木章治"," 鈴木章治が最初に手にしたクラリネットは兄（敏夫）が軍楽隊から持ち帰ったBuffet Crampon社製で、当初は兄が生活費を得るために復員の翌日から約2か月半の間、浅草大勝館のボックスで演奏していた。","鈴木 章治","","日本 、 神奈川県 横浜市","( 1932-08-16 ) 1932年 8月16日, 日本 、 神奈川県 横浜市","( 1995-09-10 ) 1995年 9月10日 （63歳没）, 日本","スウィング・ジャズ","クラリネット 奏者","クラリネット","1947年 - 1995年","","ピーナッツ・ハッコー, 鈴木章治とリズム・エース, 南部三郎, 秋満義孝, 原田イサム, 鈴木敏夫 (ミュージシャン), 鈴木康一, 鈴木正男, 三木鶏郎楽団, ジョージ川口, 小野満, 東松二郎とアズマニアンズ, 東松二郎, 南里文雄とホット・ペッパーズ, 南里文雄, 池田操のリズム・キングス, 池田操, ジミー竹内, 大給桜子, 小谷教夫, フランキー堺, 松崎竜生, 松本英彦, 阿川泰子, 梅田英伸, 原信夫, 伊藤君子, 秋満義孝, ヘレンメリル","","https://ja.wikipedia.org/wiki/鈴木章治","Category_日本のジャズ・ミュージシャン","https://ja.wikipedia.org/wiki/Category:日本のジャズ・ミュージシャン"
"スマイリー小原"," 父は 印刷業 組合長などを務めた有力者。 木曾義仲 の 忠臣 である 樋口兼光 が先祖という。","栗原 照夫","","日本 ・ 神奈川県 足柄上郡 秦野町","( 1921-01-02 ) 1921年 1月2日","( 1984-04-30 ) 1984年 4月30日 （63歳没）","ジャズ","指揮者","","1958年 - 1982年","","","","https://ja.wikipedia.org/wiki/スマイリー小原","Category_日本のジャズ・ミュージシャン","https://ja.wikipedia.org/wiki/Category:日本のジャズ・ミュージシャン"
"関島岳郎"," 関島 岳郎 （せきじま たけろう、 1961年 10月10日 - ）は、日本の ジャズ 音楽家 、 チューバ 奏者。 東京都 出身  。1980年代以降、ジャズを主体に多彩な活動を展開している。自身がメンバーとして参加しているバンドだけでも10以上に及ぶ。","","","","","","","","","","","","","https://ja.wikipedia.org/wiki/関島岳郎","Category_日本のジャズ・ミュージシャン","https://ja.wikipedia.org/wiki/Category:日本のジャズ・ミュージシャン"
"高柳昌行"," 高柳 昌行 （たかやなぎ まさゆき、 1932年 12月22日 - 1991年 6月23日 ）は、 日本 の フリー・ジャズ ・ ギタリスト 。 東京都 出身。 フリー・ジャズ に影響を受け、実験的な 即興演奏 を追求した。","","","","","","","","","","","","","https://ja.wikipedia.org/wiki/高柳昌行","Category_日本のジャズ・ミュージシャン","https://ja.wikipedia.org/wiki/Category:日本のジャズ・ミュージシャン"
"竹田賢一"," 竹田 賢一 （たけだ けんいち、 1948年   - ）は、 日本 の 大正琴 奏者、 音楽評論家  。 1970年代 半ばから、当時ニュージャズと称されていたフリージャズ  や前衛的即興音楽の領域で、演奏家として活動するとともに、そうした即興的音楽についての評論を、音楽雑誌や文芸評論誌などに発表した。","","","","","","","","","","","","","https://ja.wikipedia.org/wiki/竹田賢一","Category_日本のジャズ・ミュージシャン","https://ja.wikipedia.org/wiki/Category:日本のジャズ・ミュージシャン"
"田部俊彦"," このページに他の言語版はありません。","","","日本 ・ 福岡県 小倉市 （現・ 北九州市 ）","1954年 （ 昭和 29年）","","ジャズ","サクソフォーン 奏者","サクソフォーン","1980年 -","","","","https://ja.wikipedia.org/wiki/田部俊彦","Category_日本のジャズ・ミュージシャン","https://ja.wikipedia.org/wiki/Category:日本のジャズ・ミュージシャン"
"津上研太"," 2000年7月、リーダーバンド「BOZO」旗揚げ。 母方の祖父は、野球殿堂入り投手で、阪神タイガース「若林忠志賞」（創立2011年3月5日～）、七色の魔球を持つ事で名を知られている 若林忠志 （投手）である。若林が亡くなった年に生まれた。 「BOZO」のバンド名は、祖父若林忠志がハワイ在住時のニックネームであった「BOZO（ボウゾ）」が由来である。 バークリーメソッド には沿わない独自の音感で作曲する。","","","日本 神奈川県 藤沢市","( 1965-08-20 ) 1965年 8月20日 （58歳）","","ジャズ","サクソフォニスト 、 作曲家 、 編曲家","アルトサックス 、 ソプラノサックス","","EastWorksEntertainment inc.","","","https://ja.wikipedia.org/wiki/津上研太","Category_日本のジャズ・ミュージシャン","https://ja.wikipedia.org/wiki/Category:日本のジャズ・ミュージシャン"
"坪口昌恭"," 自己のグループ『坪口昌恭PROJECT』（1989年～1998年）や、『TZBO LABO』（1995年～1999年）にて活動する。","","TZBO","日本 福井県 越前市","( 1964-12-03 ) 1964年 12月3日 （59歳）","","ジャズ 、 エレクトロニック","キーボーディスト 、 作曲 、 教授","ピアノ 、 シンセサイザー","1987年 -","","","","https://ja.wikipedia.org/wiki/坪口昌恭","Category_日本のジャズ・ミュージシャン","https://ja.wikipedia.org/wiki/Category:日本のジャズ・ミュージシャン"
"ディック・ミネ"," 東京帝国大学 卒の厳格な教育者・ 三根円次郎 を父に持ち、 日光東照宮 の 宮司 申橋氏の娘を母に持つミネは、 1908年 （明治41年） 10月5日 、 徳島県 に生まれた。幼少期から、音楽好きだった母親の所有していた西洋音楽のレコードに興味を持つ。父親の転勤の影響で、 新潟県 にも転居したことがあったが、上京後、 立教大学 に入学。","三根徳一 （みねとくいち）","三根 耕一, 佐伯 秀夫","日本 徳島県 徳島市","1908年 10月5日","( 1991-06-10 ) 1991年 6月10日 （82歳没）","ジャズ ・ ブルース ・ 流行歌 ・ 歌謡曲","歌手 、 俳優","","1934年 - 1990年","テイチク","","","https://ja.wikipedia.org/wiki/ディック・ミネ","Category_日本のジャズ・ミュージシャン","https://ja.wikipedia.org/wiki/Category:日本のジャズ・ミュージシャン"
"土岐英史"," 歌手 の 土岐麻子 は長女  。","","","日本 兵庫県 神戸市","( 1950-02-01 ) 1950年 2月1日","( 2021-06-26 ) 2021年 6月26日 （71歳没）, 日本 ・ 東京都","ジャズ, フュージョン, R&B, J-POP","サクソフォーン奏者","サクソフォーン","1970年-2021年","","","","https://ja.wikipedia.org/wiki/土岐英史","Category_日本のジャズ・ミュージシャン","https://ja.wikipedia.org/wiki/Category:日本のジャズ・ミュージシャン"
"TOKU"," 父親の影響で音楽に親しみ、中学時代では吹奏楽部で コルネット を担当。 新潟明訓高校 、 東京国際大学 時代は ロック 、 ポップス のコピーバンドをしていた。大学在学中に アメリカ合衆国 に語学留学。","馬場督之","","日本 ・ 三条市 、 新潟県","( 1973-02-20 ) 1973年 2月20日 （50歳）","","ジャズ","歌手 、 フリューゲルホルン 奏者","フリューゲルホルン","2000年 -","ソニー・ミュージック","","","https://ja.wikipedia.org/wiki/TOKU","Category_日本のジャズ・ミュージシャン","https://ja.wikipedia.org/wiki/Category:日本のジャズ・ミュージシャン"
"友田ジュン"," 2014年 、「 クリヤ・マコトpresents アドリブコンテスト2014」にて 菊地成孔 賞を受賞  。","","","日本 ・ 熊本県 天草市","( 1994-11-10 ) 1994年 11月10日 （29歳）","","ジャズ ・ フュージョン","","ピアノ ・ キーボード","DEZOLVE（ 2014年 - ）, DIMENSION （ 2021年 - ）","キングレコード","","","https://ja.wikipedia.org/wiki/友田ジュン","Category_日本のジャズ・ミュージシャン","https://ja.wikipedia.org/wiki/Category:日本のジャズ・ミュージシャン"
"友寄隆哉"," 友寄 隆哉 （ともよせ たかや、 1959年 8月4日 - ）は、 日本 のジャズ・ミュージシャン、ギタリスト  。","","","","","","","","","","","","","https://ja.wikipedia.org/wiki/友寄隆哉","Category_日本のジャズ・ミュージシャン","https://ja.wikipedia.org/wiki/Category:日本のジャズ・ミュージシャン"
"豊岡豊"," 豊岡 豊 （とよおか ゆたか、 1930年 5月29日 - 2012年 11月30日 ）は、日本の ジャズミュージシャン 、 ビッグバンド 豊岡豊とスイング・フェイスの 指揮者 ・ バンドマスター である。","","","","","","","","","","","","","https://ja.wikipedia.org/wiki/豊岡豊","Category_日本のジャズ・ミュージシャン","https://ja.wikipedia.org/wiki/Category:日本のジャズ・ミュージシャン"
"中川英二郎"," 父が トランペット 奏者の 中川喜弘 、兄が 作曲家 ・ 編曲家 の 中川幸太郎 、さらに クラリネット 奏者の 中川武 、トロンボーン奏者の 中川敦嗣 を叔父に持ち、祖父も新交響楽団（ NHK交響楽団 の前身）の バイオリン 奏者という音楽一家に生まれる。音楽一家だけあって幼少期から様々な楽器が身近にあったが、6歳の時にジャズのスタンダードナンバー『 シング・シング・シング 』のイントロのフレーズがかっこいいと思い、父親と親交のあった 数原晋 に貸していたというトロンボーンを返してもらいトロンボーンを始める  。この頃からあらゆるトロンボーン奏者の コピー を行い、8歳の頃には既に父・喜弘のバンドの準メンバーとして活動を始めていたという。","","","日本 ・東京都","( 1975-10-07 ) 1975年 10月7日 （48歳）","","ジャズ 　","トロンボーン 奏者, 作曲家","トロンボーン","","","","","https://ja.wikipedia.org/wiki/中川英二郎","Category_日本のジャズ・ミュージシャン","https://ja.wikipedia.org/wiki/Category:日本のジャズ・ミュージシャン"
"中沢寿士"," 中澤 壽士 （なかざわ ひさし、 1910年 ( 明治 43年) 3月12日 - 1980年 ( 昭和 55年) 9月14日 ）は、日本の ビッグバンド・ジャズ の草分けのバンド「 スターダスターズ 」の トロンボーン プレーヤー。後に「 MBSジャズオーケストラ 」主宰。 毎日放送 ・ 素人名人会 ( 梅田花月 )の常任審査員を長く務め、名講評で番組を支えた。 高知県 生まれ。　　　　","","","","","","","","","","","","","https://ja.wikipedia.org/wiki/中沢寿士","Category_日本のジャズ・ミュージシャン","https://ja.wikipedia.org/wiki/Category:日本のジャズ・ミュージシャン"
"中島さなえ"," 中島 さなえ （なかじま さなえ、 1978年 6月13日 - ）は、 日本 の コラムニスト 。 小説家 。 兵庫県 宝塚市 出身。父は小説家の 中島らも 。 大阪音楽大学短期大学部 卒業。血液型O型。","","","","","","","","","","","","","https://ja.wikipedia.org/wiki/中島さなえ","Category_日本のジャズ・ミュージシャン","https://ja.wikipedia.org/wiki/Category:日本のジャズ・ミュージシャン"
"中村誠一 (ミュージシャン)"," 中村 誠一 （なかむら せいいち、 1947年 3月17日 - ）は、 日本 の ジャズ ・ テナー・サクソフォーン 演奏者 。 洗足学園音楽大学 音楽学部音楽学科器楽専攻ジャズコース教授を務める。ジャズ歌手として活動中の紗理（1985年生まれ）は娘。","","","","","","","","","","","","","https://ja.wikipedia.org/wiki/中村誠一_(ミュージシャン)","Category_日本のジャズ・ミュージシャン","https://ja.wikipedia.org/wiki/Category:日本のジャズ・ミュージシャン"
"中村梅雀 (2代目)"," 歌舞伎役者 としての続柄は以下の通り。","三井進一","","","( 1955-12-12 ) 1955年 12月12日 （68歳）","","テレビドラマ ・ 映画 ・ 舞台","俳優 ・ ベーシスト ・ 作曲家","","1965年 -","","","","https://ja.wikipedia.org/wiki/中村梅雀_(2代目)","Category_日本のジャズ・ミュージシャン","https://ja.wikipedia.org/wiki/Category:日本のジャズ・ミュージシャン"
"中村祐介"," 日本のクラブシーンにおいてジャズ、電子音楽を根幹におくものの、商用音楽から抽象音楽までジャンルを超越して多彩な作品を発表している。スクウェア・エニックス“メビウス・ファイナルファンタジー”、資生堂コーポレートビジュアル音楽、GINZA SIX 銀座大食堂CM、チョーヤ梅酒CM、KDDI au design project等、様々なメディアで音楽を担当。リミキサー、アレンジャーとして 忌野清志郎 、 TLC 、 Earth, Wind & Fire 、 倖田來未 、 GACKT 、 東京女子流 、 iri 、 SANABAGUN. の作品に参加するなど、ジャンルを超越して多彩な作品を発表している。2012年からはロンドン・ロイヤル・オペラ・ハウスのコンサートマスター、ヴァイオリニスト“ ヴァスコ ヴァッシレフ ”のサポートキーボードを務めるなど演奏家としても活動。これまでに東京ジャズフェスティバル等、国内外問わず多くの音楽祭に出演。ソロ活動としては、鍵盤演奏にフィンガードラミングをミックスした独自のソロパフォーマンスを行う一方、前衛的でありながらジャズ、ソウル、エレクトロニクスを綿密に融合した作風で、2014年に1stアルバム\"ONN\"を、2016年に2ndアルバム\"SN\"をIRMArecords(イタリア)よりリリース。 2019年より Kan Sano 、Ippei( SANABAGUN. )らとLast Electroとして活動を開始。2020年1stEP”closer”リリース。","中村 祐介","YUSUKE from BLU-SWING / ynkmr.","日本 , 福井県 福井市","( 1982-12-01 ) 1982年 12月1日 （41歳）","","ジャズ, ハウス・ミュージック, 民族音楽, エレクトロニカ, 劇伴, ブラジル音楽","音楽プロデューサー 、 作曲家 、 サウンドクリエイター","","2002年 -","","Blu-Swing LastElectro","","https://ja.wikipedia.org/wiki/中村祐介","Category_日本のジャズ・ミュージシャン","https://ja.wikipedia.org/wiki/Category:日本のジャズ・ミュージシャン"
"Nazuki Saxophone"," 小学校5年生で金管バンドに所属し、 ユーフォニアム を担当。中学校で吹奏楽部に所属し、父の ジャズ 好きに影響され アルト・サクソフォーン を始める。 和歌山県立星林高等学校 国際交流科を卒業後、20歳から和歌山県内の中学、高校の 吹奏楽部 にレッスン講師として招かれる。中学高校合わせて12校にて指導を行った他、成見楽器店でも講師を務めた。 関西外国語大学 短期大学部 英米語学科卒業。","","Nazuki, 岡なづき, オカナヅキ","日本 ・ 和歌山県 和歌山市","","","ジャズ ・ フュージョン","サクソフォーン 奏者","アルト・サクソフォーン, テナー・サクソフォーン, ソプラノ・サクソフォーン, バリトン・サクソフォーン","","","","","https://ja.wikipedia.org/wiki/Nazuki_Saxophone","Category_日本のジャズ・ミュージシャン","https://ja.wikipedia.org/wiki/Category:日本のジャズ・ミュージシャン"
"鍋島直昶"," 1926年、 東京府 荏原郡 、現在の 東京都 世田谷区 三軒茶屋 にて、 ヴァイオリニスト である父・直顕と ピアニスト である母・治代の間に生まれる。 肥前 佐賀藩 10代藩主である 鍋島直正 は曽祖父にあたる  。鍋島は小中一貫教育を行う暁星初等・中等学校（現在の 暁星小学校 から 暁星高等学校 ）を卒業する  。","鍋島 直昶","","日本 、 東京府 荏原郡 （現 東京都 世田谷区 三軒茶屋 ）","1926年","2021年 1月6日 （94歳没）","ジャズ","ヴィブラフォン 奏者","","1946年 - 2021年","","","","https://ja.wikipedia.org/wiki/鍋島直昶","Category_日本のジャズ・ミュージシャン","https://ja.wikipedia.org/wiki/Category:日本のジャズ・ミュージシャン"
"野力奏一"," 1974年 に実父が率いる\"ベラミ・オールスターズ\"に参加し、音楽活動を開始する。その後、 ジョージ川口 、 本多俊之 、 渡辺貞夫 、 日野皓正 のグループなどでセッションに参加しつつ、 阿川泰子 、 山下達郎 、 本多俊之 、 ケイコ・リー 、 寺井尚子 、 尾崎豊 などのアルバムに参加している。","野力奏一","","日本 京都府","( 1957-10-20 ) 1957年 10月20日 （66歳）","","ジャズ","ピアニスト 、 作曲家 、 編曲家","ピアノ","1974年 -","","","","https://ja.wikipedia.org/wiki/野力奏一","Category_日本のジャズ・ミュージシャン","https://ja.wikipedia.org/wiki/Category:日本のジャズ・ミュージシャン"
"野呂一生"," 東京都 目黒区 出身。趣味は 料理 と 手品 。 血液型 は A型 。1月1日に生まれたので“一生”と名付けられる。小学生時代に趣味の工作キットで作り上げた クラシック・ギター を「飾って置いているだけじゃなくせっかくなので弾いてみよう」ということになったのがギターとの出会いだった。中学生になって本格的に スティール弦アコースティックギター から弾き始め、すぐに エレクトリック・ギター に転向していった。","","","日本 ・ 東京都","( 1957-01-01 ) 1957年 1月1日 （66歳）","","ジャズ, フュージョン","ギタリスト, 作曲家, 編曲家","エレクトリック・ギター, エレクトリックアコースティックギター","1977年 -, 1977年 - 2006年 , 2012年 - （カシオペア）, 2008年 - （ISSEI NORO INSPIRITS）","ハッツアンリミテッド","カシオペア, ISSEI NORO INSPIRITS","","https://ja.wikipedia.org/wiki/野呂一生","Category_日本のジャズ・ミュージシャン","https://ja.wikipedia.org/wiki/Category:日本のジャズ・ミュージシャン"
"萩原健也"," 1987年 、 東京都 杉並区 荻窪にて生まれる。生後間もなく5歳まで英国領香港で暮らし、幼少期からクラシックピアノを始め、12歳から ギター を弾き始めた。ジャズ ビッグバンド やスタジオミュージシャンなどでの活動を経て、17歳でアメリカの バークリー音楽院 に短期留学し、ロサンゼルスの音楽大学の ミュージシャンズ・インスティチュート を卒業。ジャズギタリストの スコット・ヘンダーソン や アレン・ハインズ 師事し   、スタジオミュージシャンとしては J-POP を始め、 サウンドトラック や ライトニング リターンズ ファイナルファンタジーXIII のような ゲーム音楽 の制作にも携わっている  。また、自身が経営するスタジオでギタースクールも行っている  。","","","日本 東京都 杉並区","( 1987-11-09 ) 1987年 11月9日 （36歳）","","ジャズ, フュージョン, ポピュラー音楽, J-POP, ロック","ギタリスト, スタジオミュージシャン, 作曲家, 編曲家","ギター","","","","","https://ja.wikipedia.org/wiki/萩原健也","Category_日本のジャズ・ミュージシャン","https://ja.wikipedia.org/wiki/Category:日本のジャズ・ミュージシャン"
"萩原隆"," 萩原 隆 （はぎはら たかし、 1970年 6月9日 - ）は、 山梨県 勝沼町 （現： 甲州市 ）出身の サクソフォーン 奏者 。管楽器用・ソロ楽譜シリーズ「めちゃモテ・サックス」の著者であり、アレンジの他、そのデモ演奏を担当する。 天理大学 卒業。","","","","","","","","","","","","","https://ja.wikipedia.org/wiki/萩原隆","Category_日本のジャズ・ミュージシャン","https://ja.wikipedia.org/wiki/Category:日本のジャズ・ミュージシャン"
"萩原哲晶"," 北海道 岩見沢市 で病院長の家庭に生まれる。弟の萩原秀樹はジャズピアニスト。 旧制北海中学 を経て、 1942年 、 東京音楽学校 （現・ 東京藝術大学 音楽学部）器楽科に入学（ クラリネット 専攻）。同級に 岩井直溥 や 早川博二 がいた。戦時中は 團伊玖磨 、 芥川也寸志 、 斎藤高順 、 梶原完 たちと 陸軍戸山学校 軍楽隊に入隊  。素人の養成機関の軍楽隊に音楽学校の生徒が入る背景には、 乗杉嘉壽 から 山口常光 （戸山軍楽隊）、山口から 阿南惟幾 へ話の持ち込みがあり、全く便宜を計る必要がない音楽学校の生徒である彼等は特例中の特例で、いわゆる徴兵から逃げた。彼等なりに苦労もあったが、 宮沢昭 は年上の彼等が上流階級ゆえに贅沢をしていたことを証言している。 1945年 に東京音楽学校を卒業。 1948年 、第2次「 南里文雄 とホットペッパーズ」でハナ肇と知り合う  。 1949年 、「萩原哲晶とデューク・オクテット」を結成  。1952年  、「萩原哲晶とデューク・セプテット」での活動を経て、 1955年 4月1日 、 ハナ肇 、 犬塚弘 らとともに、 クレージーキャッツ の前身である「 ハナ肇とキューバン・キャッツ 」の結成に参加するも、 作曲 に専念するため後に脱退。","","てっしょう、デクさん","日本 ・ 北海道 岩見沢市","( 1925-05-26 ) 1925年 5月26日","( 1984-01-13 ) 1984年 1月13日 （58歳没）, 東京都","ジャズ、映画音楽、コミックソング","作曲家","クラリネット","1955年  - 1983年","","","","https://ja.wikipedia.org/wiki/萩原哲晶","Category_日本のジャズ・ミュージシャン","https://ja.wikipedia.org/wiki/Category:日本のジャズ・ミュージシャン"
"萩原優"," 萩原 優 （はぎわら ゆう、 1992年 3月10日 - ）は、日本の ジャズ サックス奏者、 作曲家 。東京都調布市出身。血液型はB型。","","","","","","","","","","","","","https://ja.wikipedia.org/wiki/萩原優","Category_日本のジャズ・ミュージシャン","https://ja.wikipedia.org/wiki/Category:日本のジャズ・ミュージシャン"
"挾間美帆"," 父親が転勤族だったため、北海道、青森、東京と各地を転々としながら育つ。3歳から ヤマハ音楽教室 で エレクトーン を習い始め、小学4年生で「ジュニアエレクトーンコンクール '96 全日本大会」に出場して頭角を現す  。その後、1999年に 国立音楽大学附属中学校 音楽コース（ピアノ）、2002年に国立音楽大学附属高等学校 音楽科（作曲）に進学した。","","","","日本 ・ 東京都, ( 1986-11-13 ) 1986年 11月13日 （37歳）","","ラージ・ ジャズ ・ アンサンブル","作曲家 、 編曲家 、 指揮者","","2012年 -","","シエナ・ウインド・オーケストラ 、デンマーク・ラジオ・ビッグ・バンド  ( DR Big Band ) ","","https://ja.wikipedia.org/wiki/挾間美帆","Category_日本のジャズ・ミュージシャン","https://ja.wikipedia.org/wiki/Category:日本のジャズ・ミュージシャン"
"波多野福太郎"," 波多野 福太郎 （はたの ふくたろう、 1890年 （明治23年） - 1974年 （昭和49年） 12月 ）は、 日本 の ジャズ ・ オーケストラ 指揮者 、 ヴァイオリニスト 。","","","","","","","","","","","","","https://ja.wikipedia.org/wiki/波多野福太郎","Category_日本のジャズ・ミュージシャン","https://ja.wikipedia.org/wiki/Category:日本のジャズ・ミュージシャン"
"ハナ肇"," 東京府 北豊島郡 （現在の 東京都 豊島区 ） 長崎町 生まれ。工学院土木科（後の 工学院大学 専門学校）を中退した。1990年10月13日、特選校友として学長より証書を授与され卒業を認められる。","野々山 定夫","","日本 ・ 東京府 北豊島郡 長崎町, （現在の 東京都 豊島区 ）","1930年 2月9日","","","","","","","","","https://ja.wikipedia.org/wiki/ハナ肇","Category_日本のジャズ・ミュージシャン","https://ja.wikipedia.org/wiki/Category:日本のジャズ・ミュージシャン"
"早川岳晴"," 早川岳晴 （はやかわ たけはる、 1954年 3月19日 - ）は、日本のミュージシャンで ベース 奏者。 東京都 出身。","","","","","","","","","","","","","https://ja.wikipedia.org/wiki/早川岳晴","Category_日本のジャズ・ミュージシャン","https://ja.wikipedia.org/wiki/Category:日本のジャズ・ミュージシャン"
"原田俊太郎"," 幼少時に ピアノ を習う  。小学校高学年の頃、家のスティックを持ち出して ドラム を始める  。中学校・高等学校時代は ロック に夢中になったが  、 マイルス・デイヴィス の アルバム 『 マイルストーンズ 』を聴いて ジャズ・ドラマー を志す  。 明治大学文学部 に入学してからは、明治大学モダンジャズ研究会・メランコリーキャッツに入会、レコード喫茶やライブハウスに入りびたる   。","原田 俊一","","日本","1955年","","ジャズ","ドラマー, 音楽プロデューサー","ドラム","","","T-SQUARE","","https://ja.wikipedia.org/wiki/原田俊太郎","Category_日本のジャズ・ミュージシャン","https://ja.wikipedia.org/wiki/Category:日本のジャズ・ミュージシャン"
"原田忠幸"," 京都府 生まれ  。 1946年 レイモンド・コンデ に クラリネット の手ほどきを受ける  。独学でバリトン・サクソフォーンを習得する  。 1956年 に「 原信夫 とシャープスアンドフラッツ」に入団し  、翌 1957年 にはシャープスアンドフラッツを退団し「 西条孝之介 とウェスト・ライナーズ」に参加   。 1966年 に アメリカ合衆国 に渡り  、 ロサンゼルス で スタジオ・ミュージシャン として活動  。 1967年 1月 歌手 の 雪村いづみ と結婚  。渡米1年半後に ラスベガス に移り、ショーの伴奏等で活動  。ラスベガスには3年滞在し帰国  。 1971年 に自己のバンド「ザ・ハーツ」を結成  。その後は「 前田憲男 とウィンド・ブレイカーズ」や「ザ・サード」等のバンドでも活動  。","","","京都府 日本","( 1936-07-20 ) 1936年 7月20日 （87歳）","","ジャズ","サクソフォニスト","バリトン・サクソフォーン 、 バスクラリネット","","","","","https://ja.wikipedia.org/wiki/原田忠幸","Category_日本のジャズ・ミュージシャン","https://ja.wikipedia.org/wiki/Category:日本のジャズ・ミュージシャン"
"BIGYUKI"," 6歳でピアノを始め、クラシックを学ぶ。  高校卒業後渡米し、名門 バークリー音楽大学 へ入学。  以降ボストンのセッション・プレイヤーとして活動。 その後ニューヨークに活動の場を移し、以降 タリブ・クウェリ やビラルのバンドに在籍。","平野雅之","","神戸市 日本","","","ヒップポップ 、 ジャズ","キーボーディスト 、 音楽プロデューサー 、 作曲家 、 編曲家","キーボード 、 ピアノ","2007年 -","","Qティップ 、 タリブ・クウェリ 、 ビラル","","https://ja.wikipedia.org/wiki/BIGYUKI","Category_日本のジャズ・ミュージシャン","https://ja.wikipedia.org/wiki/Category:日本のジャズ・ミュージシャン"
"日野晃"," 日野 晃 （ひの あきら、 1948年 2月4日 - ）は、 和歌山県 在住の 武道 ・ 日本武術 の研究家。武道・日本武術を研究する日野武道研究所を主宰している。","","","","","","","","","","","","","https://ja.wikipedia.org/wiki/日野晃","Category_日本のジャズ・ミュージシャン","https://ja.wikipedia.org/wiki/Category:日本のジャズ・ミュージシャン"
"日野皓正"," 父は、 タップダンサー でトランペット奏者の 日野敏 。弟は、ジャズ・ ドラマー の 日野元彦 。ギター＆ベースルシアーで Mas Hino NYC オーナーのMas Hino（日野雅信）は長男、 ベーシスト の 日野賢二 は次男。 日野皓正クインテットでは、メンバーに新人を加え育てていくことでも有名。","","","東京都","( 1942-10-25 ) 1942年 10月25日 （81歳）, 日本","","ジャズ","トランペット奏者","","1964年 -","","","","https://ja.wikipedia.org/wiki/日野皓正","Category_日本のジャズ・ミュージシャン","https://ja.wikipedia.org/wiki/Category:日本のジャズ・ミュージシャン"
"日山正明"," 1979年 にギタリスト 小川銀次 率いるフュージョン・グループ、クロスウィンドに参加。この頃にカシオペアと出会い親交を持つ。その後、ジャズ・ テナー・サクソフォーン 奏者の 松本英彦 グループに参加。旧ソ連ツアーへも参加。ジャズ・ボーカリスト、 アンリ菅野 、ジャズ・ピアニストの益田幹夫グループ、西直樹トリオ、秋山一将グループに参加するなどジャズのフィールドで活動。","","","日本","( 1959-09-02 ) 1959年 9月2日 （64歳）","","フュージョン ・ ジャズ","ドラマー","ドラムス","1979年 -","","クロスウィンド, カシオペア","","https://ja.wikipedia.org/wiki/日山正明","Category_日本のジャズ・ミュージシャン","https://ja.wikipedia.org/wiki/Category:日本のジャズ・ミュージシャン"
"兵頭佐和子"," 5歳の時、母から教わり ピアノ を始める。 武蔵野音楽大学 ピアノ科卒、 東京学芸大学 大学院修了。クラシックピアノを習得するも、大学在学中に ジャズ の生演奏に触れ感銘を受け、それを契機に ジャズ に熱中し渡米。 NYでブルース・バース（ Bruce Barth ）に ジャズピアノ を師事。NYのライブハウスで多くの有名ミュージシャンとのセッションを経験する。帰国後日本のライブハウスで演奏を開始。2008年CDデビュー。都内ライブハウス中心にライブ活動を行っている。楽曲提供、編曲もジャンルボーダレスに行う。2011年9月 ジョン・レノン・ソングライティング・コンテスト ・ジャズ部門でベスト4（ファイナリスト)を日本人で初めて受賞した。さらに世界最大級のアメリカの国際作曲賞International Song Writing Competition 2011  のジャズ部門で応募者数16,000人の中から、セミファイナルを受賞した。2012年同作曲賞のジャズ部門でも自作曲「Blue Flame」が20,000人の中からセミファイナルに選出された。5thアルバム＆初のミュージックビデオ『Naturally』に再収録した「Blue Flame」は、2013年9月1日に発表された国際作曲コンテスト〈ジョンレノン･ソングライティング･コンテスト〉ジャズ部門にてグランプリに選出され、三年連続の受賞となった。また2016年には最新作『BREAKIN’』収録曲「Hot Spice」、「Puzzle of your Heart」も受賞を果たした。 ","","","日本 東京都 新宿区","11月29日","","ジャズ","ピアニスト 、 作曲家 、 編曲家","ピアノ","2008年 -","マインズ・レコード （2008 - 2011）ナチュラリー・ミュージック・レコード（2012−）","","","https://ja.wikipedia.org/wiki/兵頭佐和子","Category_日本のジャズ・ミュージシャン","https://ja.wikipedia.org/wiki/Category:日本のジャズ・ミュージシャン"
"平岡精二"," 1931年 （昭和6年） 8月13日 、 東京府 東京市 （現在の 東京都 ）に生まれる  。 実業家 であり 三味線 奏者 で 東明節 （とうめいぶし）の創始者として知られる、 平岡凞 こと初代平岡吟舟（1856年 - 1934年）の孫であり、凞の次男、二代目平岡吟舟（本名・平岡次郎）の次男である  。シロフォン奏者・ 平岡養一 （1907年 - 1981年）、フィギュアスケーター・ 平岡露子 （1913年 - 2012年）の兄妹は父のいとこであり、「養一の長男」  とするのは誤り  。 初代東明柳舟 （本名・高橋楊子、1882年 - 1949年）は、凞の次女であり、精二からは伯母に当たる  。","","","日本 、 東京府 東京市","1931年 8月13日","( 1990-03-22 ) 1990年 3月22日 （58歳没）","ジャズ","演奏家, 作詞家, 作曲家, 編曲家","木琴, トランペット, アルトサックス, マリンバ, ヴィブラフォン","1946年 - 1990年","","平岡精二クインテット, ペギー葉山, 松尾和子, 山下毅雄","","https://ja.wikipedia.org/wiki/平岡精二","Category_日本のジャズ・ミュージシャン","https://ja.wikipedia.org/wiki/Category:日本のジャズ・ミュージシャン"
"福代亮樹"," 小学校の頃よりピアノ、声楽の先生である母の影響によりピアノを習う。中学生になり現在フルート奏者の姉の影響で吹奏楽部に入り、サックスを手にし音楽の楽しさを知る。吹奏楽入部と同時に講師の先生にJazz（スタン・ゲッツ、ジョン・コルトレーン、ソニー・ロリンズ）を薦められ、Jazzに夢中な中学生になる。高校へ進学後ますますJazzの魅力に虜にされプロになりたい一心、日本を代表するテナーサックスプレーヤー、山中良之に師事する。2012年2月より住居・活動拠点を東京へ移す。","","","日本","( 1986-04-16 ) 1986年 4月16日 （37歳）, 日本 ・ 京都府","","ジャズ","サックス・プレーヤー","サックス","2008年 -","","","","https://ja.wikipedia.org/wiki/福代亮樹","Category_日本のジャズ・ミュージシャン","https://ja.wikipedia.org/wiki/Category:日本のジャズ・ミュージシャン"
"藤井寛"," 藤井 寛 （ふじい かん、 1950年 - ）は、 日本 の新主流派のジャズ・ヴィブラフォン奏者。","","","","","","","","","","","","","https://ja.wikipedia.org/wiki/藤井寛","Category_日本のジャズ・ミュージシャン","https://ja.wikipedia.org/wiki/Category:日本のジャズ・ミュージシャン"
"藤家虹二"," 藤家 虹二 （ふじか こうじ、本名：藤家 光嗣（ふじか こうし）、 1933年 9月2日 - 2011年 10月24日  ）は、 広島県 福山市 出身の日本の ジャズ クラリネット 奏者。","","","","","","","","","","","","","https://ja.wikipedia.org/wiki/藤家虹二","Category_日本のジャズ・ミュージシャン","https://ja.wikipedia.org/wiki/Category:日本のジャズ・ミュージシャン"
"Fried Pride"," Fried Pride （フライド・プライド）は 日本 の ジャズ ・ デュオ ユニット 。 ホリプロ 所属。2001年日本の ビクターエンタテインメント 、 米国 の コンコード・レコード よりデビュー。 ソウル 、 ロック 、 ポップス なども取り入れて活動していた。","","","","","","","","","","","","","https://ja.wikipedia.org/wiki/Fried_Pride","Category_日本のジャズ・ミュージシャン","https://ja.wikipedia.org/wiki/Category:日本のジャズ・ミュージシャン"
"ブルー・スミス"," ブルー・スミス （Blue Smith、別名KANKAWA）は、 ジャズ ・ オルガン ・プレイヤー。渡米後、 ジミー・スミス に師事。 ハモンドオルガン の名器と言われる、B-3を使う有数のプレイヤーとして ニューヨーク を中心に世界で活動している。","","","","","","","","","","","","","https://ja.wikipedia.org/wiki/ブルー・スミス","Category_日本のジャズ・ミュージシャン","https://ja.wikipedia.org/wiki/Category:日本のジャズ・ミュージシャン"
"古谷光広"," 古谷 光広 （ふるや みつひろ、 1973年 〈 昭和 48年〉 8月13日 - ）は、大阪・京都・神戸を中心として活動する、日本の ジャズ ミュージシャン 、 サクソフォーン 奏者。 大阪府 生まれ。","","","","","","","","","","","","","https://ja.wikipedia.org/wiki/古谷光広","Category_日本のジャズ・ミュージシャン","https://ja.wikipedia.org/wiki/Category:日本のジャズ・ミュージシャン"
"古谷充"," 古谷 充 （ふるや たかし、 1936年 〈 昭和 11年〉 2月13日  - 2020年 〈 令和 2年〉 9月2日 ）は、日本の ジャズ ミュージシャン 、 サクソフォーン プレイヤーで ボーカリスト 。父親はジャズ・ クラリネット /サクソフォーン奏者の松野国照、自身の息子はジャズ・サクソフォーン奏者の 古谷光広 。","","","","","","","","","","","","","https://ja.wikipedia.org/wiki/古谷充","Category_日本のジャズ・ミュージシャン","https://ja.wikipedia.org/wiki/Category:日本のジャズ・ミュージシャン"
"前田遊野"," 14歳でドラムを始め、同時にバンド活動も開始。23歳で上京。25歳の時に、全て独学で習得したドラミングが Blue Man Group IN TOKYOの 音楽監督 兼ドラマーであるBill Swartz（ビル・スワーツ）に認められ、同グループへ参加が決まる。","前田 遊野（まえた ゆうや）","","日本 鳥取県","( 1983-05-11 ) 1983年 5月11日 （40歳）","","ロック, ポップス, ジャズ, ファンク, フュージョン, ヘヴィメタル","ドラマー, パーカッショニスト","ドラム, パーカッション","2008年 -","","","","https://ja.wikipedia.org/wiki/前田遊野","Category_日本のジャズ・ミュージシャン","https://ja.wikipedia.org/wiki/Category:日本のジャズ・ミュージシャン"
"町田信之介"," 音楽制作における 演奏 、 作曲 、 編曲 を行い CD 、 CM 、 劇伴 などに提供している  。ドラマーとしてサポートを行ったアーティストは 木下航志  、 宮井紀行  、 伊藤広規  等。","","","日本 鹿児島県","( 1986-08-23 ) 1986年 8月23日 （37歳）","","ファンク ・ ロック ・ ゴスペル","ドラマー ・ サウンドプロデューサー","ドラム","2008年 -","","","","https://ja.wikipedia.org/wiki/町田信之介","Category_日本のジャズ・ミュージシャン","https://ja.wikipedia.org/wiki/Category:日本のジャズ・ミュージシャン"
"松岡直也"," 生家は本牧・小港にあった。7歳の頃から独学でピアノを弾き始める。15歳の時、「 パン猪狩 とマーキス・トリオ」のピアニストとしてプロデビュー。翌年には自身のバンド「松岡直也カルテット」を率いてライブを中心に活動を開始する。また、「 浜口庫之助 とアフロ・クバーノ・ジュニア」にピアニスト、編曲家として参加し、ヒット曲「 黄色いサクランボ 」を編曲する。","松岡 直也","","神奈川県 横浜市 中区 本牧","1937年 5月9日","( 2014-04-29 ) 2014年 4月29日 （76歳没）","ジャズ, ラテン・フュージョン","ピアニスト, 作曲家, 編曲家","ピアノ, シンセサイザー","1952年 - 2014年","ワーナーミュージック・ジャパン, アーント","","","https://ja.wikipedia.org/wiki/松岡直也","Category_日本のジャズ・ミュージシャン","https://ja.wikipedia.org/wiki/Category:日本のジャズ・ミュージシャン"
"松田聖子"," 所属事務所はfelicia club（フェリシアクラブ）  。身長160cm、体重42kg（身長、体重は公式サイト 2008年 12月25日 のデータより）。 福岡県 久留米市 荒木町 出身。 血液型 A型。","蒲池 法子（かまち のりこ） ","SEIKO（海外進出時などの名称）","日本, 福岡県 久留米市 荒木町","( 1962-03-10 ) 1962年 3月10日 （61歳）","","歌謡曲 , ポップ , J-POP , ジャズ ","歌手, アイドル, シンガーソングライター, 女優","ボーカル","1979年 -","CBS・ソニー→ソニーレコード （1980年 - 1995年）, マーキュリー・ミュージックエンタテインメント→キティMME （1996年 - 2001年）, ソニー・ミュージックレコーズ （2002年 - 2008年）, ユニバーサルシグマ （2009年 - 2014年）, EMI RECORDS （2015年 - ）","若松宗雄 （1980年 - 1989年、2000年 - 2003年）, 大村雅朗 （1980年 - 1989年） , 松本隆 （1981年 - 1988年、1999年、2015年）, 小倉良 （1992年 - 1998年、2000年、2002年、2005年 - 2015年）, 原田真二 （2000年 - 2004年）","","https://ja.wikipedia.org/wiki/松田聖子","Category_日本のジャズ・ミュージシャン","https://ja.wikipedia.org/wiki/Category:日本のジャズ・ミュージシャン"
"MALTA"," 倉吉市立西中学校 で吹奏楽部入部、13歳からサックスを吹き始める。","丸田 良昭","","日本 鳥取県 倉吉市","( 1949-09-19 ) 1949年 9月19日 （74歳）","","ジャズ ・ フュージョン","音楽家","サクソフォーン","1978年 -","JVC, アトラム・インターナショナル・エンタープライズ","","","https://ja.wikipedia.org/wiki/MALTA","Category_日本のジャズ・ミュージシャン","https://ja.wikipedia.org/wiki/Category:日本のジャズ・ミュージシャン"
"見砂直照"," 見砂 直照 （みさご ただあき、 1909年 8月30日 - 1990年 6月20日  ）は 日本 の ジャズ ミュージシャン 、 バンドマスター 。 石川県 金沢市 出身。自身のバンド「見砂直照と 東京キューバン・ボーイズ 」を率いた。","","","","","","","","","","","","","https://ja.wikipedia.org/wiki/見砂直照","Category_日本のジャズ・ミュージシャン","https://ja.wikipedia.org/wiki/Category:日本のジャズ・ミュージシャン"
"水野正敏"," 水野 正敏 （みずの まさとし、 1954年 〈 昭和 29年〉 5月7日 - ）は、 日本 の ベーシスト 。エレクトリック フレットレスベース および アコースティックベース （ ウッドベース ）を演奏。 音楽 プロデューサー としても多くの アルバム を世に送り出している。","","","","","","","","","","","","","https://ja.wikipedia.org/wiki/水野正敏","Category_日本のジャズ・ミュージシャン","https://ja.wikipedia.org/wiki/Category:日本のジャズ・ミュージシャン"
"峰厚介"," 東京都 湯島 出身。寿司屋の息子として生まれる。 東邦音楽大学附属高等学校 出身。","峰厚介","","日本 東京都 文京区 湯島","( 1944-02-06 ) 1944年 2月6日 （79歳）","","ジャズ","サクソフォーン奏者、 作曲家","サクソフォーン","1963年 -","","ネイティブ・サン","","https://ja.wikipedia.org/wiki/峰厚介","Category_日本のジャズ・ミュージシャン","https://ja.wikipedia.org/wiki/Category:日本のジャズ・ミュージシャン"
"蓑輪裕之"," 大阪府 高槻市 生まれ。3歳の頃よりクラシック・ピアノを習い始める。10歳を過ぎる頃より、 ビートルズ や プレスリー をカヴァーする実力を持つ。","蓑輪 裕之（Hiroyuki Minowa）","","日本 大阪府 高槻市","( 1952-12-28 ) 1952年 12月28日 （70歳）","","ジャズ","ベーシスト 、 コントラバス 奏者","コントラバス","1960年代 後半 - 現在","","","","https://ja.wikipedia.org/wiki/蓑輪裕之","Category_日本のジャズ・ミュージシャン","https://ja.wikipedia.org/wiki/Category:日本のジャズ・ミュージシャン"
"宮崎隆睦"," 甲南中学校 入学後、13歳のときから サクソフォーン を始め、16歳のときに地元の ジャズ クラブなどで 音楽 活動を始めた。","","","日本 ・ 兵庫県 神戸市 須磨区","( 1969-05-23 ) 1969年 5月23日 （54歳）","","フュージョン","サクソフォーン奏者","サクソフォーン, ウインドシンセサイザー","","","T-SQUARE, A.O.I., Teatro Raffinato, Tri Horn Buffalo, ベリーメリーオーケストラ","","https://ja.wikipedia.org/wiki/宮崎隆睦","Category_日本のジャズ・ミュージシャン","https://ja.wikipedia.org/wiki/Category:日本のジャズ・ミュージシャン"
"宮沢昭"," 長野県 松本市 生まれ。 1944年 陸軍戸山学校 軍楽隊 入隊、戦後米軍クラブなどで活動する。その後、 守安祥太郎 、 秋吉敏子 らと共演。 1954年 のモカンボ・ジャム・セッションでも演奏。 1962年 、アルバム『 山女魚 』を発表。 1970年代 には 越路吹雪 のリサイタル伴奏も務めた。","","","日本 長野県 松本市","1927年 12月6日","( 2000-07-06 ) 2000年 7月6日 （72歳没）","ジャズ","リード 奏者","テナー・サックス, ソプラノ・サックス, フルート, リコーダー","","","","","https://ja.wikipedia.org/wiki/宮沢昭","Category_日本のジャズ・ミュージシャン","https://ja.wikipedia.org/wiki/Category:日本のジャズ・ミュージシャン"
"宮之上貴昭"," 米軍 横田基地 の中の「N・C・O」クラブで、 ジョー・デイヴィス (オルガン)、ジェリー・エディ (ドラム)とのトリオ「ニュー・グループ」で3年間演奏する。同時に自身のバンドで都内の ライブハウス 等に出演していたが、 1977年 に渡米。","","","日本 東京都 世田谷区","( 1953-10-07 ) 1953年 10月7日 （70歳）","","ジャズ","ギタリスト","ギター","","","","","https://ja.wikipedia.org/wiki/宮之上貴昭","Category_日本のジャズ・ミュージシャン","https://ja.wikipedia.org/wiki/Category:日本のジャズ・ミュージシャン"
"ユッコ・ミラー"," 三重県 伊勢市 出身。 皇學館高等学校  の第40期生   。","","Yucco Miller, 大西由希子, オオニシ ユキコ","日本 ・ 三重県 伊勢市","","","ジャズ 、 フュージョン","サックス奏者 、 作曲家 、 編曲家 、 歌手 、 YouTuber","アルトサックス 、 テナーサックス 、 ソプラノサックス 、 バリトンサックス","","キングレコード （ 2016年 - 現在）","","","https://ja.wikipedia.org/wiki/ユッコ・ミラー","Category_日本のジャズ・ミュージシャン","https://ja.wikipedia.org/wiki/Category:日本のジャズ・ミュージシャン"
"村上秀一"," ジャズ 、 ロック 、 J-POP 、 歌謡曲 などジャンルを問わず、国内外で セッション ドラマー / スタジオ・ミュージシャン として活動。","村上 秀一","ポンタ村上","日本 ・ 兵庫県 西宮市","( 1951-01-01 ) 1951年 1月1日","( 2021-03-09 ) 2021年 3月9日 （70歳没）","ジャズ, フュージョン, ロック, J-POP, 歌謡曲","ドラマー","ドラムス","1972年 - 2021年","","赤い鳥, バンブー, カミーノ","","https://ja.wikipedia.org/wiki/村上秀一","Category_日本のジャズ・ミュージシャン","https://ja.wikipedia.org/wiki/Category:日本のジャズ・ミュージシャン"
"村上ゆき"," 福岡県 飯塚市 出身、 武蔵野音楽大学 ピアノ科卒業。所属 事務所 は MSエンタテインメント 、所属 レコード会社 は テイチクエンタテインメント 。","村上ゆき","","日本 ・ 福岡県 飯塚市","( 1971-01-30 ) 1971年 1月30日 （52歳）","","J-POP 、 ジャズ","シンガーソングライター ・ ピアニスト","","","テイチクエンタテインメント","","","https://ja.wikipedia.org/wiki/村上ゆき","Category_日本のジャズ・ミュージシャン","https://ja.wikipedia.org/wiki/Category:日本のジャズ・ミュージシャン"
"森山威男"," 東京都 品川区 生まれ。 山梨県 勝沼町 （現・ 甲州市 ）育ち。 山梨県立甲府第一高等学校 、 東京藝術大学 打楽器科卒業。大学在学中から演奏活動をはじめ、 山下洋輔 トリオでのプレイで世界的に名を知られるようになる。","","","日本 ・ 東京都 品川区","( 1945-01-27 ) 1945年 1月27日 （78歳）","","フリー・ジャズ","ドラマー 、 客員教授","ドラム","1969年 -","","","","https://ja.wikipedia.org/wiki/森山威男","Category_日本のジャズ・ミュージシャン","https://ja.wikipedia.org/wiki/Category:日本のジャズ・ミュージシャン"
"安田伸"," 現在の 東京都 中野区 江原町 生まれ   。父は 佐賀県 出身で右翼活動をしていたが、やがて毛皮と皮革の商売を始めた  。生後まもなく 川崎市 に移り、 川崎市立高津小学校 6年生のとき疎開  。母の実家がある川崎市柿生を経て 厚木市 に移り、旧制厚木中学校（現在の 神奈川県立厚木高等学校 ）1年生のとき敗戦を迎える  。軍人志望で 陸軍幼年学校 に願書を出していたが敗戦によって音楽の道に志望を変更し、 コルネット を独学で学ぶ  。 学制改革 を経て 新制厚木高等学校 在学中、吹奏楽部を創部してアルトサックスを担当し、部長を務める。高校1年生のときは 東大 か 一橋大学 を志望していたが、高校3年のとき楽器に熱中し、 1951年 、 東京藝術大学 管楽器科に進む  。しかし、クラシック音楽の世界の封建性に馴染めなかったうえ、高額の月謝を払い続けることに対する経済的困難もあり、進駐軍クラブでジャズマンとしてアルバイトを始める  。","安田 秀峰","","","( 1932-09-19 ) 1932年 9月19日","","サックス 奏者, コメディアン, 俳優, 作曲家","","","1953年 - 1996年","","","","https://ja.wikipedia.org/wiki/安田伸","Category_日本のジャズ・ミュージシャン","https://ja.wikipedia.org/wiki/Category:日本のジャズ・ミュージシャン"
"安田伸子"," Nobuko Yasuda （ 安田伸子 ）は、 京都府 出身の ピアニスト 。日本では、Nobucco（ノブッコ）としてデビュー。","","","","","","","","","","","","","https://ja.wikipedia.org/wiki/安田伸子","Category_日本のジャズ・ミュージシャン","https://ja.wikipedia.org/wiki/Category:日本のジャズ・ミュージシャン"
"安武玄晃"," 西洋のクラシックサウンドとジャズサウンドを融合させた、その音色はメロウ・サックスとも呼ばれる。　","","","日本 ・ 福岡県 小郡市","( 1981-03-02 ) 1981年 3月2日 （42歳）","","スムーズジャズ","サクソフォーン奏者","アルトサクソフォーン ＆ ソプラノサクソフォーン","1997年 -","","","","https://ja.wikipedia.org/wiki/安武玄晃","Category_日本のジャズ・ミュージシャン","https://ja.wikipedia.org/wiki/Category:日本のジャズ・ミュージシャン"
"柳原陽一郎"," 1984年に たま を結成し、1994年よりソロ活動を開始。1995年にたまを脱退した後、1998年より本名名義で活動している。","柳原 陽一郎","柳原幼一郎","日本 福岡県 福岡市","( 1962-08-05 ) 1962年 8月5日 （61歳）","","ポップス , ロック , フォーク , カントリー , ブルース , ジャズ ","シンガーソングライター, ミュージシャン, キーボーディスト","ボーカル, ピアノ, キーボード, オルガン, アコーディオン, ピアニカ, ギター, ハーモニカ","","東芝EMI / イーストワールド, PANAM, 徳間ジャパン, SWEETS DELI RECORDS","","","https://ja.wikipedia.org/wiki/柳原陽一郎","Category_日本のジャズ・ミュージシャン","https://ja.wikipedia.org/wiki/Category:日本のジャズ・ミュージシャン"
"矢野顕子"," アメリカ合衆国 ニューヨーク州 在住。","鈴木 顕子","鈴木晶子（ペンネーム）","日本 ・ 青森県 青森市","( 1955-02-13 ) 1955年 2月13日 （68歳）, 日本 ・ 東京都","","ジャズ, ポップ, テクノポップ","シンガーソングライター, エッセイスト","ボーカル, ピアノ, キーボード","1974年 -","日本フォノグラム （1976年 - 1979年）, ジャパンレコード （1980年 - 1983年）, 徳間ジャパン （1983年 - 1985年）, MIDI （1986年 - 1989年）, Epic/Sony Records （1991年 - 2003年）, ヤマハミュージックコミュニケーションズ （2004年 - 2013年）, SPEEDSTAR RECORDS （2013年 - ）","ザリバ（1974年）, オリエンタル・エクスプレス （1976年 - 1977年）, KYLYN （1979年）, YMO （1979年 - 1980年）, 矢野顕子グループ（ アンソニー・ジャクソン 、クリフ・アーモンド）（1996年 - 2007年）, THE HAMMONDS（1997年）, 矢野顕子× 上原ひろみ （2004年 - ）, yanokami （2007年 - ）, 矢野顕子トリオ（ ウィル・リー 、 クリストファー・パーカー ）（2009年 - ）, やもり （2010年 - ）","","https://ja.wikipedia.org/wiki/矢野顕子","Category_日本のジャズ・ミュージシャン","https://ja.wikipedia.org/wiki/Category:日本のジャズ・ミュージシャン"
"山木幸三郎"," 1950年 、17歳の頃よりプロ活動を始め、 1951年 に 高見弘 らと ジャズコンボ 「 グレーシー5 」を結成。 1953年 に 宮間利之 率いる ジャイブ・エーセス に入団（ 1958年 にジャイブ・エーセスから 宮間利之とニューハード へと改称）。以来、ギタリスト兼作編曲家として長年にわたり活躍。","","","日本 ・ 東京都","( 1931-04-18 ) 1931年 4月18日","( 2018-12-26 ) 2018年 12月26日 （87歳没）","ジャズ","ギタリスト ・ 作曲家 ・ 編曲家","ギター","","","","","https://ja.wikipedia.org/wiki/山木幸三郎","Category_日本のジャズ・ミュージシャン","https://ja.wikipedia.org/wiki/Category:日本のジャズ・ミュージシャン"
"山下洋輔"," 他分野への進出、コラボレーションにも積極的であり、『 ジャズ大名 』  『 ファザーファッカー 』『 カンゾー先生 』などの映画音楽を手がけている。またクラシックピアニスト、 オーケストラ 、 和楽器 楽隊とのフリーな競演や山下洋輔パンジャスイングオーケストラを組織するなどもしている。","","","日本 ・ 東京府 東京市","( 1942-02-26 ) 1942年 2月26日 （81歳）","","ジャズ","","ピアノ","1959年 -","","富樫雅彦 、武田和命、 坂田明 、 中村誠一 、 森山威男 ほか","","https://ja.wikipedia.org/wiki/山下洋輔","Category_日本のジャズ・ミュージシャン","https://ja.wikipedia.org/wiki/Category:日本のジャズ・ミュージシャン"
"Uko"," 3才から ピアノ を習い、5才の頃には 作曲 をして遊んでいた。中学生の頃、 ドラム が叩きたく 吹奏楽部 に入部するが入部が遅く、余っている楽器しかなく嫌々ながら クラリネット 、 バスクラリネット を担当。","","","日本 ・ 埼玉県","( 1982-10-02 ) 1982年 10月2日 （41歳）","","ポップ・ミュージック ・ スムースジャズ","サクソフォーン 奏者, ソングライター","","","","","","https://ja.wikipedia.org/wiki/Uko","Category_日本のジャズ・ミュージシャン","https://ja.wikipedia.org/wiki/Category:日本のジャズ・ミュージシャン"
"吉田多宏"," 吉田 多宏 （よしだ かずひろ、 1942年 12月12日 - 2021年 1月5日  ）は、 日本 の サクソフォーン 奏者・ 音楽家 ・ 作曲家 。 ジャズ のサックス奏者・ フルート ・ クラリネット 奏者として活動した。","","","","","","","","","","","","","https://ja.wikipedia.org/wiki/吉田多宏","Category_日本のジャズ・ミュージシャン","https://ja.wikipedia.org/wiki/Category:日本のジャズ・ミュージシャン"
"依田彩"," 依田 彩 （よだ あや）は、日本の ジャズ ・ バイオリニスト 。作曲家。","","","","","","","","","","","","","https://ja.wikipedia.org/wiki/依田彩","Category_日本のジャズ・ミュージシャン","https://ja.wikipedia.org/wiki/Category:日本のジャズ・ミュージシャン"
"渡辺香津美"," 東京都 渋谷区 ・ 宮益坂 下交差点のたばこ屋に生まれる。山手幼稚園、 暁星小学校 、 暁星中学校・高等学校 出身  。","渡辺 香津美","","東京都 渋谷区","( 1953-10-14 ) 1953年 10月14日 （70歳）","","ジャズ, フュージョン, クラシック","ギタリスト, 作曲家, 音楽プロデューサー, 客員教授","ギター","1971年 -","","","","https://ja.wikipedia.org/wiki/渡辺香津美","Category_日本のジャズ・ミュージシャン","https://ja.wikipedia.org/wiki/Category:日本のジャズ・ミュージシャン"
"渡辺弘 (サックス奏者)"," 渡辺 弘 （わたなべ ひろし、 1912年 - 1988年 12月22日 ）は、日本の ジャズ ミュージシャン 。 テナーサックス 奏者。ダンス・バンド「スターダスターズ」を率いて、約四半世紀の間ジャズ界に君臨した日本ジャズ界の草分け的存在。 広島県 広島市 出身。","","","","","","","","","","","","","https://ja.wikipedia.org/wiki/渡辺弘_(サックス奏者)","Category_日本のジャズ・ミュージシャン","https://ja.wikipedia.org/wiki/Category:日本のジャズ・ミュージシャン"
