﻿"タイトル","コメント","出生名","別名","出身地","生誕","死没","ジャンル","職業","担当楽器","活動期間","レーベル","共同作業者","メンバー","URL","親リストタイトル","親リストURL"
"AliA (日本のバンド)"," AliA(アリア)は2018年に結成された日本の男女6人組ハイブリッド ロックバンド 。 SHOW DESIGN 所属。","","","日本, 東京都","","","J-POP ・ ロック","","","2018年7月23日 -","SLIDE SUNSET","","TKT ( キーボード ), RINA ( バイオリン ), SEIYA ( ベース ), AYAME ( ボーカル ), EREN ( ギター ), BOB ( ドラム )","https://ja.wikipedia.org/wiki/AliA_(日本のバンド)","Category_日本のポップ・ロック・バンド","https://ja.wikipedia.org/wiki/Category:日本のポップ・ロック・バンド"
"YKJ"," YKJ （ワイケージェー）は日本の2人組 J-POP バンド。ACO/STICK (ACO=Acoustic Guitar, STICK=Drum Stick) と名付けた アコースティックギター ＋ ドラムス の編成で、 埼玉県 川口市 ・ 蕨市 を拠点に活動している。 ","","","日本 埼玉県","","","J-POP","","","2004年 -","夜ふかしれこーず","","若生ヤスジ（ボーカル＆ギター）, シュウゴ（ドラム＆コーラス）","https://ja.wikipedia.org/wiki/YKJ","Category_日本のポップ・ロック・バンド","https://ja.wikipedia.org/wiki/Category:日本のポップ・ロック・バンド"
"アイラヴミー"," アイラヴミー は、 さとう みほの と 野中 大司 （のなか ひろし）の2人から成る、 日本 の ロックバンド 。所属 レーベル は テイチクエンタテインメント の「BOGUS RECORDS」。","","","","","","ニュー・ロック  、 ポップ・ロック ","","","2016年 -","テイチクエンタテインメント BOGUS RECORDS","","さとう みほの（ ボーカル 、 ギター ）, 野中 大司（ギター）","https://ja.wikipedia.org/wiki/アイラヴミー","Category_日本のポップ・ロック・バンド","https://ja.wikipedia.org/wiki/Category:日本のポップ・ロック・バンド"
"Aqua Timez"," Aqua Timez （アクア・タイムズ）は、 日本 の ロックバンド  。略称・愛称は「 アクア 」など。","","AQUATIMES（旧称）","日本 ・ 東京都","","","ポップ・ロック  , オルタナティヴ・ロック , ミクスチャー・ロック , J-POP ","","","2003年 - 2018年","スウィートハニーレコード, エピックレコードジャパン","","太志（ ボーカル ）, OKP-STAR（ ベース ）, 大介（ ギター 、 プログラミング ）, mayuko（ キーボード ）, TASSHI（ ドラムス ）, アビコ（ドラムス）","https://ja.wikipedia.org/wiki/Aqua_Timez","Category_日本のポップ・ロック・バンド","https://ja.wikipedia.org/wiki/Category:日本のポップ・ロック・バンド"
"ASIAN KUNG-FU GENERATION"," ASIAN KUNG-FU GENERATION （アジアン・カンフー・ジェネレーション）は、 日本 の4人組 ロック バンド 。略称「 アジカン 」「 AKG 」。所属事務所は、Spectrum Management。所属レコード会社は キューンミュージック 。","","","日本 ・ 神奈川県 横浜市","","","J-POP , ポップ・ロック , インディー・ロック , パワー・ポップ ","","","1996年 -","UNDER FLOWER, Ki/oon","","後藤正文 （ ボーカル ・ ギター ）, 喜多建介（ギター・ボーカル）, 山田貴洋（ ベース ・ボーカル）, 伊地知潔（ ドラムス ）","https://ja.wikipedia.org/wiki/ASIAN_KUNG-FU_GENERATION","Category_日本のポップ・ロック・バンド","https://ja.wikipedia.org/wiki/Category:日本のポップ・ロック・バンド"
"ACIDMAN"," ACIDMAN （アシッドマン）は、 日本 の3人組 ロック バンド 。 Virgin Music とFREE STARに所属している。キャッチコピーは『音の力。詩の力。』『深淵・迷走・創造・騒々』一部のファンの間でなど。","","","日本 埼玉県","","","ロック , オルタナティヴ・ロック , インディー・ロック , ポップ・ロック , マスロック , ポストロック , スペース・ロック , パンク・ロック ","","","1997年 -","Nomadic Records, Virgin Music, UNIVERSAL MUSIC","","大木伸夫（ ボーカル ・ ギター ）, 佐藤雅俊（ ベース ）, 浦山一悟（ ドラムス ）","https://ja.wikipedia.org/wiki/ACIDMAN","Category_日本のポップ・ロック・バンド","https://ja.wikipedia.org/wiki/Category:日本のポップ・ロック・バンド"
"アマリリス (バンド)"," アマリリスは2014年2月に、 ボーカル 二本柳と ギター 町田を中心に 神奈川県 横浜市 にて結成  。2018年より、シティロック  を軸に活動している。","","","日本 神奈川県 横浜市","","","ポップ, シティ・ロック","","","2014 -","","","二本柳 亮（ ボーカル ・ ギター ）, 町田 千尋（ ギター ・ コーラス ）, 大島 朋佳（ ベース ・ コーラス ）, 佐々木 徹（ ドラム ・ コーラス ）","https://ja.wikipedia.org/wiki/アマリリス_(バンド)","Category_日本のポップ・ロック・バンド","https://ja.wikipedia.org/wiki/Category:日本のポップ・ロック・バンド"
"アンティック-珈琲店-"," アンティック-珈琲店- （アンティック・カフェ、英表記： ANTIC CAFE ）は、 ヴィジュアル系 ロック バンド 。","","","日本","","","ロック, ポップ・ロック , ダンスロック, ポップ・パンク , パワー・ポップ","","","2003年 - 2010年, 2012年 - 2019年","RedCafe (- 2014年), White Cafe (2015年 - 2019年)","","みく（ ボーカル ）","https://ja.wikipedia.org/wiki/アンティック-珈琲店-","Category_日本のポップ・ロック・バンド","https://ja.wikipedia.org/wiki/Category:日本のポップ・ロック・バンド"
"Androp"," androp （アンドロップ）は、 日本 の4人組 ロックバンド 。","","","日本","","","アンビエント, ロック, オルタナティヴ・ロック, エレクトロニカ, ポップ・ロック, ピアノ・ロック, ミクスチャー・ロック, ポスト・ロック, インディー・ロック, ヒップホップ, ほか","","","2009年 -","unBORDE （ ワーナーミュージック・ジャパン ）（2011年 - 2016年）, SDR （2016年）, ZEN MUSIC （ ユニバーサルミュージック ） （2017年 - ）","","内澤崇仁 （ ボーカル ・ ギター ）, 佐藤拓也（ギター・ キーボード ）, 前田恭介（ ベース ）, 伊藤彬彦（ ドラムス ）","https://ja.wikipedia.org/wiki/Androp","Category_日本のポップ・ロック・バンド","https://ja.wikipedia.org/wiki/Category:日本のポップ・ロック・バンド"
"THE YELLOW MONKEY"," THE YELLOW MONKEY （ザ・イエロー・モンキー、略称： イエモン ）は、 日本 の ロックバンド 。1988年に結成し、1992年5月21日にシングル『 Romantist Taste 』でメジャーデビュー。2001年1月8日に活動停止を発表後、2004年7月7日をもって解散。その後、2016年1月8日に再集結された   。デビューからのCD総売り上げ枚数は、シングル・アルバム合わせて1,000万枚以上   。","","","日本 東京都","","","ロック , ポップ・ロック , グラムロック   , ハードロック  , ディスコ , プログレッシブ・ロック ","","","1988年 - 2004年, 2016年 -","TRIAD/ 日本コロムビア, ファンハウス, BMGファンハウス, ATLANTIC / WMJ","","吉井和哉 （ ボーカル ・ ギター ）, 菊地英昭 （ギター）, 廣瀬洋一 （ ベース ）, 菊地英二 （ ドラムス ）","https://ja.wikipedia.org/wiki/THE_YELLOW_MONKEY","Category_日本のポップ・ロック・バンド","https://ja.wikipedia.org/wiki/Category:日本のポップ・ロック・バンド"
"いきものがかり"," いきものがかり は、 日本 の スリーピース バンド  。株式会社MOAI所属（ キューブ 業務提携）。 レコード会社 は ソニー・ミュージックレーベルズ 内の エピックレコードジャパン （EPIC Records）。公式ファンクラブは「 いきものがかりファンクラス1年2組 」。","","","日本 ・ 神奈川県 ","","","ポップ・ロック  , J-POP ","","","1999年 - 2000年, 2003年 - 2017年, 2018年 -","Thunder Snake, cubit club, EPIC Records","本間昭光, 亀田誠治, 島田昌典, 江口亮","吉岡聖恵 （ ボーカル ）, 水野良樹 （ ギター ）, 山下穂尊 （ギター・ ハーモニカ ）","https://ja.wikipedia.org/wiki/いきものがかり","Category_日本のポップ・ロック・バンド","https://ja.wikipedia.org/wiki/Category:日本のポップ・ロック・バンド"
"175R"," 175R （イナゴライダー）は、 1998年 に結成した 日本 の パンク・ロック・バンド 。","","","日本 ・ 福岡県 北九州市","","","ポップ・ロック , オルタナティヴ・ロック , インディー・ロック , スカ・パンク ","","","1998年 - 2010年, 2016年 -","i hate records/Limited Records, UNLIMITED RECORDS 2, ユーエムイー, Virgin Music, EMI Records","佐久間正英, 亀田誠治, 本間昭光, akkin","SHOGO （ ボーカル ）, ISAKICK（ ベース ）, YOSHIAKI（ ドラムス ）","https://ja.wikipedia.org/wiki/175R","Category_日本のポップ・ロック・バンド","https://ja.wikipedia.org/wiki/Category:日本のポップ・ロック・バンド"
"Vistlip"," vistlip （ヴィストリップ）は、 日本 の ヴィジュアル系 ロック バンド 。所属事務所はデルファイサウンド。所属レーベルは マーベラス 。","","","日本","","","ロック , ポップ・ロック , ラウドロック , ミクスチャー・ロック , オルタナティヴ・ロック , ポップ・パンク ","","","2007年 - 現在","マーベラス","","智 （ ヴォーカル ）, Yuh （ ギター ）, 海 （ギター）, 瑠伊 （ ベース ）, Tohya （ ドラムス ）","https://ja.wikipedia.org/wiki/Vistlip","Category_日本のポップ・ロック・バンド","https://ja.wikipedia.org/wiki/Category:日本のポップ・ロック・バンド"
"UVERworld"," UVERworld （ウーバーワールド）は、 日本 の6人組 ロックバンド   。愛称は「 UVER 」など。2000年結成、2005年メジャー・デビュー。所属事務所は POWERPLAY 。レーベルは ソニー・ミュージックレコーズ 傘下の gr8!records 。公式ファンクラブは「 Neo SOUND WAVE 」である。","","SOUND極ROAD","日本 ・ 滋賀県 草津市 ","","","ロック , ポップ , ポップ・ロック , ヒップホップ , オルタナティブR&B ","","","2000年 -","gr8!records","平出悟","TAKUYA∞（ ボーカル ・ ラップ ・ プログラミング ）, 彰（ ギター ・プログラミング）, 克哉（ギター）, 信人（ ベース ）, 真太郎 （ ドラムス ）, 誠果（ マニピュレーター ・ サックス ・ コーラス ）","https://ja.wikipedia.org/wiki/UVERworld","Category_日本のポップ・ロック・バンド","https://ja.wikipedia.org/wiki/Category:日本のポップ・ロック・バンド"
"WHERE&#039;S ANDY"," WHERE'S ANDY (ウェアーズ・アンディ)は、 日本 の ロック バンド 。略称は「アンディ」。","","","日本 　 東京都","","","ロック, ポップ・ロック, ラウド・ロック, J-POP","","","2010年 -","No Big Deal Records, （2013年 - ）","","CHIKA （ ギター / ボーカル ）, MAI （ ベース / ボーカル ）, NORI （ ドラムス ）","https://ja.wikipedia.org/wiki/WHERE'S_ANDY","Category_日本のポップ・ロック・バンド","https://ja.wikipedia.org/wiki/Category:日本のポップ・ロック・バンド"
"嘘とカメレオン"," 嘘とカメレオン （うそとカメレオン、略称： 嘘カメ ）は、日本の ロック バンド 。 2014年 結成。","","","日本 ・ 東京都","","","ロック","","","2014年 -","ハートリードレコーズ, （ 2017年 - ）, キングレコード, （ 2018年 - ）","","チャム(.△)（ ボーカル ）, 菅野悠太（ ギター ）, 渡辺壮亮（ギター・ コーラス ）, 渋江アサヒ（ ベース ）, 青山拓心 （ ドラムス ）","https://ja.wikipedia.org/wiki/嘘とカメレオン","Category_日本のポップ・ロック・バンド","https://ja.wikipedia.org/wiki/Category:日本のポップ・ロック・バンド"
"LM.C"," LM.C （エルエムシー）は、 日本 の ロック ユニット 。 2006年 、 メジャーデビュー 。","","","日本 長野県","","","ロック, デジタルロック, ポップ・パンク , パワー・ポップ, シンセポップ, 電子音楽 , ミクスチャー・ロック, ヒップホップ ","","","2002年 -","ポニーキャニオン （ 2006年 - 2013年 ）, CJ victor entertainment （ 2014年 - )","","maya （ Vocal ）, Aiji （ Guitar ）","https://ja.wikipedia.org/wiki/LM.C","Category_日本のポップ・ロック・バンド","https://ja.wikipedia.org/wiki/Category:日本のポップ・ロック・バンド"
"エレファントカシマシ"," エレファントカシマシ （ 英語 : THE ELEPHANT KASHIMASHI 、 ELEPHANT KASHIMASHI ）は、 日本 の ロックバンド 。所属 芸能事務所 は アミューズ 。所属レコード会社は ユニバーサルミュージック 。","","","日本 ・ 東京都 北区 赤羽","","","J-POP , ポップ・ロック , ブルースロック , オルタナティヴ・ロック ","","","1981年 -","エピック・ソニー, ポニーキャニオン, 東芝EMI / Capitol, UNIVERSAL MUSIC / A&M","","宮本浩次 （ ボーカル ・ ギター ）, 石森敏行（ギター）, 高緑成治（ ベース ）, 冨永義之（ ドラムス ）","https://ja.wikipedia.org/wiki/エレファントカシマシ","Category_日本のポップ・ロック・バンド","https://ja.wikipedia.org/wiki/Category:日本のポップ・ロック・バンド"
"Okada&amp;Ryo"," Okada&Ryo （ オカダアンドリョウ 、 2011年 11月18日 - ）は、 東京 を中心に活動する ポップスバンド である  。","","","日本 東京","","","J-POP, ポップ, インディー・ロック, オルタナティヴ・ロック, エレクトロ・ポップ, ドリーム・ポップ, プログレッシブ・ロック, ヒップポップ","","","2011年 -","UP AND DOWNTOWN","","Ryo Okada（ ヴォーカル ・ タンバリン ）, 小松佑（ ヴォーカル ・ ベース ）, 戸井大智（ ヴォーカル ・ ギター ・その他）, 片岡美央（ メインヴォーカル ）","https://ja.wikipedia.org/wiki/Okada&Ryo","Category_日本のポップ・ロック・バンド","https://ja.wikipedia.org/wiki/Category:日本のポップ・ロック・バンド"
"Official髭男dism"," Official髭男dism （オフィシャルひげだんディズム、 英 : Official HIGE DANdism ）は、 日本 の4人組 バンド である。所属 事務所 は ラストラム・ミュージックエンタテインメント 、所属レーベルは ポニーキャニオン 内の IRORI Records 。公式ファンクラブは「BROTHERS」「Stand By You」。愛称及び略称は「ヒゲダン」。","","","日本","","","J-POP , ピアノ・ポップ , ポップ・ロック ","","","2012年 -","Lastrum, ポニーキャニオン, IRORI Records","","藤原聡（ ボーカル ・ ピアノ ）, 小笹大輔（ ギター ・ コーラス ）, 楢﨑誠（ ベース ・ サックス ・コーラス）, 松浦匡希（ ドラムス ・コーラス）","https://ja.wikipedia.org/wiki/Official髭男dism","Category_日本のポップ・ロック・バンド","https://ja.wikipedia.org/wiki/Category:日本のポップ・ロック・バンド"
"ORANGE RANGE"," ORANGE RANGE （オレンジ・レンジ）は、 日本 の 沖縄県 を拠点に活動する男性5人組 ロックバンド 。略称は RANGE （レンジ）。所属プロダクションは スパイスミュージック （業務提携先は スターダストプロモーション ）。レコード会社は自主レーベル「SUPER((ECHO))LABEL」（業務提携先は JVCケンウッド・ビクターエンタテインメント の社内レーベル SPEEDSTAR RECORDS ）。公式ファンクラブは「RANGE AID+」。","","","日本 ・ 沖縄県 沖縄市","","","オルタナティヴ・ロック , ポップ・ロック , ヒップホップ , J-POP ","","","2001年 -","スパイスレコーズ, gr8! records, SUPER((ECHO))LABEL, SPEEDSTAR RECORDS","シライシ紗トリ （2003年 - 2010年）","YAMATO（ ボーカル ・ MC ）, HIROKI（ボーカル・MC）, RYO （ボーカル・MC）, NAOTO（ ギター ）, YOH（ ベース ）","https://ja.wikipedia.org/wiki/ORANGE_RANGE","Category_日本のポップ・ロック・バンド","https://ja.wikipedia.org/wiki/Category:日本のポップ・ロック・バンド"
"カーネーション (バンド)"," カーネーション （ 英語 : CARNATION ）は、 日本 の ロックバンド 。 1981年 に耳鼻咽喉科として結成され、1983年に現名義に変更。","","耳鼻咽喉科","日本","","","ロック , テクノ , ヒップホップ , ソウル , フォークロック , ポップ・ロック ","","","1983年 -","ナゴムレコード, 徳間ジャパン, 日本コロムビア, cutting edge, ハリケーン・レコーズ, Cosmic Sea Records, 日本クラウン","","直枝政広 （ ボーカル ・ ギター ）, 大田譲 （ ベース ）","https://ja.wikipedia.org/wiki/カーネーション_(バンド)","Category_日本のポップ・ロック・バンド","https://ja.wikipedia.org/wiki/Category:日本のポップ・ロック・バンド"
"GARNET CROW"," GARNET CROW （ガーネット・クロウ）は、 日本 の男女4人組 バンド 。略称は「ガネクロ」「ガーネット」「ガネ」。 GIZA studio に所属。 2013年 6月9日 の最終ライブをもって解散  。","","","日本","","","ポップ・ロック  , J-POP  ","","","1999年 - 2013年 ","TENT HOUSE（1999年）, GIZA studio （2000年 - 2013年）","","中村由利 （ ボーカル ）, AZUKI七 （ キーボード ）, 岡本仁志 （ ギター ）, 古井弘人 （キーボード）","https://ja.wikipedia.org/wiki/GARNET_CROW","Category_日本のポップ・ロック・バンド","https://ja.wikipedia.org/wiki/Category:日本のポップ・ロック・バンド"
"KAKASHI (ロックバンド)"," KAKASHI （カカシ）は、 日本 の4人組 ロック バンド である。","","","日本 ・ 群馬県","","","ギターロック","","","2012年 8月 -","UNCROWN RECORDS","","堀越颯太（ ギター ・ ボーカル ）, 齊藤雅弘（ ギター ）, 中屋敷智裕（ ベース ）, 関佑介（ ドラム ）","https://ja.wikipedia.org/wiki/KAKASHI_(ロックバンド)","Category_日本のポップ・ロック・バンド","https://ja.wikipedia.org/wiki/Category:日本のポップ・ロック・バンド"
"KANA-BOON"," KANA-BOON （カナブーン）は、 日本 の ロックバンド である。","","","日本 ・ 大阪府 堺市","","","ロック , ポップ・ロック  , J-POP ","","","2008年 -","Ki/oon Music","","谷口鮪 （ ボーカル ・ ギター ）, 古賀隼斗（ギター）, 小泉貴裕（ ドラムス ）","https://ja.wikipedia.org/wiki/KANA-BOON","Category_日本のポップ・ロック・バンド","https://ja.wikipedia.org/wiki/Category:日本のポップ・ロック・バンド"
"彼女 IN THE DISPLAY"," 彼女 IN THE DISPLAY （カノジョインザディスプレイ）は、 日本 の5人組 ロック バンド である。 2010年 8月  に結成。2019年9月20日のラストワンマンライブをもって解散することが発表された。","","","日本 福岡県","","","ロック, ラウドロック, ポップ・ロック","","","2010年 8月 - 2019年 9月","彼女 in the records（ 2010年 - 2018年 、インディーズレーベル）, TRIAD （2018年 - メジャーレーベル）","","RYOSUKE (Vo), 海 THE KID (Dr), 吉田弘輝 (Gt), 松永健太 (Ba), 逸見豪一 (Key)","https://ja.wikipedia.org/wiki/彼女_IN_THE_DISPLAY","Category_日本のポップ・ロック・バンド","https://ja.wikipedia.org/wiki/Category:日本のポップ・ロック・バンド"
"関ジャニ∞"," 関ジャニ∞ （かんジャニエイト）は、 日本 の 男性アイドルグループ 、 ロックバンド である  。 芸能事務所 は ジャニーズ事務所 。所属 レーベル は、 ジェイ・ストーム 内に設立した自主レーベル『 INFINITY RECORDS 』（インフィニティ・レコーズ）  。公式ファンネームは「 eighter 」（エイター）。命名は元メンバーの渋谷すばるであり、公式ファンクラブの名称も「 with EIGHTER 」、会員番号は「EIGHTER NUMBER」と呼称される  。有料公式モバイルサイト『Johnny's web』の連載  は「 関ジャニ戦隊∞レンジャー 」  。","","※以下旧名 KANJANI8, 関ジャニ8","日本 大阪府","","","ロック , ポップ・ロック , J-POP , 演歌 ","","","2002年 -","テイチクレコード, インペリアルレコード, INFINITY RECORDS","","横山裕 （ ボーカル ・ パーカッション ・ トランペット ）, 村上信五 （ボーカル・ キーボード ）, 丸山隆平 （ボーカル・ ベース ）, 安田章大 （ボーカル・ ギター ）, 大倉忠義 （ボーカル・ ドラムス ）","https://ja.wikipedia.org/wiki/関ジャニ∞","Category_日本のポップ・ロック・バンド","https://ja.wikipedia.org/wiki/Category:日本のポップ・ロック・バンド"
"KEYTALK"," KEYTALK （キートーク）は、 日本 の4人組 ロックバンド  である。 東京都 世田谷区 下北沢 を活動拠点とする。2007年、前身バンドrealが現メンバー編成となり、2009年にバンド名をKEYTALKに改名。2013年、メジャーデビュー。","","","日本","","","ロック ","","","2007年 -","K.O.G.A Records, Getting Better, Virgin Music","","寺中友将（ ボーカル ・ ギター ）, 小野武正 （ギター・ コーラス ）, 首藤義勝 （ボーカル・ ベース ）, 八木優樹（ ドラムス ・コーラス）","https://ja.wikipedia.org/wiki/KEYTALK","Category_日本のポップ・ロック・バンド","https://ja.wikipedia.org/wiki/Category:日本のポップ・ロック・バンド"
"Kiki*"," kiki* （キキ*）は、日本のポップ・ロックバンド。","","","日本 鹿児島県","","","ポップ・ロック","","","2011年 -","","","佐田 京子(Vo/Gt), 佐田 宗義(Gt/Cho), 佐田 宗蔵(Gt), 藤谷 葉平(Ba), 川畑 天太(Dr)","https://ja.wikipedia.org/wiki/Kiki*","Category_日本のポップ・ロック・バンド","https://ja.wikipedia.org/wiki/Category:日本のポップ・ロック・バンド"
"銀杏BOYZ"," 銀杏BOYZ （ぎんなんボーイズ、 英語 : Ging Nang Boyz ）  は、 日本 の パンク・ロック ・ バンド 。なお「銀杏ボーイズ」と表記されることもある。","","","日本","","","ポップ・ロック , オルタナティヴ・ロック , ポップ・パンク ","","","2003年 -","初恋妄℃学園","","峯田和伸 （ ボーカル ・ ギター ）","https://ja.wikipedia.org/wiki/銀杏BOYZ","Category_日本のポップ・ロック・バンド","https://ja.wikipedia.org/wiki/Category:日本のポップ・ロック・バンド"
"グッドモーニングアメリカ"," グッドモーニングアメリカ (good morning america) は、日本の ロックバンド である。 日本コロムビア 所属。略称は グドモ 。2001年に結成、2020年より活動休止。","","","日本 ・ 東京都","","","ロック , メロディック・ハードコア ","","","2001年 - 2020年","FIVE RAT RECORDS, 日本コロムビア /TRIAD","","金廣真悟 （ ボーカル ・ ギター ）, たなしん（ ベース ・ コーラス ）, 渡邊幸一（ギター・コーラス）, ペギ（ ドラムス ・コーラス）","https://ja.wikipedia.org/wiki/グッドモーニングアメリカ","Category_日本のポップ・ロック・バンド","https://ja.wikipedia.org/wiki/Category:日本のポップ・ロック・バンド"
"くるり"," くるり （ 英語 : Quruli ）は、岸田繁と佐藤征史の2人からなる 日本 の ロックバンド 。 京都府 出身。1996年に立命館大学の音楽サークル「ロックコミューン」に所属していた 岸田繁 、 佐藤征史 、 森信行 の3人で結成。1998年にシングル『 東京 』をリリースし、メジャーデビュー。","","","日本 京都府 京都市","","","ポップ・ロック , オルタナティヴ・ロック , J-POP ","","","1996年 -","SPEEDSTAR RECORDS （1998年 - ）","","岸田繁 （ ボーカル ・ ギター ）, 佐藤征史 （ ベース ・ コーラス ・ボーカル）","https://ja.wikipedia.org/wiki/くるり","Category_日本のポップ・ロック・バンド","https://ja.wikipedia.org/wiki/Category:日本のポップ・ロック・バンド"
"GLAY"," GLAY （グレイ）は、 日本 の ヴィジュアル系  ロックバンド である。 1994年 に メジャーデビュー 以降、 日本 における歴代 CD アルバム売り上げ枚数第3位の記録を所持。また、20万人を動員した『 GLAY EXPO 99』では単独アーティスト有料公演の動員数として当時の 世界記録 を更新するなど、ライブ動員数においても記録を樹立してきた  。所属事務所および レコードレーベル はLSG。公式 ファンクラブ はHAPPY SWING。ファンクラブ会員の呼称は「HAPPY SWINGER」。 TERU の親友という設定で、ズラーというキャラクターがいる。","","","日本 北海道 函館市","","","ポップ・ロック , ハードロック , ビートロック , J-POP , ヴィジュアル系 ","","","1988年 -","エクスタシー, プラチナム / ポリドール, アンリミテッド , キャピトル, LSG ","亀田誠治","TERU （ ボーカル ）, JIRO （ ベース ）, TAKURO （ ギター ）, HISASHI （ギター）","https://ja.wikipedia.org/wiki/GLAY","Category_日本のポップ・ロック・バンド","https://ja.wikipedia.org/wiki/Category:日本のポップ・ロック・バンド"
"Globe"," globe （グローブ）は、 1995年 8月にデビューした 日本 の 音楽ユニット 。所属レコード会社は エイベックス 。所属レーベルはプライベート・レーベルの avex globe 。","","globe featuring, globe extreme","日本","","","J-POP , テクノ , ダンス・ポップ , ポップ・ロック , ドラムンベース , ジャングル , ブレイクビーツ ","","","1995年 -","avex globe","","TETSUYA KOMURO （ シンセサイザー ・ キーボード ・ ギター ・ コーラス ）, KEIKO （ ボーカル ）, MARC PANTHER （ ラップ ）","https://ja.wikipedia.org/wiki/Globe","Category_日本のポップ・ロック・バンド","https://ja.wikipedia.org/wiki/Category:日本のポップ・ロック・バンド"
"ゲスの極み乙女。"," ゲスの極み乙女。 （ゲスのきわみおとめ）は、 日本 の バンド である。通称は ゲス乙女 、 ゲス 、 ゲス極 など。所属レコード会社・および所属事務所は ワーナーミュージック・ジャパン 、所属レーベルはワーナー内に川谷が発足させた自主レーベル、TACO RECORDS  。","","","日本","","","J-POP , ポップ・ロック , プログレッシブ・ロック  , ヒップホップ  , ジャズ , ファンク ","","","2012年 - 2016年  , 2017年   -","gesukiwa, unBORDE, TACO","","川谷絵音 （ ボーカル ・ ギター ）, 休日課長 （ ベース ）, ちゃんMARI （ キーボード ）, ほな・いこか （ ドラムス ）","https://ja.wikipedia.org/wiki/ゲスの極み乙女。","Category_日本のポップ・ロック・バンド","https://ja.wikipedia.org/wiki/Category:日本のポップ・ロック・バンド"
"コブクロ"," コブクロ は、 黒田俊介 と 小渕健太郎 からなる 日本 の音楽デュオである。所属レーベルは ワーナーミュージック・ジャパン 。所属芸能事務所は ミノスケオフィスコブクロ で、 研音 と業務提携している。","","KOBUKURO","日本 大阪府 堺市","","","フォークロック , ポップ , ポップ・ロック ","","","1998年 - 2011年, 2012年 -","MINOSUKE RECORDS （1999年 - 2000年）, ワーナーミュージック・ジャパン （2001年 - ）","","黒田俊介 （ ボーカル ）, 小渕健太郎 （ ギター ・ コーラス ）","https://ja.wikipedia.org/wiki/コブクロ","Category_日本のポップ・ロック・バンド","https://ja.wikipedia.org/wiki/Category:日本のポップ・ロック・バンド"
"ZARD"," ZARD （ザード）は、 日本 の女性歌手・ 坂井泉水 を中心に結成された 音楽ユニット  。 1991年 始動。芸能事務所は SENSUI 。レコード会社は ビーイング 、レーベルは B-Gram RECORDS 。プロジェクト名は「 Lizard 」「 hazard 」「 blizzard 」「 wizard 」といった単語からとった造語  。マイナス要素の強い単語が ロック のイメージに繋がっているところから  。","","Zard（旧称）","日本","","","J-POP  , ポップ・ロック ","","","1991年 - 2007年","ポリドール/b.gram （1991年 - 1993年）, B-Gram RECORDS （1993年 - 2016年）, Garage Indies Zapping Association （1999年）","長戸大幸","坂井泉水 （ ボーカル ）, 町田文人（ ギター ）, 星弘泰（ ベース ）, 道倉康介（ ドラムス ）, 池澤公隆（ キーボード ）","https://ja.wikipedia.org/wiki/ZARD","Category_日本のポップ・ロック・バンド","https://ja.wikipedia.org/wiki/Category:日本のポップ・ロック・バンド"
"サザンオールスターズ"," サザンオールスターズ （ 英語 : Southern All Stars ）は、 日本 の5人組 ロック バンド   。所属 芸能事務所 は アミューズ  。所属 レコード会社 は JVCケンウッド・ビクターエンタテインメント  、所属 レーベル は タイシタレーベル  。略称は「 サザン 」「 SAS 」   。公式ファンクラブ名は「 サザンオールスターズ応援団 」  。","","","日本 ・ 東京都 渋谷区 ","","","ポップ・ロック , J-POP , ラテン , フォーク , エレクトロ , 歌謡曲 ","","","1977年 - 1985年, 1988年 - 1993年, 1995年 - 2000年, 2003年 - 2006年, 2008年, 2013年 -","Invitation （1978年 - 1983年）, タイシタレーベル （1983年 - ）","高垣健, 新田一郎, 八木正生, 藤井丈司, 小林武史, 島健, 斎藤誠, 片山敦夫, 山本拓夫, 曽我淳一","桑田佳祐 （ ボーカル ・ ギター ）, 関口和之 （ ベース ）, 松田弘 （ ドラムス ）, 原由子 （ キーボード ・ボーカル）, 野沢秀行 （ パーカッション ）","https://ja.wikipedia.org/wiki/サザンオールスターズ","Category_日本のポップ・ロック・バンド","https://ja.wikipedia.org/wiki/Category:日本のポップ・ロック・バンド"
"C-C-B"," C-C-B （シーシービー）は、1980年代に活躍した日本の ロックバンド 。結成当初の名称は Coconut Boys （ココナッツボーイズ）で、C-C-Bはその略称。1985年中頃からCoconut Boys名義は使用せず、C-C-Bで統一している。","","Coconut Boys（結成時）","日本","","","ロック, ポップス","","","1982年 - 1985年, （Coconut Boys）, 1985年 - 1989年, 2008年, 2015年 -, （C-C-B）","ポリドール （1983年 - 1989年）、 ユニバーサルミュージック ・USMジャパン（2014年 - ）","","渡辺英樹 （ ベース ・ ボーカル ）, （1982年 - 1989年、2008年、2015年）, 笠浩二 （ ドラムス ・ボーカル）, （1982年 - 1989年、2008年、2015年）, 田口智治 （ キーボード ・ボーカル）, （1984年 - 1989年、2015年）, 米川英之 （ ギター ・ボーカル）, （1984年 - 1989年、2015年）","https://ja.wikipedia.org/wiki/C-C-B","Category_日本のポップ・ロック・バンド","https://ja.wikipedia.org/wiki/Category:日本のポップ・ロック・バンド"
"シド (バンド)"," SID （シド）は、 日本 の4人組 ヴィジュアル系 ロックバンド 。所属レコード会社は Ki/oon Music 。所属事務所は マーベリック で、芸能事務所 スターダストプロモーション と業務提携している。","","","日本","","","ポップ・ロック , パワー・ポップ , ディスコ , ヴィジュアル系 ","","","2003年 -","デンジャークルー・レコード, Ki/oon Music","Jack Danger, 小池敦, 西平彰, 加藤貴之 ","マオ （ ボーカル ）, Shinji （ ギター ）, 明希 （ ベース ）, ゆうや （ ドラムス ）","https://ja.wikipedia.org/wiki/シド_(バンド)","Category_日本のポップ・ロック・バンド","https://ja.wikipedia.org/wiki/Category:日本のポップ・ロック・バンド"
"SIAM SHADE"," SIAM SHADE （シャムシェイド）は、 日本 の5人組 ロックバンド 。 1995年 にメジャーデビューし、 2002年 に解散。その後は 2007年 、 2011年 、 2013年 、 2015 ～ 2016年 と一時的な再結成を行っている。インディーズ時代は ヴィジュアル系 として活動していた。","","atæru, POWER","日本 ・ 東京都","","","J-POP , ポップ・ロック , ハードロック , ヴィジュアル系  ","","","1989年 - 2002年, 2007年 ・ 2011年 ・ 2013年, 2015年 - 2016年","LEAF Mt., ソニーレコード, SOUND MOTORS","","栄喜 （ ボーカル ）, KAZUMA （ボーカル・ ギター ）, DAITA, NATCHIN （ ベース ）, 淳士 （ ドラムス ）, ATARU（ギター）, A（ドラムス）, OZZ...（ドラムス）","https://ja.wikipedia.org/wiki/SIAM_SHADE","Category_日本のポップ・ロック・バンド","https://ja.wikipedia.org/wiki/Category:日本のポップ・ロック・バンド"
"Janne Da Arc"," Janne Da Arc （ジャンヌダルク）は、 日本 の ヴィジュアル系 ロックバンド 。 1996年 結成。かつての所属 芸能事務所 はアップライズ・プロダクト。かつての所属 レコード会社 は エイベックス・エンタテインメント で、所属 レーベル は avex trax 内のmotorod。略称は「 ジャンヌ 」「 JDA 」。かつての公式 ファンクラブ は「 〜マドモアゼルなあなた達〜 」。 2007年 活動休止。 2019年 解散  。","","","日本 ・ 大阪府 枚方市","","","ヴィジュアル系 , ポップ・ロック , インディー・ロック , ポップ・メタル ","","","1996年 - 2007年","cutting edge, motorod","明石昌夫, 秦野猛行, 岡野ハジメ","yasu （ ボーカル ）, you （ ギター ）, ka-yu （ ベース ）, kiyo （ キーボード ）, shuji （ ドラムス ）","https://ja.wikipedia.org/wiki/Janne_Da_Arc","Category_日本のポップ・ロック・バンド","https://ja.wikipedia.org/wiki/Category:日本のポップ・ロック・バンド"
"JUDY AND MARY"," JUDY AND MARY （ジュディ・アンド・マリー、略称： ジュディマリ 、 JAM ） は、 日本 の ロック バンド である。 1992年 結成。 1993年 にメジャーデビュー。 2001年 解散。","","","日本 ・ 東京都","","","ポップ・ロック , オルタナティヴ・ロック , ポップ・パンク , J-POP ","","","1992年 - 2001年","CHAIN SAW RECORDS（1992年）, Epic Sony Records→Epic Records （1993年 - 2001年）","佐久間正英","YUKI （ ボーカル ）, TAKUYA （ ギター ）, 恩田快人 （ ベース ）, 五十嵐公太 （ ドラムス ）, 藤本泰司 （ギター）","https://ja.wikipedia.org/wiki/JUDY_AND_MARY","Category_日本のポップ・ロック・バンド","https://ja.wikipedia.org/wiki/Category:日本のポップ・ロック・バンド"
"シュノーケル (バンド)"," シュノーケル （ 英語 : SNOWKEL ）は、 日本 の スリーピース ロックバンド である。2004年に結成され、2005年にシングル『 大きな水たまり 』でメジャーデビュー。2010年に一度活動休止し、2014年より活動再開。","","西村晋弥とメガネメガネ ","日本 ・ 福岡県 ","","","ロック , オルタナティヴ・ロック , ポップ・ロック , J-POP ","","","2004年 - 2010年, 2014年 -","SME Records, TURTLE RECORDS","上田ケンジ, フジタユウスケ","西村晋弥 （ ボーカル ・ ギター ）, KABA_3 （ ベース ）, 山田雅人 （ ドラムス ）","https://ja.wikipedia.org/wiki/シュノーケル_(バンド)","Category_日本のポップ・ロック・バンド","https://ja.wikipedia.org/wiki/Category:日本のポップ・ロック・バンド"
"JUN SKY WALKER(S)"," JUN SKY WALKER(S) （ジュン・スカイ・ウォーカーズ）は、 日本 の3人組（結成当時は4人組） ロック バンド である。 1988年 5月21日 にメジャーデビューし、 1997年 6月14日 に一度解散したが、 2007年 に再結成した。略称はジュンスカ、J(S)W。","","","日本 ・ 東京都","","","ロック, オルタナティヴ・ロック, パンク・ロック, ポップ・ロック, パワー・ポップ, ビートパンク","","","1980年 - 1997年, 2007年 -","トイズファクトリー, （ 1988年 - 1993年 ）, エピックソニー, （ 1994年 - 1997年）, アイビーレコード, （ 2011年 - ）, ドリーミュージック","","宮田和弥 （ ボーカル ）, 森純太 （ ギター ）, 小林雅之 （ ドラムス ）","https://ja.wikipedia.org/wiki/JUN_SKY_WALKER(S)","Category_日本のポップ・ロック・バンド","https://ja.wikipedia.org/wiki/Category:日本のポップ・ロック・バンド"
"SING LIKE TALKING"," SING LIKE TALKING （シングライクトーキング）は、 日本 の ロックバンド 。 佐藤竹善 と藤田千章のソングライターチームを中心として1985年に結成。1987年に今のメンバー構成になり、1988年デビュー。デビュー当初は鳴かず飛ばずだったが、地道にライブを重ね  、1993年・1994年にアルバム『 ENCOUNTER 』、『 togetherness 』でオリコン初登場1位を獲得。2000年代後半に長い休止期間があったものの、2018年にデビュー30周年を迎えた。","","514バンド","日本 東京都 ","","","ロック , シティ・ポップ , ポップ・ロック , ソウル , ファンク , AOR , ポップス ","","","1985年 - 2003年, 2010年 -","ファンハウス, ユニバーサルミュージック","ロッド・アントゥーン, キャット・グレイ","佐藤竹善, 藤田千章, 西村智彦","https://ja.wikipedia.org/wiki/SING_LIKE_TALKING","Category_日本のポップ・ロック・バンド","https://ja.wikipedia.org/wiki/Category:日本のポップ・ロック・バンド"
"神聖かまってちゃん"," 神聖かまってちゃん （しんせいかまってちゃん）は、 千葉県 出身の 日本 の ロックバンド 。 2008年 結成。 YouTube や ニコニコ動画 への自作PVの投稿、 ニコニコ生放送 や TwitCasting での定期的な配信をしながら活動している。","","","日本 ・ 千葉県","","","ポップ・ロック , オルタナティヴ・ロック , Lo-Fi , ロックンロール , ノイズ , ハードコア・パンク , エレクトロニカ , インディー・ロック ","","","2008年 -","unBORDE, ポニーキャニオン, PERFECT MUSIC","","の子 （ ボーカル ・ ギター ）, mono（ キーボード ）, みさこ（ ドラムス ）","https://ja.wikipedia.org/wiki/神聖かまってちゃん","Category_日本のポップ・ロック・バンド","https://ja.wikipedia.org/wiki/Category:日本のポップ・ロック・バンド"
"Cyntia"," Cyntia （シンティア）は、 日本 の4人組 ヘヴィメタル ガールズロック バンド 。所属 レーベル はVillage Again Association、所属事務所は MILLENNIUM PRO 。","","","日本","","","ポップ・ロック, ヘヴィメタル","","","2011年 - 2017年","Bright Star Records, (2012年), Colourful Records, (2013年 - 2015年), Village Again Association, (2016年 - )","","SAKI （ Vo ）, YUI （ Gu & Cho ）, AYANO ( Key , Pf & Cho), AZU （ Ba & Cho）","https://ja.wikipedia.org/wiki/Cyntia","Category_日本のポップ・ロック・バンド","https://ja.wikipedia.org/wiki/Category:日本のポップ・ロック・バンド"
"SUPER BEAVER"," SUPER BEAVER （スーパービーバー）は、 日本 の4人組 ロック バンド 。 2005年 結成。 略称 は｢ ビーバー ｣｢ SPBV ｣。所属 レーベル は Sony Records 。所属 事務所 は、 murffin discs 傘下ロックレーベル   。 公式 ファンクラブ 名は｢ SUPER BEAVER友の会 ｣。","","","日本 ・ 東京都","","","ロック, オルタナティヴ・ロック, ポップ・ロック, エモ, インディー・ロック, パワー・ポップ","","","2005年 -","rebelphonic, （2007年 - 2008年）, EPIC Records Japan, （2009年 - 2011年）, I×L×P× RECORDS, （2012年 - 2013年）, /murffin discs, （2013年 - 2020年）, Sony Records, （2020年 - ）","","渋谷龍太 （ ボーカル ）, 柳沢亮太（ ギター ）, 上杉研太（ ベース ）, 藤原広明（ ドラムス ）","https://ja.wikipedia.org/wiki/SUPER_BEAVER","Category_日本のポップ・ロック・バンド","https://ja.wikipedia.org/wiki/Category:日本のポップ・ロック・バンド"
"SCANDAL (日本のバンド)"," SCANDAL （スキャンダル）は、 日本 の ガールズバンド である。 2006年 に 大阪 の 京橋 で結成された。2008年10月にメジャーデビュー。 所属事務所 はROOFTOP。所属レコード会社は ビクターエンタテインメント ・ Colourful Records 内のプライベートレーベル「her」。","","","日本 大阪府 大阪市 都島区","","","ポップ・ロック   , ポップ・パンク , オルタナティヴ・ロック , ガレージロック , J-POP ","","","2006年 -","キティ, エピック, her, JPUレコード （ 英語版 ）","","HARUNA （ ボーカル ・ ギター ）, MAMI （ギター・ボーカル）, TOMOMI （ ベース ・ボーカル）, RINA （ ドラムス ・ボーカル）","https://ja.wikipedia.org/wiki/SCANDAL_(日本のバンド)","Category_日本のポップ・ロック・バンド","https://ja.wikipedia.org/wiki/Category:日本のポップ・ロック・バンド"
"Skoop On Somebody"," Skoop On Somebody （スクープ・オン・サムバディ）は、1995年に結成された 日本 の 音楽ユニット である。通称S.O.S.またはSOS。","","SKOOP","大阪府 大阪市","","","ポップ・ロック , J-POP , R&B , ゴスペル ","","","1995年 -","SME Records","","TAKE （ ボーカル ）, KO-ICHIRO（ キーボード ）","https://ja.wikipedia.org/wiki/Skoop_On_Somebody","Category_日本のポップ・ロック・バンド","https://ja.wikipedia.org/wiki/Category:日本のポップ・ロック・バンド"
"スピッツ (バンド)"," スピッツ （ 英語 : Spitz  、SPITZ  ）は、 日本 の4人組 ロックバンド である  。所属事務所は Grass Hopper  。 レコード会社 は ユニバーサルJ 。公式ファンクラブはSpitzbergen（スピッツベルゲン）。","","","日本","","","ポップ・ロック , オルタナティヴ・ロック  , パワー・ポップ  , ギターポップ , J-POP ","","","1987年 -","ポリドール, ユニバーサルJ","クジヒロコ","草野マサムネ （ ボーカル ・ ギター  ）, 三輪テツヤ （ギター  ）, 田村明浩 （ ベース  ）, 﨑山龍男 （ ドラムス  ）","https://ja.wikipedia.org/wiki/スピッツ_(バンド)","Category_日本のポップ・ロック・バンド","https://ja.wikipedia.org/wiki/Category:日本のポップ・ロック・バンド"
"スピラ・スピカ"," スピラ・スピカ （ Spira Spica ）は、 日本 の スリーピース ポップ・ロック バンド である。旧バンド名は、 スノーマン 。 2013年 結成。所属事務所は ソニー・ミュージックアーティスツ 。レーベルは SACRA MUSIC 。","","スノーマン（旧称）","日本 ・ 奈良県","","","J-POP, ロック, ポップ・ロック","","","2013年 -","TOWER RECORDS, SACRA MUSIC","","幹葉（ ボーカル ）, 寺西裕二（ ギター ）, ますだ（ ベース ）","https://ja.wikipedia.org/wiki/スピラ・スピカ","Category_日本のポップ・ロック・バンド","https://ja.wikipedia.org/wiki/Category:日本のポップ・ロック・バンド"
"Sumika"," sumika （スミカ）は、 日本 の4人組 ロックバンド 。所属事務所は murffin discs 。所属レーベルは ソニー・ミュージックレーベルズ 内の ソニー・ミュージックレコーズ 。","","sumika［camp session］（アコースティック編成）","日本 ・ 神奈川県","","","ロック ","","","2013年 -","Little garage, sumika inc., murffin discs, ソニー・ミュージックレコーズ","","片岡健太（ ボーカル ・ ギター ）, 黒田隼之介（ギター・ コーラス ）, 荒井智之（ ドラムス ・コーラス）, 小川貴之（ キーボード ・コーラス）","https://ja.wikipedia.org/wiki/Sumika","Category_日本のポップ・ロック・バンド","https://ja.wikipedia.org/wiki/Category:日本のポップ・ロック・バンド"
"台風クラブ (バンド)"," 台風クラブ （たいふうクラブ）は、 日本 の 京都府 で結成されたロックバンド。 2013年 末に大阪府出身の石塚淳、伊奈昌宏他3名で結成され、 2014年 にメンバーの脱退を経て、山本啓太を迎え現在の3人編成となった。","","","日本 京都府","","","インディー・ロック","","","2013年 -","Mastard Records, 雷音レコード","","石塚淳（ ボーカル ・ ギター ）, 山本啓太（ ベース ）, 伊奈昌宏（ ドラムス ）","https://ja.wikipedia.org/wiki/台風クラブ_(バンド)","Category_日本のポップ・ロック・バンド","https://ja.wikipedia.org/wiki/Category:日本のポップ・ロック・バンド"
"ダウト (バンド)"," ダウト は、 日本 の ヴィジュアル系 ロックバンド 。","","D=OUT","日本","","","ロック, オルタナティヴ・ロック, ハードロック, エモ, プログレッシブ・ロック, ポップ・ロック, パワー・ポップ","","","2006年 -","Speed-disk/XXX RECORDS, 徳間ジャパンコミュニケーションズ （ 2011年 7月 - ）","","幸樹 （ ヴォーカル ）, 威吹（ ギター ）, ひヵる（ギター）, 玲夏（ ベース ）, 直人（ ドラムス ）","https://ja.wikipedia.org/wiki/ダウト_(バンド)","Category_日本のポップ・ロック・バンド","https://ja.wikipedia.org/wiki/Category:日本のポップ・ロック・バンド"
"TAWAKE"," TAWAKE （たわけ）は日本の ロックバンド 。所属レコード会社および所属事務所はなく、無所属。 ロック を基調としつつ様々なジャンルの音楽要素を取り入れたポップでキャッチーなサウンドが特徴となっている。","","","","","","","","","","","","","https://ja.wikipedia.org/wiki/TAWAKE","Category_日本のポップ・ロック・バンド","https://ja.wikipedia.org/wiki/Category:日本のポップ・ロック・バンド"
"CHAI (バンド)"," CHAI （チャイ）は、 日本 の ガールズバンド 。「NEOかわいい」、「コンプレックスはアートなり」というコンセプトを掲げて活動している  。","","","日本 愛知県 名古屋市","","","ポップ・ロック , オルタナティヴ・ロック , インディー・ロック , ニュー・ウェイヴ , ポストパンク , ヒップホップ , ソフトロック ","","","2012年 -","OTEMOYAN record（ ソニー・ミュージック ）","","マナ（ ボーカル ・ キーボード ）, カナ（ボーカル・ ギター ）, ユウキ（ ベース ・ コーラス ）, ユナ（ ドラムス ・コーラス）","https://ja.wikipedia.org/wiki/CHAI_(バンド)","Category_日本のポップ・ロック・バンド","https://ja.wikipedia.org/wiki/Category:日本のポップ・ロック・バンド"
"チャットモンチー"," チャットモンチー （ 英語 : chatmonchy ）は、 日本 の ロックバンド である。 徳島県 出身。事務所は Sony Music Artists 。レコード会社は Ki/oon Music 。2000年結成。2018年解散(本人たちは解散ではなく、完結と表現している。途中脱退したメンバーのことも、チャットモンチー(済)としている。)  。","","","日本 ・ 徳島県 徳島市","","","ポップ・ロック , インディー・ロック ","","","2000年 - 2018年","Ki/oon Records → Ki/oon Music","","橋本絵莉子 （ ボーカル ・ ギター ）, 福岡晃子 （ ベース ・ コーラス ）, （途中脱退者は #過去のメンバー を参照）","https://ja.wikipedia.org/wiki/チャットモンチー","Category_日本のポップ・ロック・バンド","https://ja.wikipedia.org/wiki/Category:日本のポップ・ロック・バンド"
"TM NETWORK"," TM NETWORK （ティーエム・ネットワーク）は、 小室哲哉 （ シンセサイザー ・ キーボード ）、 宇都宮隆 （ ボーカル ）、 木根尚登 （ ギター ・キーボード）の3人で構成される 日本 の 音楽ユニット である。","","TMN, Takashi Utsunomiya/Tetsuya Komuro/Naoto Kine ","日本 東京都 多摩地域","","","シンセサイザー音楽 , ポップ・ロック , ニューロマンティック , プログレッシブロック , ファンク , パンク , ダンス , ユーロ , ハードロック , ハウス , レイブ , テクノ , J-POP , トランス , EDM ","","","1983年 - 1994年, 1996年 , 1999年 -","Epic/Sony Records, TRUE KiSS DiSC, Rojam Entertainment, gaball screen, avex trax","","小室哲哉 （ シンセサイザー ・ キーボード ）, 宇都宮隆 （ ボーカル ）, 木根尚登 （ ギター ・キーボード）","https://ja.wikipedia.org/wiki/TM_NETWORK","Category_日本のポップ・ロック・バンド","https://ja.wikipedia.org/wiki/Category:日本のポップ・ロック・バンド"
"T-BOLAN"," T-BOLAN （ティー・ボラン）は、 日本 の4人組 ロックバンド 。 1990年 に結成。所属レコード会社は Being 。 1991年 7月に ビーイング からデビューし、 1999年 12月一旦解散。 1995年 までの4年間で1,700万枚というセールスを記録  。","","","日本","","","ロック , ミクスチャー・ロック , ハードロック , ポップ・ロック , ビートロック ","","","1990年 - 1999年, 2012年 - 2014年, 2016年, 2017年 -","ROCKIT RECORDS, ZAIN RECORDS, Being","明石昌夫 （ 編曲 ）, 葉山たけし （編曲）, 勝田一樹 （ サックス ）, 小野塚晃 （ ピアノ ）, 大黒摩季 （ コーラス ）","森友嵐士 （ ボーカル ）, 五味孝氏 （ ギター ）, 上野博文（ ベース ）, 青木和義（ ドラムス ）","https://ja.wikipedia.org/wiki/T-BOLAN","Category_日本のポップ・ロック・バンド","https://ja.wikipedia.org/wiki/Category:日本のポップ・ロック・バンド"
"DEEN"," DEEN （ディーン）は、ボーカル 池森秀一 、キーボード 山根公路 を中心に 1993年 に結成された、 日本 の ロックバンド で、1990年代に一大ブームを巻き起こした元 ビーイング 系バンドである。","","","日本","","","ポップ・ロック , J-POP ","","","1993年 -","B-Gram RECORDS （1993年 - 1998年）, BERG レーベル （1998年 - 2003年）, BMGファンハウス （2003年 - 2005年）, BMG JAPAN （2005年 - 2009年）, アリオラジャパン （2009年 - 2013年）, エピックレコードジャパン （2013年 - ）","坂井泉水 （ 作詞 ）, 葉山たけし （ 編曲 ）, 古井弘人 （編曲）, 池田大介 （編曲）, 小松未歩 （作詞・ 作曲 ）, AZUKI七 （作詞）, 大黒摩季 （コーラス）","池森秀一 （ ボーカル ）, 山根公路 （ キーボード ）","https://ja.wikipedia.org/wiki/DEEN","Category_日本のポップ・ロック・バンド","https://ja.wikipedia.org/wiki/Category:日本のポップ・ロック・バンド"
"T.M.Revolution"," T.M.Revolution （ティー・エム・レボリューション）は、 西川貴教 の ソロプロジェクト 。略称は T.M.R 、 TM など。 浅倉大介 が 1995年 にリリースした自身のソロシングル「 BLACK OR WHITE? 」に、ゲストボーカルとして西川を起用したことがきっかけとなり、プロジェクトが発足した。代表作品にミリオンセラーとなったシングル「 WHITE BREATH 」( 1997年 )、アルバム「 triple joker 」( 1998年 )など。","","","日本","","","J-POP , ポップ・ロック ","","","1996年 - 1999年 3月, 2000年 4月 -","アンティノスレコード, エピックレコードジャパン","井上秋緒 （作詞）, 浅倉大介 （作曲・編曲）","西川貴教 （ ボーカル ）","https://ja.wikipedia.org/wiki/T.M.Revolution","Category_日本のポップ・ロック・バンド","https://ja.wikipedia.org/wiki/Category:日本のポップ・ロック・バンド"
"Do As Infinity"," Do As Infinity （ドゥー・アズ・インフィニティー）は、 日本 の男女2人組 音楽ユニット 。所属 芸能事務所 は エイベックス・マネジメント 。所属 レーベル は avex trax 。略称は DAI 、愛称は ドゥーアズ 。","","","日本","","","ポップ・ロック  , J-POP ","","","1999年 - 2005年, 2008年 -","avex trax","MAX MATSUURA, 亀田誠治 （ プロデューサー 、 ベース ）","伴都美子 （ ボーカル ）, 大渡亮 （ ギター ・ボーカル）","https://ja.wikipedia.org/wiki/Do_As_Infinity","Category_日本のポップ・ロック・バンド","https://ja.wikipedia.org/wiki/Category:日本のポップ・ロック・バンド"
"とけた電球"," とけた電球 (とけたでんきゅう) は日本の ポップ・ロック バンド 。2012年結成。所属事務所は ホリプロ 。","","","日本","","","J-POP, ポップ・ロック","","","2012年 -","ホリプロ, （2017年 - ）","","岩瀬賢明（ボーカル・ギター）, 境直哉（キーボード）, よこやまこうだい（ベース）, 髙城有輝（ドラム）","https://ja.wikipedia.org/wiki/とけた電球","Category_日本のポップ・ロック・バンド","https://ja.wikipedia.org/wiki/Category:日本のポップ・ロック・バンド"
"ナードマグネット"," ナードマグネット （ Nerd Magnet ）は、 日本 出身の パワー・ポップ ・ バンド  。","","","日本 大阪府","","","オルタナティヴ・ロック, インディー・ロック, パワー・ポップ, ポップ・パンク, エモ","","","2006年 - 現在","THISTIME Records","","須田亮太（ ボーカル ・ ギター ）, 藤井亮輔（ ギター ・ コーラス ）, さえこ（ ベース ・ コーラス ）, 秀村拓哉（ ドラムス ）","https://ja.wikipedia.org/wiki/ナードマグネット","Category_日本のポップ・ロック・バンド","https://ja.wikipedia.org/wiki/Category:日本のポップ・ロック・バンド"
"BUG (バンド)"," BUG （バグ）は、 日本 の ロックバンド 。2001年に結成、2012年活動休止。","","","日本","","","オルタナティヴ・ロック , ポップ・ロック , インダストリアル , エレクトロ・インダストリアル , ハードロック ","","","2001年 - 2012年","DANGER CRUE RECORDS, cutting edge","","kyo (Vo), ASAKI (G), TAKASHI(B), Takeshi(Dr)","https://ja.wikipedia.org/wiki/BUG_(バンド)","Category_日本のポップ・ロック・バンド","https://ja.wikipedia.org/wiki/Category:日本のポップ・ロック・バンド"
"BugLug"," BugLug （バグラグ）は、 日本 の ヴィジュアル系 ロック バンド である。所属レーベルは Resistar Records  。","","","日本","","","ミクスチャー・ロック , ポップ・パンク , ポップ・ロック , 電子音楽 ","","","2010年 -","Resistar Records","","一聖（ボーカル）, 一樹（ギター）, 優（ギター）, 燕（ベース）, 悠介（ドラムス）","https://ja.wikipedia.org/wiki/BugLug","Category_日本のポップ・ロック・バンド","https://ja.wikipedia.org/wiki/Category:日本のポップ・ロック・バンド"
"HUSKING BEE"," HUSKING BEE （ハスキング・ビー）は、 日本 の ロック バンド 。略称は「 ハスキン 」「 ハスビー 」。元ini所属。 1994年 に結成され、 2005年 に解散。 2012年 に新メンバーを従えて再結成。バンド名は英語で「トウモロコシの皮むき会」の意味。","","","日本","","","ポップ・パンク, パワー・ポップ, エモ, メロディック・ハードコア (初期), オルタナティヴ・ロック (後期)","","","1994年 - 2005年, 2012年 -","PIZZA OF DEATH RECORDS, （ 1997年 ）, TOY'S FACTORY, （ 1998年 - 2005年 ）, ハイ・ウェーブ, （ 2012年 - 2014年 ）, 日本クラウン, （ 2016年 - ）","","磯部正文（ ギター 、 ボーカル ）, 平林一哉（ギター、ボーカル）, 工藤哲也 ( ベース 、コーラス)","https://ja.wikipedia.org/wiki/HUSKING_BEE","Category_日本のポップ・ロック・バンド","https://ja.wikipedia.org/wiki/Category:日本のポップ・ロック・バンド"
"Back number"," back number （バックナンバー）は、 日本 の スリーピース ロックバンド である   。 2004年 結成  。所属 芸能事務所 は イドエンターテインメント 。所属 レコード会社 は ユニバーサルミュージック で、 レーベル は ユニバーサルシグマ 。公式ファンクラブは「one room」  。","","","日本 ・ 群馬県","","","J-POP , ロック , ポップ・ロック ","","","2004年 -","ユニバーサルシグマ","","清水依与吏 （ ボーカル ・ ギター ）, 小島和也 （ ベース ・ コーラス ）, 栗原寿 （ ドラムス ）","https://ja.wikipedia.org/wiki/Back_number","Category_日本のポップ・ロック・バンド","https://ja.wikipedia.org/wiki/Category:日本のポップ・ロック・バンド"
"THE BACK HORN"," THE BACK HORN （ザ・バックホーン）は、 日本 の オルタナティヴ・ロック バンド である   。 1998年 結成。 1999年 にアルバム『何処へ行く』でインディーズデビューし、 2001年 にシングル「 サニー 」でメジャーデビュー。略称は「 バクホン 」「 バクホ 」など。「KYO-MEI」という言葉をテーマとして、「聞く人の心をふるわせる音楽を届けていく」という意思を掲げて活動する  。","","","日本 ・ 東京都","","","ロック , ポップ・ロック , オルタナティヴ・ロック  , ニュー・メタル , インディー・ロック ","","","1998年 -","SPEEDSTAR RECORDS","","山田将司 （ ボーカル ）, 菅波栄純 （ ギター ）, 岡峰光舟 （ ベース ）, 松田晋二 （ ドラムス ）","https://ja.wikipedia.org/wiki/THE_BACK_HORN","Category_日本のポップ・ロック・バンド","https://ja.wikipedia.org/wiki/Category:日本のポップ・ロック・バンド"
"HoneyGOLD"," HoneyGOLD （ハニーゴールド）は、 日本 の ３人組 音楽ユニット  。 愛称 は「ハニゴ」  。","","","日本","","","ポップ・ロック 、 J-POP","","","2018年 7月29日 -","","","","https://ja.wikipedia.org/wiki/HoneyGOLD","Category_日本のポップ・ロック・バンド","https://ja.wikipedia.org/wiki/Category:日本のポップ・ロック・バンド"
"BUMP OF CHICKEN"," BUMP OF CHICKEN （バンプ・オブ・チキン）は、 日本 の ロックバンド である  。略称としては「 バンプ 」「 BUMP 」「 BOC 」等が用いられる。 レーベル は トイズファクトリー 、所属事務所は ヒップランドミュージック 傘下のLONGFELLOW。","","","日本 ・ 千葉県 佐倉市","","","ポップ・ロック , オルタナティヴ・ロック , インディー・ロック , J-POP ","","","1996年 -","ハイラインレコーズ, トイズファクトリー","MOR （ 音楽プロデューサー ）","藤原基央 （ ボーカル ・ ギター ）, 増川弘明 （ギター）, 直井由文 （ ベース ）, 升秀夫 （ ドラムス ）","https://ja.wikipedia.org/wiki/BUMP_OF_CHICKEN","Category_日本のポップ・ロック・バンド","https://ja.wikipedia.org/wiki/Category:日本のポップ・ロック・バンド"
"BILLY &amp; THE SLUTS"," BILLY & THE SLUTS は日本の ビジュアル系 ロックバンド 。","","","日本 兵庫県","","","ロック, ポップ・ロック","","","1989年 - 1996年, 2007年 -","フリーウィル, トライクル株式会社（テイチク）, DRAGON GATE RECORDS","","SAMMY(Vo), HIKARI(Gt), BELL-TOMMY(Ba), HIRO(Dr)","https://ja.wikipedia.org/wiki/BILLY_&_THE_SLUTS","Category_日本のポップ・ロック・バンド","https://ja.wikipedia.org/wiki/Category:日本のポップ・ロック・バンド"
"B&#039;z"," B'z （ビーズ）は、 ギタリスト の 松本孝弘 と ボーカリスト の 稲葉浩志 からなる 日本 の ロック ユニット   。所属事務所は VERMILLION 。所属レーベルは VERMILLION RECORDS 。公式ファンクラブは「 B'z Party 」。","","","日本","","","ロック , ハードロック , ポップ・ロック , ブルースロック , J-POP ","","","1988年 -","BMGビクター air records (1988年 - 1990年), BMGビクター ZEZ  (1990年 - 1992年), BMGルームス ZEZ (1992年 - 1994年), BMGルームス VERMILLION (1995年), Rooms RECORDS VERMILLION (1995年 - 2001年), VERMILLION RECORDS (2002年 - )","","松本孝弘 （ ギター ）, 稲葉浩志 （ ボーカル ）","https://ja.wikipedia.org/wiki/B'z","Category_日本のポップ・ロック・バンド","https://ja.wikipedia.org/wiki/Category:日本のポップ・ロック・バンド"
"B.B.クィーンズ"," B.B.クィーンズ （ビービークィーンズ、 英語 : B.B.QUEENS ）は、 ビーイング が企画した 音楽グループ  。","","","日本","","","コミックソング , ポップ・ロック , J-POP ","","","1990年 - 1993年, 2011年 -","BMGルームス, B-Gram RECORDS","織田哲郎 （作曲・編曲・ギター）, 葉山たけし （編曲・ギター）, 長戸大幸 （作詞・プロデュース）","坪倉唯子 （ ボーカル ）, 近藤房之助 （ボーカル・ ギター ）","https://ja.wikipedia.org/wiki/B.B.クィーンズ","Category_日本のポップ・ロック・バンド","https://ja.wikipedia.org/wiki/Category:日本のポップ・ロック・バンド"
"P-fam"," この記事には 複数の問題があります 。 改善 や ノートページ での議論にご協力ください。","","","","","","","","","","","","","https://ja.wikipedia.org/wiki/P-fam","Category_日本のポップ・ロック・バンド","https://ja.wikipedia.org/wiki/Category:日本のポップ・ロック・バンド"
"The Hitch Lowke"," THE Hitch Lowke （ザ・ヒッチローク）は、 日本 のロックバンド。 POWERPLAY 所属。","","","日本","","","J-POP","","","2005年 - 現在","～2016年 DARING ACT RECORDINGS 2016年～ 徳間ジャパンコミュニケーションズ","","星☆拓也（ボーカル), 樋谷 剛志 (ギター), 濱崎 雄司 (ギター), 城山 貴也（ベース), 瀧石 光 (ドラム)","https://ja.wikipedia.org/wiki/The_Hitch_Lowke","Category_日本のポップ・ロック・バンド","https://ja.wikipedia.org/wiki/Category:日本のポップ・ロック・バンド"
"The pillows"," the pillows （ザ・ピロウズ）は、 日本 の ロック バンド  。","","the PILLOWS","日本","","","ロック , オルタナティヴ・ロック , インディー・ロック ","","","1989年 -","キャプテンレコード （ 1990年 ）, ポニーキャニオン （ 1991年 - 1993年 ）, キングレコード （ 1994年 - 2006年 ）, avex trax, （ 2006年 - 2016年 ）, DELICIOUS LABEL (販売元：キングレコード)（ 2016年 - ）","有江嘉典","山中さわお （ ボーカル ・ ギター ）, 真鍋吉明 （ギター）, 佐藤シンイチロウ （ ドラムス ）","https://ja.wikipedia.org/wiki/The_pillows","Category_日本のポップ・ロック・バンド","https://ja.wikipedia.org/wiki/Category:日本のポップ・ロック・バンド"
"PINKLOOP"," PINKLOOP （ピンクループ）は 滋賀県 出身の パンク バンド 。2001年結成。自主制作アルバム1000枚限定をはじめ、「025121341」「GOODBYE MY LITTLE HONEY」「PINK FLAVORED POWER POP!!」「Smilёz」「Songs For You」とインディー・メジャー通算6枚のミニアルバム・アルバムをリリースする。また、どのタイトルも各チャートにランクインするなど、好セールスを上げている。また、ライブの方では、ELLEGARDEN、マキシマムザホルモン、10FEET、UNCHAIN、dustbox、GOOD 4 NOTHING等のバンドとともに全国ツアーをこなし、自主企画である「PINKY STYLE」を開催。09年に「Songs For You」がリリースする前にGt,YOSが脱退し、KEIがサポートメンバーとして加入。","","","滋賀県","","","パンク・ロック","","","2001年 -","EVOL RECORDS / MOONSHINE Inc. （ 2010年 -）","","YUKI(v,b,prog), HIRO(d), macd.(Gt)","https://ja.wikipedia.org/wiki/PINKLOOP","Category_日本のポップ・ロック・バンド","https://ja.wikipedia.org/wiki/Category:日本のポップ・ロック・バンド"
"FANATIC◇CRISIS"," FANATIC◇CRISIS （ファナティック クライシス）は、 日本 の ヴィジュアル系 ロック バンド 。略称は FtC 。バンド名の由来については、「FANATIC（狂信的、熱狂的）」と「CRISIS（危機）」という異なる意味の二つの単語を組み合わせ、二つの側面を持つバンドであるようにという意味でつけた説と、適当に 英和辞典 をひいて名づけた説の二つがあり、真の理由は不明。間に◇が入るのは、「FANATIC」と「CRISIS」を並べた時に二つの単語の「C」が連続してしまうのを避ける為で、 占い師 に「画数的には◇がいい」と言われたからである。後にテレビ東京の深夜音楽番組内で姓名判断師の 安斎勝洋 には「◇を取った方が良い」と言われたが、変更しなかった。結成初期の表記は「×」や「☆」、「†」などこだわりはなかった。また、TV出演の際には◇が表記されない事もあった。","","","日本 愛知県","","","オルタナティヴ・ロック, パワー・ポップ, ポストパンク, ゴシック・ロック","","","1992年 - 2005年","フォーライフレコード, STOICSTONE","神林義弘","石月努 （ ボーカル ）, 和也（ ギター ）, Shun（ギター）, RYUJI（ ベース ）, 徹（ ドラムス ）","https://ja.wikipedia.org/wiki/FANATIC◇CRISIS","Category_日本のポップ・ロック・バンド","https://ja.wikipedia.org/wiki/Category:日本のポップ・ロック・バンド"
"フィルフリーク"," フィルフリーク ( 英 : PhillFreak ）は、2014年東京都にて結成された日本のロックバンド。","","","東京都","","","Jポップ","","","2014年 -","WAVE MASTER / KickAss Japanese","","広瀬とうき（ ボーカル ・ ギター ）, ゆっこ（ キーボード ・ ボーカル ）, 三上大鳳（ ギター ）, ツカダユウキ（ ベース ）","https://ja.wikipedia.org/wiki/フィルフリーク","Category_日本のポップ・ロック・バンド","https://ja.wikipedia.org/wiki/Category:日本のポップ・ロック・バンド"
"FIELD OF VIEW"," FIELD OF VIEW （フィールド・オブ・ビュー）は、 日本 の ロックバンド 。 1994年 デビュー、 2002年 12月に解散。 2020年 デビュー25周年記念としてベストアルバムの発売・FIELD OF VIEWとしてのライブを開催した。","","","日本","","","ポップ・ロック , J-POP ","","","1994年 - 2002年, 2012年, 2020年 -","ZAIN RECORDS, 日本コロムビア /Beat reC","多々納好夫 （ 作曲 ）, 池田大介 （ 編曲 ）, 小松未歩 （ 作詞 ・作曲）, AZUKI七 （作詞）","浅岡雄也 （ ボーカル ）, 小田孝 （ ギター ）, 新津健二 （ ベース ）, 小橋琢人 （ ドラムス ）","https://ja.wikipedia.org/wiki/FIELD_OF_VIEW","Category_日本のポップ・ロック・バンド","https://ja.wikipedia.org/wiki/Category:日本のポップ・ロック・バンド"
"Booing!!!"," Booing!!! （ ブーイング!!! ）は、日本の ガールズ ・ デュオユニット 。 エイベックス・マネジメント 所属。","","LUKA×パフォーマーYURICA, Havfrue, PurplePearl","日本","","","J-POP, ポップ・ロック","","","2014年 3月 -","","AZ（THEGOLD）, アイドリング!!!","YURICA（ 橘ゆりか ）, LUKA（ 倉田瑠夏 ）","https://ja.wikipedia.org/wiki/Booing!!!","Category_日本のポップ・ロック・バンド","https://ja.wikipedia.org/wiki/Category:日本のポップ・ロック・バンド"
"Flumpool"," flumpool （フランプール）は、 日本 の4人組 ロックバンド 。2007年1月に 大阪府 で結成。2008年10月、 配信限定 シングル 『 花になれ 』で メジャーデビュー 。NHK紅白歌合戦にはこれまでに3回出場。","","","日本 ・ 大阪府 松原市","","","ポップ・ロック , オルタナティヴ・ロック , J-ROCK ","","","2007年 - 2017年, 2019年 -","sonic form, antwork, A-Sketch, 相信音樂","玉井健二, 百田留衣","山村隆太 （ ボーカル ・ ギター ）, 阪井一生 （ギター）, 尼川元気 （ ベース ）, 小倉誠司（ ドラムス ）","https://ja.wikipedia.org/wiki/Flumpool","Category_日本のポップ・ロック・バンド","https://ja.wikipedia.org/wiki/Category:日本のポップ・ロック・バンド"
"プリンセス プリンセス"," プリンセス プリンセス ( 英 : PRINCESS PRINCESS ) は、 日本 の ガールズ ロック バンド である。活動期間は 1983年 - 1996年 および 2012年 - 2016年 。女性のみで構成されたバンドの中で、商業的に日本で最も成功したグループである    。ガールズバンドのパイオニアとなり、ヒット曲を連発。略称は『 プリプリ 』。","","赤坂小町（旧名）","日本 東京都","","","ポップ・ロック  , J-POP ","","","1983年 - 1996年, 2012年 - 2016年","TDKレコード, Sony Records, SME Records","青山純, 伊藤広規","奥居香 （ ボーカル ・ ギター ）, 中山加奈子 （ギター・ コーラス ）, 渡辺敦子 （ ベース ・コーラス）, 今野登茂子 （ キーボード ・コーラス）, 富田京子 （ ドラムス ・コーラス）","https://ja.wikipedia.org/wiki/プリンセス_プリンセス","Category_日本のポップ・ロック・バンド","https://ja.wikipedia.org/wiki/Category:日本のポップ・ロック・バンド"
"THE PREDATORS"," THE PREDATORS （ザ・プレデターズ）は、2005年に結成された、日本の スリーピース ・ ロック バンド である。「 ポップ な ニルヴァーナ 」を意識した音楽がコンセプトであったが、2015年の活動で ラモーンズ を意識しつつもテーマをあまり設けずに曲作りをしていて、2018年の活動では特にテーマなどは設けずに曲作りをしている。","","プレデターズ","日本","","","ポスト・グランジ, オルタナティヴ・ロック, パワー・ポップ","","","2005年 -","three mountain records, （ 2005年 - 2006年 ）, avex trax, （ 2008年 - 2015年 ）, DELICIOUS LABEL （販売元： ポニーキャニオン ）, （2015年-）","","山中さわお （ ボーカル 、 ギター ）, JIRO （ ベース ）, 高橋宏貴 （ ドラムス ）","https://ja.wikipedia.org/wiki/THE_PREDATORS","Category_日本のポップ・ロック・バンド","https://ja.wikipedia.org/wiki/Category:日本のポップ・ロック・バンド"
"FLOW"," FLOW （フロウ）は、 1998年 に結成された 日本 の5人組 ロックバンド 。所属レーベルは SACRA MUSIC 、所属 事務所 は アミューズ 。","","","日本 ・ 東京都","","","ポップ・ロック , オルタナティヴ・ロック , インディー・ロック , インディー・ポップ , ダンスロック , ミクスチャー・ロック , アニメソング , 青春パンク ","","","1998年 -","Ki/oon Music, SACRA MUSIC","亀田誠治","KOHSHI（ ボーカル ）, KEIGO（ボーカル）, TAKE（ ギター ）, GOT'S（ ベース ）, IWASAKI（ ドラムス ）","https://ja.wikipedia.org/wiki/FLOW","Category_日本のポップ・ロック・バンド","https://ja.wikipedia.org/wiki/Category:日本のポップ・ロック・バンド"
"Base Ball Bear"," Base Ball Bear （ベース ボール ベアー）は、 日本 の スリーピース・ロックバンド 。","","","日本 千葉県 浦安市","","","ポップ・ロック , ニュー・ウェイヴ , J-POP ","","","2001年 -","RIHOMI, DAIZAWA, EMI-J, UMJ／EMI, DGP","","小出祐介 （ ボーカル ・ ギター ）, 関根史織（ ベース ・ コーラス ）, 堀之内大介（ ドラムス ・コーラス）","https://ja.wikipedia.org/wiki/Base_Ball_Bear","Category_日本のポップ・ロック・バンド","https://ja.wikipedia.org/wiki/Category:日本のポップ・ロック・バンド"
"ポタリ"," ポタリ (potali)は、 愛知県 豊橋市 出身  、名古屋を拠点に活動していた4人組 ガールズバンド 、ポップロックバンドである。「ポ」にアクセントがくるように発音する（「ポパイ」「モアイ」と同じ）。","","","日本 愛知県 豊橋市","","","J-POP, ロック","","","2007年 - 2019年","TREASURISE RECORDS","","鈴木奈津美, 中西詠美, 内田愛子, 茄子川","https://ja.wikipedia.org/wiki/ポタリ","Category_日本のポップ・ロック・バンド","https://ja.wikipedia.org/wiki/Category:日本のポップ・ロック・バンド"
"ポルカドットスティングレイ"," ポルカドットスティングレイ （ 英 : Polkadot Stingray ）は、 日本 の ロックバンド である。 2015年 結成。 福岡県 出身。略称は ポルカ  。 所属事務所 はUNIVERSAL SIGMA ARTISTS。レーベルはユニバーサルミュージック内の社内レーベルである ユニバーサル シグマ 。","","ポルカ（ 英 : Polka ）（略称）","日本 ・ 福岡県","","","ロック, オルタナティヴ・ロック, ポップ・ロック, インディー・ロック","","","2015年 -","ユニバーサル シグマ （2017年 - ）","","雫（ ボーカル ・ ギター ）, エジマハルシ（ギター）, ウエムラユウキ（ ベース ）, ミツヤスカズマ（ ドラムス ）","https://ja.wikipedia.org/wiki/ポルカドットスティングレイ","Category_日本のポップ・ロック・バンド","https://ja.wikipedia.org/wiki/Category:日本のポップ・ロック・バンド"
"ポルノグラフィティ"," ポルノグラフィティ （ 英語 : Porno Graffitti  ）は、日本の2人組ロックバンド  。所属事務所は アミューズ 。レーベルは SME Records （ ソニー・ミュージックレーベルズ ）  。主な略称は ポルノ 。公式ファンクラブ名は「 love up! 」。","","","日本 広島県 因島市 （現・ 尾道市 ）","","","J-POP , ポップ・ロック , ロック , ラテン ","","","1994年 -","SME Records","","岡野昭仁 （ ボーカル ）, 新藤晴一 （ ギター ）","https://ja.wikipedia.org/wiki/ポルノグラフィティ","Category_日本のポップ・ロック・バンド","https://ja.wikipedia.org/wiki/Category:日本のポップ・ロック・バンド"
"Mr.Children"," Mr.Children （ミスター・チルドレン）は、 日本 の4人組 ロックバンド  。1989年に結成  。略称および愛称は ミスチル    。所属 事務所 はエンジン（ 烏龍舎 傘下）、 レコード会社 は トイズファクトリー 。公式 ファンクラブ は「 FATHER & MOTHER 」。","","","日本 ・ 東京都 ","","","ポップ・ロック  , J-POP ","","","1989年  - 1997年, 1998年 -","トイズファクトリー （1992年 - ）","小林武史 （ - 2015年）","桜井和寿 （ ボーカル ・ ギター ）, 田原健一 （ギター）, 中川敬輔 （ ベース ）, 鈴木英哉 （ ドラムス ）","https://ja.wikipedia.org/wiki/Mr.Children","Category_日本のポップ・ロック・バンド","https://ja.wikipedia.org/wiki/Category:日本のポップ・ロック・バンド"
"Mrs. GREEN APPLE"," Mrs. GREEN APPLE （ミセス・グリーン・アップル）は、 日本 の男女5人組 ロックバンド 。 2013年 結成。所属 レコード会社 は ユニバーサルミュージック 、所属 レーベル は EMI Records 。公式 ファンクラブ の名称は「 Ringo Jam 」、愛称及び 略称 は「 ミセス 」、「 MGA 」。デビュー5周年となる2020年7月8日21時8分、フェーズ1完結と共に表舞台での活動休止となり、事務所からの独立とフェーズ2に向けての新たなプロジェクト”Project-MGA”を発表。","","","日本","","","ポップ・ロック , ダンス , ロック , J-POP ","","","2013年 - 2020年","ProBabLy, EMI Records","中西亮輔, 伊藤賢, 高橋諒, 山下洋介","大森元貴 （ ボーカル ・ ギター ）, 若井滉斗（ギター）, 山中綾華（ ドラムス ）, 藤澤涼架（ キーボード ）, 髙野清宗（ ベース ）","https://ja.wikipedia.org/wiki/Mrs._GREEN_APPLE","Category_日本のポップ・ロック・バンド","https://ja.wikipedia.org/wiki/Category:日本のポップ・ロック・バンド"
"MOON CHILD (バンド)"," MOON CHILD （ムーンチャイルド）は、 日本 の ロック バンド 。","","","日本","","","ロック, ポップ・ロック, オルタナティヴ・ロック, フォークロック, パワー・ポップ, ファンク, AOR","バンド","","1995年 - 1999年, 2013年, 2017年, 2019年","avex trax, （1996年 - 1999年）","浦清英 （ キーボード ・ 編曲 ）, 井上鑑 （キーボード・編曲）","佐々木収 （ ボーカル ・ ギター ）, 渡辺崇尉（ ベース ）, 樫山圭（ ドラム ）, 秋山浩徳 （ ギター  ）","https://ja.wikipedia.org/wiki/MOON_CHILD_(バンド)","Category_日本のポップ・ロック・バンド","https://ja.wikipedia.org/wiki/Category:日本のポップ・ロック・バンド"
"MAYKIDZ"," MAYKIDZ （メイキッズ）は、 スリーピース J-POP バンド 。","","","","","","J-POP, ポップ, ロック, ポップ・ロック, オルタナティヴ・ロック, インディー・ロック, エモ, メロディック・ハードコア","","","2018年 5月 -","NAKED SONGS","","小林光一 （ ボーカル 、 ギター ）, 高田雄一 （ ベース ）, BEAK （ ドラム ）","https://ja.wikipedia.org/wiki/MAYKIDZ","Category_日本のポップ・ロック・バンド","https://ja.wikipedia.org/wiki/Category:日本のポップ・ロック・バンド"
"メガマソ"," メガマソ は、 日本 の ヴィジュアル系   ロック バンド である。 彩冷える （アヤビエ）の ギタリスト であった 涼平 を中心に結成された。 2017年 11月23日 をもって解散（後述）。","","Megamasso、萌EN〼を ","日本","","","ポップ・ロック , ダンスロック, ポップ・パンク , パワー・ポップ","","","2006年 - 2017年","NXSIE RECORDS（ 2006年 - 2009年 ）, avex trax （2009年 - 2010年 ）, HPQ （2010年 - 2011年）, エイベックス・マネジメント （ 2012年 1月）, タイムリーレコード （2012年7月 - 2014年6月）, SPACE SHOWER MUSIC （2014年7月 - 2017年 11月 ）","","インザーギ （ ボーカル ）, 涼平 （ ギター ）, Gou（ ベース ）","https://ja.wikipedia.org/wiki/メガマソ","Category_日本のポップ・ロック・バンド","https://ja.wikipedia.org/wiki/Category:日本のポップ・ロック・バンド"
"MONKEY MAJIK"," MONKEY MAJIK （モンキーマジック）は、 日本 の4人組 ロックバンド 。所属レーベルは エイベックス・エンタテインメント 内の A.S.A.B 。所属芸能事務所は エイベックス・マネジメント 。 略称 は「 モマジ 」または「 モンマジ 」「 モンキー 」。","","","日本 青森県 南部地方","","","ポップ・ロック  , J-POP ","","","2000年 -","UNDER HORSE, binyl, A.S.A.B","","Maynard （ ボーカル ・ ギター ）, Blaise （ボーカル・ギター）, tax（ ドラムス ）, DICK（ ベース ）","https://ja.wikipedia.org/wiki/MONKEY_MAJIK","Category_日本のポップ・ロック・バンド","https://ja.wikipedia.org/wiki/Category:日本のポップ・ロック・バンド"
"UNICORN"," UNICORN （ユニコーン）は、日本の ロックバンド 。 1986年 に 広島県 広島市 にて結成し、 1987年 、アルバム『 BOOM 』でデビュー。 1993年 に解散。 2009年 に再結成し活動を再開した。","","ユニコーン","日本 広島県 ","","","ポップ・ロック , オルタナティヴ・ロック , プログレッシブ・ロック , J-POP , ニュー・ウェイヴ ","","","1986年 - 1993年, 2009年 -","CBS/SONY RECORDS (1987年 - 1991年 ), Sony Records ( 1991年 - 1993年), Ki/oon Records (2009年 - 2012年), Ki/oon Music (2012年 - )","","ABEDON （ キーボード ）, 奥田民生 （ ボーカル ・ ギター ）, 川西幸一 （ ドラムス ）, EBI （ ベース ）, 手島いさむ （ギター）","https://ja.wikipedia.org/wiki/UNICORN","Category_日本のポップ・ロック・バンド","https://ja.wikipedia.org/wiki/Category:日本のポップ・ロック・バンド"
"夜の本気ダンス"," 夜の本気ダンス （よるのほんきダンス）は、 日本 の4人組 ダンスロック ・ バンド  。略称は夜ダン（よるだん）。鈴鹿と町田が高校時代に組んでいた 銀杏BOYZ のコピーバンドが前身。高校を卒業すると同時にオリジナルをやろうということになり、ボーカルが抜けて米田が加入。その頃は ゆらゆら帝国 や 嘘つきバービー のような サイケデリック なサウンドを目指していた。その後、ベーシストも就職活動などで忙しくなり、代わりにマイケルが加入  。","","","日本 ・ 京都府","","","ダンスロック , ファンク ","","","2008年 -","actwise/Streetwise （2014年 - 2015年）, Getting Better （2016年 - ）","","米田貴紀（ ボーカル ・ ギター ）, 鈴鹿秋斗（ ドラムス ・コーラス）, マイケル（ ベース ・コーラス）, 西田一紀（ギター・ コーラス ）","https://ja.wikipedia.org/wiki/夜の本気ダンス","Category_日本のポップ・ロック・バンド","https://ja.wikipedia.org/wiki/Category:日本のポップ・ロック・バンド"
"LIGHT BRINGER"," LIGHT BRINGER (ライト・ブリンガー)は、日本の ロック バンド  。愛称は「ラブリー」。 2011年 、 キングレコード よりメジャーデビュー。 2014年 11月に無期限活動休止  を宣言した。","","","日本","","","ハードロック , パワー・ポップ , ヘヴィメタル , オルタナティヴ・メタル , パワーメタル , プログレッシブ・メタル , メロディックスピードメタル ","","","2005年 - 2014年","キングレコード （ 2011年 11月 - 2014年 ）","","Fuki (Vocal), JaY (Guitar), hibiki (Bass), Mao (Keyboard), 弓田”yumi”秀明 (Drums)","https://ja.wikipedia.org/wiki/LIGHT_BRINGER","Category_日本のポップ・ロック・バンド","https://ja.wikipedia.org/wiki/Category:日本のポップ・ロック・バンド"
"La&#039;cryma Christi"," La'cryma Christi （ラクリマ・クリスティー）は、 日本 の ヴィジュアル系 ロックバンド 。 1991年 に結成され、 2007年 に解散したが、 2009年 に再結成した。","","STRIPPE-D-LADY","日本","","","ヴィジュアル系 , ポップ・ロック , ハードロック , ヘヴィメタル ","","","1991年 - 2007年, 2009年 - 2010年, 2012年","トイズファクトリー, ポリドール","明石昌夫, 奈良敏博","TAKA （ ボーカル ）, HIRO （ ギター ）, KOJI （ ギター ）, SHUSE （ ベース ）, LEVIN （ ドラムス ）","https://ja.wikipedia.org/wiki/La'cryma_Christi","Category_日本のポップ・ロック・バンド","https://ja.wikipedia.org/wiki/Category:日本のポップ・ロック・バンド"
"LOVE PSYCHEDELICO"," LOVE PSYCHEDELICO （ラブ・サイケデリコ）は、ボーカルのKUMIとギターのNAOKIの男女二人による 日本 の ロック デュオ  。略称は デリコ 。所属レーベルは ビクターエンタテインメント 、所属事務所は JVCエンタテインメント 。1997年に 青山学院大学 の音楽サークルで結成  。もともとは大学でNAOKIがKUMIに声を掛けたことをきっかけになにげなく始まったバンドで、当初はプロデビューなどという野心はまったくなかった  。2人を中心にバンド形態で活動をスタートするが、メンバーが入っては辞めての繰り返しで、ファーストアルバムも、バンドが無くなって後任のベースとドラムとキーボードを探すまでの間に デモテープ のつもりで2人だけで作っていたものだった   。そのテープがたまたまレコード会社の人間の手に渡り、 アコースティック・ギター と ボーカル を録り直した以外はほとんどそのままの形で CD になって世に出てしまった     。","","","日本 ・ 東京都","","","ポップ・ロック , オルタナティヴ・ロック , ロックンロール , サイケデリック・ロック , フォークロック , ルーツミュージック  , J-POP ","","","1997年 -","ビクターエンタテインメント","堀江博久 （ キーボード ）, 高桑圭 （ ベース ）, 白根賢一 （ ドラムス ）, 権藤知彦 （コンピュータオペレーション・プログラミング）, 山田ノブマサ（ レコーディング・エンジニア ）","KUMI（ ボーカル ・ ギター ）, NAOKI（ギター・ベース）","https://ja.wikipedia.org/wiki/LOVE_PSYCHEDELICO","Category_日本のポップ・ロック・バンド","https://ja.wikipedia.org/wiki/Category:日本のポップ・ロック・バンド"
"L&#039;Arc〜en〜Ciel"," L'Arc .mw-parser-output .jis2004font{font-family:\"源ノ角ゴシック JP Normal\",\"源ノ角ゴシック JP\",\"Source Han Sans Normal\",\"Source Han Sans\",\"NotoSansJP-DemiLight\",\"Noto Sans CJK JP DemiLight\",\"ヒラギノ角ゴ ProN W3\",\"ヒラギノ角ゴ ProN\",\"Hiragino Kaku Gothic ProN\",\"メイリオ\",Meiryo,\"新ゴ Pr6N R\",\"A-OTF 新ゴ Pr6N R\",\"小塚ゴシック Pr6N M\",\"IPAexゴシック\",\"Takaoゴシック\",\"XANO明朝U32\",\"XANO明朝\",\"和田研中丸ゴシック2004絵文字\",\"和田研中丸ゴシック2004ARIB\",\"和田研中丸ゴシック2004P4\",\"和田研細丸ゴシック2004絵文字\",\"和田研細丸ゴシック2004ARIB\",\"和田研細丸ゴシック2004P4\",\"和田研細丸ゴシックProN\",YOzFont04,\"IPA Pゴシック\",\"Yu Gothic UI\",\"Meiryo UI\",\"ＭＳ Ｐゴシック\";font-feature-settings:\"jp04\"1} 〜 en 〜 Ciel  （ ラルク アン シエル  ）は、 日本 の4人組 ロック バンド 。 1991年 結成。通称・略称は主に ラルク が用いられる。","","","日本 大阪府 大阪市","","","ロック , ポップ・ロック , インディー・ロック , プログレッシブ・ロック , ニュー・ウェイヴ , オルタナティヴ・ロック , J-POP / J-ROCK ","","","1991年 -","","岡野ハジメ, （ プロデューサー 、1996年 - ）","hyde （ ボーカル ）, ken （ ギター ・ コーラス ）, tetsuya （ ベース ・コーラス）, yukihiro （ ドラムス ）","https://ja.wikipedia.org/wiki/L'Arc〜en〜Ciel","Category_日本のポップ・ロック・バンド","https://ja.wikipedia.org/wiki/Category:日本のポップ・ロック・バンド"
"リーガルリリー"," リーガルリリー （ 英語 : Regallily ）は、たかはしほのか、海、ゆきやまの3人で構成される 日本 の ガールズ スリーピース バンド である  。2014年に結成され、2017年に1名脱退したのち、2018年に新メンバーを迎えて現行の体制に至る。","","","日本 ・ 東京都","","","ポップ・ロック , J-POP ","","","2014年 -","Biotope, キューンミュージック","","たかはしほのか（ ボーカル ・ ギター ）, 海（ ベース ）, ゆきやま（ ドラムス ）","https://ja.wikipedia.org/wiki/リーガルリリー","Category_日本のポップ・ロック・バンド","https://ja.wikipedia.org/wiki/Category:日本のポップ・ロック・バンド"
"緑黄色社会"," 緑黄色社会 （りょくおうしょくしゃかい）は、 日本 の男女混成4人組 バンド 。 愛知県 出身。2011年に5人組バンドとして結成され、2015年にドラマーの脱退を経て現行の4人組編成となった。所属 レーベル は ソニー・ミュージックレーベルズ 内の エピックレコードジャパン 。略称は「リョクシャカ」  。","","","日本 ・ 愛知県","","","ポップ・ロック  , J-POP ","","","2011年 -","Here, play pop!, エピックレコードジャパン","","長屋晴子（ ボーカル ・ ギター ）, 小林壱誓（ギター・ コーラス ）, peppe（ キーボード ・コーラス）, 穴見真吾（ ベース ・コーラス）","https://ja.wikipedia.org/wiki/緑黄色社会","Category_日本のポップ・ロック・バンド","https://ja.wikipedia.org/wiki/Category:日本のポップ・ロック・バンド"
"LINDBERG"," LINDBERG （リンドバーグ）は、 日本 の ロック バンド 。1988年結成、 1989年 デビュー 、2002年に解散。デビュー20周年となる 2009年 に1年間限定で再結成した後、 2014年 より活動を再開した。","","","","日本","","ロック , ポップ・ロック , J-POP ","","","1988年 - 2002年, 2009年, 2014年 -","Japan Records, PUBLIC IMAGE, 246 Records, ポリドール, Meldac, エイベックス","月光恵亮 （プロデュース・編曲）, MOTO （編曲）, 角田崇徳 （編曲）","渡瀬マキ （ ボーカル ）, 平川達也 （ ギター ）, 川添智久 （ ベース ）, 小柳\"cherry\"昌法 （ ドラムス ）","https://ja.wikipedia.org/wiki/LINDBERG","Category_日本のポップ・ロック・バンド","https://ja.wikipedia.org/wiki/Category:日本のポップ・ロック・バンド"
"レミオロメン"," レミオロメン は、 日本 の3人組 ロックバンド である。 2012年 2月1日 より公式に活動休止がアナウンスされ、現在はメンバー3人が個々に活動している。略称は レミオ 。所属レコード会社は SPEEDSTAR RECORDS 。","","","日本 ・ 山梨県","","","J-POP , ポップ・ロック ","","","2000年 - 2012年","DAIZAWA RECORDS （2003年）, SPEEDSTAR RECORDS （2003年 - 2008年、2014年 - ）, OORONG RECORDS （2009年 - 2013年）","小林武史, 皆川真人","藤巻亮太 （ ボーカル ・ ギター ）, 前田啓介 （ ベース ・ コーラス ）, 神宮司治 （ ドラムス ・コーラス）","https://ja.wikipedia.org/wiki/レミオロメン","Category_日本のポップ・ロック・バンド","https://ja.wikipedia.org/wiki/Category:日本のポップ・ロック・バンド"
"ロードオブメジャー"," ロードオブメジャー （ROAD OF MAJOR）は、 日本 の4人組 ロックバンド 。略称は「 ROM （ロム）」。","","","日本 東京都 ","","","ロック, パンク・ロック , オルタナティヴ・ロック , メロディック・ハードコア , パワー・ポップ , ポップ・パンク  ","","","2002年 4月23日 - 2007年 7月18日","tearbridge production, （2002年8月 - 2004年 10月）, JUNK MUSEUM, （2004年11月 - 2007年 7月）","","北川賢一 （ ボーカル ）, 近藤信政 （ ギター ）, 松本賢一 （ ベース ）, 上原彰兼 （ ドラムス ）","https://ja.wikipedia.org/wiki/ロードオブメジャー","Category_日本のポップ・ロック・バンド","https://ja.wikipedia.org/wiki/Category:日本のポップ・ロック・バンド"
"忘れてモーテルズ"," 忘れてモーテルズ （ 英語 : Wasurete Motels ）は、日本の3人組ロックバンド。所属レコード会社は サザナミレーベル 。","","","日本 町田","","","ロック 、 パンクロック 、 ポップパンク 、 オルタナティブ・ロック 、 インディー・ロック","","","2009年-","サザナミレーベル","","283（ ボーカル ・ ドラム ）, 悪玉（ ギター ）, ゾロメ（ ベース ）","https://ja.wikipedia.org/wiki/忘れてモーテルズ","Category_日本のポップ・ロック・バンド","https://ja.wikipedia.org/wiki/Category:日本のポップ・ロック・バンド"
"Wacci"," wacci （ワッチ）は、 日本 の ポップロックバンド 。 2009年 に結成し、 2012年 に メジャー・デビュー 。所属 芸能事務所 は キューブ 、所属 レコードレーベル は エピックレコードジャパン 。公式ファンクラブは「 wacci荘 」。","","","日本","","","J-POP , ポップロック","","","2009年 -","エピックレコードジャパン","","橋口洋平（ ボーカル ・ ギター ）, 村中慧慈（ギター）, 因幡始（ キーボード ）, 小野裕基（ ベース ）, 横山祐介（ ドラムス ）","https://ja.wikipedia.org/wiki/Wacci","Category_日本のポップ・ロック・バンド","https://ja.wikipedia.org/wiki/Category:日本のポップ・ロック・バンド"
"WANDS"," WANDS （ワンズ）は、 日本 の男性3人組 ロックバンド 。所属 芸能事務所 は Ading 。所属 レコードレーベル は GIZA studio 傘下の D-GO 。公式ファンクラブは「WANDER-LAND NEO」。","","","日本","","","ポップ・ロック , オルタナティヴ・ロック , J-POP ","","","1991年 - 2000年, 2019年 -","TM FACTORY/東芝EMI (1991年 - 1993年), B-Gram RECORDS (1993年 - 2000年), D-GO/GIZA studio (2019年 - )","長戸大幸 （プロデュース）, 大島こうすけ （作曲、編曲）","上原大史 （ ボーカル ）, 柴崎浩 （ ギター ）, 木村真也 （ キーボード ）","https://ja.wikipedia.org/wiki/WANDS","Category_日本のポップ・ロック・バンド","https://ja.wikipedia.org/wiki/Category:日本のポップ・ロック・バンド"
"ポップ・ロック・バンド"," ポップ・ロック バンド に関するカテゴリ。","","","","","","","","","","","","","https://ja.wikipedia.org/wiki/Category:ポップ・ロック・バンド","Category_日本のポップ・ロック・バンド","https://ja.wikipedia.org/wiki/Category:日本のポップ・ロック・バンド"
"日本のポップ・バンド"," このカテゴリには以下の下位カテゴリのみが含まれています。","","","","","","","","","","","","","https://ja.wikipedia.org/wiki/Category:日本のポップ・バンド","Category_日本のポップ・ロック・バンド","https://ja.wikipedia.org/wiki/Category:日本のポップ・ロック・バンド"
"日本のロック・バンド"," このカテゴリでは、 日本 出身の ロック バンド 、グループ、ユニットを扱う。","","","","","","","","","","","","","https://ja.wikipedia.org/wiki/Category:日本のロック・バンド","Category_日本のポップ・ロック・バンド","https://ja.wikipedia.org/wiki/Category:日本のポップ・ロック・バンド"
