﻿"タイトル","コメント","出生名","別名","出身地","生誕","死没","ジャンル","職業","担当楽器","活動期間","レーベル","共同作業者","メンバー","URL","親リストタイトル","親リストURL"
"アウト・キャスト"," アウト・キャスト は、 1966年 春に結成された グループ・サウンズ （GS）の バンド 。所属は 渡辺プロダクション 。グループ名の由来は  「人真似ではなく、自分達独自のもので飛躍しよう」 との想いから。","","","日本","","","グループ・サウンズ","","","1966年 - 1969年","","","大野良二（ ベースギター ）, 岡本修（ リードボーカル ）, 谷かつみ （ ギター ）, 菅野吉治 （ オルガン ）, 朝倉幸夫 （ ドラムス ）","https://ja.wikipedia.org/wiki/アウト・キャスト","Category_グループ・サウンズのバンド","https://ja.wikipedia.org/wiki/Category:グループ・サウンズのバンド"
"アダムス (グループサウンズ)"," アダムス （Adams）は、1968年に結成された グループ・サウンズ のバンド。1969年に解散。","","","日本","","","グループ・サウンズ","","","1968年 - 1969年","CBS・ソニーレコード","","水谷公生, 轟健二, 千原秀明, 川上幸夫, 土谷守","https://ja.wikipedia.org/wiki/アダムス_(グループサウンズ)","Category_グループ・サウンズのバンド","https://ja.wikipedia.org/wiki/Category:グループ・サウンズのバンド"
"井上宗孝とシャープ・ファイブ"," 井上宗孝とシャープ・ファイブ （いのうえむねたかとシャープファイブ  、 英語 : Munetaka Inoue and His Sharp Five  ）は、日本の バンド である      。 シャープ・ホークス の バックバンド であった シャープ・ホークスとそのグループ を前身とし、 インストルメンタル 演奏のバンドとしては ザ・シャープ・ファイブ ともクレジットされた     。初期には 井上宗孝とシャープ・ファイヴ とも   。","","シャープ・ホークスとそのグループ （1963年 - 1965年）, ザ・シャープ・ファイブ （1965年 - 1980年）","","","","歌謡曲 、 グループ・サウンズ 、 和製ロック 、 インストルメンタル","バンド","","1963年 - 1980年","キングレコード （1963年 - 1967年）, 日本コロムビア （1967年 - 1970年）, キャニオンレコード （1970年 - 1980年）","シャープ・ホークス","井上宗孝, 三根信宏, 古屋紀, 伊藤昌明, 山内英美, 小林正和","https://ja.wikipedia.org/wiki/井上宗孝とシャープ・ファイブ","Category_グループ・サウンズのバンド","https://ja.wikipedia.org/wiki/Category:グループ・サウンズのバンド"
"ヴィレッジ・シンガーズ"," ヴィレッジ・シンガーズ （ Village Singers ）は、 1960年代 後半（ 昭和 40年代前半）に活躍した グループ・サウンズ である。","","","日本","","","グループ・サウンズ, ロック, ポップス, 歌謡曲","","","1966年 - 1971年, 2002年 -","CBSコロムビア, （1966年 - 1968年）, 日本コロムビア, （1968年）, CBS・ソニー, （1968年 - 1971年）, テイチクエンタテインメント, （2003年 - 2008年）, ミュージック・ヴィレッジ, （2009年 - ）","","小松久 （リーダー、 ギター ）, 清水道夫 （ ヴォーカル 、ギター）, 小池哲夫 （ キーボード 、ヴォーカル）, 林ゆたか （ ドラムス ）, 笹井一臣 （ ベース ）","https://ja.wikipedia.org/wiki/ヴィレッジ・シンガーズ","Category_グループ・サウンズのバンド","https://ja.wikipedia.org/wiki/Category:グループ・サウンズのバンド"
"ジ・エドワーズ"," ジ・エドワーズ （The Edwards）は、1967年に結成された グループ・サウンズ のバンド。1968年解散。","","","日本","","","グループ・サウンズ","","","1967年 - 1968年","東芝音楽工業","","榊原さとし, 輿石秀之, 早川昇, 酒井康男, 麻紀タケシ","https://ja.wikipedia.org/wiki/ジ・エドワーズ","Category_グループ・サウンズのバンド","https://ja.wikipedia.org/wiki/Category:グループ・サウンズのバンド"
"オックス"," オックス （OX）とは、 グループ・サウンズ （以下GS）全盛期の 1968年 （昭和43年）にデビューしたグループ。メンバー、ファンが失神する場面があったため、「 失神バンド 」と呼ばれた。","","","日本","","","グループ・サウンズ 、ロック、ポップス","","","1968年 - 1971年","ビクターレコード","","福井利男 （ ベース ）, 岩田裕二 （ ドラムス ）, 岡田志郎 （ ギター ）, 野口ヒデト （ボーカル）, 田浦幸 （オルガン）","https://ja.wikipedia.org/wiki/オックス","Category_グループ・サウンズのバンド","https://ja.wikipedia.org/wiki/Category:グループ・サウンズのバンド"
"ザ・カーナビーツ"," ザ・カーナビーツ は、 1967年 2月に結成された グループ・サウンズ 。 1967年 6月1日 に、シングル『 好きさ好きさ好きさ 』でデビュー。 1969年 9月解散。","","","日本","","","グループ・サウンズ 、ロック","","","1967年 - 1969年","フィリップス・レコード","","アイ高野 ： ボーカル 、 ドラムス 臼井啓吉 ：ボーカル、 司会 、 タンバリン 、 マラカス 越川ひろし ： ギター 岡忠夫 ： ベース 喜多村次郎 ：ギター ポール岡田 ：ボーカル","https://ja.wikipedia.org/wiki/ザ・カーナビーツ","Category_グループ・サウンズのバンド","https://ja.wikipedia.org/wiki/Category:グループ・サウンズのバンド"
"加山雄三&amp;ハイパーランチャーズ"," 加山雄三&ハイパーランチャーズ （Kayama Yuzo & Hyper Launchers）は、 1994年 7月 に結成された日本の エレキ バンド 。","","","日本","","","グループ・サウンズ 、 ポップス","","","1994年 -","","","加山雄三 （ リードギター ）, 植田芳暁 （ ドラムス ）, 島英二 （ ギター ）, 上原修 （ ベース ）, 柴山好正 （ギター）, 宮澤謙 （ ピアノ 、 キーボード ）, 脇山剛 （ シンセサイザー 、 レスリーオルガン ）","https://ja.wikipedia.org/wiki/加山雄三&ハイパーランチャーズ","Category_グループ・サウンズのバンド","https://ja.wikipedia.org/wiki/Category:グループ・サウンズのバンド"
"ザ・キッパーズ"," ザ・キッパーズ （The Kippers）は日本の バンド 、 グループ・サウンズ  。 北海道 を拠点とし、 1963年 （ 昭和 38年）の結成以来、 2018年 まで連綿と活動を続けていた。「北海道の ブルー・コメッツ 」との異名を持った  。代表曲に「 はまなすの恋 」。","","","日本","","","グループ・サウンズ","","","1963年 - 2018年","","","渡部弘康, 関東忠勝, 館村純一, 大西ちあき, 合田千春","https://ja.wikipedia.org/wiki/ザ・キッパーズ","Category_グループ・サウンズのバンド","https://ja.wikipedia.org/wiki/Category:グループ・サウンズのバンド"
"ザ・キャプテンズ"," ザ・キャプテンズ （ 英称 ： THE CAPTAINS ）は、 2001年 （ 平成 13年）に 仙台 で結成された グループ・サウンズ のバンド。自称「 最後のグループサウンズ 」。","","","宮城県 仙台市","","","グループ・サウンズ","","","2001年 （ 平成 13年） -","AUTOBAHN RECORDS, (2002年), Last G.S.Records, (2004年,2007年 - 2013年), EMIミュージック・ジャパン, (2005年 - 2006年), LAPLAND, (2006年), K&A CO.,LTD., (2009年 - 2012年), VERY JAPANESE RECORDS, (2014年 - )","","傷彦 （ ボーカル & エレキギター ）, ジャッキー（ エレキギター ）, テッド（ エレキベース ）, シミズトール（ ドラムス ）","https://ja.wikipedia.org/wiki/ザ・キャプテンズ","Category_グループ・サウンズのバンド","https://ja.wikipedia.org/wiki/Category:グループ・サウンズのバンド"
"ザ・クーガーズ"," ザ・クーガーズ （The Cougars ）は、 1966年 に結成された グループ・サウンズ のバン ド。1968年 10月 に、2枚の同時発売シングル「テクテク天国」「あこがれ」でデビュー。 1968年 夏頃解散。","","","日本","","","グループ・サウンズ","","","1966年 - 1968年","日本クラウン","","林靖男, 松本嘉郎, 島田宏昌, 土志田正夫, 出光功, 倉光薫, 長瀬晴美","https://ja.wikipedia.org/wiki/ザ・クーガーズ","Category_グループ・サウンズのバンド","https://ja.wikipedia.org/wiki/Category:グループ・サウンズのバンド"
"ザ・ゴールデン・カップス"," ザ・ゴールデン・カップス （The Golden Cups）は、 1966年 12月、 神奈川県 横浜市 で デイヴ平尾 を中心に結成された グループ・サウンズ 。","","","日本 ・ 神奈川県 横浜市","","","グループ・サウンズ 、ロック、ブルースロック、ブルース、 R&B 、ソウル・ミュージック、サイケデリック・ロック","","","1966年 - 1971年 、 2003年 -","東芝音楽工業","","エディ藩 （ ギター 、 ボーカル ）, ルイズルイス加部 （ ベース 、ギター）, マモル・マヌー （ ドラムス 、ボーカル）, ミッキー吉野 （ キーボード 、ボーカル）","https://ja.wikipedia.org/wiki/ザ・ゴールデン・カップス","Category_グループ・サウンズのバンド","https://ja.wikipedia.org/wiki/Category:グループ・サウンズのバンド"
"ザ・サニー・ファイブ"," ザ・サニー・ファイブ （The Sunny Five）は、1967年に結成された グループ・サウンズ のバンド。1969年に解散。","","","日本","","","グループ・サウンズ","","","1967年 - 1969年","日本ビクター","","高木和来, 大島治郎, 迎修二, 中輝彦, 武田信平, 奥本伸蔵, サンダー永野","https://ja.wikipedia.org/wiki/ザ・サニー・ファイブ","Category_グループ・サウンズのバンド","https://ja.wikipedia.org/wiki/Category:グループ・サウンズのバンド"
"ザ・サベージ"," ザ・サベージ (The Savage) は、 1965年 に結成された グループ・サウンズ のバンド。 1966年 7月1日に、シングル「 いつまでもいつまでも 」でデビュー。 1968年 解散。","","","日本","","","グループ・サウンズ","","","1965年 - 1968年","フィリップスレコード","","奥島吉雄, 渡辺純一, 渡辺昌宏, 原一夫","https://ja.wikipedia.org/wiki/ザ・サベージ","Category_グループ・サウンズのバンド","https://ja.wikipedia.org/wiki/Category:グループ・サウンズのバンド"
"ザ・サマーズ"," ザ・サマーズ （The Sommers）は、 1967年 に結成された グループ・サウンズ のバンド。1970年頃に解散。","","","","","","","","","","","","","https://ja.wikipedia.org/wiki/ザ・サマーズ","Category_グループ・サウンズのバンド","https://ja.wikipedia.org/wiki/Category:グループ・サウンズのバンド"
"ジェット・ブラザース"," ザ・ジェット・ブラザース とは、 1960年代 に活躍した グループ・サウンズ 。ジェット・ブラザース自体は デュオ のコーラスグループである。演奏は、同じ 香川県 出身の ザ･ファイターズ が務めた（公式では、ファイターズは香川県出身とあるが、 京都府 出身の説もある）。JASRACでは、 ザ・ジェット・ブラザーズ で登録されている。","","","日本","","","グループ・サウンズ","","","1968年","東芝音楽工業","","瀬尾幸男, 富永ジロー, 弓おさむ, 小山ワタル, 峰貴之, 田代かおる","https://ja.wikipedia.org/wiki/ジェット・ブラザース","Category_グループ・サウンズのバンド","https://ja.wikipedia.org/wiki/Category:グループ・サウンズのバンド"
"シャープ・ホークス"," シャープ・ホークス （Sharp Hawks）は、1963年に結成された グループ・サウンズ のバンド（コーラスグループ）。1969年に解散。","","安岡力也とシャープ・ホークス","日本","","","グループ・サウンズ","","","1963年 - 1969年","キング・レコード","","安岡力也, 福山元一郎, 津島啓人, 川島信一, 麻紀タケシ","https://ja.wikipedia.org/wiki/シャープ・ホークス","Category_グループ・サウンズのバンド","https://ja.wikipedia.org/wiki/Category:グループ・サウンズのバンド"
"ザ・ジャガーズ"," ザ・ジャガーズ （The Jaguars）は、 1967年 にデビューした グループ・サウンズ 。","","","日本","","","グループ・サウンズ","","","1964年 - 1971年, 1981年 - 2009年","フィリップス・レコード","","宮ユキオ （ ドラムス ）, 岡本信 （ リードボーカル ）, 宮崎こういち （ リズムギター ）, 森田巳木夫 （ ベースギター ）, 沖津ひさゆき （ リードギター ）, 佐藤安治 （ オルガン ）, 浜野たけし （ドラムス）, 橋アキラ （ボーカル）, 牧ツトム （ドラムス）, 石井芳夫 （ボーカル）","https://ja.wikipedia.org/wiki/ザ・ジャガーズ","Category_グループ・サウンズのバンド","https://ja.wikipedia.org/wiki/Category:グループ・サウンズのバンド"
"ジャッキー吉川とブルー・コメッツ"," ジャッキー吉川とブルー・コメッツ （ジャッキーよしかわとブルー・コメッツ）は、日本のバンドで 1960年代 に一世を風靡した グループ・サウンズ の一つ。 1957年 に結成された ロックコンボ が母体。グループ名の由来は  「どの星よりも光り輝く彗星のように」である。当時の所属芸能事務所は大橋プロダクション（ 渡辺プロダクション と業務提携）。21世紀の所属事務所はオフィス・アタック。略称は「 ブルコメ 」が定着しているが、 2013年 現在公式では「COMETS（コメッツ）」を用いている。","","ブルー・コメッツ, ブルコメ, コメッツ","日本","","","グループ・サウンズ 、 ポップス 、 歌謡曲","","","1957年 -","CBSコロムビア, （1965年-1968年）, 日本コロムビア, （1968年-1972年）, ビクター音楽産業, （1973年-1984年）","","ジャッキー吉川 ： ドラムス, 小田啓義 ： オルガン 、 キーボード 、 ボーカル, 高橋健二 ： ベース 、ボーカル, 三原綱木 ： ギター 、ボーカル","https://ja.wikipedia.org/wiki/ジャッキー吉川とブルー・コメッツ","Category_グループ・サウンズのバンド","https://ja.wikipedia.org/wiki/Category:グループ・サウンズのバンド"
"ザ・シャロウズ"," ザ・シャロウズ （The Shallows）は、 2008年 に結成された グループ・サウンズ のバンド。","","","日本","","","ガレージ・パンク 、 グループ・サウンズ","","","2008年 - 2014年","","","Vo.奥山恭一, Ba.ブローノ, Gt.菊池大輔, Dr.新道文宜","https://ja.wikipedia.org/wiki/ザ・シャロウズ","Category_グループ・サウンズのバンド","https://ja.wikipedia.org/wiki/Category:グループ・サウンズのバンド"
"スウィング・ウエスト"," スウィング・ウエスト （もしくは ザ・スウィング・ウエスト ）は 日本 の グループ・サウンズ バンド である。","","","日本","","","ロカビリー, グループ・サウンズ","","","1957年 - 1970年","ビクターレコード, ユニオンレコード（ テイチク ）","","湯原昌幸 （ボーカル）, 梁瀬トオル （ギター、ボーカル）, 西口弘孝 （ドラムス）, 飯田隆二 （ ベース ）, 横山博二 （ キーボード ）, 坂本隆則 （ギター）","https://ja.wikipedia.org/wiki/スウィング・ウエスト","Category_グループ・サウンズのバンド","https://ja.wikipedia.org/wiki/Category:グループ・サウンズのバンド"
"ズー・ニー・ヴー"," ズー・ニー・ヴー （Zoo Nee Voo）は、日本の グループ・サウンズ バンド。所属レコード会社は 日本コロムビア を経て キャニオン・レコード（現：ポニーキャニオン） 。 1968年春に結成し、1971年解散。","","","日本","","","グループ・サウンズ","","","1968年 - 1971年","日本コロムビア, （1968年-1970年）, キャニオン・レコード, （1971年）","","上地健一 （ ボーカル ）, 高橋英介 （ ギター ）, 山本翔 （ボーカル）","https://ja.wikipedia.org/wiki/ズー・ニー・ヴー","Category_グループ・サウンズのバンド","https://ja.wikipedia.org/wiki/Category:グループ・サウンズのバンド"
"ザ・スパイダース"," ザ・スパイダース （The Spiders）は、 日本 の グループ・サウンズ (GS) の バンド 。 1961年 、 田辺昭知 が結成し、 ジャッキー吉川とブルー・コメッツ とともにGSの礎を築いたグループ。ヒット曲に「 夕陽が泣いている 」「 なんとなくなんとなく 」「 あの時君は若かった 」などがあり、 1970年 に解散。","","","日本","","","ロック, ポップス, 歌謡曲","グループ・サウンズ","","1961年 - 1970年, 2017年","クラウンレコード, （1965年-1966年）, フィリップス・レコード, （1966年-1970年）","","田辺昭知 （ ドラムス ）, 加藤充 （ ベース ）, かまやつひろし （ ギター ）, 大野克夫 （ オルガン ）, 井上孝之 （ギター）, 堺正章 （ ボーカル ）, 井上順 （ボーカル）, 前田富雄（ドラムス）","https://ja.wikipedia.org/wiki/ザ・スパイダース","Category_グループ・サウンズのバンド","https://ja.wikipedia.org/wiki/Category:グループ・サウンズのバンド"
"ダークダックス"," ダークダックス （DARK DUCKS）は、男性の重唱団（ボーカルグループ）である。過去の レコード ジャケット では『 ダーク・ダックス 』という表記がされる時もあった。同グループのメンバー数は活動の中心時期には長らく4人だった。","","","日本","","","重唱団","","","1951年 - 2016年","テイチク, キングレコード, ユニバーサルミュージック","","高見澤宏, 佐々木行, 喜早哲, 遠山一","https://ja.wikipedia.org/wiki/ダークダックス","Category_グループ・サウンズのバンド","https://ja.wikipedia.org/wiki/Category:グループ・サウンズのバンド"
"ザ・ダーツ"," この記事には 複数の問題があります 。 改善 や ノートページ での議論にご協力ください。","","","","","","","","","","","","","https://ja.wikipedia.org/wiki/ザ・ダーツ","Category_グループ・サウンズのバンド","https://ja.wikipedia.org/wiki/Category:グループ・サウンズのバンド"
"ザ・タイガース"," ザ・タイガース （The Tigers）は、 日本 の グループ・サウンズ 。","","","日本","","","ロック, ポップス, 歌謡曲","グループ・サウンズ","","1967年 - 1971年, 1981年 - 1983年, 1989年, 2013年","日本グラモフォン （1967年-1971年）, ポリドール・レコード （1981年）, ポリドール ・ ジュリーレーベル （1982年-1983年）, UNIVERSAL MUSIC JAPAN ・ ジュリーレーベル （2013年）","すぎやまこういち, 渡辺晋, 渡辺美佐, 中井國二 （ マネージャー ）","沢田研二 （ ボーカル ・ タンバリン ）, 岸部修三 （ ベース ・ コーラス ）, 加橋かつみ （ ギター ・ボーカル・コーラス）, 森本太郎 （ギター・コーラス）, 岸部シロー （ギター・タンバリン・コーラス）, 瞳みのる （ ドラムス ）","https://ja.wikipedia.org/wiki/ザ・タイガース","Category_グループ・サウンズのバンド","https://ja.wikipedia.org/wiki/Category:グループ・サウンズのバンド"
"タイガース・メモリアル・クラブバンド"," タイガース・メモリアル・クラブバンド は、 ザ・タイガース の 森本太郎 を中心に1960年代に活躍した日本の グループサウンズ の主要メンバーが1988年に結成した音楽ユニット。","","","","","","","","","","","","","https://ja.wikipedia.org/wiki/タイガース・メモリアル・クラブバンド","Category_グループ・サウンズのバンド","https://ja.wikipedia.org/wiki/Category:グループ・サウンズのバンド"
"ザ・ダイナマイツ"," ザ・ダイナマイツ （The Dynamites）は、 1965年 に結成された グループ・サウンズ のバンド。 1967年 11月 に、シングル「 トンネル天国 」でデビュー。 1969年 解散。","","","日本","","","グループ・サウンズ","","","1965年 - 1969年","日本ビクター","","瀬川洋, 山口冨士夫, 吉田博, 大木啓造, 野村光朗","https://ja.wikipedia.org/wiki/ザ・ダイナマイツ","Category_グループ・サウンズのバンド","https://ja.wikipedia.org/wiki/Category:グループ・サウンズのバンド"
"ザ・タックスマン (バンド)"," この記事には 複数の問題があります 。 改善 や ノートページ での議論にご協力ください。","","","","","","","","","","","","","https://ja.wikipedia.org/wiki/ザ・タックスマン_(バンド)","Category_グループ・サウンズのバンド","https://ja.wikipedia.org/wiki/Category:グループ・サウンズのバンド"
"寺内タケシとバニーズ"," 寺内タケシとバニーズ は、 1966年 に結成された グループ・サウンズ のバンド。1966年12月1日に、シングル「テリーのテーマ」でデビュー。 1971年 解散。グループ名の由来は  「リーダーである寺内タケシの干支が兎年であることから」","","","日本","","","グループ・サウンズ","","","1966年 - 1971年","キングレコード, リバティレコード","","荻野達也, 井上正, 黒沢博, 鈴木義之, 栗山正","https://ja.wikipedia.org/wiki/寺内タケシとバニーズ","Category_グループ・サウンズのバンド","https://ja.wikipedia.org/wiki/Category:グループ・サウンズのバンド"
"寺内タケシとブルージーンズ"," 寺内タケシとブルージーンズ は、 エレキギター をメインにした日本のコンボ・バンドで、その源流は 1962年 に結成されたロカビリーバンド、エレキバンド（第1期）、 1969年 に結成されたエレキ・コンボ・バンド（第2期以降）である。略称は「 ブルージーンズ 」、「 TBJ 」、いずれもリーダー、バンドマスターは「 エレキの神様 」 寺内タケシ である。","","ブルージーンズ, TBJ","日本","","","ロック 、 グループ・サウンズ, エレキインストゥルメンタル 、 民謡","","","1962年 -","","","寺内タケシ ： バンドマスター 、 リード・ギター, 中村真也 ：ギター, 楠本雅祥 ： ベース, 信田和雄 ： キーボード, 松森英雄 ： ドラム, 寺内章 ： ヴォーカル 、 タンバリン","https://ja.wikipedia.org/wiki/寺内タケシとブルージーンズ","Category_グループ・サウンズのバンド","https://ja.wikipedia.org/wiki/Category:グループ・サウンズのバンド"
"ザ・テンプターズ"," ザ・テンプターズ （The Tempters）は、 日本 の グループ・サウンズ 。1967年10月に フィリップス・レコード よりシングル「忘れ得ぬ君」  でレコードデビューした後「神様お願い!」「エメラルドの伝説」「おかあさん」「純愛」以上4曲のTOP10ヒットを生み、 ザ・タイガース とともにグループ・サウンズの最盛期を支えたバンドの一つ。70年11月に解散を発表した。解散発表後に解散コンサートを開いている。","","","日本","","","ロック, ポップス, ブルース・ロック","グループ・サウンズ","","1966年 - 1970年","フィリップス・レコード","","松崎由治 ： ギター 、 ボーカル 萩原健一 ：ボーカル、ハーモニカ 田中俊夫 ：ギター、 オルガン 高久昇 ： ベース 大口広司 ： ドラムス","https://ja.wikipedia.org/wiki/ザ・テンプターズ","Category_グループ・サウンズのバンド","https://ja.wikipedia.org/wiki/Category:グループ・サウンズのバンド"
"ザ・ハプニングス・フォー"," ザ・ハプニングス・フォー （The Happenings Four）は、 日本 の グループ・サウンズ バンド 。","","サンライズ （1964年 - 1967年）, ザ・ハプニング・フォー+1 （1969年 - 1972年）","日本","","","グループ・サウンズ, ラテン・ロック, オルガン・ロック, ニュー・ロック, サイケデリック・ロック, プログレッシブ・ロック","","","1964年 - 1972年, 2001年 - 現在","東芝音楽工業, キャピトル・レコード, Volt-age Records","","クニ河内 （ キーボード / ピアノ ）, チト河内 （ ドラムス ）, トメ北川 （ ボーカル / パーカッション ）, 篠原信彦 （キーボード）","https://ja.wikipedia.org/wiki/ザ・ハプニングス・フォー","Category_グループ・サウンズのバンド","https://ja.wikipedia.org/wiki/Category:グループ・サウンズのバンド"
"パープル・シャドウズ"," パープル・シャドウズ （Purple Shadows）は、 1968年 結成の グループ・サウンズ の バンド である。","","","","","","","","","","","","","https://ja.wikipedia.org/wiki/パープル・シャドウズ","Category_グループ・サウンズのバンド","https://ja.wikipedia.org/wiki/Category:グループ・サウンズのバンド"
"ザ・バロネッツ"," ザ・バロネッツ （The Baronets）は、1967年に結成された グループ・サウンズ のバンド。","","","","","","","","","","","","","https://ja.wikipedia.org/wiki/ザ・バロネッツ","Category_グループ・サウンズのバンド","https://ja.wikipedia.org/wiki/Category:グループ・サウンズのバンド"
"ザ・バロン (バンド)"," ザ・バロン （The Baron）とは、1967年に結成された グループ・サウンズ のバンド。1971年頃解散。","","","日本","","","グループ・サウンズ","","","1967年 - 1971年","東芝レコード","","清須邦義, 河内広明, 若子内悦郎, 宗台春男","https://ja.wikipedia.org/wiki/ザ・バロン_(バンド)","Category_グループ・サウンズのバンド","https://ja.wikipedia.org/wiki/Category:グループ・サウンズのバンド"
"ザ・ビーバーズ"," ザ・ビーバーズ （The Beavers）は、 1966年 に結成された グループ・サウンズ のバンド。 1967年 7月 に、シングル「初恋の丘」でデビュー。 1969年 解散。","","","日本","","","グループ・サウンズ","","","1966年 - 1969年","キングレコード","","早瀬雅男, 成田賢, 淡村悠紀夫, 荒川宏, 石間秀樹, 平井正之, 山浦透","https://ja.wikipedia.org/wiki/ザ・ビーバーズ","Category_グループ・サウンズのバンド","https://ja.wikipedia.org/wiki/Category:グループ・サウンズのバンド"
"ピンキー・チックス"," ピンキー・チックス （Pinky Chicks）は、 1960年代 後半に活動した全員女性の グループ・サウンズ のバンド。","","","日本","","","グループ・サウンズ","","","1966年 - 1971年","日本ビクター, 日本ミュージカラー, 日本コロムビア","","丘なおみ, 富樫由美, 千原ポポ, 島ユカ, 愛田ユキ, やまみえ","https://ja.wikipedia.org/wiki/ピンキー・チックス","Category_グループ・サウンズのバンド","https://ja.wikipedia.org/wiki/Category:グループ・サウンズのバンド"
"ザ・ファントムギフト"," ザ・ファントムギフト （ 1984年 結成 - 1989年 活動停止 / 2003年 再結成）は、日本の ニュー・ウェイヴ 系 ロックバンド である。 1980年代 のデビュー当時「 ネオGS 」ムーブメントの中心的存在として知られる。","","","日本 ・ 東京都","","","ロック","","","1984年 - 1989年, 2003年 （再結成）","PLAYMATE RECORDS, ソリッドレコード, MIDI","小西康陽","ピンキー青木 （ ボーカル ）, ナポレオン山岸 （ ギター ）, サリー久保田 （ ベース ）, チャーリー森田 （ ドラムス ）","https://ja.wikipedia.org/wiki/ザ・ファントムギフト","Category_グループ・サウンズのバンド","https://ja.wikipedia.org/wiki/Category:グループ・サウンズのバンド"
"フィフィ・ザ・フリー"," フィフィ・ザ・フリー （Fifi The Flea）は、かつて存在した 日本 の グループサウンズ 、 ロックバンド である。","","","日本 大阪府","","","ロック, グループ・サウンズ, ソフトロック, ニュー・ロック","","","1967年 - 1972年","テイチク, ユニオン, アルファ, RCA ／ 日本ビクター","","曽根隆 （ オルガン ）, まぶちはじめ （ボーカル、 ギター 、フルート）, 吉田一夫 （ギター）, うつみ伸一 （ボーカル、 ベース ）, 鈴木のり （ ドラムス ）","https://ja.wikipedia.org/wiki/フィフィ・ザ・フリー","Category_グループ・サウンズのバンド","https://ja.wikipedia.org/wiki/Category:グループ・サウンズのバンド"
"ザ・フィンガーズ"," ザ・フィンガーズ （The Fingers）は、 1962年 （昭和37年） 慶應義塾高等学校 （日吉）在学中の三野村清雄たちにより結成された バンド 。 慶應義塾大学 時代を経てメンバーの変更を行いながら 1969年 （昭和44年）までの7年間、 ポップス 、 ロック 、 カントリー 、 ボサノヴァ とジャンルを問わずテレビやライブで活躍した。","","","","","","","","","","","","","https://ja.wikipedia.org/wiki/ザ・フィンガーズ","Category_グループ・サウンズのバンド","https://ja.wikipedia.org/wiki/Category:グループ・サウンズのバンド"
"内田裕也とザ・フラワーズ"," 内田裕也とザ・フラワーズ は、1967年に結成された グループ・サウンズ 、ニュー・ロックのバンド。1970年にメンバー再編で フラワー・トラベリン・バンド ヘ展開した。","","","日本","","","グループ・サウンズ","","","1967年 - 1970年","日本コロムビア","","内田裕也, 麻生レミ, 小林勝彦, 奥ススム, 橋本健, 和田ジョージ, 中村ケント","https://ja.wikipedia.org/wiki/内田裕也とザ・フラワーズ","Category_グループ・サウンズのバンド","https://ja.wikipedia.org/wiki/Category:グループ・サウンズのバンド"
"ザ・ブルーインパルス"," ザ・ブルーインパルス （The Blue Impulse）は、 1968年 に結成された グループ・サウンズ のバンド。1968年 10月 に、シングル「太陽の剣」でデビュー。 1970年 解散。","","","日本","","","グループ・サウンズ","","","1968年 - 1970年","RCA","","湯村寿昭, 萩谷清, 矢口隆, 大越省二, 長瀬実","https://ja.wikipedia.org/wiki/ザ・ブルーインパルス","Category_グループ・サウンズのバンド","https://ja.wikipedia.org/wiki/Category:グループ・サウンズのバンド"
"ポニーズ"," ポニーズ （Ponees）は、1967年に結成された グループ・サウンズ のバンド。1969年春解散。","","","日本","","","グループ・サウンズ","","","1967年 - 1969年","日本コロムビア","","原田正美, 橋本直樹, 谷田部進, かごとし達郎","https://ja.wikipedia.org/wiki/ポニーズ","Category_グループ・サウンズのバンド","https://ja.wikipedia.org/wiki/Category:グループ・サウンズのバンド"
"ザ・ホワイト・キックス"," ザ・ホワイト・キックス （THE WHITE KICKS）は、 1968年 に結成された グループ・サウンズ のバンド。1968年 5月 に、シングル「アリゲーター・ブーガルー」でデビュー。","","","日本","","","グループ・サウンズ","","","1968年","","","三保敬太郎, 森野多恵子, 寺尾聰, 河出政次, 林廉吉, 志村康夫","https://ja.wikipedia.org/wiki/ザ・ホワイト・キックス","Category_グループ・サウンズのバンド","https://ja.wikipedia.org/wiki/Category:グループ・サウンズのバンド"
"ザ・マイクス"," ザ・マイクス （The Mikes）は、 1967年 に結成された グループ・サウンズ のバンド。1968年頃に解散。","","","","","","","","","","","","","https://ja.wikipedia.org/wiki/ザ・マイクス","Category_グループ・サウンズのバンド","https://ja.wikipedia.org/wiki/Category:グループ・サウンズのバンド"
"ザ・マミーズ"," ザ・マミーズ (The Mammys) は、 1968年 ごろに活動した日本の グループ・サウンズ バンド。 ミノルフォンレーベル 所属。","","","日本","","","グループ・サウンズ","","","1968年 - 1969年","ミノルフォンレーベル","","田端義継, 藤原喜久男, 後藤哲也, 岩本一仁, 伊藤一二美, 岡田哲也, 吉井克己","https://ja.wikipedia.org/wiki/ザ・マミーズ","Category_グループ・サウンズのバンド","https://ja.wikipedia.org/wiki/Category:グループ・サウンズのバンド"
"ザ・モップス"," モップス （The Mops）は、かつて存在した 日本 の グループ・サウンズ 、 ロック バンド である。日本の サイケデリック・ロック における草分け的存在として知られる。","","","日本","","","ロック, グループ・サウンズ","","","1966年 - 1974年","日本ビクター, （ 1967年 - 1968年 ）, 東芝音楽工業 / EXPRESS, （ 1969年 ）, 東芝音楽工業→東芝EMI / LIBERTY, （ 1970年 - 1974年 ）","","鈴木ヒロミツ （ ヴォーカル ）, 星勝 （ヴォーカル、 リード・ギター ）, 三幸太郎（ リズムギター → ベース・ギター ）, スズキ幹治（ ドラム ）","https://ja.wikipedia.org/wiki/ザ・モップス","Category_グループ・サウンズのバンド","https://ja.wikipedia.org/wiki/Category:グループ・サウンズのバンド"
"ザ・ランチャーズ"," ザ・ランチャーズ （The Launchers）は、 1962年 に結成された グループ・サウンズ のバンド。 1967年 11月 に、シングル「 真冬の帰り道 」でデビュー。 1971年 解散。","","","日本","","","グループ・サウンズ","","","1962年 - 1971年","東芝音楽工業","","喜多嶋修 (ヴォーカル、ギター), 大矢茂 (ギター), 渡辺有三 (ベース), 河手政次 (ドラムス)","https://ja.wikipedia.org/wiki/ザ・ランチャーズ","Category_グループ・サウンズのバンド","https://ja.wikipedia.org/wiki/Category:グループ・サウンズのバンド"
"ザ・リガニーズ"," ザ・リガニーズ (The Rigannies) は、 1967年 - 1970年 に活動した日本の フォーク グループである。","","","日本","","","フォーク","","","1967年 - 1970年, 2005年 -","EXPRESS / 東芝音楽工業","猫","新田和長 ( ギター ), 内山修 ( ベース ), 吉田光夫 (ギター、 バンジョー ), 常富喜雄 (ギター)","https://ja.wikipedia.org/wiki/ザ・リガニーズ","Category_グループ・サウンズのバンド","https://ja.wikipedia.org/wiki/Category:グループ・サウンズのバンド"
"ザ・リンド&amp;リンダース"," ザ・リンド&リンダース （The Lind & Linders）は、 1965年 8月 に結成された グループ・サウンズ のバンド。 1967年 2月 に、シングル「ギター子守唄」でデビュー。 1970年 に解散。","","","日本","","","グループ・サウンズ","","","1965年 - 1970年","","","加賀テツヤ, 榊テルオ, 宇野山和夫, 浜田藤丸, 堀こうじ","https://ja.wikipedia.org/wiki/ザ・リンド&リンダース","Category_グループ・サウンズのバンド","https://ja.wikipedia.org/wiki/Category:グループ・サウンズのバンド"
"ローズマリー (バンド)"," ローズマリー （ ROSEMARIE 、 1973年 ：結成 - ）は、 日本 の ロックバンド である。","","","日本","","","ロック","","","1972年 -","ワーナーパイオニア, トリオ・レコード, フィリップス・レコード, 徳間音楽工業, ビクター・レコード, コロムビア","","柳田シロウ, Aki, B.Boo, Dr.trusa","https://ja.wikipedia.org/wiki/ローズマリー_(バンド)","Category_グループ・サウンズのバンド","https://ja.wikipedia.org/wiki/Category:グループ・サウンズのバンド"
"ロック・パイロット"," ロック・パイロット （ Rock Pilot 、 1970年 ：結成 - 1972年 ：解散）は、かつて存在した 日本 の ロックバンド である。","","","日本 ・ 東京都","","","ロック","","","1970年 - 1972年","ワーナー・パイオニア","アラン・メリル, 近田春夫","中尾喜紀 （ ヴォーカル ）, 中村健人 （ヴォーカル）, 矢花郁雄 （ ギター ）, 木幡聖彦 （ ベース 、 キーボード ）, 西亜紀人 （ ドラムス ）","https://ja.wikipedia.org/wiki/ロック・パイロット","Category_グループ・サウンズのバンド","https://ja.wikipedia.org/wiki/Category:グループ・サウンズのバンド"
"ザ・ワイルドワンズ"," ザ・ワイルドワンズ （The Wild Ones）  、1981年から2010年頃までは 加瀬邦彦とザ・ワイルドワンズ （かせくにひことザ・ワイルドワンズ）は 日本 のバンド名で、かつては グループ・サウンズ のさきがけの一つであった。","","","日本","","","グループ・サウンズ, サーフロック, ポップス, ロック","","","1966年 - 1971年 、 1981年 -","東芝音楽工業","","鳥塚しげき （ギター）, 島英二 （ ベース ）, 植田芳暁 （ ドラムス 、ギター）, 加瀬友貴 （ギター）","https://ja.wikipedia.org/wiki/ザ・ワイルドワンズ","Category_グループ・サウンズのバンド","https://ja.wikipedia.org/wiki/Category:グループ・サウンズのバンド"
"ザ・ワンダース"," ザ・ワンダース (THE WONDERS) は、 1967年 に結成された 日本 の コーラス・グループ ・ グループ・サウンズ である。「すばらしい人たち」という意味と、彼らのコーラス指導をした和田昭治の名字から命名された。","","ジ・エコーズ","日本","","","ロック, ポップス, 歌謡曲","","","1967年 - 1969年, 2010年","テイチク","和田昭治(元 デューク・エイセス ), 村上司 ( 日音 )","栗敏夫, 朝紘一( 朝コータロー ), 尾崎紀世彦","https://ja.wikipedia.org/wiki/ザ・ワンダース","Category_グループ・サウンズのバンド","https://ja.wikipedia.org/wiki/Category:グループ・サウンズのバンド"
"日本のロック・バンド"," このカテゴリでは、 日本 出身の ロック バンド 、グループ、ユニットを扱う。","","","","","","","","","","","","","https://ja.wikipedia.org/wiki/Category:日本のロック・バンド","Category_グループ・サウンズのバンド","https://ja.wikipedia.org/wiki/Category:グループ・サウンズのバンド"
"グループ・サウンズ"," グループ・サウンズ に関するカテゴリ。","","","","","","","","","","","","","https://ja.wikipedia.org/wiki/Category:グループ・サウンズ","Category_グループ・サウンズのバンド","https://ja.wikipedia.org/wiki/Category:グループ・サウンズのバンド"
"各ジャンルの音楽グループ"," 各ジャンルの音楽グループのカテゴリ。","","","","","","","","","","","","","https://ja.wikipedia.org/wiki/Category:各ジャンルの音楽グループ","Category_グループ・サウンズのバンド","https://ja.wikipedia.org/wiki/Category:グループ・サウンズのバンド"
