﻿"タイトル","コメント","出生名","別名","出身地","生誕","死没","ジャンル","職業","担当楽器","活動期間","レーベル","共同作業者","メンバー","URL","親リストタイトル","親リストURL"
"ブルー・ペパーズ"," ブルー・ペパーズ （ BLUE PEPPERS ）は 日本 の バンド である。","","","日本","","","POPS 、 AOR","","","2015年 -","VIVID SOUND (2015年 -)","","福田直木 （ ヴォーカル ）, 井上薫（ ピアノ ・ヴォーカル）","https://ja.wikipedia.org/wiki/ブルー・ペパーズ","Category_日本の音楽バンド_ふるうへはあす","https://ja.wikipedia.org/w/index.php?title=Category:日本の音楽バンド&pagefrom=ふるうへはあす\nブルー・ペパーズ#mw-pages"
"ブルーマンデーFM"," ブルーマンデーFM （ブルーマンデーFM）は、日本のポップバンドである。","","","","","","","","","","","","","https://ja.wikipedia.org/wiki/ブルーマンデーFM","Category_日本の音楽バンド_ふるうへはあす","https://ja.wikipedia.org/w/index.php?title=Category:日本の音楽バンド&pagefrom=ふるうへはあす\nブルー・ペパーズ#mw-pages"
"ブレイクダウン (バンド)"," 1972年 に結成された「ブルースハウスブルースバンド」が母体。 服田洋一郎 と同じ 同志社大学 の 西村入道 （西村昭信）、初代ベースマン 吉沢悦郎 の3人で活動を開始。その後、 ビッグバンド で演っていた 小川俊英 が加入。後に吉沢が抜ける時、 ウエスト・ロード・ブルース・バンド の 永井隆 が マガジンNo1/2 で活動していた 森田恭一 を服田に紹介、ブレイクダウンの原型が出来る。","","","日本 京都府 、 東京都","","","ブルース, ブルースロック, リズム・アンド・ブルース, ロック, サイケデリック・ロック, ロックンロール, ロカビリー","","","1976年 - 1986年","VIVID SOUND","","","https://ja.wikipedia.org/wiki/ブレイクダウン_(バンド)","Category_日本の音楽バンド_ふるうへはあす","https://ja.wikipedia.org/w/index.php?title=Category:日本の音楽バンド&pagefrom=ふるうへはあす\nブルー・ペパーズ#mw-pages"
"BREIMEN"," BREIMEN （ブレイメン）は、 日本 の5人組 ミクスチャーファンク バンド である。","","無礼メン（旧称）","日本","","","ミクスチャーファンク","","","2015年 -","","","高木祥太（ ボーカル ・ ベース ）, サトウカツシロ（ ギター ）, 池田優太（ キーボード ）, 林洋輔（ サックス ・ フルート ）, Kanno so（ ドラムス ）","https://ja.wikipedia.org/wiki/BREIMEN","Category_日本の音楽バンド_ふるうへはあす","https://ja.wikipedia.org/w/index.php?title=Category:日本の音楽バンド&pagefrom=ふるうへはあす\nブルー・ペパーズ#mw-pages"
"BLOW"," BLOW （ブロウ）は、日本の音楽バンド。 レイズイン 所属ミュージシャンの中では数少ない、セルフプロデュースで行ったバンドだった。","","","日本","","","J-POP","","","1993年 - 2000年","ワーナーミュージックジャパン","","沢村大和 （ボーカル）, 野中則夫（ギター）, 鈴木英利（キーボード）","https://ja.wikipedia.org/wiki/BLOW","Category_日本の音楽バンド_ふるうへはあす","https://ja.wikipedia.org/w/index.php?title=Category:日本の音楽バンド&pagefrom=ふるうへはあす\nブルー・ペパーズ#mw-pages"
"HAIR MONEY KIDS"," HAIR MONEY KIDS （ヘアー・マネー・キッズ）は、 日本 の バンド  。","","","岡山県","","","J-POP, ポップ, ロック, エモ, メロディック・ハードコア","","","2005年 -","TASTYRECORD, （ 2014年 - 2017年 ）, Ailet Records, （ 2017年 - ）","","RUI（ ボーカル 、 ギター ）, NAO（ ベース ）, MOTOKI（ ドラム ）","https://ja.wikipedia.org/wiki/HAIR_MONEY_KIDS","Category_日本の音楽バンド_ふるうへはあす","https://ja.wikipedia.org/w/index.php?title=Category:日本の音楽バンド&pagefrom=ふるうへはあす\nブルー・ペパーズ#mw-pages"
"The Hey Song"," The Hey Song （ザヘイソング）はベーシスト落合\"キット\"慶太、ピアニスト芝田育代による日本の インストゥルメンタル バンド。","","","愛知県名古屋市","","","ジャズ 、 ロック 、 エモ 、 POPS","","","2014年 -","ビクターエンタテインメント 2019年 -","","落合\"キット\"慶太 ( bass )、 芝田育代 ( piano )","https://ja.wikipedia.org/wiki/The_Hey_Song","Category_日本の音楽バンド_ふるうへはあす","https://ja.wikipedia.org/w/index.php?title=Category:日本の音楽バンド&pagefrom=ふるうへはあす\nブルー・ペパーズ#mw-pages"
"平和勝次とダークホース"," 平和勝次とダークホース （へいわかつじとダークホース）は、 日本 のコミックバンド。初舞台は 吉本興業 大阪 の うめだ花月 。 ムード歌謡 コーラスグループ に分類される場合もある。","","","日本","","","コミックソング, ムード歌謡","","","1971年 -","","","平和勝次, 板東春彦, 中川ヒロシ","https://ja.wikipedia.org/wiki/平和勝次とダークホース","Category_日本の音楽バンド_ふるうへはあす","https://ja.wikipedia.org/w/index.php?title=Category:日本の音楽バンド&pagefrom=ふるうへはあす\nブルー・ペパーズ#mw-pages"
"ペーソス (バンド)"," ペーソス （PATHOS）は 日本 の音楽 バンド 。","","","日本 東京都 世田谷区 下北沢","","","歌謡曲 （令和歌謡）","","","2003年 -","P-VINE （2004年-2005年）, pathos-records（2005年-）","","島本慶 （ ボーカル ・ ハーモニカ ）, 米内山尚人（ ギター ）, スマイリー井原（ 専属司会 ）, 末井昭 （ テナーサックス ）, 近藤哲平（ アルバート式クラリネット ）","https://ja.wikipedia.org/wiki/ペーソス_(バンド)","Category_日本の音楽バンド_ふるうへはあす","https://ja.wikipedia.org/w/index.php?title=Category:日本の音楽バンド&pagefrom=ふるうへはあす\nブルー・ペパーズ#mw-pages"
"PESELA-QUESELA-IN"," この記事には 複数の問題があります 。 改善 や ノートページ での議論にご協力ください。","","","","","","","","","","","","","https://ja.wikipedia.org/wiki/PESELA-QUESELA-IN","Category_日本の音楽バンド_ふるうへはあす","https://ja.wikipedia.org/w/index.php?title=Category:日本の音楽バンド&pagefrom=ふるうへはあす\nブルー・ペパーズ#mw-pages"
"ペドロ&カプリシャス"," ペドロ&カプリシャス は、日本の 音楽バンド 。 ジャズ 、 フォーク から ラテン ロックなど洋楽のテイストを取り入れた アダルト・コンテンポラリー のサウンド。2021年に結成50周年を迎える。","","","日本","","","ジャズ 　 フォーク 　 ラテン・ロック 　 サルサ","","","1971年 -","","","本文参照","https://ja.wikipedia.org/wiki/ペドロ&カプリシャス","Category_日本の音楽バンド_ふるうへはあす","https://ja.wikipedia.org/w/index.php?title=Category:日本の音楽バンド&pagefrom=ふるうへはあす\nブルー・ペパーズ#mw-pages"
"Peppermints kiss cafe"," peppermints kiss cafe （ペパーミンツ・キス・カフェ）は 日本 の バンド 。略称は『p.k.c（ピー・ケー・シー）』。","","p.k.c","日本","","","","","","2001年 - 2003年","Peppermints Records","","hàl （ ボーカル 、 ギター ）, 山岡広司 （ シーケンサー 、 ベース ）, Micky （ギター、 コーラス ）","https://ja.wikipedia.org/wiki/Peppermints_kiss_cafe","Category_日本の音楽バンド_ふるうへはあす","https://ja.wikipedia.org/w/index.php?title=Category:日本の音楽バンド&pagefrom=ふるうへはあす\nブルー・ペパーズ#mw-pages"
"Belly to belly"," belly to belly （ベリー・トゥ・ベリー）は、 日本 の バンド 。所属事務所はミラクルカンパニーおよび avex trax 。","","ベリー・トゥ・ベリー, b.t.b.","","","","J-POP, テクノポップ","","","1999年 - 2001年","avex trax","","Nanako（ ボーカル ）, RYOTA（ギター、コーラス）, YOZO（ギター）","https://ja.wikipedia.org/wiki/Belly_to_belly","Category_日本の音楽バンド_ふるうへはあす","https://ja.wikipedia.org/w/index.php?title=Category:日本の音楽バンド&pagefrom=ふるうへはあす\nブルー・ペパーズ#mw-pages"
"PERIDOTS"," peridots （ペリドッツ）は 日本 の シンガーソングライター 、タカハシコウキを中心としたソロプロジェクト。 バンド 。","","","","","","","","","","","","","https://ja.wikipedia.org/wiki/PERIDOTS","Category_日本の音楽バンド_ふるうへはあす","https://ja.wikipedia.org/w/index.php?title=Category:日本の音楽バンド&pagefrom=ふるうへはあす\nブルー・ペパーズ#mw-pages"
"Pertorika"," pertorika （ペルトリカ）は、 2008年 に結成され、 2009年 より現在の編成で活動スタートした 日本 の ポップス バンド 。","","","日本","","","ポップス ・ ロック ・ ネオアコ ・ ジャズ","","","2008年 -","","","三井 拓郎 ( ヴォーカル 、 アコースティックギター ), izumi ( キーボード 、 コーラス ), なお ( ベース 、 コーラス ), オショウチータ ( ドラム 、 コーラス )","https://ja.wikipedia.org/wiki/Pertorika","Category_日本の音楽バンド_ふるうへはあす","https://ja.wikipedia.org/w/index.php?title=Category:日本の音楽バンド&pagefrom=ふるうへはあす\nブルー・ペパーズ#mw-pages"
"Voice of Mind"," Voice of Mind （ボイス オブ マインド）は、2008年に結成された6人組バンド。9人組バンドとして 関西地方 を中心に活動していたが、2011年11月にメンバー編成を6人に替え東京に進出。2018年8月5日に代官山LOOPでのワンマンライブをもって解散。","","","日本","","","J-POP","","","2008年 - 2018年","フライング・ハイ","","アフロ Groovin', やっぴー, Myuu, ユキヤマン, 池田\"ライライ\"誠, Park","https://ja.wikipedia.org/wiki/Voice_of_Mind","Category_日本の音楽バンド_ふるうへはあす","https://ja.wikipedia.org/w/index.php?title=Category:日本の音楽バンド&pagefrom=ふるうへはあす\nブルー・ペパーズ#mw-pages"
"Home Grown"," Home Grown （ホーム・グロウン）は、日本の レゲエ ・ バンド 。バンド名はジャマイカ人 ギタリスト 、 アール・チナ・スミス による同名の楽曲に由来。","","","日本","","","レゲエ","","","1990年 頃 -","ポニーキャニオン, (2002年 - 2004年,2006年 - ), Knife Edge, (2005年)","","Tanco, Yukky, I-Watch, Mama-R, SEIJIman","https://ja.wikipedia.org/wiki/Home_Grown","Category_日本の音楽バンド_ふるうへはあす","https://ja.wikipedia.org/w/index.php?title=Category:日本の音楽バンド&pagefrom=ふるうへはあす\nブルー・ペパーズ#mw-pages"
"牧歌組合"," 牧歌組合 （ぼくかくみあい）は、 1990年代 初頭、 東京 で活動した3人組の バンド 。","","","日本","","","カントリー","","","","","","山本郁子 （ ボーカル 、 ヴァイオリン ）, 服部夏樹 （ ギター 、 ラップスチール ）, 小塚昌隆（ ウッドベース ）","https://ja.wikipedia.org/wiki/牧歌組合","Category_日本の音楽バンド_ふるうへはあす","https://ja.wikipedia.org/w/index.php?title=Category:日本の音楽バンド&pagefrom=ふるうへはあす\nブルー・ペパーズ#mw-pages"
"Hot Buttered Love"," この記事には 複数の問題があります 。 改善 や ノートページ での議論にご協力ください。","","","","","","","","","","","","","https://ja.wikipedia.org/wiki/Hot_Buttered_Love","Category_日本の音楽バンド_ふるうへはあす","https://ja.wikipedia.org/w/index.php?title=Category:日本の音楽バンド&pagefrom=ふるうへはあす\nブルー・ペパーズ#mw-pages"
"PONI-CAMP"," PONI-CAMP （ポニーキャンプ）は日本のバンド。メンバーは エナポゥ 、レイ、 ナカジマノブ 。","","","","","","","","","","","","","https://ja.wikipedia.org/wiki/PONI-CAMP","Category_日本の音楽バンド_ふるうへはあす","https://ja.wikipedia.org/w/index.php?title=Category:日本の音楽バンド&pagefrom=ふるうへはあす\nブルー・ペパーズ#mw-pages"
"Bonobos"," bonobos （ボノボ）は、日本の音楽 バンド である。2001年8月結成。2003年 Dreamusic にてメジャーデビュー。","","","日本 大阪府","","","ロック, レゲエ, チェンバーポップ","","","2001年  ( 2001 ) -","Teenage Symphony, （ 2003年 - 2008年 ）, ORANGE LINE TRAXXX / SPACE SHOWER MUSIC, （ 2011年 - 2014年 ）, ORANGE LINE TRAXXX / P-VINE, （ 2009年 、 2016年 - ）","","蔡忠浩, 森本夏子, 小池龍平, 田中佑司, 梅本浩亘","https://ja.wikipedia.org/wiki/Bonobos","Category_日本の音楽バンド_ふるうへはあす","https://ja.wikipedia.org/w/index.php?title=Category:日本の音楽バンド&pagefrom=ふるうへはあす\nブルー・ペパーズ#mw-pages"
"VOBAVOBA"," VOBAVOBA （ボバボバ）は、 日本 の 音楽バンド である。","","ボバ","日本 ・ 東京都 渋谷区","","","J-POP, ロック","","","2012年 〜","","","長谷川拓也, 橋場洋祐, 上岡憲外","https://ja.wikipedia.org/wiki/VOBAVOBA","Category_日本の音楽バンド_ふるうへはあす","https://ja.wikipedia.org/w/index.php?title=Category:日本の音楽バンド&pagefrom=ふるうへはあす\nブルー・ペパーズ#mw-pages"
"White white sisters"," white white sisters （ホワイト ホワイト シスターズ）は、2008年に名古屋で結成された ダンス ・ エレクトロ バンド である。","","WWS","日本 愛知県 名古屋市","","","ダンス ・ エレクトロ","","","2008年 -","real future records, (2010年), PCI MUSIC, (2011年), HEARTFAST, (2012年), micro kingdom, (2014年)","","yuya matsumura, (ギター・プログラミング・ボーカル), kouta tajima, (VJ・アートワーク)","https://ja.wikipedia.org/wiki/White_white_sisters","Category_日本の音楽バンド_ふるうへはあす","https://ja.wikipedia.org/w/index.php?title=Category:日本の音楽バンド&pagefrom=ふるうへはあす\nブルー・ペパーズ#mw-pages"
"The Miceteeth"," THE MICETEETH （ザ・マイスティース）は、 日本 の スカ バンド 。主な略称は「マイス」もしくは「マイティー」 。","","","日本","","","スカ","","","1999年 - 2009年, 2014年 -","Pヴァインレコード, （2002年 - 2004年）, サブスタンス, （2005年 - 2006年）, Almond Eyes, （2007年）, Pヴァインレコード, （2010年）, MASTER THRONE, （2014年 - ）","","金澤義（ ドラム ）, 次松大助（ ボーカル ）, 藤井学（ キーボード ）, 森寺啓介（ ギター ）","https://ja.wikipedia.org/wiki/The_Miceteeth","Category_日本の音楽バンド_ふるうへはあす","https://ja.wikipedia.org/w/index.php?title=Category:日本の音楽バンド&pagefrom=ふるうへはあす\nブルー・ペパーズ#mw-pages"
"マイナスターズ"," マイナスターズ（MINUSTARS） は、 お笑いコンビ の さまぁ〜ず の2人を中心として構成される 日本 の 音楽バンド 。さまぁ〜ずが不定期に行っている ライブ に登場する謎のバンドという設定。後ろ向きな姿勢と奇妙な 歌詞 が特徴。","","ダキョウクラブ","日本","","","J-POP 、 コミックソング","","","2002年 -","東芝EMI （ 2005年 - ）","","ヘロ岡シュン （ ボーカル ）, デカ岡ヒロシ （ ギター ）, キナコキナシタ （ キーボード ）, 吉野 （ スズ ・ コーラス ）, モアイモア橋 （コーラス）, ミタムラニクヒコ （ プロデューサー ）","https://ja.wikipedia.org/wiki/マイナスターズ","Category_日本の音楽バンド_ふるうへはあす","https://ja.wikipedia.org/w/index.php?title=Category:日本の音楽バンド&pagefrom=ふるうへはあす\nブルー・ペパーズ#mw-pages"
"Mountain Mocha Kilimanjaro"," Mountain Mocha Kilimanjaro （マウンテン・モカ・キリマンジャロ）は、日本の6人組インストゥルメンタル・ファンク・バンド。埼玉県で結成され、活動初期は「埼玉の粗大ゴミ」を自称していた。2009年にはUKの名門レーベル『 JAZZMAN 』から日本人として初めて音源をリリースした。","","","日本","","","ファンク","","","","P-VINE / Back Fire Records","","四方田 直人, 小林 直一, 溝口 祐毅, 岡野 諭, 栗原 健, 吉川 衛","https://ja.wikipedia.org/wiki/Mountain_Mocha_Kilimanjaro","Category_日本の音楽バンド_ふるうへはあす","https://ja.wikipedia.org/w/index.php?title=Category:日本の音楽バンド&pagefrom=ふるうへはあす\nブルー・ペパーズ#mw-pages"
"マサ子さん"," マサ子さん （まさこさん）はかつて活動していた 日本 の ガールズバンド 。 ナゴムレコード 所属。","","","日本 ・ 東京都","","","ニュー・ウェイヴ","","","1986年 - 1994年","ナゴムレコード","ケラリーノ・サンドロヴィッチ","マユタン（Vo), サブリナ（Vo), ウイカ（b）, カナン（大正琴）, ケビ山りよ子（Dr), 田中ケムマキ（Key)","https://ja.wikipedia.org/wiki/マサ子さん","Category_日本の音楽バンド_ふるうへはあす","https://ja.wikipedia.org/w/index.php?title=Category:日本の音楽バンド&pagefrom=ふるうへはあす\nブルー・ペパーズ#mw-pages"
"MAJESTICS"," MAJESTICS （マジェスティックス）は沖縄県出身のオーセンティック・スカバンドである。Swing Dragon所属。","","","日本 沖縄県 名護市","","","Ska（スカ）","","","1997年","Swing Dragon","","","https://ja.wikipedia.org/wiki/MAJESTICS","Category_日本の音楽バンド_ふるうへはあす","https://ja.wikipedia.org/w/index.php?title=Category:日本の音楽バンド&pagefrom=ふるうへはあす\nブルー・ペパーズ#mw-pages"
"MASSAN × BASHIRY"," MASSAN X BASHIRY （マッサンバシリー）は、 日本 の バンド 。","","","日本","","","","","","2014年 -","Playwright","","MASSAN （ ラップ 、 ボーカル ）, BASHIRY （ ギター )","https://ja.wikipedia.org/wiki/MASSAN_×_BASHIRY","Category_日本の音楽バンド_ふるうへはあす","https://ja.wikipedia.org/w/index.php?title=Category:日本の音楽バンド&pagefrom=ふるうへはあす\nブルー・ペパーズ#mw-pages"
"Maher Shalal Hash Baz"," Maher Shalal Hash Baz (マヘル・シャラル・ハシュ・バズ) は、 インディーズ で活動する 日本 の 実験音楽 バンドで、 工藤冬里 を中心とした不定形ユニットである。ふたつの自主制作カセットをリリースしたのち、オルグレコードより『Maher Goes To Gothic Country』(1991) 、83トラックに及ぶボックスセット『Return Visit To Rock Mass』(1996)を発表。その後 ドミノ・レコーズ 傘下でスティーヴン・パステル（ ザ・パステルズ ）の運営するジオグラフィックと契約。同レーベルから発売した2枚のアルバム、『From A Summer To Another Summer (An Egypt To Another Egypt)』(2000) 、『Blues Du Jour』(2003)により、海外でも知られることになる。2007年にはキャルヴィン・ジョンソン（ ビート・ハプニング 他）が主宰する アメリカ の名門インディーレーベル、 Kレコード より『L'Autre Cap（邦題：他の岬）』をリリース。","","","日本","","","実験音楽","","","","Kレコード","ジム・オルーク","工藤冬里, 工藤礼子, くどうなみお, 中崎博生, 澁谷浩次, 沓沢久美子（kotolis、PEPE & PRIMA）","https://ja.wikipedia.org/wiki/Maher_Shalal_Hash_Baz","Category_日本の音楽バンド_ふるうへはあす","https://ja.wikipedia.org/w/index.php?title=Category:日本の音楽バンド&pagefrom=ふるうへはあす\nブルー・ペパーズ#mw-pages"
"魔法少女になり隊"," 魔法少女になり隊 （まほうしょうじょになりたい）は、日本の3人組バンド。略称は ましょ隊 。","","","日本","","","","","","2014年 -","Sony Music Records / MASTERSIX FOUNDATION","あだるとゆうくん（ プロデュース ）","火寺バジル（ ボーカル ）, gari（ VJ ・ボーカル）, ウイ・ビトン（ ギター ）","https://ja.wikipedia.org/wiki/魔法少女になり隊","Category_日本の音楽バンド_ふるうへはあす","https://ja.wikipedia.org/w/index.php?title=Category:日本の音楽バンド&pagefrom=ふるうへはあす\nブルー・ペパーズ#mw-pages"
"マライア (バンド)"," マライア (Mariah) は、 日本 の バンド である。サキソフォニスト・ 清水靖晃 を中心に スタジオ・ミュージシャン が集まり、 1979年 に音楽制作集団「マライア・プロジェクト」として始動。 1980年 、アルバム『YENトリックス』で キングレコード からデビュー。 1983年 のアルバム『うたかたの日々』を最後に解散した  。","","","","","","","","","","","","","https://ja.wikipedia.org/wiki/マライア_(バンド)","Category_日本の音楽バンド_ふるうへはあす","https://ja.wikipedia.org/w/index.php?title=Category:日本の音楽バンド&pagefrom=ふるうへはあす\nブルー・ペパーズ#mw-pages"
"まりちゃんズ"," まりちゃんズ は 日本 の コミックバンド 。","","","日本 東京都 大田区","","","コミックソング","","","1974年 - 1976年, 1995年 -","エレックレコード ( 1974年 - 1976年 )","","藤岡孝章, 尾崎純也, 藤巻直哉","https://ja.wikipedia.org/wiki/まりちゃんズ","Category_日本の音楽バンド_ふるうへはあす","https://ja.wikipedia.org/w/index.php?title=Category:日本の音楽バンド&pagefrom=ふるうへはあす\nブルー・ペパーズ#mw-pages"
"MULTI MAX"," MULTI MAX （マルチマックス）は、 CHAGE ・ 村上啓介 ・ 淺井ひろみ から構成される 日本 の バンド 。 歌手 グループと見なされることもあるが、全員が同時に ボーカル を取ることは少ない。正式名称は1991年まで CHAGE'S SUPER BAND MULTI MAX （チャゲズ スーパーバンド マルチマックス）、1992年以降は CHAGE PRESENTS MULTI MAX （チャゲプレゼンツ マルチマックス）。略称はマルチ、MM、M 2 。","","","日本","","","J-POP ・ ROCK","","","1989年 - 1997年, 1999年, 2014年","ポニーキャニオン, （ 1989年 ）, 東芝EMI, （ 1991年 - 1997年 ）","","CHAGE （ボーカル・ギター）, 村上啓介 （ギター・ボーカル）, 淺井ひろみ （ボーカル）","https://ja.wikipedia.org/wiki/MULTI_MAX","Category_日本の音楽バンド_ふるうへはあす","https://ja.wikipedia.org/w/index.php?title=Category:日本の音楽バンド&pagefrom=ふるうへはあす\nブルー・ペパーズ#mw-pages"
"マンナ (バンド)"," MANNA （マンナ）は、主に1990年代前半に活動した 音楽ユニット 。 作曲家 として活躍する 鴨宮諒 と、 モデル であった 梶原もと子 が在籍。","","","日本","","","J-POP, テクノポップ","","","1991年 - 1993年","アルファレコード","","梶原もと子 （ ボーカル ）, 鴨宮諒 （全楽器、ボーカル）","https://ja.wikipedia.org/wiki/マンナ_(バンド)","Category_日本の音楽バンド_ふるうへはあす","https://ja.wikipedia.org/w/index.php?title=Category:日本の音楽バンド&pagefrom=ふるうへはあす\nブルー・ペパーズ#mw-pages"
"三浦弘とハニーシックス"," 三浦弘とハニーシックス （みうらひろしとハニーシックス）は、 1965年 に結成した 日本 の歌唱グループ。代表作に「 よせばいいのに 」「お嫁にゆけない私」などがある。","","","日本","","","ムード歌謡","","","1965年 -","","","三浦貞夫, 三浦ハルオ, 三浦久雄, 三浦京子","https://ja.wikipedia.org/wiki/三浦弘とハニーシックス","Category_日本の音楽バンド_ふるうへはあす","https://ja.wikipedia.org/w/index.php?title=Category:日本の音楽バンド&pagefrom=ふるうへはあす\nブルー・ペパーズ#mw-pages"
"三田村管打団?","","","","","","","","","","","","","","https://ja.wikipedia.org/wiki/三田村管打団?","Category_日本の音楽バンド_ふるうへはあす","https://ja.wikipedia.org/w/index.php?title=Category:日本の音楽バンド&pagefrom=ふるうへはあす\nブルー・ペパーズ#mw-pages"
"蜜 (バンド)"," 蜜 （みつ）は、 日本 の 音楽バンド 。所属 レコードレーベル は ユニバーサルミュージック 。","","","日本","","","J-POP","","","2007年 -","ユニバーサルミュージック","","木村ウニ （ ボーカル 、 鍵盤ハーモニカ ）, 橋詰遼 （ ボーカル 、 ギター ）","https://ja.wikipedia.org/wiki/蜜_(バンド)","Category_日本の音楽バンド_ふるうへはあす","https://ja.wikipedia.org/w/index.php?title=Category:日本の音楽バンド&pagefrom=ふるうへはあす\nブルー・ペパーズ#mw-pages"
"MidnightPumpkin"," midnightPumpkin （ミッドナイトパンプキン）は 名古屋市 出身の スカ バンド である。略称 ミッパン 。","","ミッパン, MNP","日本 愛知県 名古屋市","","","スカ, スカコア, ブラスロック","","","2002年 – 2011年","PCI MUSIC","","wakana（ ボーカル ）, MAYA（ ボーカル ）, SHINYA（ ドラム ）, HIROKI（ トランペット ）, HARU（ トランペット ）, AYA（ サックス ）, Joe（ ギター ）","https://ja.wikipedia.org/wiki/MidnightPumpkin","Category_日本の音楽バンド_ふるうへはあす","https://ja.wikipedia.org/w/index.php?title=Category:日本の音楽バンド&pagefrom=ふるうへはあす\nブルー・ペパーズ#mw-pages"
"Milleluci"," milleluci （ミッレルーチ）は、 声優 もされている女性ボーカルの 氷青 、劇楽などで楽曲提供されているキーボード＆プログラミングの 松本俊行 、DJもされているドラム＆プログラミングの 松本浩一 （Urban Danceのメンバーとしても再結成活動中）のトリオ編成の バンド  。2009年から活動中。2016年よりバンド名を「 千のアカシ 」に変更。","","","日本","","","昭和歌謡 、 ニュー・ミュージック 、 フォークロック 、 ボサノヴァ","","","2009年 -","ベルウッド・レコード","","氷青 （ボーカル）, 松本俊行 （キーボード、アレンジ、プログラミング）, 松本浩一（ドラム、アレンジ、プログラミング）","https://ja.wikipedia.org/wiki/Milleluci","Category_日本の音楽バンド_ふるうへはあす","https://ja.wikipedia.org/w/index.php?title=Category:日本の音楽バンド&pagefrom=ふるうへはあす\nブルー・ペパーズ#mw-pages"
"MINIQLO"," MINIQLO （ミニクロ）は、 2010年 に結成された  日本の GIZA studio 所属の バンド 。 GARNET CROW のメンバー2人によって構成される。","","","日本","","","ネオアコ, ロック, J-POP, ギターポップ","","","2010年 - 2011年 、 2013年","TENT HOUSE （ 2010年 ）","","中村由利 （ ボーカル ）, 岡本仁志 （ ギター ）","https://ja.wikipedia.org/wiki/MINIQLO","Category_日本の音楽バンド_ふるうへはあす","https://ja.wikipedia.org/w/index.php?title=Category:日本の音楽バンド&pagefrom=ふるうへはあす\nブルー・ペパーズ#mw-pages"
"美乃家セントラル・ステイション"," 美乃家セントラル・ステイション （みのやセントラル・ステイション、 1976年 結成 - 1980年 解散）は、日本の ポップ バンド である。 ヴォーカリスト ・ 大橋純子 のバックバンドとして結成され、 佐藤健 や 土屋昌巳 が在籍したことで知られる。","","","日本 東京都","","","R&B 、 ファンク 、 ソウル・ミュージック 、 ポップス 、 ニューミュージック","","","1976年 - 1980年","日本フォノグラム","大橋純子","佐藤健 ( キーボード ), 小田健二郎 (キーボード、 シンセサイザー ), 土屋潔 ( ギター ), マーティン・K・ブレイシー ( ドラム ), 六川正彦 ( ベース ), 後藤輝夫 ( サックス )","https://ja.wikipedia.org/wiki/美乃家セントラル・ステイション","Category_日本の音楽バンド_ふるうへはあす","https://ja.wikipedia.org/w/index.php?title=Category:日本の音楽バンド&pagefrom=ふるうへはあす\nブルー・ペパーズ#mw-pages"
"MUTE BEAT"," MUTE BEAT （ミュート・ビート）は、1982年に結成された日本初の ダブ バンド 。ヨーロッパの 賛美歌 メロディーと マーチングバンド 、ジャマイカの ダブ を組み合わせる。  独特のサウンドで、世界中で評価される。バンドの特徴的なサウンドは アシッドジャズ 、 トリップ・ホップ のそれを先取りしていた。 ","","","日本","","","ダブ, レゲエ","","","1982年 - 1989年","OVERHEAT","","小玉和文 （トランペット）, 宮崎泉 （ダブミックス）, 屋敷豪太 （ドラムス）, 増井朗人（トロンボーン）, 松永孝義（ベース）, 坂本みつわ（キーボード）, 朝本浩文 （キーボード）, 今井秀行（パーカッション、ドラムス）, エマーソン北村（キーボード）, 内藤幸也（ギター）","https://ja.wikipedia.org/wiki/MUTE_BEAT","Category_日本の音楽バンド_ふるうへはあす","https://ja.wikipedia.org/w/index.php?title=Category:日本の音楽バンド&pagefrom=ふるうへはあす\nブルー・ペパーズ#mw-pages"
"MinxZone"," MinxZone （ミンクスゾーン）は、 日本 の スリーピース バンド 。","","ミンクス","日本 大阪府","","","J-POP","","","1999年 -","エイベックス・エンタテインメント, （ 2011年 - ）","","yukari（ボーカル）, waio（ギター）, Ayuha（ドラムス）","https://ja.wikipedia.org/wiki/MinxZone","Category_日本の音楽バンド_ふるうへはあす","https://ja.wikipedia.org/w/index.php?title=Category:日本の音楽バンド&pagefrom=ふるうへはあす\nブルー・ペパーズ#mw-pages"
"MINT mate box"," MINT mate box （ミントメイトボックス）は、 日本 の バンド 。 レーベル は ビーイング に設立された個人レーベル｢MMB RECORDS｣。所属事務所は ビーイング 。","","MMB、ミント","","","","J-POP","","","2017年 - 2019年","Here, play pop!（2017年）, MMB RECORDS （2017年 - 2019年）","","mahocato（ ボーカル ・ギター）, KJ （ ギター ）, やすだちひろ（ ベース ）","https://ja.wikipedia.org/wiki/MINT_mate_box","Category_日本の音楽バンド_ふるうへはあす","https://ja.wikipedia.org/w/index.php?title=Category:日本の音楽バンド&pagefrom=ふるうへはあす\nブルー・ペパーズ#mw-pages"
"無限マイナス"," 無限マイナス （むげんマイナス）は、男性5人構成の 日本 の アコースティック バンド 。自主レーベルである 黒虫芸術 に所属。","","","日本","","","","","","2005年 - 2010年","黒虫芸術","","　遠藤仁平 （ 唄 ・ 六弦 ）, 朝比昴 （六弦・唄）, 本田祐也 （ 四弦 ）, 濱本洋平 （ 機械 ）, 小島功 （ 太鼓 ）","https://ja.wikipedia.org/wiki/無限マイナス","Category_日本の音楽バンド_ふるうへはあす","https://ja.wikipedia.org/w/index.php?title=Category:日本の音楽バンド&pagefrom=ふるうへはあす\nブルー・ペパーズ#mw-pages"
"武蔵野タンポポ団"," 武蔵野タンポポ団 （むさしのたんぽぽだん）は、日本の フォークソング グループ。 1971年 に フォークシンガー 高田渡 を中心として、 吉祥寺 の ライブハウス 「 ぐゎらん堂 」に集まる ミュージシャン らにより結成された  。","","","","","","","","","","","","","https://ja.wikipedia.org/wiki/武蔵野タンポポ団","Category_日本の音楽バンド_ふるうへはあす","https://ja.wikipedia.org/w/index.php?title=Category:日本の音楽バンド&pagefrom=ふるうへはあす\nブルー・ペパーズ#mw-pages"
"ムラマサ☆"," この記事には 複数の問題があります 。 改善 や ノートページ での議論にご協力ください。","","","","","","","","","","","","","https://ja.wikipedia.org/wiki/ムラマサ☆","Category_日本の音楽バンド_ふるうへはあす","https://ja.wikipedia.org/w/index.php?title=Category:日本の音楽バンド&pagefrom=ふるうへはあす\nブルー・ペパーズ#mw-pages"
"METAFIVE"," METAFIVE （ メタファイヴ ）は、日本の バンド 。2014年に一夜限りのユニットとして結成された高橋幸宏&METAFIVEが、2015年にMETAFIVEと改名。","","高橋幸宏 & METAFIVE（2014年）","日本","","","","","","2014年 -","ヴァージン / ユニバーサルミュージック （2014年）, ワーナーミュージック・ジャパン （2015年 - ）","","高橋幸宏, 小山田圭吾, 砂原良徳, TOWA TEI, ゴンドウトモヒコ, LEO今井","https://ja.wikipedia.org/wiki/METAFIVE","Category_日本の音楽バンド_ふるうへはあす","https://ja.wikipedia.org/w/index.php?title=Category:日本の音楽バンド&pagefrom=ふるうへはあす\nブルー・ペパーズ#mw-pages"
"MEN'S 5"," MEN'S 5 （メンズファイブ）は、日本の ポピュラー音楽 バンド 。","","","日本","","","J-POP, ロック, ファンク, コミックソング","","","1989年 -","ポニーキャニオン, （1992年 - 1996年）, 東芝EMI, （1997年 - 1999年）, ガウスエンターテイメント, （2001年）","","今田太郎, 陣次郎, 淡谷三治, 盆帆与四, 館一五六七","https://ja.wikipedia.org/wiki/MEN'S_5","Category_日本の音楽バンド_ふるうへはあす","https://ja.wikipedia.org/w/index.php?title=Category:日本の音楽バンド&pagefrom=ふるうへはあす\nブルー・ペパーズ#mw-pages"
"MEN☆SOUL"," MEN☆SOUL （メン・ソウル）は 日本 の7人組 ファンク バンド である。かつて ハモネプ に出演したグループ・「North」のメンバーを中心に、 経専音楽放送芸術専門学校 の同級生で結成された。2004年6月から活動開始。2007年 SME Records よりメジャーデビュー。2012年3月20日をもって、キング山田を除くメンバー全員が脱退、事実上の活動停止となる（公式HPも消滅）。","","","","","","ファンク ・ ソウルミュージック","","","2004年 -","SME Records （ 2007年 -）","","キング山田(v)","https://ja.wikipedia.org/wiki/MEN☆SOUL","Category_日本の音楽バンド_ふるうへはあす","https://ja.wikipedia.org/w/index.php?title=Category:日本の音楽バンド&pagefrom=ふるうへはあす\nブルー・ペパーズ#mw-pages"
"MOTORWORKS"," MOTORWORKS （モーターワークス）は、日本の バンド である。","","","日本","","","J-POP","","","2003年 -","ドリーミュージック （2004年 - ）","","黒沢健一 （ ボーカル ・ ギター ）, 石田ショーキチ （ギター・ボーカル）, 田村明浩 （ ベース ）, サンコンJr. （ ドラムス ）, ホリノブヨシ（ドラムス）","https://ja.wikipedia.org/wiki/MOTORWORKS","Category_日本の音楽バンド_ふるうへはあす","https://ja.wikipedia.org/w/index.php?title=Category:日本の音楽バンド&pagefrom=ふるうへはあす\nブルー・ペパーズ#mw-pages"
"モダンチョキチョキズ"," モダンチョキチョキズ （ Modern Choki Chokies ）は、 1989年 から 1997年 に活動していた日本・ 大阪 の エンターテイメント バンド 。 モダチョキ と略される。","","モダチョキ","日本 ・ 大阪府","","","J-POP 、 エンターテイメント","","","1989年 - 1997年, 2020年","Ki/oon Sony Records","","矢倉邦晃（リーダー）, 濱田マリ （ボーカル）, 長谷部信子 （キーボード・ボーカル）, 保山宗明王 （朗読・パフォーマンス）, ヌルピョン （ボーカル・パフォーマンス）, フィリップ君 （ダジャレ・エレキソロバン）, 岸本基 （ボーカル・バイオリン）, 磯田収 （ギター）, 芳垣安洋 （ドラムス）, 広兼剛 （トロンボーン）, 梶野秀樹 （ベース）, 内橋和久 （ギター）, 河村光司 （チューバ、サックス）, 今中規子 （キーボード）, 渡辺渡 （ギター）, 繪野有司 （ベース）, 山崎圭巳 （サックス）, 早田稔 （トランペット）, 安田謙一 （ブレーン）, 内門洋 （ベース）, 吉村智樹 （ブレーン）, 仲谷暢之 （ブレーン）","https://ja.wikipedia.org/wiki/モダンチョキチョキズ","Category_日本の音楽バンド_ふるうへはあす","https://ja.wikipedia.org/w/index.php?title=Category:日本の音楽バンド&pagefrom=ふるうへはあす\nブルー・ペパーズ#mw-pages"
"モト冬樹とナンナラーズ"," モト冬樹とナンナラーズ （もとふゆきとナンナラーズ）とは モト冬樹 がリーダーを務めている日本の コミックバンド である。","","","","","","","","","","","","","https://ja.wikipedia.org/wiki/モト冬樹とナンナラーズ","Category_日本の音楽バンド_ふるうへはあす","https://ja.wikipedia.org/w/index.php?title=Category:日本の音楽バンド&pagefrom=ふるうへはあす\nブルー・ペパーズ#mw-pages"
"Monaural mini plug"," Monaural mini plug （モノラルミニプラグ、タイ語: โมโนมินิปลั๊ก, ทีมงานโมโนมินิ）は、日本の ピン・ケーン・プラユック ・バンド。 2010年 結成。 ヘブンアーティスト 登録アーティスト。 ","","","","","","","","","","","","","https://ja.wikipedia.org/wiki/Monaural_mini_plug","Category_日本の音楽バンド_ふるうへはあす","https://ja.wikipedia.org/w/index.php?title=Category:日本の音楽バンド&pagefrom=ふるうへはあす\nブルー・ペパーズ#mw-pages"
"MOHIKAN FAMILY'S"," MOHIKAN FAMILY'S (モヒカンファミリーズ)は、 アイルランド音楽 、 ロマ音楽 、 ケルト音楽 、 クレズマー 、 フラメンコ 、 ミュゼット などのヨーロッパトラッドミュージックをベースに ロック や ラテン音楽 の要素をミックスしたワールドミクスチャーミュージックバンド。","","","日本 大阪府","","","ラスティック / フォークロック / ワールドミクスチャーミュージック アイルランド音楽 / ロマ音楽 / ケルト音楽 / クレズマー / フラメンコ / ミュゼット","","","2008年 -","Treasure Music Sounds Label","","AZ.CATALPA(Vo.&Accordion), JOE(Tin whistle), 藤沢祥衣(Accordion), 松永啓吾(Clarinet), KEISUKE(Gut Guitar), 梶谷昭好(WOOD BASS/Upright Bass), KATSU(Drums)","https://ja.wikipedia.org/wiki/MOHIKAN_FAMILY'S","Category_日本の音楽バンド_ふるうへはあす","https://ja.wikipedia.org/w/index.php?title=Category:日本の音楽バンド&pagefrom=ふるうへはあす\nブルー・ペパーズ#mw-pages"
"Mondialito"," mondialito （モンディアリート）は日本のバンド。 ボーカルのjunkoはフランス在住であり、本人による歌詞の殆どがフランス語である（1stアルバムは英語歌詞がメイン）。 作曲を担当する笛岡俊哉が日本在住のため、フランス、東京間でのmailのやり取りの中で新しい曲が生まれることもある。 日本だけでなくアジア各国での人気も高い。","","","","","","","","","","","","","https://ja.wikipedia.org/wiki/Mondialito","Category_日本の音楽バンド_ふるうへはあす","https://ja.wikipedia.org/w/index.php?title=Category:日本の音楽バンド&pagefrom=ふるうへはあす\nブルー・ペパーズ#mw-pages"
"MONDO GROSSO"," MONDO GROSSO （モンド・グロッソ）は、 大沢伸一 のソロプロジェクト。1993年に 日本 のフォーライフ・レコードからデビューし、レーベル移籍しつつ2006年までは バンド として活動した。バンド名は イタリア語 で、「大きな世界」という意味。楽曲のジャンルは クラブ・ミュージック が中心。 ジャズ 、 ソウル 、 ヒップホップ 、 ボサノヴァ 、 R&B 等、その音楽性の幅はきわめて広く、対照的に ハウス や ブレイクビーツ 、 テクノ といったデジタル音楽がベースの楽曲も数多い。","","","日本","","","アシッド・ジャズ, ハウス, ヒップホップ, エレクトロニカ","","","1991年 - 2006年, 2017年 -","フォーライフ・レコード, ソニー・ミュージックアソシエイテッドレコーズ, カッティング・エッジ","キョート・ジャズ・マッシヴ, SLEEP WALKER, 瘋癲, マンディ満ちる","大沢伸一 （ ベース ）","https://ja.wikipedia.org/wiki/MONDO_GROSSO","Category_日本の音楽バンド_ふるうへはあす","https://ja.wikipedia.org/w/index.php?title=Category:日本の音楽バンド&pagefrom=ふるうへはあす\nブルー・ペパーズ#mw-pages"
"休みの国"," 休みの国 （やすみのくに）は、 1969年 から活動していた高橋照幸（ 1948年 3月10日 、 静岡県 浜松市 生まれ  。 2016年 逝去  ）を中心とした音楽 バンド 。","","","","","","","","","","","","","https://ja.wikipedia.org/wiki/休みの国","Category_日本の音楽バンド_ふるうへはあす","https://ja.wikipedia.org/w/index.php?title=Category:日本の音楽バンド&pagefrom=ふるうへはあす\nブルー・ペパーズ#mw-pages"
"YAPANI!"," この記事には 複数の問題があります 。 改善 や ノートページ での議論にご協力ください。","","","","","","","","","","","","","https://ja.wikipedia.org/wiki/YAPANI!","Category_日本の音楽バンド_ふるうへはあす","https://ja.wikipedia.org/w/index.php?title=Category:日本の音楽バンド&pagefrom=ふるうへはあす\nブルー・ペパーズ#mw-pages"
"ヤプーズ"," ヤプーズ （ YAPOOS ）は、 戸川純 を中心として 1983年 に結成された日本の 音楽バンド  。もともとは 戸川純とヤプーズ と名乗っていた。","","戸川純とヤプーズ","日本","","","ニューウェーブ, テクノ","","","1983年 -","テイチクエンタテインメント, （1987年 - 1991年）, 東芝EMI / Pヴァインレコード （再発）, （1991年 - 1995年）, コロムビアレコード, （1995年）","","戸川純 （ ボーカル ）, 中原信雄 （ ベース ）, ライオン・メリィ （ キーボード ）, 山口慎一 （ キーボード ）, 矢壁アツノブ （ ドラムス ）, ヤマジカズヒデ （ ギター ）","https://ja.wikipedia.org/wiki/ヤプーズ","Category_日本の音楽バンド_ふるうへはあす","https://ja.wikipedia.org/w/index.php?title=Category:日本の音楽バンド&pagefrom=ふるうへはあす\nブルー・ペパーズ#mw-pages"
"山/完全版"," 山/完全版 mountain/full edition （やまかんぜんばん）は、2013年に今井健太郎、薮内美佐子、ブブ・ド・ラ・マドレーヌにより結成されたバンド。多様なバックグラウンドをもつメンバーの表現活動や関心事（パフォーマンス、現代美術、テクノロジー、自然、政治問題など）を積極的に取りれ、ディープクリプトエレクトロニクス、ジャズフリークアウト、ミューティングレフトサイケ、サーキットボードパンク、不思議な朗読などを織り交ぜ衰退する都市から漏れ出すのウロボロスのような絡み合う超絶サウンドを構成してる。またメンバーに音楽家、現代美術家、映画作家、パフォーマー、エンジニア、アクティビスト、プロテスター、介護ワーカー、こども、キュレーターなどがいる。","","","","","","","","","","","","","https://ja.wikipedia.org/wiki/山/完全版","Category_日本の音楽バンド_ふるうへはあす","https://ja.wikipedia.org/w/index.php?title=Category:日本の音楽バンド&pagefrom=ふるうへはあす\nブルー・ペパーズ#mw-pages"
"やまだかつてないバンド"," やまだかつてないバンド とはテレビ番組『 邦ちゃんのやまだかつてないテレビ 』（ フジテレビ系 ）にて 山田邦子 が 永井真理子 、 MALTA 、 村上“ポンタ”秀一 、 伊藤広規 、 原田喧太 と組んでいたバンド。通称『やまかつバンド』。 1989年秋の番組開始から1990年秋にかけては番組のエンディングで出演し、それぞれコスプレ姿で演奏していた。","","","","","","","","","","","","","https://ja.wikipedia.org/wiki/やまだかつてないバンド","Category_日本の音楽バンド_ふるうへはあす","https://ja.wikipedia.org/w/index.php?title=Category:日本の音楽バンド&pagefrom=ふるうへはあす\nブルー・ペパーズ#mw-pages"
"Yum!Yum!ORANGE"," Yum!Yum!ORANGE （ヤムヤムオレンジ）は、 愛知県 名古屋市 を拠点に活動する スカ バンド である。DONADONA RECORDINGS→ 徳間ジャパン →フリー。","","","日本 愛知県 名古屋市","","","スカ","","","1999年 -","DONA DONA RECORDINGS, (2002年 - 2004年), 徳間ジャパンコミュニケーションズ, (2005年 - 2009年), illustrate Records, (2013年 - )","","KUMI（ ボーカル ）, IZUMI（ トランペット 、コーラス）, MIYU（ トロンボーン ）, RYU（ ギター ）, HIDE（ ベース ）, KAI-HEY（ ドラム ）, ICHI-LOW（お休み中）","https://ja.wikipedia.org/wiki/Yum!Yum!ORANGE","Category_日本の音楽バンド_ふるうへはあす","https://ja.wikipedia.org/w/index.php?title=Category:日本の音楽バンド&pagefrom=ふるうへはあす\nブルー・ペパーズ#mw-pages"
"Jan and naomi"," jan and naomi (ヤンアンドナオミ) は、 日本 の2人組の バンド 。 2012年 結成。","","","日本","","","シューゲイザー, シンセポップ, テクノ","","","2012年 -","","","jan, naomi","https://ja.wikipedia.org/wiki/Jan_and_naomi","Category_日本の音楽バンド_ふるうへはあす","https://ja.wikipedia.org/w/index.php?title=Category:日本の音楽バンド&pagefrom=ふるうへはあす\nブルー・ペパーズ#mw-pages"
"ヤンキース (バンド)"," ヤンキース は、1980年代に存在した日本のバンド。ビートルズ系ロックンロールの影響を受けたポップス、バラード・ナンバーが特徴。1990年からは、バンド名を「ムラマサ」と変更した。","","","日本 東京都","","","ロックンロール, ポップス, バラード","","","1980年代初頭から1990年代終盤","ビクターInvitation, (1985年 - 1988年), FECレコード, (1989年 - 1999年)","","〔第一期〕, 植野和敏 (ギター)ほか, 〔第二期〕, 湯澤直美 (ドラム)ほか, 〔第三期〕, 杉山篤 (ギター)ほか, 〔第四期〕, 大日方力也 (ギター), 武田正治 (ドラム)ほか","https://ja.wikipedia.org/wiki/ヤンキース_(バンド)","Category_日本の音楽バンド_ふるうへはあす","https://ja.wikipedia.org/w/index.php?title=Category:日本の音楽バンド&pagefrom=ふるうへはあす\nブルー・ペパーズ#mw-pages"
"YOUR SONG IS GOOD"," YOUR SONG IS GOOD （ユア・ソング・イズ・グッド）は、日本の オルガン インストゥルメンタル バンド である。所属は カクバリズム 。愛称は「ユアソン」、「YSIG」。","","","日本","","","スカ, カリプソ","","","1998年 -","カクバリズム （ 2002年 - ）, UNIVERSAL J （ 2006年 ）, NAYUTAWAVE RECORDS （ 2007年 - 2011年 )","","サイトウ\"JxJx\"ジュン （オルガン・ボーカル）, ヨシザワ \"モーリス\" マサトモ（ギター）, シライシ \"シライシ\" コウジ（ギター）, ハットリ \"ショーティ\" ヤスヒコ（トロンボーン）, タカダ \"ダータカ\" ヒロユキ（ベース）, タナカ \"ズィーレイ\" レイジ（ドラム）","https://ja.wikipedia.org/wiki/YOUR_SONG_IS_GOOD","Category_日本の音楽バンド_ふるうへはあす","https://ja.wikipedia.org/w/index.php?title=Category:日本の音楽バンド&pagefrom=ふるうへはあす\nブルー・ペパーズ#mw-pages"
"ユーイズム"," この記事には 複数の問題があります 。 改善 や ノートページ での議論にご協力ください。","","","","","","","","","","","","","https://ja.wikipedia.org/wiki/ユーイズム","Category_日本の音楽バンド_ふるうへはあす","https://ja.wikipedia.org/w/index.php?title=Category:日本の音楽バンド&pagefrom=ふるうへはあす\nブルー・ペパーズ#mw-pages"
"憂歌団"," 憂歌団 （ゆうかだん）は、 日本 の ブルース ・ バンド 。 木村充揮 ・ 内田勘太郎 ・花岡献治・島田和夫の4人のメンバーは、 1975年 のデビュー当時から20年以上に渡り不動であった。","","","日本 ・ 大阪府","","","ブルース 、 フォーク 、 歌謡曲","","","1970年 - 1998年 、 2013年 - 現在","SHOW BOATレコード, フォーライフレコード, ワーナーミュージック","","木村充揮 (vo., guitar), 内田勘太郎 (guitar, vo.), 花岡献治 (bass, vo.), 新井田耕造 (drums)","https://ja.wikipedia.org/wiki/憂歌団","Category_日本の音楽バンド_ふるうへはあす","https://ja.wikipedia.org/w/index.php?title=Category:日本の音楽バンド&pagefrom=ふるうへはあす\nブルー・ペパーズ#mw-pages"
"夢工場 (バンド)"," 夢工場 （ゆめこうじょう）とは、1986年にデビューしたバンド。","","","","","","","","","","","","","https://ja.wikipedia.org/wiki/夢工場_(バンド)","Category_日本の音楽バンド_ふるうへはあす","https://ja.wikipedia.org/w/index.php?title=Category:日本の音楽バンド&pagefrom=ふるうへはあす\nブルー・ペパーズ#mw-pages"
"ゆゆん"," この記事には 複数の問題があります 。 改善 や ノートページ での議論にご協力ください。","","","","","","","","","","","","","https://ja.wikipedia.org/wiki/ゆゆん","Category_日本の音楽バンド_ふるうへはあす","https://ja.wikipedia.org/w/index.php?title=Category:日本の音楽バンド&pagefrom=ふるうへはあす\nブルー・ペパーズ#mw-pages"
"横濱音泉倶楽部"," 横濱音泉倶楽部 （よこはまおんせんくらぶ）は、日本の ビッグバンド 団体の１つ。トランペット奏者の 清水康弘 が代表を、サックス奏者の 平原まこと が名誉音楽監督を務める。","","","日本 神奈川県 横浜市","","","ビッグバンド","","","1996年 7月 -","","名誉音楽監督： 平原まこと","","https://ja.wikipedia.org/wiki/横濱音泉倶楽部","Category_日本の音楽バンド_ふるうへはあす","https://ja.wikipedia.org/w/index.php?title=Category:日本の音楽バンド&pagefrom=ふるうへはあす\nブルー・ペパーズ#mw-pages"
"夜ハ短シ"," 夜ハ短シ （ヨルハミジカシ）は、2010年結成の 日本 の3ピース バンド  。","","","日本","","","","","","2010年 -","","","山口進 (ボーカル&ギター), 藤原真 ベース&コーラス), 福田健 (ドラム)","https://ja.wikipedia.org/wiki/夜ハ短シ","Category_日本の音楽バンド_ふるうへはあす","https://ja.wikipedia.org/w/index.php?title=Category:日本の音楽バンド&pagefrom=ふるうへはあす\nブルー・ペパーズ#mw-pages"
"Like This Parade"," この記事には 複数の問題があります 。 改善 や ノートページ での議論にご協力ください。","","","","","","","","","","","","","https://ja.wikipedia.org/wiki/Like_This_Parade","Category_日本の音楽バンド_ふるうへはあす","https://ja.wikipedia.org/w/index.php?title=Category:日本の音楽バンド&pagefrom=ふるうへはあす\nブルー・ペパーズ#mw-pages"
"The rising pints"," この記事には 複数の問題があります 。 改善 や ノートページ での議論にご協力ください。","","","","","","","","","","","","","https://ja.wikipedia.org/wiki/The_rising_pints","Category_日本の音楽バンド_ふるうへはあす","https://ja.wikipedia.org/w/index.php?title=Category:日本の音楽バンド&pagefrom=ふるうへはあす\nブルー・ペパーズ#mw-pages"
"Life (バンド)"," Life （ライフ）は 名古屋 出身の バンド である。1999年結成。2002年 ビクターエンタテインメント よりデビュー。","","","名古屋","","","ポップス","","","1999年 -","ビクターエンタテインメント （ 2005年 -）","","川端芽久美(v), 近藤正樹(g), 加藤崇(b)","https://ja.wikipedia.org/wiki/Life_(バンド)","Category_日本の音楽バンド_ふるうへはあす","https://ja.wikipedia.org/w/index.php?title=Category:日本の音楽バンド&pagefrom=ふるうへはあす\nブルー・ペパーズ#mw-pages"
"LAUSBUB (バンド)"," 『 LAUSBUB 』（らうすばぶ）は 日本 の ニューウェーブ / テクノ ・バンド。 2020年 3月 に 北海道 札幌市 の同じ学校の 軽音楽部 に所属する2人の 高校 生によって結成された。バンド名は ドイツ語 でいたずらっ子（ de:Lausbub ）を意味する  。","","","日本 北海道 札幌市","","","ニューウェーブ , テクノ , インダストリアル ","","","2020年 -","","","岩井莉子（ ギター ・ シンセサイザー ・ DJ ・エレクトロニクス）, 高橋芽以（ ボーカル ・ ベース ）","https://ja.wikipedia.org/wiki/LAUSBUB_(バンド)","Category_日本の音楽バンド_ふるうへはあす","https://ja.wikipedia.org/w/index.php?title=Category:日本の音楽バンド&pagefrom=ふるうへはあす\nブルー・ペパーズ#mw-pages"
"ラヴ・タンバリンズ"," LOVE TAMBOURINES (ラヴ･タンバリンズ) は、 日本 の 音楽バンド 。","","","日本","","","","","","1991年 - 1995年","Crue-L Records","","","https://ja.wikipedia.org/wiki/ラヴ・タンバリンズ","Category_日本の音楽バンド_ふるうへはあす","https://ja.wikipedia.org/w/index.php?title=Category:日本の音楽バンド&pagefrom=ふるうへはあす\nブルー・ペパーズ#mw-pages"
"ラストショウ"," ザ・ラストショウ は、 日本 のバンド。","","","","","","","","","","","","","https://ja.wikipedia.org/wiki/ラストショウ","Category_日本の音楽バンド_ふるうへはあす","https://ja.wikipedia.org/w/index.php?title=Category:日本の音楽バンド&pagefrom=ふるうへはあす\nブルー・ペパーズ#mw-pages"
"LuckDuck"," LuckDuck （ラックダック）とは、日本の2人組 バンド である。ライブハウスでのLIVEをメインとし、 ラジオのパーソナリティ ・舞台演劇・ 京セラドーム大阪 での国歌斉唱なども行っている。","","","日本","","","","","","2006年 -","","","北川達也, 佐々木慎介","https://ja.wikipedia.org/wiki/LuckDuck","Category_日本の音楽バンド_ふるうへはあす","https://ja.wikipedia.org/w/index.php?title=Category:日本の音楽バンド&pagefrom=ふるうへはあす\nブルー・ペパーズ#mw-pages"
"Ranai"," ranai （ラナイ）は、元 Something ELse のメンバー、今井千尋と伊藤大介が結成したプロデュース・バンドユニット。","","","","","","","","","","","","","https://ja.wikipedia.org/wiki/Ranai","Category_日本の音楽バンド_ふるうへはあす","https://ja.wikipedia.org/w/index.php?title=Category:日本の音楽バンド&pagefrom=ふるうへはあす\nブルー・ペパーズ#mw-pages"
"Rabbit (バンド)"," Rabbit （ラビット）は、日本の バンド 。2012年、 振付師 の 南流石 を中心に、 森俊之 、 Watusi 、 佐藤タイジ 、 沼澤尚 、そして 大塚愛 を加えた男女6人のメンバーで結成された。","","","日本","","","NO BORDER","","","2012年 -","cutting edge","","森俊之 （ キーボード ）, Watusi （ ベース ）, 佐藤タイジ （ ギター ・ ボーカル ・ コーラス ）, 大塚愛 （ボーカル・コーラス・ギター）, 沼澤尚 （ ドラムス ）, 南流石 （コーラス・モーション）","https://ja.wikipedia.org/wiki/Rabbit_(バンド)","Category_日本の音楽バンド_ふるうへはあす","https://ja.wikipedia.org/w/index.php?title=Category:日本の音楽バンド&pagefrom=ふるうへはあす\nブルー・ペパーズ#mw-pages"
"LUV K RAFT"," LUV K RAFT （ラヴクラフト）は、 日本 のバンド。 2013年 5月 結成。 バンド名の由来は、 小説家 H.P.ラヴクラフト から。","","","日本","","","ロック","","","2013年 -","UNIVERSAL GEAR","","KAREN（ ボーカル ）, （2013年 - ）, Mishu（ボーカル・ パフォーマンス ）, （2016年 - ）, MASATO KITANO （ ギター ・ マニピュレーター ）, （2013年 - ）, Kazya（ ドラムス ）, （2013年 - ）","https://ja.wikipedia.org/wiki/LUV_K_RAFT","Category_日本の音楽バンド_ふるうへはあす","https://ja.wikipedia.org/w/index.php?title=Category:日本の音楽バンド&pagefrom=ふるうへはあす\nブルー・ペパーズ#mw-pages"
"LOVE LOVE ALL STARS"," リーダー や バンドマスター は特に決まっていなかったが、編曲は 武部聡志 を中心に 吉田建 や 鳥山雄司 などが担当した。","","","","","","J-POP","","","1996年 - 2001年, 2006年, 2017年","","吉田拓郎, 篠原ともえ","武部聡志, 吉田建, 鳥山雄司, 野村義男, 坂崎幸之助 ( THE ALFEE ), ブラザートム, 加藤いづみ, ほか","https://ja.wikipedia.org/wiki/LOVE_LOVE_ALL_STARS","Category_日本の音楽バンド_ふるうへはあす","https://ja.wikipedia.org/w/index.php?title=Category:日本の音楽バンド&pagefrom=ふるうへはあす\nブルー・ペパーズ#mw-pages"
"ラ・ムー (バンド)"," ラ・ムー とは、 1988年 に当時アイドルであった 菊池桃子 と、 フュージョン グループ“ プリズム ”のサポートミュージシャンとしても知られる キーボーディスト の松浦義和が中心となり、結成された バンド 。アルファベットでは \"RA MU\" と表記される。","","","","","","J-POP, ロック","","","1988年 2月 - 1989年","VAP","売野雅勇 ／ 康珍化 （作詞）, 和泉常寛 （作曲）, 新川博 （編曲）","菊池桃子 （Vocal）, 松浦義和（Keyboards）, 中西望（Drums）, 勝守理 （Guitar）, 吉岡誠司 （Bass）, ロザリル・キール（Chorus）, ダレル・ホールデン（Chorus）","https://ja.wikipedia.org/wiki/ラ・ムー_(バンド)","Category_日本の音楽バンド_ふるうへはあす","https://ja.wikipedia.org/w/index.php?title=Category:日本の音楽バンド&pagefrom=ふるうへはあす\nブルー・ペパーズ#mw-pages"
"RAMJET PULLEY"," RAMJET PULLEY （ラムジェット プーリー）は、 rumania montevideo のオリジナルメンバー  のうち、 三好真美 ・ 誠 の姉弟を除く、 間島和伸 、 松田明子 、 麻越さとみ の3人が 2000年 に結成  した バンド である。所属は GIZA studio 。","","","日本","","","J-POP","","","2000年 - 2003年","GIZA studio","小林哲 （編曲）","松田明子 （ボーカル、キーボード）, 麻越さとみ （ベース）, 間島和伸 （ギター）","https://ja.wikipedia.org/wiki/RAMJET_PULLEY","Category_日本の音楽バンド_ふるうへはあす","https://ja.wikipedia.org/w/index.php?title=Category:日本の音楽バンド&pagefrom=ふるうへはあす\nブルー・ペパーズ#mw-pages"
"Lullatone"," Lullatone （ララトーン）は、 名古屋市 に拠点を持つ バンド である。 ショーン・ジェームス・シーモア (Shawn James Seymour)と、その妻である 冨田 淑美 （とみだ よしみ）の二人組で、おもちゃや 鍵盤ハーモニカ 、バスタブなど、様々な楽器を使った演奏で有名である。ジャンルは、 エレクトロニカ 、 インディ・ポップ に属す。","","","日本 愛知県 名古屋市","","","エレクトロニカ, インディー・ポップ","","","2003年 - 現在","Audio Dregs, Childisc","","ショーン・ジェームス・シーモア, 冨田淑美","https://ja.wikipedia.org/wiki/Lullatone","Category_日本の音楽バンド_ふるうへはあす","https://ja.wikipedia.org/w/index.php?title=Category:日本の音楽バンド&pagefrom=ふるうへはあす\nブルー・ペパーズ#mw-pages"
"Lamp (バンド)"," Lamp （ランプ）は 2000年 に結成された、 日本 の バンド  。 ボサノヴァ をベースに様々な音楽を織り交ぜた、複雑かつ洗練されたサウンドが特徴である。","","","","","","ポップ","","","2000年 -","Botanical House, ポリスター, MOTEL BLEU（2003年 - 2008年）","","染谷大陽, 永井祐介, 榊原香保里","https://ja.wikipedia.org/wiki/Lamp_(バンド)","Category_日本の音楽バンド_ふるうへはあす","https://ja.wikipedia.org/w/index.php?title=Category:日本の音楽バンド&pagefrom=ふるうへはあす\nブルー・ペパーズ#mw-pages"
"RIVa"," RIVa（リヴァ）は、 宮城県 仙台市 を活動拠点としている日本のメッセージ ポップス ・ バンド 。インディーズ時代は、「riv.@（読み方同じ）」と表記した。","","","日本","","","J-POP","","","2013年 -","コロンビア・マーケティング","原田博喜（プロデュース）","Amia（ ボーカル ）, Kenji（ ドラムス ）, Daisuke（ キーボード ）","https://ja.wikipedia.org/wiki/RIVa","Category_日本の音楽バンド_ふるうへはあす","https://ja.wikipedia.org/w/index.php?title=Category:日本の音楽バンド&pagefrom=ふるうへはあす\nブルー・ペパーズ#mw-pages"
"REVERSLOW"," REVERSLOW （リヴァースロー）は元 PENPALS のフロントマン ハヤシムネマサ （林宗應）の ソロプロジェクト として2004年の秋ごろより活動を開始。その後2005年8月より現在のメンバーによるバンド形態となる。 R and C 所属。","","","","","","","","","","","","","https://ja.wikipedia.org/wiki/REVERSLOW","Category_日本の音楽バンド_ふるうへはあす","https://ja.wikipedia.org/w/index.php?title=Category:日本の音楽バンド&pagefrom=ふるうへはあす\nブルー・ペパーズ#mw-pages"
"RIP ADDICTION"," この記事には 複数の問題があります 。 改善 や ノートページ での議論にご協力ください。","","","","","","","","","","","","","https://ja.wikipedia.org/wiki/RIP_ADDICTION","Category_日本の音楽バンド_ふるうへはあす","https://ja.wikipedia.org/w/index.php?title=Category:日本の音楽バンド&pagefrom=ふるうへはあす\nブルー・ペパーズ#mw-pages"
"LITTLE TEMPO"," LITTLE TEMPO （リトルテンポ）は元 SILENT POETS の2人が中心となって結成された ダブ バンド である。1992年結成。1999年 cutting edge よりメジャーデビュー。曲の大半は インストゥルメンタル だがゲストボーカルを迎えて歌ものを歌うこともある。","","","日本","","","レゲエ, ダブ","","","1992年 -","Olive Disk & Records (1994年), cutting edge (1994年 - 2001年), Speedstar International (2003年 - 2006年), Sunshine Records (2008年 - )","","土生\"TICO\"剛, 白水生路, HAKASE, 春野高広, 田村玄一, 小池龍平, 大石幸司, 田鹿健太, 内田直之","https://ja.wikipedia.org/wiki/LITTLE_TEMPO","Category_日本の音楽バンド_ふるうへはあす","https://ja.wikipedia.org/w/index.php?title=Category:日本の音楽バンド&pagefrom=ふるうへはあす\nブルー・ペパーズ#mw-pages"
"Little Hippies"," Little Hippies （リトル・ヒッピーズ）は a.mia が2006年に新しく結成した バンド である。2007年 ユニバーサルJ よりデビュー。","","","","","","","","","","","","","https://ja.wikipedia.org/wiki/Little_Hippies","Category_日本の音楽バンド_ふるうへはあす","https://ja.wikipedia.org/w/index.php?title=Category:日本の音楽バンド&pagefrom=ふるうへはあす\nブルー・ペパーズ#mw-pages"
"LIFriends"," LIFriends （リフレンズ）は、 2006年 5月20日 に結成し、 2013年 7月24日 にメジャーデビューを果たした 東京都 羽村市 出身で 東京都立羽村高等学校  軽音楽部の同級生より結成した男性5人組メロディラップ バンド   である。所属事務所は ライジングプロダクション 、レーベルは インペリアルレコード 。","","","日本 ・ 東京都 羽村市","","","J-POP","","","2007年 - 2019年","インペリアルレコード （ 2013年 7月24日 - 2019年 8月3日 ）","","メンバー を参照","https://ja.wikipedia.org/wiki/LIFriends","Category_日本の音楽バンド_ふるうへはあす","https://ja.wikipedia.org/w/index.php?title=Category:日本の音楽バンド&pagefrom=ふるうへはあす\nブルー・ペパーズ#mw-pages"
"琉球チムドン楽団"," 琉球チムドン楽団 （ りゅうきゅうちむどんがくだん 、★RYUKYU CHIMDON GAKUDAN(OKINAWAN POP & CHINDON)★）は、 沖縄県 出身の 音楽バンド である。","","","","","","","","","","","","","https://ja.wikipedia.org/wiki/琉球チムドン楽団","Category_日本の音楽バンド_ふるうへはあす","https://ja.wikipedia.org/w/index.php?title=Category:日本の音楽バンド&pagefrom=ふるうへはあす\nブルー・ペパーズ#mw-pages"
"Rin'"," Rin' （リン）は、 日本 の 音楽 バンド 。和楽器ユニット。日本の伝統楽器、 箏 、 十七絃 、 琵琶 、 三絃 、 尺八 で音楽活動を行う、女性 邦楽器 演奏家3名によるユニット。","","","","","","","","","","","","","https://ja.wikipedia.org/wiki/Rin'","Category_日本の音楽バンド_ふるうへはあす","https://ja.wikipedia.org/w/index.php?title=Category:日本の音楽バンド&pagefrom=ふるうへはあす\nブルー・ペパーズ#mw-pages"
"りんけんバンド"," りんけんバンド は 沖縄県 出身の 音楽バンド 。 1977年 結成。 1987年 デビュー。 三線 や 島太鼓 など沖縄の楽器と現代の楽器との融合した「沖縄ポップ」という新しい音楽を作っている。","","","","","","","","","","","","","https://ja.wikipedia.org/wiki/りんけんバンド","Category_日本の音楽バンド_ふるうへはあす","https://ja.wikipedia.org/w/index.php?title=Category:日本の音楽バンド&pagefrom=ふるうへはあす\nブルー・ペパーズ#mw-pages"
"LUI FRONTiC 赤羽JAPAN"," LUI FRONTiC 赤羽JAPAN （ルイ・フロンティック・あかばねジャパン）は、 日本 の4人組 音楽グループ 。略称は「 ルイフロ 」「 LFAJ 」など。旧グループ名は「 LUI◇FRONTiC◆松隈JAPAN （ルイ・フロンティック・まつくまジャパン）」。","","LUI◇FRONTiC◆松隈JAPAN（旧名）","日本","","","J-POP","","","2013年 - 2017年","つばさレコーズ / SPACE SHOWER MUSIC （ 2014年 ）, UNIVERSAL J （ 2015年 - 2016年）","松隈ケンタ, agehasprings","プールイ （ ボーカル ）, テンペスト竹内（ ギター 、 コーラス ）, 小原just begun（ ベース 、コーラス）, エンジェルス建（ ドラムス ）","https://ja.wikipedia.org/wiki/LUI_FRONTiC_赤羽JAPAN","Category_日本の音楽バンド_ふるうへはあす","https://ja.wikipedia.org/w/index.php?title=Category:日本の音楽バンド&pagefrom=ふるうへはあす\nブルー・ペパーズ#mw-pages"
"RUDE STOMPERS"," RUDE STOMPERS （ルードストンパーズ）は 日本 の ネオスカバンド 。","","","日本 大阪府","","","SKA","","","2007年 -","","","PIRO（Vo,Ba）, TAGAWA（Sax）, JIRO（Tb）, HISASHI（Dr）, ZEN（Key/Acc）, TOMMY（Gt）, MEGM（Tp）","https://ja.wikipedia.org/wiki/RUDE_STOMPERS","Category_日本の音楽バンド_ふるうへはあす","https://ja.wikipedia.org/w/index.php?title=Category:日本の音楽バンド&pagefrom=ふるうへはあす\nブルー・ペパーズ#mw-pages"
"Rumania montevideo"," rumania montevideo （ルーマニア・モンテビデオ）は、 日本 の オルタナティヴ・ロック バンド 。略称はモンテビ。 GIZA studio 所属。","","モンテビ","日本","","","オルタナティヴ・ロック ","","","1998年 - 2002年, 2019年 - 現在","GIZA studio","古井弘人 （編曲）","三好真美 （ ボーカル ）, 三好誠 （ ギター ）","https://ja.wikipedia.org/wiki/Rumania_montevideo","Category_日本の音楽バンド_ふるうへはあす","https://ja.wikipedia.org/w/index.php?title=Category:日本の音楽バンド&pagefrom=ふるうへはあす\nブルー・ペパーズ#mw-pages"
"Le Lien"," Le Lien （ルリアン）は、2013年から2016年まで活動していた 日本 の ガールズバンド 。Le Lienとは、フランス語で絆という意味。","","","日本","","","J-POP","","","2013年 - 2016年","ユニバーサルミュージック","","澤田汐音 （ボーカル・ギター）, 小山内花凜 （ベース）, 三瓶みなみ（キーボード）, 田代ひかり（ドラム）","https://ja.wikipedia.org/wiki/Le_Lien","Category_日本の音楽バンド_ふるうへはあす","https://ja.wikipedia.org/w/index.php?title=Category:日本の音楽バンド&pagefrom=ふるうへはあす\nブルー・ペパーズ#mw-pages"
"凸凹凸凹-ルリロリ-"," 凸凹凸凹 （ルリロリ）は、 日本 の 女性アイドルグループ 、 ガールズバンド 。 2015年 に結成された。2020年に解散。","","","日本","","","J-POP 、 ダンス","","","2015年 - 2020年","","","陽南子 （リーダー、ボーカル、ギター、ベース、ダンス）, 渚奈子 （ドラムス、ダンス）, 有南 （ギター、ダンス）","https://ja.wikipedia.org/wiki/凸凹凸凹-ルリロリ-","Category_日本の音楽バンド_ふるうへはあす","https://ja.wikipedia.org/w/index.php?title=Category:日本の音楽バンド&pagefrom=ふるうへはあす\nブルー・ペパーズ#mw-pages"
"ルルルルズ"," ルルルルズ （rourourourous）は 日本 の バンド である。 2012年 に 東京 で結成された。","","","","","","","","","","","","","https://ja.wikipedia.org/wiki/ルルルルズ","Category_日本の音楽バンド_ふるうへはあす","https://ja.wikipedia.org/w/index.php?title=Category:日本の音楽バンド&pagefrom=ふるうへはあす\nブルー・ペパーズ#mw-pages"
"Rec*rep"," rec*rep （レクリプ）は男性3人によって構成される 日本 の 電子音響 バンド 。","","","日本","","","電子音響","","","1992年 - 1998年, 2006年 -","","","有馬純寿, 前林明次, ヲノサトル","https://ja.wikipedia.org/wiki/Rec*rep","Category_日本の音楽バンド_ふるうへはあす","https://ja.wikipedia.org/w/index.php?title=Category:日本の音楽バンド&pagefrom=ふるうへはあす\nブルー・ペパーズ#mw-pages"
"RED DIAMOND DOGS"," RED DIAMOND DOGS （レッド ダイアモンド ドッグス）は、 日本 の バンド 。","","","日本","","","R&B ","","","2016年 -","rhythm zone","","ATSUSHI （ ボーカル ）, PHEKOO （ キーボード ）, DURAN（ ギター ）, FUYU （ ドラムス ）","https://ja.wikipedia.org/wiki/RED_DIAMOND_DOGS","Category_日本の音楽バンド_ふるうへはあす","https://ja.wikipedia.org/w/index.php?title=Category:日本の音楽バンド&pagefrom=ふるうへはあす\nブルー・ペパーズ#mw-pages"
"レトロ本舗"," レトロ本舗 （れとろほんぽ）は、 日本 の スカ バンド 。2001年 神戸 元町にて結成。","","","日本 兵庫県 神戸市 元町","","","スカ, ポップス","","","2001年  ( 2001 ) –","いいうたレコード","","あーちゃん, かなちゃん, はまちゃん, たくろう, みーちゃん, じゅんちゃん, こうじ, ひろき","https://ja.wikipedia.org/wiki/レトロ本舗","Category_日本の音楽バンド_ふるうへはあす","https://ja.wikipedia.org/w/index.php?title=Category:日本の音楽バンド&pagefrom=ふるうへはあす\nブルー・ペパーズ#mw-pages"
"Local Bus"," Local bus （ローカルバス）は 日本 の 音楽バンド 。 BMG JAPAN 、元 アミューズ 所属  。","","","","","","","","","","","","","https://ja.wikipedia.org/wiki/Local_Bus","Category_日本の音楽バンド_ふるうへはあす","https://ja.wikipedia.org/w/index.php?title=Category:日本の音楽バンド&pagefrom=ふるうへはあす\nブルー・ペパーズ#mw-pages"
"ROLL BACK"," ROLL BACK （ロール・バック）は、日本の ガールズバンド 。1985年デビュー。1985年5月、第29回 ヤマハポピュラーソングコンテスト においてグランプリ受賞  （同年の 世界歌謡祭 は不出場  ）。アマチュア時代の表記は「ROLL-BACK」。","","","日本","","","ポップス","","","1985年 - ？","","","長尾知子（ボーカル）, 小山涼子（ベース）, 米沢美代（ギター）, 石田明美（キーボード）, 大竹身和（ドラム）","https://ja.wikipedia.org/wiki/ROLL_BACK","Category_日本の音楽バンド_ふるうへはあす","https://ja.wikipedia.org/w/index.php?title=Category:日本の音楽バンド&pagefrom=ふるうへはあす\nブルー・ペパーズ#mw-pages"
"ロクセンチ"," ロクセンチ （ rock-senti ）は、 日本 の ツーピース アコースティック バンド である。 2003年 結成。2006年FIVE D plusよりメジャーデビュー。名前の由来は「ロックでセンチメンタル」から。","","","","","","","","","","","","","https://ja.wikipedia.org/wiki/ロクセンチ","Category_日本の音楽バンド_ふるうへはあす","https://ja.wikipedia.org/w/index.php?title=Category:日本の音楽バンド&pagefrom=ふるうへはあす\nブルー・ペパーズ#mw-pages"
"ロス・プリモス"," ロス・プリモス は、 1961年 から 2010年 5月まで活動していた、森聖二がメインボーカルを務める、日本 ムード歌謡 界を代表するグループである。旧グループ名は 黒沢明とロス・プリモス 。2010年6月からは、メンバーを替え 永山こうじとロス・プリモス に改称。その後再び ロス・プリモス に戻す。永山・佐藤の脱退（事実上の解雇処分）後は、公式サイトもリニューアル中となり活動は明らかにされていない。","","","日本","","","ムード歌謡","","","1961年 - 2010年 5月 2010年 6月 -","日本クラウン株式会社 ウェブクウ","","森聖二(ボーカル), 大川公生（ベース・コーラス）, 峰たかし（コーラス・ギター）, 徳永淳（コーラス・ドラム）, 上野旬也 (コーラス・キーボード)","https://ja.wikipedia.org/wiki/ロス・プリモス","Category_日本の音楽バンド_ふるうへはあす","https://ja.wikipedia.org/w/index.php?title=Category:日本の音楽バンド&pagefrom=ふるうへはあす\nブルー・ペパーズ#mw-pages"
"Rockwell"," rockwell （ロックウェル）は、 黒田学 と 宍倉聖悟 からなる 日本 の 二人組 音楽 バンド である。所属 レコード会社 は ドリーミュージック 、所属プロダクションは ユーズミュージック 。","","","","","","","","","","","","","https://ja.wikipedia.org/wiki/Rockwell","Category_日本の音楽バンド_ふるうへはあす","https://ja.wikipedia.org/w/index.php?title=Category:日本の音楽バンド&pagefrom=ふるうへはあす\nブルー・ペパーズ#mw-pages"
"ロマンポルシェ。"," ロマンポルシェ。 （RomanPorsche.） は、日本の3人組のバンド。","","RomanPorsche.","日本","","","テクノ, ニュー・ウェイヴ","","","1997年 -","ユニバーサルミュージック, （ 2000年 - ）","","掟ポルシェ, ロマン優光, ヤギー文光（ 青柳文子 ）","https://ja.wikipedia.org/wiki/ロマンポルシェ。","Category_日本の音楽バンド_ふるうへはあす","https://ja.wikipedia.org/w/index.php?title=Category:日本の音楽バンド&pagefrom=ふるうへはあす\nブルー・ペパーズ#mw-pages"
"ロリポップ・ソニック"," ロリポップ・ソニック ( Lollipop Sonic ) は フリッパーズ・ギター の前身となる インディーズ バンド 。メンバーは 小山田圭吾 (Lead vocals, Guitars)、 小沢健二 (Lead guitars, Vocals)、後に テレビブロス 編集者となる 井上由紀子 (Keyboards)、後に ポリスター のディレクターとなる 荒川康伸 (drums)、 吉田秀作 (bass)の5人。音楽的には ネオアコ の影響が色濃い。","","","","","","","","","","","","","https://ja.wikipedia.org/wiki/ロリポップ・ソニック","Category_日本の音楽バンド_ふるうへはあす","https://ja.wikipedia.org/w/index.php?title=Category:日本の音楽バンド&pagefrom=ふるうへはあす\nブルー・ペパーズ#mw-pages"
"LONG VACATION"," LONG VACATION （ロング・バケーション）は、 1990年代 に活動していた 日本 の 渋谷系 テクノポップ歌謡 バンド 。 les Long Vacation の表記も用いた。","","les Long Vacation","日本","","","渋谷系, 歌謡曲, テクノ歌謡, テクノポップ","","","1991年 - 1995年","SILLY WALK RECORDS（1991年 - 1992年 ）, 東芝EMI （1992年 - 1993年 ）, PUSSYCAT RECORDS（1993年 - 1995年）, TDK RECORDS （ 1994年 ）, FUNHOUSE TRUST （1995年）","","","https://ja.wikipedia.org/wiki/LONG_VACATION","Category_日本の音楽バンド_ふるうへはあす","https://ja.wikipedia.org/w/index.php?title=Category:日本の音楽バンド&pagefrom=ふるうへはあす\nブルー・ペパーズ#mw-pages"
"LONDBOY"," LONDBOY (ロンドボーイ)は 日本 の ヴィジュアル系 バンド 。","","","","","","","","","","","","","https://ja.wikipedia.org/wiki/LONDBOY","Category_日本の音楽バンド_ふるうへはあす","https://ja.wikipedia.org/w/index.php?title=Category:日本の音楽バンド&pagefrom=ふるうへはあす\nブルー・ペパーズ#mw-pages"
"WARK"," WARK （わーく）は、平成3年(1991年) 星期六我家的電視・三宅裕司の天下御免ね! に出演したバンド。","","","","","","","","","","","","","https://ja.wikipedia.org/wiki/WARK","Category_日本の音楽バンド_ふるうへはあす","https://ja.wikipedia.org/w/index.php?title=Category:日本の音楽バンド&pagefrom=ふるうへはあす\nブルー・ペパーズ#mw-pages"
"The Wisely Brothers"," The Wisely Brothers （ワイズリーブラザーズ  ）は、日本の3人組 ガールズバンド 。バンド名は 直訳 すると 賢く兄弟 。メンバーの真舘晴子がバンド名をどうしようかと デザイナー である父親に相談したところ、父親がThe Wisely Brothersという名前で ロゴ を作成してくれ、これに決めた。 The Isley Brothers がもとになっている  。","","","日本","","","J-POP","","","2010年 -","primitive, （ 2014年 ）, Lastrum, （ 2016年 - 2017年 ）, 日本コロムビア, （ 2018年 - ）","","真舘晴子, 渡辺朱音, 和久利泉","https://ja.wikipedia.org/wiki/The_Wisely_Brothers","Category_日本の音楽バンド_ふるうへはあす","https://ja.wikipedia.org/w/index.php?title=Category:日本の音楽バンド&pagefrom=ふるうへはあす\nブルー・ペパーズ#mw-pages"
"渡鬼おやじバンド"," 渡鬼おやじバンド （わたおにおやじバンド - ）は TBS ドラマ 『 渡る世間は鬼ばかり 』の劇中で結成された バンド 。","","あけぼのおやじバンド","日本","","","J-POP","","","2008年 - 2021年 （活動休止）","","","角野卓造 （ギター）, 山本コウタロー （ギター）, 天童よしみ （ボーカル）, 佐藤B作 （ベース）, 渡辺憲吉 （キーボード）, 外山誠二 （ギター）","https://ja.wikipedia.org/wiki/渡鬼おやじバンド","Category_日本の音楽バンド_ふるうへはあす","https://ja.wikipedia.org/w/index.php?title=Category:日本の音楽バンド&pagefrom=ふるうへはあす\nブルー・ペパーズ#mw-pages"
"What's Love? (バンド)","","","","","","","","","","","","","","https://ja.wikipedia.org/wiki/What's_Love?_(バンド)","Category_日本の音楽バンド_ふるうへはあす","https://ja.wikipedia.org/w/index.php?title=Category:日本の音楽バンド&pagefrom=ふるうへはあす\nブルー・ペパーズ#mw-pages"
"ONE TRACK MIND"," ONE TRACK MIND （ワントラックマインド）は日本の スカ バンド 。通称ワントラ。","","","","","","","","","","","","","https://ja.wikipedia.org/wiki/ONE_TRACK_MIND","Category_日本の音楽バンド_ふるうへはあす","https://ja.wikipedia.org/w/index.php?title=Category:日本の音楽バンド&pagefrom=ふるうへはあす\nブルー・ペパーズ#mw-pages"
"J.O.PROJECT"," J.O.PROJECT   は、EboryRecord5によるプロデュースで、 2013年 に結成され、 ジェームス小野田 （ 米米CLUB ）らが参画しかつて存在した音楽エンタ―テインメント・プロジェクト名である。現在、マジシャン 坂本一魔 、神戸在住のシンガ―ソングライター Rinana 、和をテイストとした暁バンドなどを擁するTEAM DREAM ENERGYに名称を変更して活動を継続中。","","","日本 東京都","","","ポップ・ミュージック, ロック, クラシック音楽, クロスオーバー","ミュージシャン, バンド","","2013年 -","EboryRecord5","","","https://ja.wikipedia.org/wiki/J.O.PROJECT","Category_日本の音楽バンド_ふるうへはあす","https://ja.wikipedia.org/w/index.php?title=Category:日本の音楽バンド&pagefrom=ふるうへはあす\nブルー・ペパーズ#mw-pages"
"日本の音楽グループ"," このカテゴリ下にあるページは、該当する適切なサブカテゴリに移動してください。","","","","","","","","","","","","","https://ja.wikipedia.org/wiki/Category:日本の音楽グループ","Category_日本の音楽バンド_ふるうへはあす","https://ja.wikipedia.org/w/index.php?title=Category:日本の音楽バンド&pagefrom=ふるうへはあす\nブルー・ペパーズ#mw-pages"
