﻿"タイトル","コメント","出生名","別名","出身地","生誕","死没","ジャンル","職業","担当楽器","活動期間","レーベル","共同作業者","メンバー","URL","親リストタイトル","親リストURL"
"青柳常夫"," 青柳 常夫 （あおやぎ つねお）は、日本の 歌手 、 アコーディオン 奏者。","","","","","","","","","","","","","https://ja.wikipedia.org/wiki/青柳常夫","Category_日本のアコーディオン奏者","https://ja.wikipedia.org/wiki/Category:日本のアコーディオン奏者"
"安達ひでや"," 安達ひでや （あだち ひでや、 1964年 4月24日 - ）は、 熊本県 出身で チンドン屋 ・有限会社アダチ宣伝社の取締役社長。 本名は 足達英明 （あだち ひであき）、 熊本県立済々黌高等学校 卒業、 山口大学 農学部中退。主な使用楽器は ウクレレ と アコーディオン 。 過去に組んでいたバンド（「 たけのうちカルテット 」）で『 イカすバンド天国 』（イカ天）に出場経験がある。 たま とも親交があり、地方ライブやアルバムでも共演していた。","","","熊本県","足達 英明, ( 1964-04-24 ) 1964年 4月24日 （57歳）, 熊本県","","","チンドン屋","","","","","","https://ja.wikipedia.org/wiki/安達ひでや","Category_日本のアコーディオン奏者","https://ja.wikipedia.org/wiki/Category:日本のアコーディオン奏者"
"安西はぢめ"," 安西 はぢめ （安西創 あんざい・はじめ）は、日本の アコーディオン 奏者。日本で唯一の スロベニア 音楽ユニット  「Ansambel Planika」(アンサンブルプラニーカ)の一人。","","安西創","日本","( 1972-02-05 ) 1972年 2月5日 （49歳）","","","アコーディオン 奏者","","1992年 -","","","","https://ja.wikipedia.org/wiki/安西はぢめ","Category_日本のアコーディオン奏者","https://ja.wikipedia.org/wiki/Category:日本のアコーディオン奏者"
"えびさわなおき"," この記事には 複数の問題があります 。 改善 や ノートページ での議論にご協力ください。","","","","","","","","","","","","","https://ja.wikipedia.org/wiki/えびさわなおき","Category_日本のアコーディオン奏者","https://ja.wikipedia.org/wiki/Category:日本のアコーディオン奏者"
"小澤秀夫"," 小澤 秀夫 （おざわ ひでお、1910年 - 1982年）は、日本の 歌手 、 演奏家 、 作曲家 。","","","","1910年","1982年","","歌手 、 演奏家 、 作曲家","ピアノ 、 アコーディオン ","1934年 - 1982年","","","","https://ja.wikipedia.org/wiki/小澤秀夫","Category_日本のアコーディオン奏者","https://ja.wikipedia.org/wiki/Category:日本のアコーディオン奏者"
"かとうかなこ"," かとうかなこは、クロマチック・アコーディオンの奏者。","","","","","","","","","","","","","https://ja.wikipedia.org/wiki/かとうかなこ","Category_日本のアコーディオン奏者","https://ja.wikipedia.org/wiki/Category:日本のアコーディオン奏者"
"金子元孝"," 金子元孝 (かねこ もとたか 1925年9月14日-2007年7月10日)は日本の アコーディオン の演奏家、啓蒙家、教育者。世界最長の刊行継続記録  をもつアコーディオン専門誌・月刊『アコーディオン・ジャーナル』の編集長を長くつとめた。","","金子 万久(かねこ・ばんきゅう)","日本","1925年9月14日(誕生日には諸説あり)","2007年7月10日(81歳)","","音楽家、 アコーディオン 奏者、雑誌編集長","クロマティック・アコーディオン","1954年 - 2007年","","","","https://ja.wikipedia.org/wiki/金子元孝","Category_日本のアコーディオン奏者","https://ja.wikipedia.org/wiki/Category:日本のアコーディオン奏者"
"吉備英志"," 吉備 英志 （きび ひでし、 1964年 1月9日 - ）は 大阪府 出身の ストリートミュージシャン 、 アコーディオン 奏者  。 イタリア の ローマ を拠点として音楽活動を行っている   。","","英 : Hideshi Kibi","日本 大阪府","( 1964-01-09 ) 1964年 1月9日 （57歳）","","","アコーディオン 奏者 、 作曲家 、 イラストレーター","アコーディオン","1987年 -","Mondo TV","","","https://ja.wikipedia.org/wiki/吉備英志","Category_日本のアコーディオン奏者","https://ja.wikipedia.org/wiki/Category:日本のアコーディオン奏者"
"桑山哲也"," 桑山 哲也 （くわやま てつや、 1972年 4月13日 - ）は、日本の アコーディオン 奏者。 北海道 札幌市 出身。血液型O型  。所属事務所は ホリプロ 。","","","","","","","","","","","","","https://ja.wikipedia.org/wiki/桑山哲也","Category_日本のアコーディオン奏者","https://ja.wikipedia.org/wiki/Category:日本のアコーディオン奏者"
"Coba"," coba （コバ、 1959年 4月29日 - ）は、 日本 の アコーディオニスト 、 作曲家 。本名および旧名義は、 小林 靖宏 （こばやし やすひろ）。","小林 靖宏","COBA, Coba","日本 長野県 長野市 松代町","( 1959-04-29 ) 1959年 4月29日 （62歳）","","インストゥルメンタル","アコーディオニスト, 作曲家","アコーディオン","1991年 -","東芝EMI, ビクターエンタテインメント, fèbbre, CALMOLA BOSCONE, avex trax, VAP, 日本コロムビア","","","https://ja.wikipedia.org/wiki/Coba","Category_日本のアコーディオン奏者","https://ja.wikipedia.org/wiki/Category:日本のアコーディオン奏者"
"小春 (アコーディオン奏者)"," 小春 （こはる、 1988年 11月21日 - ）は、 日本 の アコーディオン 奏者、 作詞家 、 作曲家 。音楽ユニット「 チャラン・ポ・ランタン 」のメンバーで、妹は同じくメンバーの もも  。実母は イラストレーター 、 デザイナー 、 絵本作家 の まつながあき  。","松永 小春","","日本 神奈川県","( 1988-11-21 ) 1988年 11月21日 （32歳）","","オルタナティブ, シャンソン, 民俗音楽","演奏家, 作詞家, 作曲家, 大道芸人","アコーディオン","2004年 -","Mastard Records（2010年 - 2013年）, avex trax （2014年 - ）","もも （ チャラン・ポ・ランタン ）, 目黒陽介 （プラノワ）","","https://ja.wikipedia.org/wiki/小春_(アコーディオン奏者)","Category_日本のアコーディオン奏者","https://ja.wikipedia.org/wiki/Category:日本のアコーディオン奏者"
"斉藤正雄"," この記事には 複数の問題があります 。 改善 や ノートページ での議論にご協力ください。","","","","","","","","","","","","","https://ja.wikipedia.org/wiki/斉藤正雄","Category_日本のアコーディオン奏者","https://ja.wikipedia.org/wiki/Category:日本のアコーディオン奏者"
"佐藤芳明"," 佐藤 芳明 （さとう よしあき）は、日本の アコーディオン 奏者  。","","","日本","","","","演奏者","アコーディオン 、 鍵盤ハーモニカ","","","","","https://ja.wikipedia.org/wiki/佐藤芳明","Category_日本のアコーディオン奏者","https://ja.wikipedia.org/wiki/Category:日本のアコーディオン奏者"
"渋谷沢兆"," 渋谷 沢兆 （しぶや たくちょう、 1930年 （昭和5年） 4月10日 - ）は 日本 の 作曲家 。 熊本県 出身。 文教大学 講師。 諸井三郎 、 清瀬保二 に師事する。多くの 歌曲 、 校歌 を 作曲 する。また、 コロムビアレコード で、学芸レコードの制作にも携わる。","","","","","","","","","","","","","https://ja.wikipedia.org/wiki/渋谷沢兆","Category_日本のアコーディオン奏者","https://ja.wikipedia.org/wiki/Category:日本のアコーディオン奏者"
"清水信治"," 清水 信治 （しみず しんじ、 1935年 - ）は、 日本 の アコーディオン 奏者。息子はピアニストの 清水和音  。","","","日本 京都府 京都市","1935年 ?? 月 ?? 日","","クラシック","アコーディオン奏者","アコーディオン","","","","","https://ja.wikipedia.org/wiki/清水信治","Category_日本のアコーディオン奏者","https://ja.wikipedia.org/wiki/Category:日本のアコーディオン奏者"
"杉山卓 (アコーディオン奏者)"," 杉山 卓 （すぎやま たく、 1984年 9月7日 - ）は、 日本 の アコーディオニスト 、 作曲家 。","","","日本 静岡県 田方郡 函南町","( 1984-09-07 ) 1984年 9月7日 （36歳）","","インストゥルメンタル","アコーディオニスト, 作曲家","アコーディオン","2012年 -","","","","https://ja.wikipedia.org/wiki/杉山卓_(アコーディオン奏者)","Category_日本のアコーディオン奏者","https://ja.wikipedia.org/wiki/Category:日本のアコーディオン奏者"
"角谷精三"," 角谷 精三 （すみや　せいぞう、 1926年 - 2015年 8月11日 ）は 日本 の名古屋出身の アコーディオニスト 。","角谷精三","","日本 名古屋","1926年 ?? 月 ?? 日","","","アコーディオン 奏者","鍵盤式 アコーディオン (楽器)","1926年 - 2015年","","","","https://ja.wikipedia.org/wiki/角谷精三","Category_日本のアコーディオン奏者","https://ja.wikipedia.org/wiki/Category:日本のアコーディオン奏者"
"Takahiro SHIMIZU-taca"," この記事には 複数の問題があります 。 改善 や ノートページ での議論にご協力ください。","","","","","","","","","","","","","https://ja.wikipedia.org/wiki/Takahiro_SHIMIZU-taca","Category_日本のアコーディオン奏者","https://ja.wikipedia.org/wiki/Category:日本のアコーディオン奏者"
"坪川拓史"," 坪川 拓史 （つぼかわ たくし、 1972年 2月25日 - ）は、 日本 の 映画監督 、 俳優 、 アコーディオン 奏者。 北海道 長万部町 出身。 室蘭市 在住。","","","","","","","","","","","","","https://ja.wikipedia.org/wiki/坪川拓史","Category_日本のアコーディオン奏者","https://ja.wikipedia.org/wiki/Category:日本のアコーディオン奏者"
"遠峰あこ"," 遠峰 あこ （とおみね あこ）は、日本の歌手、唄う アコーディオン 弾き、自弾自唱漫謡家    。日本民謡、世界民謡の現代風アレンジやオリジナルソングを、アコーディオンで弾き唄う ","","","神奈川県 横浜市","","","漫謡","歌手、作詞作曲家","アコーディオン","2006年 -","","","","https://ja.wikipedia.org/wiki/遠峰あこ","Category_日本のアコーディオン奏者","https://ja.wikipedia.org/wiki/Category:日本のアコーディオン奏者"
"長坂憲道"," 長坂 憲道 （ながさか のりみち、 1969年 8月29日 - ）は、日本の アコーディオン 奏者。","","","日本","( 1969-08-29 ) 1969年 8月29日 （51歳）","","","アコーディオン 奏者","","2002年 -","","","","https://ja.wikipedia.org/wiki/長坂憲道","Category_日本のアコーディオン奏者","https://ja.wikipedia.org/wiki/Category:日本のアコーディオン奏者"
"藤野由佳"," 藤野 由佳 （ふじの ゆか、 1月15日 - ・O型）は、日本の ミュージシャン 、 アコーディオン 奏者である。","","Yuka Fujino","日本","","","","演奏家、作曲家、編曲家","アコーディオン","","","","","https://ja.wikipedia.org/wiki/藤野由佳","Category_日本のアコーディオン奏者","https://ja.wikipedia.org/wiki/Category:日本のアコーディオン奏者"
"Mama!milk"," mama!milk （ママ・ミルク）は、日本の音楽ユニット。","","","日本","","","","","","1997年 -","Musica Moschata, windbell, contrail farm, raftmusic, NRP Records","","生駒祐子（アコーディオン）, 清水恒輔（コントラバス）","https://ja.wikipedia.org/wiki/Mama!milk","Category_日本のアコーディオン奏者","https://ja.wikipedia.org/wiki/Category:日本のアコーディオン奏者"
"三浦みゆき"," 三浦 みゆき (みうら みゆき)は、日本の アコーディオン 奏者、 コンサーティーナ 奏者。日本におけるコンサーティーナ演奏の第一人者である  。","","","日本","???? 年 ?? 月 ?? 日","","","音楽家、 アコーディオン 奏者、 コンサーティーナ 奏者","","年 -","","","","https://ja.wikipedia.org/wiki/三浦みゆき","Category_日本のアコーディオン奏者","https://ja.wikipedia.org/wiki/Category:日本のアコーディオン奏者"
"Miyack"," Miyack （本名：渡辺美和子、 1964年 9月19日 -）は 日本 の 女性 アコーディオン 奏者。 埼玉県 出身。","","","","","","","","","","","","","https://ja.wikipedia.org/wiki/Miyack","Category_日本のアコーディオン奏者","https://ja.wikipedia.org/wiki/Category:日本のアコーディオン奏者"
"柳原陽一郎"," 柳原 陽一郎 （やなぎはら よういちろう、 1962年 8月5日 - ）は、 日本 の シンガーソングライター 、 ミュージシャン  。本名同じ。旧芸名は 柳原 幼一郎 （読みは同じ）。 福岡県 福岡市 出身。 血液型 B型。愛称は やなちゃん  。","柳原 陽一郎","柳原幼一郎","日本 福岡県 福岡市","( 1962-08-05 ) 1962年 8月5日 （58歳）","","ポップス , ロック , フォーク , カントリー , ブルース , ジャズ ","シンガーソングライター, ミュージシャン, キーボーディスト","ボーカル, ピアノ, キーボード, オルガン, アコーディオン, ピアニカ, ギター, ハーモニカ","","東芝EMI / イーストワールド, PANAM, 徳間ジャパン, SWEETS DELI RECORDS","","","https://ja.wikipedia.org/wiki/柳原陽一郎","Category_日本のアコーディオン奏者","https://ja.wikipedia.org/wiki/Category:日本のアコーディオン奏者"
"横森良造"," 横森 良造 （よこもり りょうぞう、 1933年 3月25日 - 2012年 8月27日 ）は、 日本 の アコーディオン 奏者である。","","","","日本 神奈川県 横浜市, 1933年 3月25日","日本 東京都, ( 2012-08-27 ) 2012年 8月27日 （79歳没）","","アコーディオン奏者","アコーディオン","","","","","https://ja.wikipedia.org/wiki/横森良造","Category_日本のアコーディオン奏者","https://ja.wikipedia.org/wiki/Category:日本のアコーディオン奏者"
"日本の演奏家"," 日本 の演奏家に関するカテゴリ。","","","","","","","","","","","","","https://ja.wikipedia.org/wiki/Category:日本の演奏家","Category_日本のアコーディオン奏者","https://ja.wikipedia.org/wiki/Category:日本のアコーディオン奏者"
"各国のアコーディオン奏者"," このカテゴリには下位カテゴリ 9 件が含まれており、そのうち以下の 9 件を表示しています。","","","","","","","","","","","","","https://ja.wikipedia.org/wiki/Category:各国のアコーディオン奏者","Category_日本のアコーディオン奏者","https://ja.wikipedia.org/wiki/Category:日本のアコーディオン奏者"
