﻿"タイトル","コメント","出生名","別名","出身地","生誕","死没","ジャンル","職業","担当楽器","活動期間","レーベル","共同作業者","メンバー","URL","親リストタイトル","親リストURL"
"音楽"," 音楽 に関する カテゴリ 。","","","","","","","","","","","","","https://ja.wikipedia.org/wiki/Category:音楽","Category_ジャズ・ミュージシャン","https://ja.wikipedia.org/wiki/Category:ジャズ・ミュージシャン"
"ジャズ音楽家の一覧"," ジャズ音楽家の一覧 （ジャズおんがくかのいちらん）は、 ジャズ 、 フュージョン （ クロスオーバー を含む）の代表的 ミュージシャン ・ 演奏者 ・ 歌手 についての一覧（グループを除く）である。生年順に記す。","","","","","","","","","","","","","https://ja.wikipedia.org/wiki/ジャズ音楽家の一覧","Category_ジャズ・ミュージシャン","https://ja.wikipedia.org/wiki/Category:ジャズ・ミュージシャン"
"アレックス・アクーニャ"," アレックス・アクーニャ （Alex Acuña）、本名 アレハンドロ・ネシオスープ・アクーニャ （Alejandro Neciosup Acuña、 1944年 12月12日 - ）は、 ペルー 出身の ドラマー で パーカッショニスト 。","アレハンドロ・アクーニャ, Alejandro Acuña","","( 1944-12-12 ) 1944年 12月12日 （76歳）","ペルー 、パティビルカ","","ジャズ 、 フュージョン 、 アフロ・キューバン・ジャズ 、 ポップス","ドラマー 、 パーカッショニスト","ドラム 、 パーカッション","","","ウェザー・リポート","","https://ja.wikipedia.org/wiki/アレックス・アクーニャ","Category_ジャズ・ミュージシャン","https://ja.wikipedia.org/wiki/Category:ジャズ・ミュージシャン"
"ムラトゥ・アスタトゥケ"," ムラトゥ・アスタトゥケ （ アムハラ語 ：ሙላቱ አስታጥቄ、 英語 ： Mulatu Astatke 、フランス語： Mulatu Astatqé 、 1943年 12月19日 - ）は、 エチオピア の 音楽家 。「エチオ・ジャズ」の生みの親として知られている。","","","エチオピア 、 ジンマ","( 1943-12-19 ) 1943年 12月19日 （77歳）, エチオピア 、 ジンマ","","エチオ・ジャズ","器楽奏者、作曲家、編曲家","ヴィブラフォン 、 コンガ 、パーカッション、キーボード、オルガン","1963年 -","","ブラック・ジーザス・エクスペリエンス、ザ・ヘリオセントリクス","","https://ja.wikipedia.org/wiki/ムラトゥ・アスタトゥケ","Category_ジャズ・ミュージシャン","https://ja.wikipedia.org/wiki/Category:ジャズ・ミュージシャン"
"ペドロ・アスナール"," ペドロ・アスナール  （ Pedro Aznar 、 1959年 7月23日 - ）は、 アルゼンチン 出身のミュージシャンで、歌手であるほかに ギター や サックス 、複数の パーカッション を演奏する マルチプレイヤー である。1970年代中頃から色々なロックバンドに参加、1978年に結成した セル・ヒラン （ 英語 : Serú Girán ） は当時アルゼンチン国内で最も音楽的影響力のあるバンドの１つとして成功を収めた。ソロ活動の中では、1986年のアルゼンチン映画『 南東からきた男 （ スペイン語 : Hombre mirando al sudeste ） 』他の 映画音楽 も多数手掛けている  。また、ギタリストの パット・メセニー 率いる パット・メセニー・グループ のメンバーであったこと（1983年–1985年、1989年-1992年）としても知られる。","","","アルゼンチン ブエノスアイレス","( 1959-07-08 ) 1959年 7月8日 （61歳）","","ロック 、 ジャズ 、 フォーク・ミュージック","ミュージシャン 、 シンガーソングライター","ボーカル 、 ベース 、 ギター","1975年 -","コロムビア","パット・メセニー・グループ, セル・ヒラン, Luis Alberto Spinetta","","https://ja.wikipedia.org/wiki/ペドロ・アスナール","Category_ジャズ・ミュージシャン","https://ja.wikipedia.org/wiki/Category:ジャズ・ミュージシャン"
"ラビ・アブ＝カリル"," ラビ・アブ＝カリル  （ Rabih Abou-Khalil 、 アラビア語 ： ربيع أبو خليل ‎、 1957年 8月17日 - ）は、 レバノン 出身の ウード 奏者で作曲家。","","","レバノン ベイルート","( 1957-08-17 ) 1957年 8月17日 （63歳） ","","ジャズ 、 アラブ音楽","ミュージシャン、作曲家、バンドリーダー","ウード 、 フルート","","MMP、 ECM 、Enja","","","https://ja.wikipedia.org/wiki/ラビ・アブ＝カリル","Category_ジャズ・ミュージシャン","https://ja.wikipedia.org/wiki/Category:ジャズ・ミュージシャン"
"ビセンテ・アミーゴ"," ビセンテ・アミーゴ （Vicente Amigo Girol, 1967年 3月25日 - ）は、 スペイン アンダルシア州 出身の フラメンコ・ギタリスト で 作曲家 。","","","スペイン 、 アンダルシア州 グァダルカナル ","( 1967-03-25 ) 1967年 3月25日","","フラメンコ 、 ジャズ","ギタリスト","フラメンコ・ギター","1988年-","","","","https://ja.wikipedia.org/wiki/ビセンテ・アミーゴ","Category_ジャズ・ミュージシャン","https://ja.wikipedia.org/wiki/Category:ジャズ・ミュージシャン"
"コビ・アラッド"," コビ・アラッド (Kobi Arad, 1981年 -  ) はイスラエル系アメリカ人の ピアニスト で現在は 作曲家 でもあります  。現在は ニューヨーク を拠点に 作曲  、 編曲 、色々なジャンルをブレンドさせたパフォーマンスなどの活動をしています。彼の音楽はYnet  , the Jazz Times  , All About Jazz  などの雑誌に取り上げられ、2011年に彼が出したアルバム『 Sketches of Imaginary Landscapes 』は「卓越した技術と洞察力のあるビジョンでアーティストの全てを包括してします」  。アラッドは スティービー・ワンダー やシンディー・ブラックマンともコラボしています  。また、彼のバンドと共にニューヨークにある ブルーノート (Blue Note)などの会場でも演奏しており  、ハル・レナードなどの企業用に編曲して提供しています  。","Kobi Arad","","ハイファ、イスラエル","1981年","","サードストリーム、ニュージャズ、クラシックミュージック、ワールドミュージック、ジャズフュージョン、クレズマー","ピアニスト、作曲家、編曲家、レコードプロデューサー","ピアノ、キーボード","2010年からー現在まで","Greenpath Musical Productions","スティービー・ワンダー、ロイ・エアーズ、ロバート・マーゴレフ、アサフ・シルキス、オーラン・エトキン","","https://ja.wikipedia.org/wiki/コビ・アラッド","Category_ジャズ・ミュージシャン","https://ja.wikipedia.org/wiki/Category:ジャズ・ミュージシャン"
"トニー・アルコ"," トニー・アルコ （ Tony Arco 、1965年生）は、イタリアの ジャズ ・ ドラマー 。","","","イタリア ロンバルディア州 ミラノ","1965年","","ジャズ","ミュージシャン","ドラム、パーカッション","1983年 -","","エンリーコ・イントラ, デイヴ・リーブマン, ロベルト・タレンツィ","","https://ja.wikipedia.org/wiki/トニー・アルコ","Category_ジャズ・ミュージシャン","https://ja.wikipedia.org/wiki/Category:ジャズ・ミュージシャン"
"マックス・イオナータ"," マックス・イオナータ （ Max Ionata 、 1972年 - ）は、イタリアの ジャズ ・ サクソフォーン 奏者。","","","イタリア アブルッツォ州","1972年","","ジャズ","ミュージシャン","テナーサックス、ソプラノサックス","2000年 -","","ファブリッツィオ・ボッソ, ルーカ・マンヌッツァ, ダニエーレ・スカンナピエーコ","","https://ja.wikipedia.org/wiki/マックス・イオナータ","Category_ジャズ・ミュージシャン","https://ja.wikipedia.org/wiki/Category:ジャズ・ミュージシャン"
"ボリス・ヴィアン"," ボリス・ポール・ヴィアン （Boris Paul Vian, 1920年 3月10日 - 1959年 6月23日 ）は、 フランス の 作家 、 詩人 である。セミプロの ジャズ ・ トランペット 奏者としても名をはせ、余技として 歌手 活動も行った。","","","","","( 1959-06-23 ) 1959年 6月23日 （39歳没）","","作家 、 詩人 、 音楽家","","","","","","https://ja.wikipedia.org/wiki/ボリス・ヴィアン","Category_ジャズ・ミュージシャン","https://ja.wikipedia.org/wiki/Category:ジャズ・ミュージシャン"
"ラリー・ウィリアムズ (ジャズ・ミュージシャン)"," ラリー・ウィリアムズ （Larry Williams）は、アメリカの キーボード ・ サックス ・ フルート ・ ピッコロ 奏者で アレンジャー 、 セッション・ミュージシャン 。 ジャズ ・ フュージョン 界ほか、 ポップ 、 R&B 界など幅広い分野にて活躍している。","","","アメリカ合衆国","","","ポップス, ソウル / R&B, スムーズジャズ / フュージョン","アレンジャー, セッション・ミュージシャン","キーボード, サックス, フルート, ピッコロ","","","シーウィンド, ジェリー・ヘイ, キム・ハッチクロフト, ビル・ライヒェンバッハ, ゲイリー・グラント, ダン・ヒギンズ","","https://ja.wikipedia.org/wiki/ラリー・ウィリアムズ_(ジャズ・ミュージシャン)","Category_ジャズ・ミュージシャン","https://ja.wikipedia.org/wiki/Category:ジャズ・ミュージシャン"
"フランク・ウェバー"," フランク・ウェバー  （ Frank Weber 、 1951年 11月16日 - ）は、 アメリカ合衆国 ニュージャージー州 出身の シンガー・ソングライター 、 ピアニスト 。 ポップス 、 アダルト・コンテンポラリー ( AOR )、 ジャズ の分野で主に活動する。","","","アメリカ合衆国 ニュージャージー州","( 1951-11-16 ) 1951年 11月16日 （69歳）","","ポップス 、 アダルト・コンテンポラリー 、 ジャズ","ミュージシャン 、 ソングライター","ボーカル、ピアノ、キーボード、フルート","1978年 -","RCA Victor、Vivid Sound","","","https://ja.wikipedia.org/wiki/フランク・ウェバー","Category_ジャズ・ミュージシャン","https://ja.wikipedia.org/wiki/Category:ジャズ・ミュージシャン"
"マイケル・ウルバニアク"," マイケル・ウルバニアク  （ Michał Urbaniak 、 1943年 1月22日 - ）は、 ヴァイオリン 、 リリコン 、 サクソフォーン を演奏する ポーランド の ジャズ ・ミュージシャン。彼の音楽には、 民俗音楽 、 リズム・アンド・ブルース 、 ヒップホップ 、 シンフォニック・ミュージック の要素が含まれている。","","","ポーランド ワルシャワ","( 1943-01-22 ) 1943年 1月22日 （78歳）","","ジャズ 、 フュージョン 、 ファンク 、 ヒップホップ","ミュージシャン","ヴァイオリン 、 リリコン 、 サクソフォーン","","Ubx","アーバネイター, マイルス・デイヴィス, UrbSymphony","","https://ja.wikipedia.org/wiki/マイケル・ウルバニアク","Category_ジャズ・ミュージシャン","https://ja.wikipedia.org/wiki/Category:ジャズ・ミュージシャン"
"ビル・エイデン"," ビル・エイデン （Bill Eyden、 1930年 5月4日 - 2004年 10月15日 ）は、 イギリス の高名な ジャズ ドラマー 。「ビル・アイデン」ともいう。本名はウィリアム・ジェームズ・エイデン（William James Eyden）。イギリスの ミドルセックス州 出身。","","","","","","","","","","","","","https://ja.wikipedia.org/wiki/ビル・エイデン","Category_ジャズ・ミュージシャン","https://ja.wikipedia.org/wiki/Category:ジャズ・ミュージシャン"
"ハーシェル・エヴァンス"," ハーシェル・エヴァンス  （ Herschel Evans 、 1909年 3月9日 - 1939年 2月9日 ）は、 アメリカ の テキサス州 出身の テナー・サックス ・プレイヤー。","","","アメリカ合衆国 テキサス州 デントン","( 1909-03-09 ) 1909年 3月9日","( 1939-02-09 ) 1939年 2月9日 （29歳没）","ジャズ","ミュージシャン","テナー・サクソフォーン","","","","","https://ja.wikipedia.org/wiki/ハーシェル・エヴァンス","Category_ジャズ・ミュージシャン","https://ja.wikipedia.org/wiki/Category:ジャズ・ミュージシャン"
"マッティ・オイリング"," マッティ・オイリング ( Matti Oiling 、 1942年 11月20日 – 2009年 11月5日 ）は、 フィンランド の ヘルシンキ 出身の ジャズ ドラマー 、 作曲家 。1969年にオイリング・ボーリング・リズミン・ブルース・バンド(Oiling Boiling Rhythm´n Blues Band)を結成し活動を行っていた。","","","  フィンランド, ウーシマー州 ヘルシンキ","1942年 11月20日","( 2009-11-05 ) 2009年 11月5日 （66歳没）, スペイン アンダルシア州, マラガ県 フエンヒローラ","ジャズ","ドラマー, 作曲家","ドラムス","","","オイリング・ボーリング・リズミン・ブルース・バンド","","https://ja.wikipedia.org/wiki/マッティ・オイリング","Category_ジャズ・ミュージシャン","https://ja.wikipedia.org/wiki/Category:ジャズ・ミュージシャン"
"ロベルト・ガット"," ロベルト・ガット （ Roberto Gatto 、 1958年 10月6日 - ）は、イタリアの ジャズ ・ ドラマー 。 イタリア ・ ラツィオ州 ローマ 出身。","","","イタリア ラツィオ州 ローマ","( 1958-10-06 ) 1958年 10月6日 （62歳）","","ジャズ","ミュージシャン","ドラム","1975年 -","CAM Jazz","","","https://ja.wikipedia.org/wiki/ロベルト・ガット","Category_ジャズ・ミュージシャン","https://ja.wikipedia.org/wiki/Category:ジャズ・ミュージシャン"
"ニコライ・カプースチン"," ニコライ・ギルシェヴィチ・カプースチン  （ 英語 : Nikolai Girshevich Kapustin 、 ロシア語 : Никола́й Ги́ршевич Капу́стин 、 1937年 11月22日  - 2020年 7月2日   ）は、 ウクライナ 出身の ロシア の 作曲家 、 ピアニスト 、 ミュージシャン  。","","Микола Гіршович Капустін","ウクライナ・ソビエト社会主義共和国 、 ドネツィク州 ホールリウカ （ ロシア語版 ）","( 1937-11-22 ) 1937年 11月22日, ソビエト連邦, ウクライナ・ソビエト社会主義共和国 、 ドネツィク州 ホールリウカ （ ロシア語版 ） ","( 2020-07-02 ) 2020年 7月2日 （82歳没）, ロシア モスクワ ","近代音楽","作曲家 、 ピアニスト","ピアノ","","メロディア 、TRITON","","","https://ja.wikipedia.org/wiki/ニコライ・カプースチン","Category_ジャズ・ミュージシャン","https://ja.wikipedia.org/wiki/Category:ジャズ・ミュージシャン"
"ティーブ・釜萢"," ティーブ・釜萢 （ティーブ・かまやつ、Tib Kamayatsu、本名： 釜萢 正 （かまやつ ただし）、 1911年 5月7日 - 1980年 3月10日 ）は、 1919年 までアメリカ国籍を保持していた  アメリカ カリフォルニア州 ロサンゼルス 市生まれの ジャズ ・ ミュージシャン で シンガー 。戦後の 日本 においてジャズを普及させたミュージシャンの一人。","釜萢 正","","アメリカ合衆国 カリフォルニア州 ロサンゼルス市","( 1911-05-07 ) 1911年 5月7日","( 1980-03-10 ) 1980年 3月10日 （68歳没）","ジャズ","ジャズ ・ ミュージシャン 、日本ジャズ学校創設","ピアノ","1930年代 後半 - 1980年","","森山久、石井好子、細野晴臣、かまやつひろし、Taroかまやつ","","https://ja.wikipedia.org/wiki/ティーブ・釜萢","Category_ジャズ・ミュージシャン","https://ja.wikipedia.org/wiki/Category:ジャズ・ミュージシャン"
"姜泰煥"," 姜泰煥 （カン・テファン、강태환、 1944年 7月15日 -）は、 韓国 の サクソフォーン 奏者。","","","  韓国","1944年 7月15日","","ジャズ","サクソフォーン 奏者","","","","","","https://ja.wikipedia.org/wiki/姜泰煥","Category_ジャズ・ミュージシャン","https://ja.wikipedia.org/wiki/Category:ジャズ・ミュージシャン"
"スンナ・グンロイグス"," スンナ・グンロイグス （ アイスランド語 : Sunna Gunnlaugs 、 1970年 5月11日 - ）は、 アイスランド の ジャズピアニスト 。 アイスランド の セルチャルトナルネース の生まれで、母からの教えで子供のころから オルガン を始めた。1993年に ウィリアム・パターソン大学 音楽学部に入学、ジャズの道を志し、大学卒業後は ニューヨーク市 の ブルックリン区 に移住した。","","","","","","","","","","","","","https://ja.wikipedia.org/wiki/スンナ・グンロイグス","Category_ジャズ・ミュージシャン","https://ja.wikipedia.org/wiki/Category:ジャズ・ミュージシャン"
"ハインツ・ザウアー"," ハインツ・ザウアー （ Heinz Sauer 、 1932年 12月25日 - ）は、テナー・サクソフォーン奏者である。","","","ドイツ メルゼブルク","( 1932-12-25 ) 1932年 12月25日 （88歳）","","ジャズ","ミュージシャン","サクソフォーン","","","","","https://ja.wikipedia.org/wiki/ハインツ・ザウアー","Category_ジャズ・ミュージシャン","https://ja.wikipedia.org/wiki/Category:ジャズ・ミュージシャン"
"ディノ・サルーシ"," ディノ・サルーシ （ Timoteo \"Dino\" Saluzzi 、 1935年 5月20日  - ）は、 アルゼンチン 出身の バンドネオン 奏者。","Timoteo Saluzzi","","アルゼンチン サルタ州 カンポサント","( 1935-05-20 ) 1935年 5月20日 （86歳）","","タンゴ 、 ジャズ","ミュージシャン 、 作曲家","バンドネオン","","ECMレコード","ディノ・サルーシ・グループ, アル・ディ・メオラ","","https://ja.wikipedia.org/wiki/ディノ・サルーシ","Category_ジャズ・ミュージシャン","https://ja.wikipedia.org/wiki/Category:ジャズ・ミュージシャン"
"ヴィットーリオ・シクバルディ"," ヴィットーリオ・シクバルディ （ Vittorio Sicbaldi ）は、 イタリア の ジャズ の ドラマー 。","","","イタリア , サルデーニャ州 , カリャリ","","","ジャズ","","ドラム","1992 – 現在","","ルーカ・マンヌッツァ, アンディ・グラヴィッシュ, ミケーレ・ボッツァ","","https://ja.wikipedia.org/wiki/ヴィットーリオ・シクバルディ","Category_ジャズ・ミュージシャン","https://ja.wikipedia.org/wiki/Category:ジャズ・ミュージシャン"
"ガンサー・シュラー"," ガンサー・シュラー （ Gunther Schuller 、 1925年 11月11日 - 2015年 6月21日 ）は、 アメリカ合衆国 の 近代 ・ 現代音楽 の 作曲家 、 ホルン 奏者、 ジャズ ミュージシャン、 指揮者 。","","","アメリカ合衆国 ニューヨーク","( 1925-11-11 ) 1925年 11月11日","( 2015-06-21 ) 2015年 6月21日 （89歳没）","現代音楽","作曲家 、 ホルン 奏者、 ジャズ ミュージシャン、 指揮者","ホルン","","","","","https://ja.wikipedia.org/wiki/ガンサー・シュラー","Category_ジャズ・ミュージシャン","https://ja.wikipedia.org/wiki/Category:ジャズ・ミュージシャン"
"アーヴェル・ショウ"," アーヴェル・ショウ （Arvell Shaw 1923年 9月15日 ミズーリ州 セントルイス - 2002年 11月5日 ニューヨーク州 ルーズベルト ）は、アメリカ人の ジャズ ・ コントラバス 奏者 であり、 ルイ・アームストロング と演奏したことで非常によく知られている。","アーヴェル・ショウ","","ミズーリ州 セントルイス","( 1923-09-15 ) 1923年 9月15日, アメリカ合衆国, ミズーリ州 セントルイス","( 2002-11-05 ) 2002年 11月5日 （79歳没）, アメリカ合衆国, ニューヨーク州 ルーズベルト","ディキシーランド・ジャズ 、 スイング","コントラバス 奏者","コントラバス","","","フェイト・マラブル, ルイ・アームストロング, ルイ・アームストロング・オールスターズ, デディ・ウィルソン・トリオ, ラス・ケイス, ベニー・グッドマン","","https://ja.wikipedia.org/wiki/アーヴェル・ショウ","Category_ジャズ・ミュージシャン","https://ja.wikipedia.org/wiki/Category:ジャズ・ミュージシャン"
"スティーヴ・ジョーダン (ミュージシャン)"," スティーヴ・ジョーダン （ Steve Jordan 、 1957年 1月14日 - ）は、 アメリカ合衆国 ニューヨーク のマルチ・プレーヤー、 作曲家 、 音楽プロデューサー である。「ローリング・ストーン誌の選ぶ歴史上最も偉大な100人のドラマー」において80位。","","","アメリカ合衆国 ニューヨーク州 ニューヨーク市","( 1957-01-14 ) 1957年 1月14日 （64歳）, アメリカ合衆国 ニューヨーク州 ニューヨーク市","","ポップ・ミュージック 、 ロックンロール 、 リズム・アンド・ブルース 、 フュージョン","ドラマー 、 音楽家 、 プロデューサー 、 ソングライター","ドラム 、 パーカッション 、 キーボード 、 ベース","1978年 - 現在","ヴァージン・レコード 、JVC Victor","サタデー・ナイト・ライヴ・バンド 、 ブルース・ブラザーズ・バンド 、 キース・リチャーズ＆エクスペンシヴ・ワイノーズ , ジョン・メイヤー・トリオ 、ザ・ヴァーヴス","","https://ja.wikipedia.org/wiki/スティーヴ・ジョーダン_(ミュージシャン)","Category_ジャズ・ミュージシャン","https://ja.wikipedia.org/wiki/Category:ジャズ・ミュージシャン"
"ロニー・ジョーダン"," ロニー・ジョーダン （ Ronny Jordan 、本名：Ronald Laurence Albert Simpson, 1962年 11月29日 - 2014年 1月14日  、 イングランド の ロンドン 生まれ）は、20世紀末からの アシッドジャズ ムーブメントの最先端に居たギタリスト。死因は非公開(BBCニュース)。","","","","","","","","","","","","","https://ja.wikipedia.org/wiki/ロニー・ジョーダン","Category_ジャズ・ミュージシャン","https://ja.wikipedia.org/wiki/Category:ジャズ・ミュージシャン"
"アラン・スキドモア"," アラン・スキドモア  （ Alan Skidmore 、 1942年 4月21日 - ）は、 イギリス ・ ロンドン 出身の ジャズ ・ サクソフォーン 奏者。 テナー 、 ソプラノ ・サクソフォーンをプレイする。","Alan Richard James Skidmore","","イングランド ロンドン","( 1942-04-21 ) 1942年 4月21日","","ジャズ","ミュージシャン","サクソフォーン","","","","","https://ja.wikipedia.org/wiki/アラン・スキドモア","Category_ジャズ・ミュージシャン","https://ja.wikipedia.org/wiki/Category:ジャズ・ミュージシャン"
"スキャットマン・ジョン"," ジョン・ポール・ラーキン （ 英語 : John Paul Larkin 、 1942年 3月13日 - 1999年 12月3日 ）は、 スキャットマン・ジョン （ 英語 : Scatman John ）の名で知られる アメリカ合衆国 カリフォルニア州 エルモンテ 出身の ミュージシャン 。52歳で歌手としてメジャーCDデビュー。メジャーデビューアルバム『 スキャットマンズ ワールド 』は日本やヨーロッパ諸国など全世界で600万枚以上を売り上げ、各国のチャートでNo.1を飾る。自身の障害である 吃音症 を逆手に取った、模倣が困難な スキャット と、1回に4つ近く音の調子を変えるという珍しい歌唱法（このテクニックは古い ヒンドゥー教 の喉で歌う歌唱法から取り入れた）を用い、独特のジャンル『テクノスキャット』を開拓した。","ジョン・ポール・ラーキン","","アメリカ合衆国 ・ カリフォルニア州 エルモンテ","( 1942-03-13 ) 1942年 3月13日, アメリカ合衆国 ・ カリフォルニア州 エルモンテ","( 1999-12-03 ) 1999年 12月3日 （57歳没）, アメリカ合衆国 ・ カリフォルニア州 ロサンゼルス","ダンス・ポップ , ユーロダンス , ジャズ ","ミュージシャン, 歌手","ボーカル, ピアノ","1986年 - 1999年","アメリカ （ 英語版 ）, RCA, アイスバーグ, トランジション","","","https://ja.wikipedia.org/wiki/スキャットマン・ジョン","Category_ジャズ・ミュージシャン","https://ja.wikipedia.org/wiki/Category:ジャズ・ミュージシャン"
"ジム・スナイデロ"," ジム・スナイデロ （Jim Snidero、 1958年 3月29日 - ）は アメリカ合衆国 ニューヨーク 在住の ジャズ プレーヤーで、 アルトサックス 奏者。 ノーステキサス大学 に学び、1981年ニューヨークに移住。2003年に解散した 秋吉敏子ジャズオーケストラ フィーチャリング ルー・タバキン で、3rdアルトサックス、 フルート 、 クラリネット を担当していた。教育者としても活動している。","","","","","","","","","","","","","https://ja.wikipedia.org/wiki/ジム・スナイデロ","Category_ジャズ・ミュージシャン","https://ja.wikipedia.org/wiki/Category:ジャズ・ミュージシャン"
"スティーヴ・スワロウ"," スティーヴ・スワロウ （ Steve Swallow 、 1940年 10月4日 - ）は、 アメリカ ・ ニュージャージー州 生まれの モダン・ジャズ の ベース 奏者。","","","アメリカ合衆国 ニュージャージー州 フェアローン","( 1940-10-04 ) 1940年 10月4日 （80歳）","","ジャズ 、 クール・ジャズ 、 フュージョン 、アヴァンギャルド・ジャズ、 フリー・ジャズ","ミュージシャン、作曲家、教育者","ダブルベース 、 エレクトリックベース","1960年 -","","","","https://ja.wikipedia.org/wiki/スティーヴ・スワロウ","Category_ジャズ・ミュージシャン","https://ja.wikipedia.org/wiki/Category:ジャズ・ミュージシャン"
"フィリップ・セス"," フィリップ・セス （ Philippe Saisse 、 1957年 2月4日 - ）は、 フランス 出身の スムーズジャズ 、 ニューエイジ・ミュージック の キーボーディスト 、 音楽プロデューサー である。","","","フランス マルセイユ","( 1957-02-04 ) 1957年 2月4日 （64歳）","","ジャズ","ミュージシャン、ソングライター、音楽プロデューサー、編曲家","キーボード","","","PSP（Phillips Saisse Palladino）","","https://ja.wikipedia.org/wiki/フィリップ・セス","Category_ジャズ・ミュージシャン","https://ja.wikipedia.org/wiki/Category:ジャズ・ミュージシャン"
"グヮイヨ・セデーニョ"," グヮイヨ・セデーニョ （ Guayo Cedeño , 1974年 1月7日 - ） は、 ホンジュラス 生まれの ミュージシャン で 音楽プロデューサー 。 ホンジュラスのトップ・ ギタリスト と言われる名手で、 アウレリオ・マルティネス などの ガリフナ音楽 系ミュージシャンらと多くの音楽創作活動を行っている。 長年、 様々なミュージシャンやバンドの スタジオ・ミュージシャン （Sideman）として主に活動してきたが、 2015年には初のソロ・アルバム発売を予定している。 それに先立ち、彼のバンドは、2014年の ワールドミュージック・エキスポ において、 アウレリオ・マルティネスと共にステージを行うなど、 ワールドミュージック の分野で注目を集めている。  ","ラモン・エドゥアルド・セデーニョ, Ramón Eduardo Cedeño","","ホンジュラス","( 1974-01-07 ) 1974年 1月7日 （47歳）, ラ・セイバ","","ロック, ジャズ フォークロア, ワールドミュージック ","","","","","","","https://ja.wikipedia.org/wiki/グヮイヨ・セデーニョ","Category_ジャズ・ミュージシャン","https://ja.wikipedia.org/wiki/Category:ジャズ・ミュージシャン"
"デヴィッド・ダーリング"," デヴィッド・ダーリング （ David Darling 、 1941年 3月4日 - 2021年 1月8日 ）は、 アメリカ の チェリスト で 作曲家 。 インディアナ州立大学 出身。","","","アメリカ合衆国 インディアナ州 エルカート","( 1941-03-04 ) 1941年 3月4日 （80歳）","( 2021-01-08 ) 2021年 1月8日 （79歳没）","ジャズ 、 ニュー・エイジ","チェリスト 、 作曲家","チェロ","1980年代 -","ECMレコード","オレゴン, ケティル・ビヨルンスタ, テリエ・リピダル, ラルフ・タウナー","","https://ja.wikipedia.org/wiki/デヴィッド・ダーリング","Category_ジャズ・ミュージシャン","https://ja.wikipedia.org/wiki/Category:ジャズ・ミュージシャン"
"ラルフ・タウナー"," ラルフ・タウナー （ Ralph Towner 、 1940年 3月1日 - ）は、 アメリカ ワシントン州 出身の ギタリスト 、 ピアニスト 、 コンポーザー 、 アレンジャー 。自己バンドの オレゴン のリーダーでもある。 12弦ギター 、 クラシックギター 、 ピアノ 、 シンセサイザー 、 パーカッション 、 トランペット 等を演奏するマルチ奏者である  。","","","アメリカ合衆国 ワシントン州 シャヘイリス","( 1940-03-01 ) 1940年 3月1日 （81歳）","","ジャズ 、 クラシック 、 フォーク 、 ワールド","ギタリスト 、 作曲家 、 編曲家 、バンドリーダー","12弦ギター 、 クラシックギター 、 ピアノ","1960年代 -","ECMレコード","オレゴン, ウェザー・リポート, ゲイリー・バートン, ゲイリー・ピーコック, ヤン・ガルバレク, ジョン・アバークロンビー, パオロ・フレス （ 英語版 ）, ヴォルフガング・ムースピール （ 英語版 ）, スラヴァ・グリゴリアン （ 英語版 ）","","https://ja.wikipedia.org/wiki/ラルフ・タウナー","Category_ジャズ・ミュージシャン","https://ja.wikipedia.org/wiki/Category:ジャズ・ミュージシャン"
"ロベルト・タレンツィ"," ロベルト・タレンツィ （ Roberto Tarenzi 、 1977年 生）は、 ジャズ ・ ピアニスト 。","","","イタリア ロンバルディア州 ミラノ","1977年","","ジャズ","ピアニスト","ピアノ","1995年 -","","デイヴ・リーブマン, アリーチェ・リチャルディ, ナット・スー","","https://ja.wikipedia.org/wiki/ロベルト・タレンツィ","Category_ジャズ・ミュージシャン","https://ja.wikipedia.org/wiki/Category:ジャズ・ミュージシャン"
"Tライオット"," Tライオット (T-Riot) は、 フランチェスコ・ロマジストロ （ ドラマー ）、 カミッロ・パーチェ （ ベーシスト ）、 ピエートロ・ヴィンチェンティ （ ピアニスト ）の3人によって結成された イタリア のジャズ・グループ。","","","イタリア ・ プッリャ州","","","ジャズ , ジャズ・ファンク , ピアノ・トリオ","","","2016年 -","Albore Jazz","","フランチェスコ・ロマジストロ, カミッロ・パーチェ, ピエートロ・ヴィンチェンティ","https://ja.wikipedia.org/wiki/Tライオット","Category_ジャズ・ミュージシャン","https://ja.wikipedia.org/wiki/Category:ジャズ・ミュージシャン"
"エルトン・ディーン"," エルトン・ディーン （ Elton Dean 、 1945年 10月28日 - 2006年 2月8日 ）は、アルト・ サックス 、サクセロ（ソプラノ・サックスの一種）、また キーボード でも演奏した イギリス の ジャズ ・ ミュージシャン である。","","","イングランド ノッティンガム","( 1945-10-28 ) 1945年 10月28日","( 2006-02-08 ) 2006年 2月8日 （60歳没）","ジャズ","ミュージシャン 、 作曲家","サクソフォーン 、サクセロ、 キーボード","1966年 - 2006年","","ブルーソロジー、 キース・ティペット 、 ソフト・マシーン","","https://ja.wikipedia.org/wiki/エルトン・ディーン","Category_ジャズ・ミュージシャン","https://ja.wikipedia.org/wiki/Category:ジャズ・ミュージシャン"
"ダヴィット・ティム"," ダヴィット・ティム （ David Timm , 1969年 4月24日 - ）は ドイツ の ピアノ奏者 ・ オルガン奏者 ・ 合唱指揮者 ・ ジャズ 音楽家。現 ライプツィヒ大学 音楽監督 （2005年～）。","","","ドイツ メクレンブルク＝フォアポンメルン州","( 1969-04-24 ) 1969年 4月24日","","クラシック音楽","ピアニスト ・ オルガニスト ・ 合唱指揮者 ・ ジャズ 音楽家","鍵盤楽器","","","","","https://ja.wikipedia.org/wiki/ダヴィット・ティム","Category_ジャズ・ミュージシャン","https://ja.wikipedia.org/wiki/Category:ジャズ・ミュージシャン"
"ヴァーノン・デューク"," ヴァーノン・デューク （ Vernon Duke 、 1903年 10月10日 - 1969年 1月16日 ）は、「 ニューヨークの秋 」などの ジャズ のスタンダード・ナンバーで有名な、 アメリカ合衆国 の 作曲家 ・ 詩人 。","ヴラジーミル・アレクサンドロヴィチ・ドゥケーリスキー, Владимир Александрович Дукельский","","パラフィアノヴォ","1903年 10月10日, ロシア帝国 ミンスク県, パラフィアノヴォ","( 1969-01-16 ) 1969年 1月16日 （65歳没）, アメリカ合衆国 カリフォルニア州, ロサンゼルス郡 サンタモニカ","ジャズ, バレエ音楽, クラシック音楽","作曲家, 詩人","","","","","","https://ja.wikipedia.org/wiki/ヴァーノン・デューク","Category_ジャズ・ミュージシャン","https://ja.wikipedia.org/wiki/Category:ジャズ・ミュージシャン"
"フランキー・デューソン"," フランキー・デューソン （Frankie Duson、 1878年 - 1936年 ）は トロンボーン 奏者 で、 バディ・ボールデン の ジャズ ・ バンド の生き残っている バンドリーダー であった。デューソンは1878年に ニューオーリンズ の アルジェ で生まれ、1936年に58歳で死去した。 世界恐慌 の間、デューソンは蒸気船キャピトル号 the ship S.S Capitol のエラ・オーケストラで演奏し、その後 ルイス・デュメイン Louis Dumaine のそばで演奏した。","フランキー・デューソン","","ルイジアナ州 ニューオーリンズ アルジェ","1878年 ?? 月 ?? 日, アメリカ合衆国, ルイジアナ州 ニューオーリンズ アルジェ","1936年 ?? 月 ?? 日, アメリカ合衆国","ディキシーランド・ジャズ, クラシック・ジャズ","","トロンボーン","","","ジョニー・ドッズ, バディ・ボールデン, ルイス・デュメイン","","https://ja.wikipedia.org/wiki/フランキー・デューソン","Category_ジャズ・ミュージシャン","https://ja.wikipedia.org/wiki/Category:ジャズ・ミュージシャン"
"クリス・ミン・ドーキー"," クリス・ミン・ドーキー （ Chris Minh Doky 、 1969年 2月7日 - ）は、 デンマーク人 の ベーシスト  。","","","  デンマーク コペンハーゲン","( 1969-02-07 ) 1969年 2月7日 （52歳）","","ジャズ","ベーシスト 、 作曲家 、 音楽プロデューサー","ウッド・ベース 、 エレクトリックベース","1989年 - 現在","","","","https://ja.wikipedia.org/wiki/クリス・ミン・ドーキー","Category_ジャズ・ミュージシャン","https://ja.wikipedia.org/wiki/Category:ジャズ・ミュージシャン"
"ネスター・トーレス"," ネスター・トーレス （ Nestor Torres 、1957年 - ）は プエルトリコ のマヤグエース生まれの ジャズ ・ フルート奏者 である。 彼は12歳の時よりフルートのレッスンを始め、Escuela Libre de Músicaで正規の教育を受けた後、 プエルトリコ・インターアメリカン大学 へと進む。 18歳の時、家族と共に ニューヨーク へと引越した。 ジャズと クラシック音楽 の双方を学ぶ為、トーレスはニューヨークの マネス音楽大学 及び ボストン の ニューイングランド音楽院 、更に他の場所へと行った。","","","プエルトリコ","( 1957-04-25 ) 1957年 4月25日 （64歳）","","フュージョン, ラテンジャズ","フルート奏者","フルート","","","","","https://ja.wikipedia.org/wiki/ネスター・トーレス","Category_ジャズ・ミュージシャン","https://ja.wikipedia.org/wiki/Category:ジャズ・ミュージシャン"
"トマティート"," トマティート （Tomatito, 本名:José Fernández Torres, 1958年-）は スペイン アンダルシア州 アルメリア県 出身の フラメンコ ・ギタリスト。","ホセ・フェルナンデス・トーレス","","スペイン 、 アンダルシア州 アルメリア県","( 1958-08-20 ) 1958年 8月20日 （62歳）","","フラメンコ","ギタリスト","","","エマーシー・レコード","","","https://ja.wikipedia.org/wiki/トマティート","Category_ジャズ・ミュージシャン","https://ja.wikipedia.org/wiki/Category:ジャズ・ミュージシャン"
"アルマンド・トロヴァヨーリ"," アルマンド・トロヴァヨーリ （ Armando Trovajoli , 1917年 9月2日 - 2013年 2月28日 ）は、 イタリア の 作曲家 、 指揮者 である    。 ジャズ の分野で、200作を超える 映画音楽 を手がけている   。『 ふたりの女 』、『 昨日・今日・明日 』、『 あゝ結婚 』、『 あんなに愛しあったのに 』の作曲で知られる  。","","","イタリア ラツィオ州 ローマ県 ローマ","( 1917-09-02 ) 1917年 9月2日","( 2013-02-28 ) 2013年 2月28日 （95歳没）","ジャズ 、 映画音楽","作曲家 、 指揮者","ピアノ 、 指揮","1940年代 - 2013年","","","","https://ja.wikipedia.org/wiki/アルマンド・トロヴァヨーリ","Category_ジャズ・ミュージシャン","https://ja.wikipedia.org/wiki/Category:ジャズ・ミュージシャン"
"ンジャセ・ニャン"," ンジャセ・ニャン （N'Diassé Niang）は、 セネガル 出身・ 神奈川県 在住の パーカッショニスト 。 ジェンベ や サバール 、ソウルバ、ブガラブー（ 英語 : Bougarabou ）など、 アフリカ の 伝統楽器 を演奏する。","","","","","","","","","","","","","https://ja.wikipedia.org/wiki/ンジャセ・ニャン","Category_ジャズ・ミュージシャン","https://ja.wikipedia.org/wiki/Category:ジャズ・ミュージシャン"
"デイヴ・バーソロミュー"," デイヴ・バーソロミュー （Dave Bartholomew、 1918年 12月24日 - 2019年 6月23日 ）は、 アメリカ合衆国 ルイジアナ州 エドガー出身の ミュージシャン 、 バンドリーダー 、 作曲家 、 編曲家 。 1950年代 以降の ニューオーリンズ 音楽の形成に大きく貢献した。","","","米国 ルイジアナ州 エドガー","1918年 12月24日","2019年 6月23日","ジャズ, R&B, ロックンロール","トランペッター, バンドリーダー, 作曲家, 編曲家","トランペット","1947年 〜 2019年","インペリアル・レコード 他","ファッツ・ドミノ","","https://ja.wikipedia.org/wiki/デイヴ・バーソロミュー","Category_ジャズ・ミュージシャン","https://ja.wikipedia.org/wiki/Category:ジャズ・ミュージシャン"
"アーサー・ハーツォグ・ジュニア"," アーサー・ハーツォグ・ジュニア （Arthur Herzog Jr.、 1900年 12月13日 - 1983年 9月1日 ）は、 アメリカ合衆国 の ソングライター 、 作曲家 。 ニューヨーク 市に生まれ、 ミシガン州 デトロイト で死去した。","","","","","","","","","","","","","https://ja.wikipedia.org/wiki/アーサー・ハーツォグ・ジュニア","Category_ジャズ・ミュージシャン","https://ja.wikipedia.org/wiki/Category:ジャズ・ミュージシャン"
"ピーナッツ・ハッコー"," ピーナッツ・ハッコー （Peanuts Hucko、 1918年 4月7日 - 2003年 6月19日 ）は、 アメリカ のミュージシャン。 クラリネット 奏者、 アルト・サクソフォーン 奏者、 テナー・サクソフォーン 奏者である。 ザ・ピーナッツ のヒット曲「 可愛い花 」（シドニー・ベシェ作曲）を、「小さな花」のタイトルで発表したことで、日本ではよく知られている。","Michael Andrew Hucko","","アメリカ合衆国 ニューヨーク州 シラキュース","( 1918-04-07 ) 1918年 4月7日","( 2003-06-19 ) 2003年 6月19日 （85歳没）","ジャズ 、 ディキシーランド・ジャズ 、 スウィング・ジャズ","ミュージシャン、バンドリーダー","クラリネット","1940年代 - 1990年代","","Lawson-Haggart Jazz Band、 ベニー・グッドマン 、 エディ・コンドン 、 グレン・ミラー 、 ルイ・アームストロング 、レイ・マッキンリー","","https://ja.wikipedia.org/wiki/ピーナッツ・ハッコー","Category_ジャズ・ミュージシャン","https://ja.wikipedia.org/wiki/Category:ジャズ・ミュージシャン"
"ヨン・バルケ"," ヨン・バルケ （ Jon Balke 、 1955年 6月7日 - ）は、 ノルウェー の ジャズ ・ ピアニスト 、キーボーディスト   。","","","  ノルウェー ファーネス","( 1955-06-07 ) 1955年 6月7日 （66歳）","","ジャズ 、 ワールドミュージック","ピアニスト、キーボーディスト、作曲者","ピアノ 、 キーボード","","ECM","マグネティック・ノース・オーケストラ","","https://ja.wikipedia.org/wiki/ヨン・バルケ","Category_ジャズ・ミュージシャン","https://ja.wikipedia.org/wiki/Category:ジャズ・ミュージシャン"
"リー・ピアソン"," リー・ピアソン （ Lee Pearson 、 1981年 1月4日 - ）は、 アメリカ の ドラマー 。","","","","","","","","","","","","","https://ja.wikipedia.org/wiki/リー・ピアソン","Category_ジャズ・ミュージシャン","https://ja.wikipedia.org/wiki/Category:ジャズ・ミュージシャン"
"トッパー・ヒードン"," トッパー・ヒードン （Nicholas Bowen \"Topper\" Headon、 1955年 5月30日 - ） はイギリスのロック・ ドラマー 。 パンク・ロック バンド ザ・クラッシュ のメンバーとして知られる。","ニコラス・ボーウェン・ヒードン, Nicholas Bowen Headon","トッパー","イングランド ・ ロンドン","( 1955-05-30 ) 1955年 5月30日 （66歳） 1955年 5月30日, イングランド ・ ケント州 ブロムリー","","ジャズ 、 ソウル 、 R&B 、 ロック 、 パンク・ロック 、 レゲエ 、 ロックンロール 他","ドラマー、パッカッショニスト, 作詞作曲家","ドラムス、 パーカッション","1975 – 現在","CBSレコード (1977–1982) ,, マーキュリー・レコード","ザ・クラッシュ","","https://ja.wikipedia.org/wiki/トッパー・ヒードン","Category_ジャズ・ミュージシャン","https://ja.wikipedia.org/wiki/Category:ジャズ・ミュージシャン"
"ジーン・ピュアリング"," ジーン・ピュアリング （Eugene Thomas \"Gene\" Puerling, 1929年 3月31日 - 2008年 3月25日 ）は、 アメリカ合衆国 の 歌手 ・ 編曲者 。","","","","","","","","","","","","","https://ja.wikipedia.org/wiki/ジーン・ピュアリング","Category_ジャズ・ミュージシャン","https://ja.wikipedia.org/wiki/Category:ジャズ・ミュージシャン"
"カール・フォンタナ"," カール・フォンタナ （ Carl Fontana 、 1928年 7月18日 - 2003年 10月9日 ）は、 アメリカ の ジャズ ・ ミュージシャン 。 トロンボーン 奏者。","Carl Charles Fontana","","アメリカ合衆国 ルイジアナ州 モンロー","1928年 7月18日","( 2003-10-09 ) 2003年 10月9日 （75歳没）","ジャズ","ミュージシャン","トロンボーン","1940年 – 2000年","","","","https://ja.wikipedia.org/wiki/カール・フォンタナ","Category_ジャズ・ミュージシャン","https://ja.wikipedia.org/wiki/Category:ジャズ・ミュージシャン"
"アヌアル・ブラヒム"," アヌアル・ブラヒム （ Anouar Brahem 、 亜 : أنور براهيم、b 1957年 10月20日 - ）は、 チュニジア 出身の ウード 奏者で作曲家。","","","チュニジア共和国 チュニス","( 1957-10-20 ) 1957年 10月20日 （63歳）","","ジャズ 、 アラブ音楽","ウード奏者、作曲者","ウード","","ECM","","","https://ja.wikipedia.org/wiki/アヌアル・ブラヒム","Category_ジャズ・ミュージシャン","https://ja.wikipedia.org/wiki/Category:ジャズ・ミュージシャン"
"ハイラム・ブロック"," ハイラム・ブロック （ Hiram Bullock 、 1955年 9月11日 - 2008年 7月25日 ）は、 日本 の 堺市 生まれ、 アメリカ の ジャズ 、 フュージョン の ギタリスト 。","","","アメリカ合衆国","( 1955-09-11 ) 1955年 9月11日, 日本 ・ 大阪府 堺市","( 2008-07-25 ) 2008年 7月25日 （52歳没）","ジャズ, フュージョン","","ギター","","","","","https://ja.wikipedia.org/wiki/ハイラム・ブロック","Category_ジャズ・ミュージシャン","https://ja.wikipedia.org/wiki/Category:ジャズ・ミュージシャン"
"ウォルター・ペイジ"," ウォルター・ペイジ （ Walter Page 、 1900年 2月9日 - 1957年 12月20日 ）は、 アメリカ ・ ミズーリ州 出身の ジャズ ・ ベース 奏者。","Walter Sylvester Page","","アメリカ合衆国 ミズーリ州 ガラティン","( 1900-02-09 ) 1900年 2月9日","( 1957-12-20 ) 1957年 12月20日 （57歳没）","ジャズ 、 スウィング・ジャズ 、カンサス・シティ・ジャズ","ミュージシャン、バンドリーダー","ダブルベース 、 チューバ 、 バリトン・サックス","","","ベニー・モーテン 、 カウント・ベイシー 、ホット・リップス・ペイジ、ブルー・デビルズ","","https://ja.wikipedia.org/wiki/ウォルター・ペイジ","Category_ジャズ・ミュージシャン","https://ja.wikipedia.org/wiki/Category:ジャズ・ミュージシャン"
"アラダー・ペゲ"," アラダー・ペゲ （ Aladár Pege 、 1939年 10月8日 - 2006年 9月23日 ）は、 ハンガリー 出身の ジャズ ベース 奏者。ピッチ・カート奏法の巧みさや クラシック音楽 の演奏で知られ、「ベースの パガニーニ 」とも称されていた。","","","","","","","","","","","","","https://ja.wikipedia.org/wiki/アラダー・ペゲ","Category_ジャズ・ミュージシャン","https://ja.wikipedia.org/wiki/Category:ジャズ・ミュージシャン"
"ニール・ヘフティ"," ニール・ヘフティ （ Neal Hefti 、 1922年 10月29日 - 2008年 10月11日 ）は、 アメリカ合衆国 ネブラスカ州 ヘイスティングズ 出身の ジャズ ・ トランペット奏者 、 作曲家 。","","","アメリカ合衆国 ネブラスカ州 ヘイスティングズ","( 1922-10-29 ) 1922年 10月29日","( 2008-10-11 ) 2008年 10月11日 （85歳没）","スウィング・ジャズ / ビッグバンド","作曲家 ・ 編曲家 ・トランペット奏者","トランペット","","","カウント・ベイシー","","https://ja.wikipedia.org/wiki/ニール・ヘフティ","Category_ジャズ・ミュージシャン","https://ja.wikipedia.org/wiki/Category:ジャズ・ミュージシャン"
"ボブ・ベルデン"," ボブ・ベルデン （ Bob Belden 、 1956年 10月31日 - 2015年 5月20日  ）は、アメリカ人の テナー・サックス 奏者、 アレンジャー 、作曲家、バンド・リーダー、音楽プロデューサー。  彼が作曲したジャズ・オーケストラによる演奏作品『ブラック・ダリア』で グラミー賞 を受賞したことで知られる。  ベルデンは、以前、 ブルーノート ・レーベルのディレクター部門の責任者を務めていた。","James Robert Belden","","アメリカ合衆国 イリノイ州 エバンストン","( 1956-10-31 ) 1956年 10月31日","( 2015-05-20 ) 2015年 5月20日 （58歳没）","ジャズ 、 ビッグバンド 、 フュージョン","ミュージシャン","サクソフォーン","1970年代 - 2015年","Sunnyside、 ブルーノート 、RareNoise","ウディ・ハーマン 、 ティム・ヘイガンズ","","https://ja.wikipedia.org/wiki/ボブ・ベルデン","Category_ジャズ・ミュージシャン","https://ja.wikipedia.org/wiki/Category:ジャズ・ミュージシャン"
"ポール・スミス・トリオ"," ポール・スミス・トリオ （Paul Smith Trio）は、ポール・スミス（Paul Smith、ピアノ）、ウィルフレッド・ミドルブルックス（ベース）、フランク・キャップ（ドラム）の3人から成る イージー・リスニング ・ ジャズ （ソフト・サウンディング・ジャズ）を代表するトリオ。","","","","","","","","","","","","","https://ja.wikipedia.org/wiki/ポール・スミス・トリオ","Category_ジャズ・ミュージシャン","https://ja.wikipedia.org/wiki/Category:ジャズ・ミュージシャン"
"ファブリッツィオ・ボッソ"," ファブリッツィオ・ボッソ （ Fabrizio Bosso 、 1973年 11月5日 - ）は、 イタリア の ジャズ ・ トランペット 奏者。 1999年 に初のリーダー・アルバムを発表し、2007年、 ブルーノート に移籍してアルバム『ニュー・シネマ・パラダイス』を発表した。","","","イタリア トリノ","( 1973-11-05 ) 1973年 11月5日 （47歳）","","ジャズ","","トランペット","","Red, ブルーノート","ハイ・ファイヴ・クインテット","","https://ja.wikipedia.org/wiki/ファブリッツィオ・ボッソ","Category_ジャズ・ミュージシャン","https://ja.wikipedia.org/wiki/Category:ジャズ・ミュージシャン"
"ボーネラマ"," ボーネラマ ( Bonerama ) は、 米国 ルイジアナ州 ニューオーリンズ の ブラス・バンド 。 通常、目立つ機会が比較的少ないトロンボーンをあえて4本揃えて前面に押し出した、異色のスタイルを取る。展開するサウンドも、 オールマン・ブラザーズ の\"Whippin' Post\"、 レッド・ツェッペリン の\"The Ocean\"などのカバーで顕著なように、伝統的なブラスバンドのスタイルの常識を覆すものであり、彼らは自らの音楽を「ニューオーリンズ・ブラス・ファンク・ロック」と呼んでいる。","","","米国 ルイジアナ州 ニューオーリンズ","","","ブラスバンド, ファンク, ロック, R&B, ジャズ","","","1998年～現在","自主制作、バッファロー・レコード","","クレイグ・クライン (tb.), マーク・マリンズ (tb.), スティーヴ・サター (tb.), マット・ペローン (sousaphone), バート・コットン (gt.), エリック・ボリヴァー (ds.)","https://ja.wikipedia.org/wiki/ボーネラマ","Category_ジャズ・ミュージシャン","https://ja.wikipedia.org/wiki/Category:ジャズ・ミュージシャン"
"レニー・ホワイト"," レニー・ホワイト （ Lenny White 、 1949年 12月19日 - ）は、 アメリカ ・ ニューヨーク 市生まれの ジャズ ドラマー でプロデューサー、コンポーザー、アレンジャー。主に フュージョン の分野で活躍。","Leonard White III","","アメリカ合衆国 ニューヨーク","( 1949-12-19 ) 1949年 12月19日 （71歳）","","フュージョン 、 ファンク","ミュージシャン 、バンドリーダー","ドラム","1968年 -","Nemperor、 エレクトラ・レコード 、 ウーンデッド・バード・レコード","リターン・トゥ・フォーエヴァー, トゥエニイナイン, アステカ, ジャマイカ・ボーイズ","","https://ja.wikipedia.org/wiki/レニー・ホワイト","Category_ジャズ・ミュージシャン","https://ja.wikipedia.org/wiki/Category:ジャズ・ミュージシャン"
"ヒュー・マセケラ"," ヒュー・マセケラ （ Hugh Masekela 、 1939年 4月4日 - 2018年 1月23日  ）は、 南アフリカ連邦 出身の トランペット 、 フリューゲルホーン 、 コルネット 奏者にして、作曲家で歌手。","Hugh Ramopolo Masekela","","南アフリカ連邦 ウィットバンク","( 1939-04-04 ) 1939年 4月4日","( 2018-01-23 ) 2018年 1月23日 （78歳没）","ジャズ 、 アフロビート","ミュージシャン 、 歌手 、 作曲家 、 バンドリーダー","トランペット 、 フリューゲルホーン 、 トロンボーン 、 コルネット","1956年 - 2018年","ヘッズ・アップ 、 ブルー・サム 、 モータウン 、 ワーナー・ブラザース・レコード 、 ヴァーヴ 、 ポリグラム","","","https://ja.wikipedia.org/wiki/ヒュー・マセケラ","Category_ジャズ・ミュージシャン","https://ja.wikipedia.org/wiki/Category:ジャズ・ミュージシャン"
"サラ・マッケンジー"," サラ・マッケンジー （ Sarah McKenzie ）は、 オーストラリア の ジャズ ・ミュージシャン。彼女は歌手で、ピアニスト、作曲家である   。彼女のアルバム『Close Your Eyes』は、2012年の ARIAミュージック・アワード でベスト・ジャズ・アルバムを受賞した。また、2011年にアルバム『Don't Tempt Me』  で、2015年にアルバム『We Could Be Lovers』  で同賞にノミネートされた。『We Could Be Lovers』は、2015年にオーストラリアのベスト・ジャズ・ボーカル・アルバムとしてオーストラリア・ジャズ・ベル賞を受賞した  。","","","オーストラリア","","","ジャズ","歌手、ミュージシャン、作曲家","ボーカル、ピアノ","","ABC、 インパルス!","","","https://ja.wikipedia.org/wiki/サラ・マッケンジー","Category_ジャズ・ミュージシャン","https://ja.wikipedia.org/wiki/Category:ジャズ・ミュージシャン"
"グレゴア・マレ"," グレゴア・マレ  （ Grégoire Maret 、 1975年 5月13日 - ）は、 ジャズ ・ ハーモニカ 奏者である。","","","スイス ジュネーヴ","( 1975-05-13 ) 1975年 5月13日 （46歳）","","ジャズ","ミュージシャン","ハーモニカ","1980年代 -","ObliqSound、 ユニバーサル ミュージック グループ 、Sunnyside Records","マーカス・ミラー 、Gaïa、Federico González Peña、 アンディ・ミルン 、 パット・メセニー・グループ","","https://ja.wikipedia.org/wiki/グレゴア・マレ","Category_ジャズ・ミュージシャン","https://ja.wikipedia.org/wiki/Category:ジャズ・ミュージシャン"
"ヴァギフ・ムスタファ・ザデ"," ヴァギフ・ムスタファ・ザデ (Vagif Mustafazadeh, アゼルバイジャン語 : Vaqif Mustafazadə ) は ソビエト 時代の アゼルバイジャン 出身の ジャズ ピアニスト であり 作曲家 。ジャズと アゼルバイジャン の民族音楽である ムガム を融合させたことで有名である。","","","アゼルバイジャン, バクー","( 1940-03-16 ) 1940年 3月16日","( 1979-12-18 ) 1979年 12月18日 （39歳没）, タシケント","ジャズ, フュージョン","作曲家 , ピアニスト","ピアノ","","","","","https://ja.wikipedia.org/wiki/ヴァギフ・ムスタファ・ザデ","Category_ジャズ・ミュージシャン","https://ja.wikipedia.org/wiki/Category:ジャズ・ミュージシャン"
"ジョン・モスカ"," ジョン・モスカ (John Mosca)は、 アメリカ合衆国 出身の トロンボーン ・プレイヤー。","","","","","","","","","","","","","https://ja.wikipedia.org/wiki/ジョン・モスカ","Category_ジャズ・ミュージシャン","https://ja.wikipedia.org/wiki/Category:ジャズ・ミュージシャン"
"ルイス・モホロ"," ルイス・モホロ （ Louis Moholo 、 1940年 3月10日 - ）は、南アフリカの ジャズ ・ドラマーである。ザ・ブルー・ノーツ、 ブラザーフッド・オブ・ブレス 、 アサガイ など、いくつかの有名バンドのメンバーを務めている。","Louis Tebogo Moholo","Louis Moholo-Moholo","  南アフリカ共和国, ケープタウン","( 1940-03-10 ) 1940年 3月10日 （81歳）","","ジャズ","ミュージシャン","ドラム","","","デレク・ベイリー, アレキサンダー・ホーキンス, スティーヴ・レイシー, エヴァン・パーカー, エンリコ・ラヴァ, ラズウェル・ラッド, イレーネ・シュヴァイツァー, セシル・テイラー","","https://ja.wikipedia.org/wiki/ルイス・モホロ","Category_ジャズ・ミュージシャン","https://ja.wikipedia.org/wiki/Category:ジャズ・ミュージシャン"
"ベン・モンダー"," ベン・モンダー （ Ben Monder 、 1962年 5月24日 - ）は、 アメリカ合衆国 の ジャズ ・ ギタリスト 、スタジオ・ミュージシャン。 ニューヨーク を活動拠点としている。","James Ralph Spaulding Jr.","","アメリカ合衆国 ニューヨーク","( 1962-05-24 ) 1962年 5月24日 （59歳）","","ジャズ","ミュージシャン","ギター","1992年 -","Arabesque、Sunnyside","","","https://ja.wikipedia.org/wiki/ベン・モンダー","Category_ジャズ・ミュージシャン","https://ja.wikipedia.org/wiki/Category:ジャズ・ミュージシャン"
"吉屋潤"," 吉屋潤 （よしや じゅん、キル・オギュン、길옥윤、本名：崔致禎、チェ・チジョン、幼名：崔宗洙、チェ・ジョンス、 1927年 2月22日 - 1995年 3月17日 ）は、 朝鮮 出身の作詞・作曲家、サックス奏者、歌手、訳詞家。代表曲は「ソウル讃歌」「1990年」「 離別 」。","崔宗洙（チェ・ジョンス）","崔致禎（チェ・チジョン）","平安北道 寧辺郡","( 1927-02-22 ) 1927年 2月22日","( 1995-03-17 ) 1995年 3月17日 （68歳没） 大韓民国 ソウル","ジャズ、大衆歌謡","作曲家、作詞家、サックス奏者、歌手、訳詞家","サックス","","","","","https://ja.wikipedia.org/wiki/吉屋潤","Category_ジャズ・ミュージシャン","https://ja.wikipedia.org/wiki/Category:ジャズ・ミュージシャン"
"ビル・ライヒェンバッハ"," ビル・ライヒェンバッハ （ Bill Reichenbach Jr. 、 1949年 11月30日 - ）は、 アメリカ の トロンボーン 奏者、 作曲家 。 セッション・ミュージシャン としてよく知られており、 ジェリー・ヘイ らとともに数多くの セッション 数をこなしている。テレビや映画、カートゥーン、コマーシャルの音楽も手がけている。 ","William Frank Reichenbach Jr.","","アメリカ合衆国 メリーランド州 タコマ・パーク","( 1949-11-30 ) 1949年 11月30日 （71歳）","","ポップス 、 ソウル 、 R&B 、 スムーズジャズ 、 フュージョン","セッション・ミュージシャン 、 作曲家","トロンボーン 、 ユーフォニアム","","","ジェリー・ヘイ","","https://ja.wikipedia.org/wiki/ビル・ライヒェンバッハ","Category_ジャズ・ミュージシャン","https://ja.wikipedia.org/wiki/Category:ジャズ・ミュージシャン"
"イーロ・ランタラ"," イーロ・ランタラ （Iiro Rantala、 1970年 1月19日 -）は フィンランド の ジャズ ピアニスト 。フィンランドの ジャズ ・ トリオ 、 トリオ・トウケアット でピアニスト・ 作曲家 として活動。 クラシック 曲も作曲している。","","","フィンランド ヘルシンキ","( 1970-01-19 ) 1970年 1月19日 （51歳）,   フィンランド ヘルシンキ","","ジャズ 、 クラシック","ピアニスト","ピアノ","","ACT","トリオ・トウケアット","","https://ja.wikipedia.org/wiki/イーロ・ランタラ","Category_ジャズ・ミュージシャン","https://ja.wikipedia.org/wiki/Category:ジャズ・ミュージシャン"
"ハワード・レヴィ"," ハワード・レヴィ (もしくは ハワード・リヴィ 、 Howard Levy , 1951年 7月31日 -)は、 アメリカ合衆国 の ジャズ ハーモニカ プレイヤー、 ピアニスト である。","","","","","","","","","","","","","https://ja.wikipedia.org/wiki/ハワード・レヴィ","Category_ジャズ・ミュージシャン","https://ja.wikipedia.org/wiki/Category:ジャズ・ミュージシャン"
"カート・ローゼンウィンケル"," カート・ローゼンウィンケル （ Kurt Rosenwinkel 、 1970年 10月28日 - ）は、 アメリカ合衆国 の ジャズ ギタリスト 。","","","アメリカ合衆国 ペンシルベニア州 フィラデルフィア","( 1970-10-28 ) 1970年 10月28日 （50歳）","","ジャズ 、 フュージョン","ギタリスト 、 ミュージシャン","ギター","1990年 -","ヴァーヴ 、ArtistShare、Wommusic、Heartcore","ジョシュア・レッドマン 、 マーク・ターナー","","https://ja.wikipedia.org/wiki/カート・ローゼンウィンケル","Category_ジャズ・ミュージシャン","https://ja.wikipedia.org/wiki/Category:ジャズ・ミュージシャン"
"ハワード・ロバーツ"," ハワード・ロバーツ （Howard Roberts、 1929年 10月2日 - 1992年 7月28日 ）は、 アメリカ の ジャズ ・ ギタリスト 。セッション・ギタリストとして、長くキャリアを積む一方、優れた教育者でもあった。","","","","","","","","","","","","","https://ja.wikipedia.org/wiki/ハワード・ロバーツ","Category_ジャズ・ミュージシャン","https://ja.wikipedia.org/wiki/Category:ジャズ・ミュージシャン"
"リンダ・ロンシュタット"," リンダ・ロンシュタット （ Linda Ronstadt 、 1946年 7月15日 - ）は、 アメリカ合衆国 出身の女性 歌手 、 ミュージシャン 。","Linda Maria Ronstadt","","アメリカ合衆国, アリゾナ州 ツーソン","( 1946-07-15 ) 1946年 7月15日 （74歳）","","ロック, ポップ, カントリー・ロック","歌手","ボーカル","1967年 - 2011年","キャピトル・レコード, アサイラム・レコード, エレクトラ・レコード, ヴァーヴ・レコード","ストーン・ポニーズ, ジョージ・マッセンバーグ","","https://ja.wikipedia.org/wiki/リンダ・ロンシュタット","Category_ジャズ・ミュージシャン","https://ja.wikipedia.org/wiki/Category:ジャズ・ミュージシャン"
"ワルター・ワンダレイ"," ワルター・ワンダレイ （Walter Wanderley、 1932年 5月12日 - 1986年 9月4日  ）は、 ブラジル の オルガニスト 。ブラジル・レシフェ出身。","","","ブラジル レシフェ","( 1932-05-12 ) 1932年 5月12日","( 1986-09-04 ) 1986年 9月4日 （54歳没）","ジャズ 、 ボサノバ","ミュージシャン","オルガン","","","","","https://ja.wikipedia.org/wiki/ワルター・ワンダレイ","Category_ジャズ・ミュージシャン","https://ja.wikipedia.org/wiki/Category:ジャズ・ミュージシャン"
"ジャンル別の音楽家"," ジャンルごとに分けた 音楽家 のカテゴリ。","","","","","","","","","","","","","https://ja.wikipedia.org/wiki/Category:ジャンル別の音楽家","Category_ジャズ・ミュージシャン","https://ja.wikipedia.org/wiki/Category:ジャズ・ミュージシャン"
"ジャズ"," ジャズ に関する カテゴリ 。","","","","","","","","","","","","","https://ja.wikipedia.org/wiki/Category:ジャズ","Category_ジャズ・ミュージシャン","https://ja.wikipedia.org/wiki/Category:ジャズ・ミュージシャン"
