﻿"タイトル","コメント","出生名","別名","出身地","生誕","死没","ジャンル","職業","担当楽器","活動期間","レーベル","共同作業者","メンバー","URL","親リストタイトル","親リストURL"
"音楽","[音楽のジャンル] 音楽 に関する カテゴリ 。","","","","","","","","","","","","","https://ja.wikipedia.org/wiki/Category:音楽","Category_ジャズ・ミュージシャン","https://ja.wikipedia.org/wiki/Category:ジャズ・ミュージシャン"
"ジャズ音楽家の一覧"," ジャズ音楽家の一覧 （ジャズおんがくかのいちらん）は、 ジャズ 、 フュージョン （ クロスオーバー を含む）の代表的 ミュージシャン ・ 演奏者 ・ 歌手 についての一覧（グループを除く）である。生年順に記す。","","","","","","","","","","","","","https://ja.wikipedia.org/wiki/ジャズ音楽家の一覧","Category_ジャズ・ミュージシャン","https://ja.wikipedia.org/wiki/Category:ジャズ・ミュージシャン"
"アレックス・アクーニャ"," ペルー のパティビルカで生まれ、10歳より地元のバンドで演奏を始める。10代の頃、 リマ に移る。18歳の時に ペレス・プラード のバンドに加わり、 1967年 に プエルトリコ へ移った。 1974年 に ラスベガス へと移り、 エルヴィス・プレスリー や ダイアナ・ロス 等と共演している。その後、 フュージョン ・バンド、 ウェザー・リポート に参加し、アルバム『 ブラック・マーケット 』と『 ヘヴィ・ウェザー 』を録音した。 1978年 にバンドから離れ、 ロサンジェルス を起点に セッション・ミュージシャン として活動するようになり、 ポール・マッカートニー や ジョニ・ミッチェル 、 エラ・フィッツジェラルド 、 チック・コリア 、 ホイットニー・ヒューストン 、 プラシド・ドミンゴ 、 フィル・ケギー 、 サム・フィリップス 、 ジョー・ザヴィヌル 、 ウェイン・ショーター 、 ハービー・ハンコック 、 カルロス・サンタナ 、 アントニオ・カルロス・ジョビン 、 ベック 、 ロバータ・フラック 、 U2 、 アル・ジャロウ 、 松任谷由実 等と共演した。1980年代には、クリスチャン・ジャズ・バンドの コイノニア にも参加している。","アレハンドロ・アクーニャ, Alejandro Acuña","","( 1944-12-12 ) 1944年 12月12日 （79歳）","ペルー 、パティビルカ","","ジャズ 、 フュージョン 、 アフロ・キューバン・ジャズ 、 ポップス","ドラマー 、 パーカッショニスト","ドラム 、 パーカッション","","","ウェザー・リポート","","https://ja.wikipedia.org/wiki/アレックス・アクーニャ","Category_ジャズ・ミュージシャン","https://ja.wikipedia.org/wiki/Category:ジャズ・ミュージシャン"
"ムラトゥ・アスタトゥケ"," エチオピアの ジンマ 市出身。 ロンドン 、 ニューヨーク 、 ボストン で 音楽教育 を受け、 ジャズ と ラテン・ミュージック をエチオピア伝統音楽と融合させた「エチオ・ジャズ」と呼ばれるスタイルを作り出した。 演奏楽器としては主に ヴィブラフォン と コンガ を演奏するが、 パーカッション や キーボード 、 オルガン の使用など、様々な新しい要素をエチオピアの ポピュラー音楽 へもたらした。 作品は主に インストゥルメンタル であり、エチオピアの音楽的黄金期である70年代にリリースされたインストゥルメンタル・アルバムの3つ全てに参加している。 ","","","エチオピア 、 ジンマ","( 1943-12-19 ) 1943年 12月19日 （80歳）, エチオピア 、 ジンマ","","エチオ・ジャズ","器楽奏者、作曲家、編曲家","ヴィブラフォン 、 コンガ 、パーカッション、キーボード、オルガン","1963年 -","","ブラック・ジーザス・エクスペリエンス、ザ・ヘリオセントリクス","","https://ja.wikipedia.org/wiki/ムラトゥ・アスタトゥケ","Category_ジャズ・ミュージシャン","https://ja.wikipedia.org/wiki/Category:ジャズ・ミュージシャン"
"ペドロ・アスナール"," ","","","アルゼンチン ブエノスアイレス","( 1959-07-08 ) 1959年 7月8日 （64歳）","","ロック 、 ジャズ 、 フォーク・ミュージック","ミュージシャン 、 シンガーソングライター","ボーカル 、 ベース 、 ギター","1975年 -","コロムビア","パット・メセニー・グループ, セル・ヒラン, Luis Alberto Spinetta","","https://ja.wikipedia.org/wiki/ペドロ・アスナール","Category_ジャズ・ミュージシャン","https://ja.wikipedia.org/wiki/Category:ジャズ・ミュージシャン"
"ラビ・アブ＝カリル"," ","","","レバノン ・ ベイルート","( 1957-08-17 ) 1957年 8月17日 （66歳） ","","ジャズ 、 アラブ音楽","ミュージシャン、作曲家、バンドリーダー","ウード 、 フルート","","MMP、 ECM 、Enja","","","https://ja.wikipedia.org/wiki/ラビ・アブ＝カリル","Category_ジャズ・ミュージシャン","https://ja.wikipedia.org/wiki/Category:ジャズ・ミュージシャン"
"ビセンテ・アミーゴ"," アンダルシア州、セビージャ県の グァダルカナル に生まれ、5歳の時に同州の コルドバ に移り住む。3歳の時にテレビで見た パコ・デ・ルシア の演奏で フラメンコ・ギター を知り、8歳の時にギターを弾き始める  。","","","スペイン 、 アンダルシア州 グァダルカナル ","( 1967-03-25 ) 1967年 3月25日","","フラメンコ 、 ジャズ","ギタリスト","フラメンコ・ギター","1988年-","","","","https://ja.wikipedia.org/wiki/ビセンテ・アミーゴ","Category_ジャズ・ミュージシャン","https://ja.wikipedia.org/wiki/Category:ジャズ・ミュージシャン"
"コビ・アラッド"," アラッドは2007年から ニューヨーク で音楽活動を始めた  。 2009年 、彼は ニューヨーク にあるChabad Houseなどの地元カルチャー・イベントなどに定期的に出演し演奏していた  。 ドラマー で有名な ボブ・モーゼス が2009年にリリースしたアルバム『Sparks of Understanding』に参加したりもしている。 2010年 にリリースした アルバム 『Ancient Novice』は『 ジャズタイムズ 』から高評価を得た。彼のアルバムは「様々な色と風景で爽快な空間を作り出し、聴いている人を魅了する」と『ジャズタイムズ』は述べている。 ボストン交響楽団 の五弦奏者と伴奏してレコーディングされている  。","","","イスラエル ハイファ","( 1981-10-02 ) 1981年 10月2日 （42歳）","","サード・ストリーム 、 ニュージャズ 、 クラシック音楽 、 ワールドミュージック 、 フュージョン 、 クレズマー","ピアニスト、作曲家、編曲家、音楽プロデューサー","ピアノ、キーボード","2010年 -","Greenpath Musical Productions","スティーヴィー・ワンダー 、 ロイ・エアーズ 、ロバート・マーゴレフ、アサフ・シルキス、オーラン・エトキン","","https://ja.wikipedia.org/wiki/コビ・アラッド","Category_ジャズ・ミュージシャン","https://ja.wikipedia.org/wiki/Category:ジャズ・ミュージシャン"
"トニー・アルコ"," イタリア ・ ロンバルディア州 ミラノ出身。","","","イタリア ロンバルディア州 ミラノ","1965年","","ジャズ","ミュージシャン","ドラム 、 パーカッション","1983年 -","","エンリーコ・イントラ, デイヴ・リーブマン, ロベルト・タレンツィ","","https://ja.wikipedia.org/wiki/トニー・アルコ","Category_ジャズ・ミュージシャン","https://ja.wikipedia.org/wiki/Category:ジャズ・ミュージシャン"
"マックス・イオナータ"," 地元マーチング・バンドに加入したことをきっかけに、11歳で初めてサックスを手にする。プロとしての専業活動は2000年以降と遅咲きではあるが、プロへの転向を心に決めた後は、昼夜三勤の生活をおこないながら練習に励んだという、世襲の多いイタリアにおいては例の少ない大器晩成型である。","","","イタリア アブルッツォ州","1972年","","ジャズ","ミュージシャン","テナーサックス、ソプラノサックス","2000年 -","","ファブリッツィオ・ボッソ, ルーカ・マンヌッツァ, ダニエーレ・スカンナピエーコ","","https://ja.wikipedia.org/wiki/マックス・イオナータ","Category_ジャズ・ミュージシャン","https://ja.wikipedia.org/wiki/Category:ジャズ・ミュージシャン"
"ボリス・ヴィアン"," 『 日々の泡 （ L'Écume des jours ）』、『北京の秋（ L'Automne à Pékin ）』など前衛的な作風の 小説 で知られる。また1940年代後半に、脱走兵の黒人作家と称して ヴァーノン・サリヴァン （Vernon Sullivan）の ペンネーム で通俗的で暴力的な ハードボイルド 小説を執筆していたことも知られている（ヴィアン自身は 白人 である）。 ジャズ 批評や アメリカ文学 の紹介などの分野においても顕著な功績を残した。","","","","","( 1959-06-23 ) 1959年 6月23日 （39歳没）","","作家 、 詩人 、 音楽家","","","","","","https://ja.wikipedia.org/wiki/ボリス・ヴィアン","Category_ジャズ・ミュージシャン","https://ja.wikipedia.org/wiki/Category:ジャズ・ミュージシャン"
"ラリー・ウィリアムズ (ジャズ・ミュージシャン)"," ジェリー・ヘイ 、 キム・ハッチクロフト 、 ビル・ライヒェンバッハ とともにハワイ出身の伝説的なフュージョン・バンド、 シーウィンド にて表舞台に出る。以後アメリカ本国や日本国内等において、多くのセッションをこなす。彼らによる音は「シーウィンド・ホーンズ」とも呼ばれる。","","","アメリカ合衆国","アメリカ合衆国 ルイジアナ州 ニューオーリンズ","","ポップス, ソウル / R&B, スムーズジャズ / フュージョン","アレンジャー, セッション・ミュージシャン","キーボード, サックス, フルート, ピッコロ","","","シーウィンド, ジェリー・ヘイ, キム・ハッチクロフト, ビル・ライヒェンバッハ, ゲイリー・グラント, ダン・ヒギンズ","","https://ja.wikipedia.org/wiki/ラリー・ウィリアムズ_(ジャズ・ミュージシャン)","Category_ジャズ・ミュージシャン","https://ja.wikipedia.org/wiki/Category:ジャズ・ミュージシャン"
"フランク・ウェバー"," 幼少期よりピアノを習い、その後ジャズを学ぶ。1978年に発表したデビュー・アルバム『アズ・ザ・タイム・フライズ』には、 ルーサー・ヴァンドロス 、 スティーヴ・ガッド 、 アンソニー・ジャクソン 、 ジョン・トロペイ 、 デヴィッド・スピノザ 、 リチャード・ティー らが参加した。メジャーヒットはないが、1980年に発表したセカンド・アルバム『ニューヨークのストレンジャー』から「You Can Come Home To Me」が、 ビルボード ・アダルト・コンテンポラリーチャートの43位を記録した。2010年には、ジャズ寄りにシフトしたアルバム『ビフォー・ユー』をリリースしている。","","","アメリカ合衆国 ニュージャージー州","( 1951-11-16 ) 1951年 11月16日 （72歳）","","ポップス 、 アダルト・コンテンポラリー 、 ジャズ","ミュージシャン 、 ソングライター","ボーカル、ピアノ、キーボード、フルート","1978年 -","RCA Victor、Vivid Sound","","","https://ja.wikipedia.org/wiki/フランク・ウェバー","Category_ジャズ・ミュージシャン","https://ja.wikipedia.org/wiki/Category:ジャズ・ミュージシャン"
"マイケル・ウルバニアク"," ウルバニアクは ポーランド の ウッチ で高校時代に音楽教育を受け始め、1961年からワルシャワにてタデウシュ・ヴロンスキ (Tadeusz Wroński)の ヴァイオリン ・クラスで学び続けた。やがて サクソフォーン だけで演奏することを学んで、最初はディキシーランド・バンドで演奏し、その後、 ズビグニエフ・ナミスオフスキ ・アンド・ザ・ジャズ・ロッカーズで演奏するようになり、1961年のジャズ・ジャンボリー・フェスティバルで共演した。その後、アンジェイ・トシャコフスキと演奏するために招かれた。そして1962年にアンジェイ・トシャコフスキ・バンド、ザ・レッカーズと一緒に アメリカ をツアーし、フェスティバルや、 ニューポート 、 サンフランシスコ 、 シカゴ 、 ワシントン 、 ニューヨーク のクラブで演奏した。","","","ポーランド ワルシャワ","( 1943-01-22 ) 1943年 1月22日 （81歳）","","ジャズ 、 フュージョン 、 ファンク 、 ヒップホップ","ミュージシャン","ヴァイオリン 、 リリコン 、 サクソフォーン","","Ubx","アーバネイター, マイルス・デイヴィス, UrbSymphony","","https://ja.wikipedia.org/wiki/マイケル・ウルバニアク","Category_ジャズ・ミュージシャン","https://ja.wikipedia.org/wiki/Category:ジャズ・ミュージシャン"
"ビル・エイデン"," ビル・エイデンは、 1930年 、 ミドルセックス州 ハウンズロー に生まれた。彼のミュージシャンとしての初仕事は、 1952年 のアイヴァー・アンド・ベイジル・カーチン・バンド（Ivor and Basil Kirchin band）との共演である。間もなく彼は、レイ・カークウッド（Ray Kirkwood）やジョニー・ロジャース（Johnny Rogers）と仕事をし、1953年には ピアニスト の スティーヴ・レイス とテレビで共演した。","William James Eyden","","イングランド ミドルセックス州 ハウンズロー","( 1930-05-04 ) 1930年 5月4日","( 2004-10-15 ) 2004年 10月15日 （74歳没）","ジャズ 、 ロック","ドラマー","ドラム","","","プロコル・ハルム","","https://ja.wikipedia.org/wiki/ビル・エイデン","Category_ジャズ・ミュージシャン","https://ja.wikipedia.org/wiki/Category:ジャズ・ミュージシャン"
"ハーシェル・エヴァンス"," オールド・ ベイシー 時代のテナーのポジションを レスター・ヤング と共に過ごした名プレイヤー。 コールマン・ホーキンス 系のプレイヤーで、テキサス出身らしく「テキサス・テナー」の代表格。若くして病死したために録音された音源は多くは無いが、「ブルー・アンド・センチメンタル」は、後のテナープレイヤーに何度もコピーされた。ベイシーもとても気に入っており、 レスター・ヤング とのテナーバトルはベイシー楽団の売り物の一つであり、その後の ビッグバンド のテナーバトルに大きな影響を与えた。","","","アメリカ合衆国 テキサス州 デントン","( 1909-03-09 ) 1909年 3月9日","( 1939-02-09 ) 1939年 2月9日 （29歳没）","ジャズ","ミュージシャン","テナー・サクソフォーン","","","","","https://ja.wikipedia.org/wiki/ハーシェル・エヴァンス","Category_ジャズ・ミュージシャン","https://ja.wikipedia.org/wiki/Category:ジャズ・ミュージシャン"
"マッティ・オイリング"," 2009年 11月5日 、バンド共にツアーで訪れていた スペイン の フエンヒローラ にて死亡  。66歳だった。","","","  フィンランド, ウーシマー州 ヘルシンキ","1942年 11月20日","( 2009-11-05 ) 2009年 11月5日 （66歳没）, スペイン アンダルシア州, マラガ県 フエンヒローラ","ジャズ","ドラマー, 作曲家","ドラムス","","","オイリング・ボーリング・リズミン・ブルース・バンド","","https://ja.wikipedia.org/wiki/マッティ・オイリング","Category_ジャズ・ミュージシャン","https://ja.wikipedia.org/wiki/Category:ジャズ・ミュージシャン"
"ロベルト・ガット"," ジャズ／クラシックに通じた父とオペラ歌手である母の間に生まれ、5歳の頃より当時イタリアを代表するドラマーとして活躍していた母方の叔父からドラムを学ぶ。20歳まで独学を続けた後、ローマのコンセルヴァトーリオ、サンタ・チェチーリア音楽院に進み、クラシックの打楽器を学ぶかたわら、RAI国営放送のオーケストラのドラマーに師事する。","","","イタリア ラツィオ州 ローマ","( 1958-10-06 ) 1958年 10月6日 （65歳）","","ジャズ","ミュージシャン","ドラム","1975年 -","CAM Jazz","","","https://ja.wikipedia.org/wiki/ロベルト・ガット","Category_ジャズ・ミュージシャン","https://ja.wikipedia.org/wiki/Category:ジャズ・ミュージシャン"
"ニコライ・カプースチン"," ホールリウカ 出身。1937年11月22日生まれ  。両親は、 ベロルシア 出身のグリゴリー（ギルシュ）・エフィーモヴィチ・カプースチンとロシア出身のクラヴジヤ・ニコラエヴナ・カプースチナ。 第二次世界大戦 のはじめ、4歳の時ニコライは、母親、姉フィーラ（1931生まれ）と祖母とともに キルギス に疎開。 1941年 から 1943年 までの2年間、 トクマク に住んだ。ニコライの父親は従軍していたが、第二次世界大戦が終わり、1945年の夏に帰国した  。ニコライは7歳でピョートル・ヴィニチェンコ  のレッスンで、ピアノをはじめる。ヴィニチェンコはヴァイオリニストでピアノも教えた。ヴィニチェンコから姉はヴァイオリンのレッスンを受け、ニコライはピアノのレッスンを受けた。 1949年 からリュボーフィ・フランツーゾヴァ  にピアノを師事する。14歳の時に モスクワ に移り住み、 モスクワ音楽院 附属の音楽学校 ( Академическое музыкальное училище при Московской государственной консерватории имени П. И. Чайковского ) でアヴレリアーン・ルッバーフ  に、モスクワ音楽院で アレクサンドル・ゴリデンヴェイゼル にピアノを師事する  。在学中にラジオ放送 ボイス・オブ・アメリカ で聴いた ジャズ に興味を持ち始め、独自のアイディアに基づいて作曲を試みるようになる  。","","Микола Гіршович Капустін","ウクライナ・ソビエト社会主義共和国 、 ドネツィク州 ホールリウカ","( 1937-11-22 ) 1937年 11月22日, ソビエト連邦, ウクライナ・ソビエト社会主義共和国 、 ドネツィク州 ホールリウカ ","( 2020-07-02 ) 2020年 7月2日 （82歳没）, ロシア モスクワ ","近代音楽","作曲家 、 ピアニスト","ピアノ","","メロディア 、TRITON","","","https://ja.wikipedia.org/wiki/ニコライ・カプースチン","Category_ジャズ・ミュージシャン","https://ja.wikipedia.org/wiki/Category:ジャズ・ミュージシャン"
"ティーブ・釜萢"," アメリカのカリフォルニア州ロサンゼルス市郊外で 洋服 店を営む 日本人 の両親のもと、1911年に 日系アメリカ人 2世として生まれた。その後音楽に親しみ、 ギター や バンジョー などの 楽器 を習得し、演奏を行うようになる。","釜萢 正","","アメリカ合衆国 カリフォルニア州 ロサンゼルス市","( 1911-05-07 ) 1911年 5月7日","( 1980-03-10 ) 1980年 3月10日 （68歳没）","ジャズ","ジャズ ・ シンガー 、 ジャズ ・ ミュージシャン","ボーカル 、 ギター","1930年代 - 1980年","","森山久、 石井好子 、 かまやつひろし 、 細野晴臣","","https://ja.wikipedia.org/wiki/ティーブ・釜萢","Category_ジャズ・ミュージシャン","https://ja.wikipedia.org/wiki/Category:ジャズ・ミュージシャン"
"姜泰煥"," 小学生時代より クラリネット を始め、その後サクソフォーンを手にする。 1968年 に韓国国内において最年少でジャズバンドのリーダーになった。 1978年 パーカッショニスト 金大煥 とトランペッター 崔善培 とともに姜泰煥トリオを結成、韓国国内で初のフリージャズグループとなった。 1988年 にトリオ解散後もソロで活動を続けている。","","","韓国","1944年 7月15日","","ジャズ","サクソフォーン 奏者","","","","","","https://ja.wikipedia.org/wiki/姜泰煥","Category_ジャズ・ミュージシャン","https://ja.wikipedia.org/wiki/Category:ジャズ・ミュージシャン"
"栗本修"," 1979年 （昭和54年）、 慶應義塾大学 国文科卒。","","","日本 ・ 大阪府","( 1957-12-05 ) 1957年 12月5日 （66歳）","","J-POP 、 フュージョン 、 ジャズ","ピアニスト 、 作曲家 、 編曲家","ピアノ 、 キーボード","","","","","https://ja.wikipedia.org/wiki/栗本修","Category_ジャズ・ミュージシャン","https://ja.wikipedia.org/wiki/Category:ジャズ・ミュージシャン"
"スンナ・グンロイグス"," スンナ・グンロイグス （ アイスランド語 : Sunna Gunnlaugs 、 1970年 5月11日 - ）は、 アイスランド の ジャズピアニスト 。 アイスランド の セルチャルトナルネース の生まれで、母からの教えで子供のころから オルガン を始めた。1993年に ウィリアム・パターソン大学 音楽学部に入学、ジャズの道を志し、大学卒業後は ニューヨーク市 の ブルックリン区 に移住した。","","","","","","","","","","","","","https://ja.wikipedia.org/wiki/スンナ・グンロイグス","Category_ジャズ・ミュージシャン","https://ja.wikipedia.org/wiki/Category:ジャズ・ミュージシャン"
"ミシェル・ゴードリー"," ミシェル・ゴードリー （Michel Gaudry、 1928年 9月23日 、 フランス の ウー - 2019年 5月29日 、 サン＝ロー ）はフランスの ジャズ コントラバス 奏者 。 ","","","","","","","","","","","","","https://ja.wikipedia.org/wiki/ミシェル・ゴードリー","Category_ジャズ・ミュージシャン","https://ja.wikipedia.org/wiki/Category:ジャズ・ミュージシャン"
"ハインツ・ザウアー"," 独学で、1950年代に地元・ フランクフルト で演奏するようになり音楽キャリアをスタートした。彼は長年、 アルベルト・マンゲルスドルフ のアンサンブル、Jazzensemble des Hessischen Rundfunks、ジャーマン・オール・スターズで演奏した。彼はボブ・ディーゲンと頻繁に仕事をし、ラルフ・ヒューブナー、ギュンター・レンツ、ステファン・シュモルク、 マンフレート・ショーフ などのミュージシャンと共演したりレコーディングしたりしている。1990年代に彼は、サクソフォーンを電子処理して使用する実験を開始した。2000年代にはとりわけ、クリストファー・デル（ヴィブラフォン）、バートラム・リッター（パーカッション）とのトリオや、ミハイル・ウォルニーとのデュオで演奏した。彼は「Deutscher Jazzpreis」（1999年）、「SWR-Jazzpreis」（2008年）、「Deutscher Schallplattenpreis」（「ドイツ・レコード批評家賞」）などの名誉あるドイツの賞をいくつか受賞している。","","","ドイツ メルゼブルク","( 1932-12-25 ) 1932年 12月25日 （91歳）","","ジャズ","ミュージシャン","サクソフォーン","","","","","https://ja.wikipedia.org/wiki/ハインツ・ザウアー","Category_ジャズ・ミュージシャン","https://ja.wikipedia.org/wiki/Category:ジャズ・ミュージシャン"
"坂本龍一"," 音楽性は幅広く、 クラシック音楽 が根幹にあり、 民俗音楽 、 ポピュラー音楽 （特に テクノポップ ）にも造詣が深かった。 1987年 には 日本人 で唯一 アカデミー作曲賞 を受賞しており、 映画音楽 でも世界的に評価されている   。 愛称 は「 教授 」  。晩年は環境や憲法に関する運動にも積極的に参加していた   。1990年代中盤には インターネット の普及に先んじて逸早くライブや作品に取り入れるなど、新技術にも興味を示していた。","坂本 龍一 ","","日本 東京都 世田谷区","( 1952-01-17 ) 1952年 1月17日","( 2023-03-28 ) 2023年 3月28日 （71歳没）, 日本 東京都","エレクトロニック  , 前衛音楽 , クラシック , ポップ・ロック , 実験音楽 , フュージョン , シンセポップ , アンビエント , 映画音楽 , ワールド , 現代音楽 ","作曲家, 編曲家, ピアニスト, 音楽プロデューサー, 俳優","キーボード, シンセサイザー, ピアノ, オルガン, ボーカル, ドラム","1978年 - 2023年","日本コロムビア / Better Days （1978年  ( 1978 ) - 1979年  ( 1979 ) ）, アルファレコード （1978年  ( 1978 ) - 1983年  ( 1983 ) ）, MIDI / SCHOOL （1984年  ( 1984 ) - 1986年  ( 1986 ) ）, CBS・ソニー / TERRAPIN （1987年  ( 1987 ) ）, ヴァージン・レコード （1989年  ( 1989 ) - 1991年  ( 1991 ) ）, 東芝EMI （1991年  ( 1991 ) - 1993年  ( 1993 ) ）, FOR LIFE / güt （1994年  ( 1994 ) - 1997年  ( 1997 ) ）, タワーレコード / güt bounce （1996年  ( 1996 ) - 1997年  ( 1997 ) ）, ワーナーミュージック・ジャパン （1998年  ( 1998 ) - 2006年  ( 2006 ) ）, commmons （2007年  ( 2007 ) - 2023年  ( 2023 ) ）","りりィ&バイバイセッションバンド, 細野晴臣, 高橋幸宏, イエロー・マジック・オーケストラ, 矢野顕子, 忌野清志郎, デヴィッド・シルヴィアン","","https://ja.wikipedia.org/wiki/坂本龍一","Category_ジャズ・ミュージシャン","https://ja.wikipedia.org/wiki/Category:ジャズ・ミュージシャン"
"ディノ・サルーシ"," アストル・ピアソラ が築いた ヌエボ・タンゴ の影響を受け  、独自のスタイルを作り上げる。 ジャズ ・ミュージシャンとも共演し、 ECMレコード でソロ・アルバムを発表している。","Timoteo Saluzzi","","アルゼンチン サルタ州 カンポサント","( 1935-05-20 ) 1935年 5月20日 （88歳）","","タンゴ 、 ジャズ","ミュージシャン 、 作曲家","バンドネオン","","ECMレコード","ディノ・サルーシ・グループ, アル・ディ・メオラ","","https://ja.wikipedia.org/wiki/ディノ・サルーシ","Category_ジャズ・ミュージシャン","https://ja.wikipedia.org/wiki/Category:ジャズ・ミュージシャン"
"ヴィットーリオ・シクバルディ"," イタリア ・ サルデーニャ州 カリャリ 出身。","","","イタリア , サルデーニャ州 , カリャリ","","","ジャズ","","ドラム","1992 – 現在","","ルーカ・マンヌッツァ, アンディ・グラヴィッシュ, ミケーレ・ボッツァ","","https://ja.wikipedia.org/wiki/ヴィットーリオ・シクバルディ","Category_ジャズ・ミュージシャン","https://ja.wikipedia.org/wiki/Category:ジャズ・ミュージシャン"
"ガンサー・シュラー"," ドイツ 移民 の息子として ニューヨーク に生まれる。 フルート と フレンチホルン 、音楽理論を学び、17歳の時に シンシナティ交響楽団 に入団。さらに19歳の時には メトロポリタン歌劇場 管弦楽団に入団する。またニューヨークでは マイルス・デイヴィス 、 ジョン・ルイス らと ジャズ・バンド を組んで活躍した。やがて 作曲家 を志し、ほとんど独学で作曲を学ぶ。芸術音楽とポピュラー音楽の垣根を取り外した「 サード・ストリーム （第3の流れ）」を提唱し、 現代音楽 の中に積極的に ジャズ の要素を取り込もうとした。さまざまな大学で作曲を教え、 オリヴァー・ナッセン や マーク＝アンソニー・タネジ 、 エドゥアルド・マータ は門下生である。 1967年 から 1977年 にかけては ニューイングランド音楽院 の院長を務めている。また指揮者の 小澤征爾 と協力して タングルウッド音楽祭 を主催した。 1994年 には『Of Reminiscences and Reflections』で ピューリッツァー賞 音楽部門を受賞するなど、アメリカで最も重要な作曲家、指揮者、ジャズ・ミュージシャン、ホルン奏者の一人として幅広く活躍した。","Gunther Alexander Schuller","","アメリカ合衆国 ニューヨーク","( 1925-11-11 ) 1925年 11月11日","( 2015-06-21 ) 2015年 6月21日 （89歳没）","ジャズ 、 クラシック音楽 、 サード・ストリーム","作曲家 、 ホルン 奏者、 ジャズ ・ミュージシャン、 指揮者 、 ニューイングランド音楽院 院長","フレンチホルン 、 フルート","","","モダン・ジャズ・ソサエティ、 シンシナティ交響楽団 、 メトロポリタン歌劇場 管弦楽団","","https://ja.wikipedia.org/wiki/ガンサー・シュラー","Category_ジャズ・ミュージシャン","https://ja.wikipedia.org/wiki/Category:ジャズ・ミュージシャン"
"アーヴェル・ショウ"," ショウは、 ミズーリ州 セントルイス で生まれた。高校で チューバ の演奏を習ったが、後にダブルベースに転向した。 1942年 に ミシシッピ川 を航行するリバーボート（ 川船 ）で、 フェイト・マラブル と演奏したが、その後、1942年から 1945年 まで 海軍 に勤務した。海軍を除隊後、1945年から 1947年 まで、 ルイ・アームストロング の最後の ビッグバンド で彼と演奏した。ショウと シド・カトレット はその後、ショウが音楽の勉強を急にやめた 1950年 まで、ルイ・アームストロング・オールスターズに加わっていた。ショウは 1952年 から 1956年 まで、再びルイ・アームストロングと共に演奏を行った。この後は、 ラス・ケイス と CBS で仕事したり、 テディ・ウィルソン の トリオ で演奏。 1958年 の ブリュッセル万国博覧会 では ベニー・グッドマン と演奏した。ショウは ヨーロッパ で何年か過ごした後、 1962年 の 中央アメリカ の ツアー で再びベニー・グッドマンと演奏をした。1962年から 1964年 まで、ショウは再びルイ・アームストロングと演奏をし、その後も 1960年代 の終わりまでを通じて、頻繁にルイ・アームストロングと共に演奏を行った。1960年代以降、ショウはたいていは非専属の自由契約で ニューヨーク にて活動していた。ショウは自分自身で楽団を率いて録音活動をすることは一度もなかった。","","","ミズーリ州 セントルイス","( 1923-09-15 ) 1923年 9月15日, アメリカ合衆国, ミズーリ州 セントルイス","( 2002-11-05 ) 2002年 11月5日 （79歳没）, アメリカ合衆国, ニューヨーク州 ルーズベルト","ディキシーランド・ジャズ 、 スウィング","ダブルベース 奏者","ダブルベース","","","フェイト・マラブル, ルイ・アームストロング, テディ・ウィルソン, ラス・ケイス, ベニー・グッドマン","","https://ja.wikipedia.org/wiki/アーヴェル・ショウ","Category_ジャズ・ミュージシャン","https://ja.wikipedia.org/wiki/Category:ジャズ・ミュージシャン"
"スティーヴ・ジョーダン (ミュージシャン)"," 彼は フィオレロ・H・ラガーディア・ハイスクール・オブ・ミュージック&アート・アンド・パフォーミング・アーツ を卒業、幅広いジャンルのミュージシャン達と共演を重ねてきた。また、ドラムス教則DVD\" The Groove is Here \"もリリースしている。","","","アメリカ合衆国 ニューヨーク州 ニューヨーク市","( 1957-01-14 ) 1957年 1月14日 （67歳）, アメリカ合衆国 ニューヨーク州 ニューヨーク市","","ポップ・ミュージック 、 ロックンロール 、 リズム・アンド・ブルース 、 フュージョン","ドラマー 、 音楽家 、 プロデューサー 、 ソングライター","ドラム 、 パーカッション 、 キーボード 、 ベース","1978年 - 現在","ヴァージン・レコード 、JVC Victor","サタデー・ナイト・ライヴ・バンド 、 ブルース・ブラザーズ・バンド 、 キース・リチャーズ＆エクスペンシヴ・ワイノーズ , ジョン・メイヤー・トリオ 、ザ・ヴァーヴス","","https://ja.wikipedia.org/wiki/スティーヴ・ジョーダン_(ミュージシャン)","Category_ジャズ・ミュージシャン","https://ja.wikipedia.org/wiki/Category:ジャズ・ミュージシャン"
"ロニー・ジョーダン"," 1993年にリリースされた グールー のアルバム『ジャズマタズ (ヒップ・ホップ・ジャズ革命)』でフィーチャーされて頭角を現した。また、レッド・ホット・オーガニゼーションのため、1994年にリリースされた コンピレーション・アルバム 『レッド・ホット・アンド・クール〜ストールン・モーメンツ』にレコーディングが収録されているアーティストの1人でもあった。","Robert Laurence Albert Simpson","","イングランド ロンドン","( 1962-11-29 ) 1962年 11月29日","( 2014-01-13 ) 2014年 1月13日 （51歳没）","ジャズ 、 アシッドジャズ 、 スムーズジャズ","ミュージシャン、歌手、ソングライター","ギター","1992年 - 2014年","アイランド","","","https://ja.wikipedia.org/wiki/ロニー・ジョーダン","Category_ジャズ・ミュージシャン","https://ja.wikipedia.org/wiki/Category:ジャズ・ミュージシャン"
"アラン・スキドモア"," 父親のジミー・スキドモアもサックス奏者。その影響もあり16歳でプロ活動に入り、コメディアンのトニー・ハンコックと一緒にツアーをするようになった。1958年からダンス・ポップ・バンドで活動。1963年に初レコーディング。1964年、 アレクシス・コーナー のブルース・インコーポレイティッドに参加。 ジョン・メイオール のレコーディングで エリック・クラプトン とセッション。その後、 ロニー・スコット 、 ジョニー・ダンクワース 、 タビー・ヘイズ 等の ビッグ・バンド で活動、多くのレコードでバックを務める。 ソフト・マシーン 、 ナイス 、 グラハム・コリアー 、 マイク・ウェストブルック 、 マイケル・ギブス とも交流がありレコーディングを残す。1969年 モントルー ・ジャズ祭に出演し注目を浴びる。その後 バークリー音楽大学 へ一時留学。帰国後 ケニー・ホイーラー 、 ジョン・テイラー 、 ハリー・ミラー 、 トニー・オクスレイ が参加し自身がリーダーとなる クインテット を結成。『ワンス・アポン・ア・タイム』『TCB』と革新的でリリシズムあふれる モーダル な作品を発表した。このクインテットは オムニバス ・アルバム『ジャズ・イン・ブリテン ’68-’69』のB面でも先鋭的で透明感のある演奏を残している。1976年からは ジョルジュ・グルンツ ・コンサート・ジャズ・バンドに参加。1970年代には キース・ティペット のジャズ・フュージョン・ビッグバンド、 センティピード （Centipede）にも所属した。その後も エルトン・ディーン 、 チャーリー・ワッツ 、 ケイト・ブッシュ 、 カーヴド・エア 等と共演している。","Alan Richard James Skidmore","","イングランド ロンドン","( 1942-04-21 ) 1942年 4月21日","","ジャズ","ミュージシャン","サクソフォーン","","","","","https://ja.wikipedia.org/wiki/アラン・スキドモア","Category_ジャズ・ミュージシャン","https://ja.wikipedia.org/wiki/Category:ジャズ・ミュージシャン"
"スキャットマン・ジョン"," 52歳で歌手としてメジャー CD デビュー。メジャーデビューアルバム『 スキャットマンズ ワールド 』は 日本 や ヨーロッパ 諸国など全世界で600万枚以上を売り上げ、各国のチャートでNo.1を飾る。自身の障害である 吃音症 を逆手に取った、模倣が困難な スキャット と、1回に4つ近く音の調子を変えるという珍しい歌唱法（このテクニックは古い ヒンドゥー教 の喉で歌う歌唱法から取り入れた）を用い、独特のジャンル『テクノスキャット』を開拓した。","ジョン・ポール・ラーキン","","アメリカ合衆国 ・ カリフォルニア州 エルモンテ","( 1942-03-13 ) 1942年 3月13日, アメリカ合衆国 ・ カリフォルニア州 エルモンテ","( 1999-12-03 ) 1999年 12月3日 （57歳没）, アメリカ合衆国 ・カリフォルニア州 ロサンゼルス","ダンス・ポップ , ユーロダンス , ジャズ ","ミュージシャン, 歌手","ボーカル, ピアノ","1986年 - 1999年","アメリカ （ 英語版 ）, RCA, アイスバーグ, トランジション","","","https://ja.wikipedia.org/wiki/スキャットマン・ジョン","Category_ジャズ・ミュージシャン","https://ja.wikipedia.org/wiki/Category:ジャズ・ミュージシャン"
"ジム・スナイデロ"," ジム・スナイデロ （Jim Snidero、 1958年 3月29日 - ）は アメリカ合衆国 ニューヨーク 在住の ジャズ プレーヤーで、 アルトサックス 奏者。 ノーステキサス大学 に学び、1981年ニューヨークに移住。2003年に解散した 秋吉敏子ジャズオーケストラ フィーチャリング ルー・タバキン で、3rdアルトサックス、 フルート 、 クラリネット を担当していた。教育者としても活動している。","","","","","","","","","","","","","https://ja.wikipedia.org/wiki/ジム・スナイデロ","Category_ジャズ・ミュージシャン","https://ja.wikipedia.org/wiki/Category:ジャズ・ミュージシャン"
"スティーヴ・スワロウ"," 1958年 頃からベースを始め、 エール大学 で作曲を学んだ後、 ポール・ブレイ 、 スティーヴ・キューン 、 アート・ファーマー らと共演した。","","","アメリカ合衆国 ニュージャージー州 フェアローン","( 1940-10-04 ) 1940年 10月4日 （83歳）","","ジャズ 、 クール・ジャズ 、 フュージョン 、アヴァンギャルド・ジャズ、 フリー・ジャズ","ミュージシャン、作曲家、教育者","ダブルベース 、 エレクトリックベース","1960年 -","","","","https://ja.wikipedia.org/wiki/スティーヴ・スワロウ","Category_ジャズ・ミュージシャン","https://ja.wikipedia.org/wiki/Category:ジャズ・ミュージシャン"
"フィリップ・セス"," マルセイユ 生まれ、 パリ 育ち。パリの音楽学校で学んだあと、奨学生の資格で アメリカ ・ ボストン にある バークリー音楽大学 に進学した。 ゲイリー・バートン の指導を受け、 アル・ディ・メオラ のアルバム『 スプレンディド・ホテル 』でデビューした。また フェリシア・コリンズ や デヴィッド・ボウイ などのミュージシャンと共演したり、 デイヴィッド・サンボーン のために曲を書いたりした。","","","フランス マルセイユ","( 1957-02-04 ) 1957年 2月4日 （67歳）","","ジャズ","ミュージシャン、ソングライター、音楽プロデューサー、編曲家","キーボード","","","PSP（Phillips Saisse Palladino）","","https://ja.wikipedia.org/wiki/フィリップ・セス","Category_ジャズ・ミュージシャン","https://ja.wikipedia.org/wiki/Category:ジャズ・ミュージシャン"
"グヮイヨ・セデーニョ"," ","ラモン・エドゥアルド・セデーニョ, Ramón Eduardo Cedeño","","ホンジュラス","( 1974-01-07 ) 1974年 1月7日, ラ・セイバ","( 2022-03-11 ) 2022年 3月11日 （48歳没）","ロック, ジャズ フォークロア, ワールドミュージック ","","","","","","","https://ja.wikipedia.org/wiki/グヮイヨ・セデーニョ","Category_ジャズ・ミュージシャン","https://ja.wikipedia.org/wiki/Category:ジャズ・ミュージシャン"
"カレン・ソウサ"," ソウサは電子音楽のプロデューサーにボーカルを提供することからキャリアを開始した。仮名を使って レディオヘッド の「 クリープ 」や、 カルチャー・クラブ の「 君は完璧さ 」などの70年代、80年代および90年代のヒット曲のカバーを歌った  。ソウサによる「クリープ」のバージョンは、2013年の映画『 ゼロの未来 』で使用された  。2010年、 ブルーノート東京 で演奏し、日本で 日本ビクター と契約した。ベネズエラ、ブラジル、メキシコ、中国、韓国、スペインおよびイタリアでツアーを行っている。","","Privé, Pacha Ibiza, FTV","アルゼンチン ラ・パンパ","( 1984-01-10 ) 1984年 1月10日 （40歳）, アルゼンチン ラ・パンパ","","ジャズ 、ボーカルジャズ、ボサノヴァ、スムースジャズ","歌手、ソングライター、プロデューサー","","2002年～現在","JVC, Music Brokers,","","","https://ja.wikipedia.org/wiki/カレン・ソウサ","Category_ジャズ・ミュージシャン","https://ja.wikipedia.org/wiki/Category:ジャズ・ミュージシャン"
"デヴィッド・ダーリング"," 2009年発表のアルバム『Prayer for Compassion』で グラミー賞 ベスト・ニュー・エイジ・アルバム賞 を受賞している  。","","","アメリカ合衆国 インディアナ州 ・エルカート","( 1941-03-04 ) 1941年 3月4日 （83歳）","( 2021-01-08 ) 2021年 1月8日 （79歳没）","ジャズ 、 ニュー・エイジ","チェリスト 、 作曲家","チェロ","1980年代 -","ECMレコード","オレゴン, ケティル・ビヨルンスタ, テリエ・リピダル, ラルフ・タウナー","","https://ja.wikipedia.org/wiki/デヴィッド・ダーリング","Category_ジャズ・ミュージシャン","https://ja.wikipedia.org/wiki/Category:ジャズ・ミュージシャン"
"ラルフ・タウナー"," 1940年 3月1日 、 アメリカ合衆国 ワシントン州 シャヘイリス （ 英語版 ） に生まれる。母は ピアノ 教師、父は トランペット 奏者という音楽一家であった。","","","アメリカ合衆国 ワシントン州 シャヘイリス","( 1940-03-01 ) 1940年 3月1日 （84歳）","","ジャズ 、 クラシック 、 フォーク 、 ワールド","ギタリスト 、 作曲家 、 編曲家 、バンドリーダー","12弦ギター 、 クラシックギター 、 ピアノ","1960年代 -","ECMレコード","オレゴン, ウェザー・リポート, ゲイリー・バートン, ゲイリー・ピーコック, ヤン・ガルバレク, ジョン・アバークロンビー, パオロ・フレス （ 英語版 ）, ヴォルフガング・ムースピール （ 英語版 ）, スラヴァ・グリゴリアン （ 英語版 ）","","https://ja.wikipedia.org/wiki/ラルフ・タウナー","Category_ジャズ・ミュージシャン","https://ja.wikipedia.org/wiki/Category:ジャズ・ミュージシャン"
"高橋真弓"," このページに他の言語版はありません。","髙橋 真弓","","日本 ・ 大阪府 枚方市","( 1978-02-21 ) 1978年 2月21日 （46歳）","","ジャズ・スタンダード, クラシック, 日本歌謡, 童謡","シンガーソングライター","ボーカル ・ ピアノ","2002年 -","","宝船","","https://ja.wikipedia.org/wiki/高橋真弓","Category_ジャズ・ミュージシャン","https://ja.wikipedia.org/wiki/Category:ジャズ・ミュージシャン"
"ロベルト・タレンツィ"," イタリア ・ ロンバルディア州 ミラノ 出身。","","","イタリア ロンバルディア州 ミラノ","1977年","","ジャズ","ピアニスト","ピアノ","1995年 -","","デイヴ・リーブマン, アリーチェ・リチャルディ, ナット・スー","","https://ja.wikipedia.org/wiki/ロベルト・タレンツィ","Category_ジャズ・ミュージシャン","https://ja.wikipedia.org/wiki/Category:ジャズ・ミュージシャン"
"Tライオット"," このページに他の言語版はありません。","","","イタリア ・ プッリャ州","","","ジャズ , ジャズ・ファンク , ピアノ・トリオ","","","2016年 -","Albore Jazz","","フランチェスコ・ロマジストロ, カミッロ・パーチェ, ピエートロ・ヴィンチェンティ","https://ja.wikipedia.org/wiki/Tライオット","Category_ジャズ・ミュージシャン","https://ja.wikipedia.org/wiki/Category:ジャズ・ミュージシャン"
"エルトン・ディーン"," ディーンは、 イングランド の ノッティンガム 生まれで、出産後すぐに ロンドン のトゥーティングに移住した。1966年から1967年まで、ロング・ジョン・ボルドリーが率いるバンド、ブルーソロジー（Bluesology）のメンバーとなった。バンドのピアニストであったレジナルド・ドワイトは、ディーンとボルドリーのファーストネームを組み合わせ、自分の芸名「 エルトン・ジョン 」を名乗るようになった  。","","","イングランド ノッティンガム","( 1945-10-28 ) 1945年 10月28日","( 2006-02-08 ) 2006年 2月8日 （60歳没）","ジャズ","ミュージシャン 、 作曲家","サクソフォーン 、サクセロ、 キーボード","1966年 - 2006年","","ブルーソロジー、 キース・ティペット 、 ソフト・マシーン","","https://ja.wikipedia.org/wiki/エルトン・ディーン","Category_ジャズ・ミュージシャン","https://ja.wikipedia.org/wiki/Category:ジャズ・ミュージシャン"
"ダヴィット・ティム"," メクレンブルク＝フォアポンメルン州 ミューリッツ郡ヴァーレン（Waren/Müritz）出身。音楽の街として知られる ライプツィヒ にて トーマス教会少年合唱団 団員となり、後に団長を務める。その後 ライプツィヒ音楽演劇大学 に進学し教会音楽を専攻、ハネス・ケストナー、アルフィート・ガスト（オルガン）、フォルカー・ブロイティガム（即興）ほかに師事。1995年、教会音楽家資格Aを取得して課程修了。同大学のピアノ専攻マイスターコース（マルクス・トーマスに師事）に進学、その間 ザルツブルク・モーツァルテウム大学 への留学（ カール＝ハインツ・ケマーリンク に師事）を経て1999年卒業。","","","ドイツ メクレンブルク＝フォアポンメルン州","( 1969-04-24 ) 1969年 4月24日","","クラシック音楽","ピアニスト ・ オルガニスト ・ 合唱指揮者 ・ ジャズ 音楽家","鍵盤楽器","","","","","https://ja.wikipedia.org/wiki/ダヴィット・ティム","Category_ジャズ・ミュージシャン","https://ja.wikipedia.org/wiki/Category:ジャズ・ミュージシャン"
"ヴァーノン・デューク"," 本名を ヴラジーミル・アレクサンドロヴィチ・ドゥケーリスキー ( ロシア語 : Владимир Александрович Дукельский 、ラテン文字:Vladimir Alexandrovich Dukelsky)といい、当時の ロシア帝国 ミンスク県 （現在の ベラルーシ ・ ヴィーツェプスク州 ）のパラフィアノヴォにて生まれる。家は グルジア系 、 オーストリア系 、 スペイン系 の血を引いている。 キエフ 音楽院で レインゴリト・グリエール らに学んだ後、 ロシア革命 により イスタンブール に避難し、 詩人 として活動を始めるが、 1921年 に渡米、ショーのための伴奏音楽を提供した。","ヴラジーミル・アレクサンドロヴィチ・ドゥケーリスキー, Владимир Александрович Дукельский","","パラフィアノヴォ","1903年 10月10日, ロシア帝国 ミンスク県, パラフィアノヴォ","( 1969-01-16 ) 1969年 1月16日 （65歳没）, アメリカ合衆国 カリフォルニア州, ロサンゼルス郡 サンタモニカ","ジャズ, バレエ音楽, クラシック音楽","作曲家, 詩人","","","","","","https://ja.wikipedia.org/wiki/ヴァーノン・デューク","Category_ジャズ・ミュージシャン","https://ja.wikipedia.org/wiki/Category:ジャズ・ミュージシャン"
"フランキー・デューソン"," ","フランキー・デューソン","","ルイジアナ州 ニューオーリンズ アルジェ","1878年 ?? 月 ?? 日, アメリカ合衆国, ルイジアナ州 ニューオーリンズ アルジェ","1936年 ?? 月 ?? 日, アメリカ合衆国","ディキシーランド・ジャズ, クラシック・ジャズ","","トロンボーン","","","ジョニー・ドッズ, バディ・ボールデン, ルイス・デュメイン","","https://ja.wikipedia.org/wiki/フランキー・デューソン","Category_ジャズ・ミュージシャン","https://ja.wikipedia.org/wiki/Category:ジャズ・ミュージシャン"
"クリス・ミン・ドーキー"," 1989年にソロ・アルバム『Appreciation』をリリースした  。兄の ニールス・ラン・ドーキー  とドーキー・ブラザーズ（Doky Brothers）というバンドを組み、1996年に『Doky Brothers』、1997年に『Doky Brothers 2』という2枚のアルバムをリリースしている。","","","  デンマーク コペンハーゲン","( 1969-02-07 ) 1969年 2月7日 （55歳）","","ジャズ","ベーシスト 、 作曲家 、 音楽プロデューサー","ウッド・ベース 、 エレクトリックベース","1989年 - 現在","","","","https://ja.wikipedia.org/wiki/クリス・ミン・ドーキー","Category_ジャズ・ミュージシャン","https://ja.wikipedia.org/wiki/Category:ジャズ・ミュージシャン"
"ネスター・トーレス"," 12歳の時よりフルートのレッスンを始め、Escuela Libre de Músicaで正規の教育を受けた後、 プエルトリコ・インターアメリカン大学 へと進む。18歳の時、家族と共に ニューヨーク へと引越した。ジャズと クラシック音楽 の双方を学ぶため、トーレスはニューヨークの マネス音楽大学 及び ボストン の ニューイングランド音楽院 、更に他の場所へと行った。","","","プエルトリコ マヤグエス","( 1957-04-25 ) 1957年 4月25日 （67歳）","","クラシック音楽 、 ジャズ 、 フュージョン 、 ラテンジャズ","フルート奏者","フルート","","","","","https://ja.wikipedia.org/wiki/ネスター・トーレス","Category_ジャズ・ミュージシャン","https://ja.wikipedia.org/wiki/Category:ジャズ・ミュージシャン"
"トマティート"," パコ・デ・ルシア の影響を受けたスタイルを演奏する。","José Fernández Torres","","スペイン アンダルシア州 アルメリア県 フォンドン","( 1958-08-20 ) 1958年 8月20日 （65歳）","","フラメンコ 、 ジャズ","ギタリスト、作曲家","フラメンコギター","1980年代 -","","","","https://ja.wikipedia.org/wiki/トマティート","Category_ジャズ・ミュージシャン","https://ja.wikipedia.org/wiki/Category:ジャズ・ミュージシャン"
"アルマンド・トロヴァヨーリ"," 1917年9月2日、イタリアの ラツィオ州 ローマ県 ローマ で生まれる   。父は ヴァイオリン奏者 で、アルマンドもヴァイオリンを学び、のちにピアノと作曲を サンタ・チェチーリア音楽院 に学んだ  。","","","イタリア ラツィオ州 ローマ県 ローマ","( 1917-09-02 ) 1917年 9月2日","( 2013-02-28 ) 2013年 2月28日 （95歳没）","ジャズ 、 映画音楽","作曲家 、 指揮者","ピアノ 、 指揮","1940年代 - 2013年","","","","https://ja.wikipedia.org/wiki/アルマンド・トロヴァヨーリ","Category_ジャズ・ミュージシャン","https://ja.wikipedia.org/wiki/Category:ジャズ・ミュージシャン"
"ンジャセ・ニャン"," ンジャセ・ニャン （N'Diassé Niang）は、 セネガル 出身・ 神奈川県 在住の パーカッショニスト 。 ジェンベ や サバール 、ソウルバ、ブガラブー（ 英語 : Bougarabou ）など、 アフリカ の 伝統楽器 を演奏する。","","","","","","","","","","","","","https://ja.wikipedia.org/wiki/ンジャセ・ニャン","Category_ジャズ・ミュージシャン","https://ja.wikipedia.org/wiki/Category:ジャズ・ミュージシャン"
"デイヴ・バーソロミュー"," バーソロミューは、 リズム・アンド・ブルース 、 ビッグバンド 、 スウィング・ジャズ 、 ロックンロール 、 ニューオーリンズ・ジャズ 、 ディキシーランド・ジャズ など数多くの音楽ジャンルで活躍した。彼の曲をレコーディングしたミュージシャンアーティストは数多いが、中でも ファッツ・ドミノ とのパートナーシップが彼のキャリアの中でも特筆すべき成功を収めている。1950年代の半ばに、彼らは インペリアル・レコード の下で、\"I'm in Love Again\"、\"Blue Monday\"、\"I'm Walkin'\"など40曲以上のヒット曲を世に送り出し、そのうち\"Goin' Home\"と\"Ain't That a Shame\"など複数の曲がビルボードR&Bチャートの1位に輝いている。  彼は、ソングライターの殿堂、並びに ロックの殿堂 入りを果たしている。 ","","","米国 ルイジアナ州 エドガー","1918年 12月24日","2019年 6月23日","ジャズ, R&B, ロックンロール","トランペッター, バンドリーダー, 作曲家, 編曲家","トランペット","1947年 〜 2019年","インペリアル・レコード 他","ファッツ・ドミノ 、 ハーブ・ハーデスティ 、 アルヴィン・\"レッド\"・タイラー 、 アール・パーマー 、 リー・アレン","","https://ja.wikipedia.org/wiki/デイヴ・バーソロミュー","Category_ジャズ・ミュージシャン","https://ja.wikipedia.org/wiki/Category:ジャズ・ミュージシャン"
"アーサー・ハーツォグ・ジュニア"," アーサー・ハーツォグ・ジュニア （Arthur Herzog Jr.、 1900年 12月13日 - 1983年 9月1日 ）は、 アメリカ合衆国 の ソングライター 、 作曲家 。 ニューヨーク 市に生まれ、 ミシガン州 デトロイト で死去した。","","","","","","","","","","","","","https://ja.wikipedia.org/wiki/アーサー・ハーツォグ・ジュニア","Category_ジャズ・ミュージシャン","https://ja.wikipedia.org/wiki/Category:ジャズ・ミュージシャン"
"ピーナッツ・ハッコー"," ニューヨーク州 シラキュース に生まれる。初期は優れたテナー・サクソフォーン奏者であったが、 1940年代 にはテナー・サクソフォーンの演奏をやめた。クラリネット奏者としては ディキシーランド・ジャズ や スウィング・ジャズ で魅力を発揮した。16歳の時に自分のクラリネットを持ってはいたが、晩年になるまで演奏はしなかった。20～25歳の時、上手なミュージシャンと職業として演奏していた。そのときに、アルト・サクソフォーンからテナー・サクソフォーンへ転向した。というのは、テナー・サクソフォーンの方がジャズにより適していると考えたからである。","Michael Andrew Hucko","","アメリカ合衆国 ニューヨーク州 シラキュース","( 1918-04-07 ) 1918年 4月7日","( 2003-06-19 ) 2003年 6月19日 （85歳没）","ジャズ 、 ディキシーランド・ジャズ 、 スウィング・ジャズ","ミュージシャン、バンドリーダー","クラリネット","1940年代 - 1990年代","","Lawson-Haggart Jazz Band、 ベニー・グッドマン 、 エディ・コンドン 、 グレン・ミラー 、 ルイ・アームストロング 、レイ・マッキンリー","","https://ja.wikipedia.org/wiki/ピーナッツ・ハッコー","Category_ジャズ・ミュージシャン","https://ja.wikipedia.org/wiki/Category:ジャズ・ミュージシャン"
"ヨン・バルケ"," 「オスロ13」「Masqualero」「Jøkleba」のメンバーとして活動してきた。また、自身の率いるバンドとしてマグネティック・ノース・オーケストラや「Batagraf」「Siwan」がある。","","","  ノルウェー ファーネス","( 1955-06-07 ) 1955年 6月7日 （68歳）","","ジャズ 、 ワールドミュージック","ピアニスト、キーボーディスト、作曲者","ピアノ 、 キーボード","","ECM","マグネティック・ノース・オーケストラ","","https://ja.wikipedia.org/wiki/ヨン・バルケ","Category_ジャズ・ミュージシャン","https://ja.wikipedia.org/wiki/Category:ジャズ・ミュージシャン"
"リー・ピアソン"," リー・ピアソン （ Lee Pearson 、 1981年 1月4日 - ）は、 アメリカ の ドラマー 。","","","","","","","","","","","","","https://ja.wikipedia.org/wiki/リー・ピアソン","Category_ジャズ・ミュージシャン","https://ja.wikipedia.org/wiki/Category:ジャズ・ミュージシャン"
"トッパー・ヒードン"," 「トッパー」というあだ名は ポール・シムノン の命名で、ヒードンに似た漫画のキャラクターに由来する。","ニコラス・ボーウェン・ヒードン, Nicholas Bowen Headon","トッパー","イングランド ・ ロンドン","( 1955-05-30 ) 1955年 5月30日 （68歳） 1955年 5月30日, イングランド ・ ケント州 ブロムリー","","ジャズ 、 ソウル 、 R&B 、 ロック 、 パンク・ロック 、 レゲエ 、 ロックンロール 他","ドラマー、パッカッショニスト, 作詞作曲家","ドラムス、 パーカッション","1975 – 現在","CBSレコード (1977–1982) ,, マーキュリー・レコード","ザ・クラッシュ","","https://ja.wikipedia.org/wiki/トッパー・ヒードン","Category_ジャズ・ミュージシャン","https://ja.wikipedia.org/wiki/Category:ジャズ・ミュージシャン"
"ジーン・ピュアリング"," ジーン・ピュアリング （Eugene Thomas \"Gene\" Puerling、 1929年 3月31日 - 2008年 3月25日 ）は、 アメリカ合衆国 の 歌手 ・ 編曲者 。","","","","","","","","","","","","","https://ja.wikipedia.org/wiki/ジーン・ピュアリング","Category_ジャズ・ミュージシャン","https://ja.wikipedia.org/wiki/Category:ジャズ・ミュージシャン"
"廣瀬貴雄"," 廣瀬 貴雄 （ひろせ　たかお、 1976年 3月16日 - ）は、日本の トロンボーン 奏者・ 作曲家 。 香川県 出身。","","","","","","","","","","","","","https://ja.wikipedia.org/wiki/廣瀬貴雄","Category_ジャズ・ミュージシャン","https://ja.wikipedia.org/wiki/Category:ジャズ・ミュージシャン"
"カール・フォンタナ"," 1928年 7月18日 、 ルイジアナ州 モンロー に生まれる。サックスとヴァイオリンの演奏家であった父親から ジャズ を学び、高校在学中には父親のバンドに出演することもあった。その後、ルイジアナ大学モンロー校に入学し、同校に2年通ったのちルイジアナ州立大学に転入し、音楽教育学の学士号を取得し卒業した。","Carl Charles Fontana","","アメリカ合衆国 ルイジアナ州 モンロー","1928年 7月18日","( 2003-10-09 ) 2003年 10月9日 （75歳没）","ジャズ","ミュージシャン","トロンボーン","1940年 – 2000年","","","","https://ja.wikipedia.org/wiki/カール・フォンタナ","Category_ジャズ・ミュージシャン","https://ja.wikipedia.org/wiki/Category:ジャズ・ミュージシャン"
"アヌアル・ブラヒム"," 主にジャズの観衆向けに演奏しており、彼は1980年代後半には自国で アラブ音楽 に 民族音楽 、 ジャズ を融合したスタイルを確立し、1991年以降に録音し始める。 ","","","チュニジア共和国 チュニス","( 1957-10-20 ) 1957年 10月20日 （66歳）","","ジャズ 、 アラブ音楽","ウード奏者、作曲者","ウード","","ECM","","","https://ja.wikipedia.org/wiki/アヌアル・ブラヒム","Category_ジャズ・ミュージシャン","https://ja.wikipedia.org/wiki/Category:ジャズ・ミュージシャン"
"ハイラム・ブロック"," 2008年7月25日に 喉頭癌 で死去した。","","","アメリカ合衆国","( 1955-09-11 ) 1955年 9月11日, 日本 ・ 大阪府 堺市","( 2008-07-25 ) 2008年 7月25日 （52歳没）","ジャズ, フュージョン","","ギター","","","","","https://ja.wikipedia.org/wiki/ハイラム・ブロック","Category_ジャズ・ミュージシャン","https://ja.wikipedia.org/wiki/Category:ジャズ・ミュージシャン"
"ウォルター・ペイジ"," 元々は「ブルー・デビルズ」のリーダーとして、 カンザスシティ で人気を誇った。最初は チューバ 奏者だったが、 ダブルベース に転向した。その「ブルー・デビルズ」で共に活躍していたのが カウント・ベイシー 、 ジミー・ラッシング などであった。その後、 ベニー・モーテン 楽団に吸収され、モーテン死後はカウント・ベイシーの下で演奏した。カウント・ベイシー楽団初期の リズムセクション 「 オール・アメリカン・リズム・セクション 」の一員であり、その柔軟なウォーキングスタイルと、力強い 4ビート のベースラインはベイシー特有のサウンドに大きく貢献した。彼のプレイがその後の ビバップ 時代に影響したと言われ、あまり有名ではないもののジャズ・ベースの始祖と言える存在であった。","Walter Sylvester Page","","アメリカ合衆国 ミズーリ州 ガラティン","( 1900-02-09 ) 1900年 2月9日","( 1957-12-20 ) 1957年 12月20日 （57歳没）","ジャズ 、 スウィング・ジャズ 、カンサス・シティ・ジャズ","ミュージシャン、バンドリーダー","ダブルベース 、 チューバ 、 バリトン・サックス","","","ベニー・モーテン 、 カウント・ベイシー 、ホット・リップス・ペイジ、ブルー・デビルズ","","https://ja.wikipedia.org/wiki/ウォルター・ペイジ","Category_ジャズ・ミュージシャン","https://ja.wikipedia.org/wiki/Category:ジャズ・ミュージシャン"
"アラダー・ペゲ"," アラダー・ペゲ （ Aladár Pege 、 1939年 10月8日 - 2006年 9月23日 ）は、 ハンガリー 出身の ジャズ ベース 奏者。ピッチ・カート奏法の巧みさや クラシック音楽 の演奏で知られ、「ベースの パガニーニ 」とも称されていた。","","","","","","","","","","","","","https://ja.wikipedia.org/wiki/アラダー・ペゲ","Category_ジャズ・ミュージシャン","https://ja.wikipedia.org/wiki/Category:ジャズ・ミュージシャン"
"ニール・ヘフティ"," カウント・ベイシー 楽団の初期のコンポーザーとして知られており、1960年代から70年代にかけては数多くの 映画音楽 を手がけている。 ウディ・ハーマン 楽団でもトランペット奏者兼コンポーザーとして活動していた。","","","アメリカ合衆国 ネブラスカ州 ヘイスティングズ","( 1922-10-29 ) 1922年 10月29日","( 2008-10-11 ) 2008年 10月11日 （85歳没）","スウィング・ジャズ / ビッグバンド","作曲家 ・ 編曲家 ・トランペット奏者","トランペット","","","カウント・ベイシー","","https://ja.wikipedia.org/wiki/ニール・ヘフティ","Category_ジャズ・ミュージシャン","https://ja.wikipedia.org/wiki/Category:ジャズ・ミュージシャン"
"ボブ・ベルデン"," ブルーノートの研究者としても知られている。","James Robert Belden","","アメリカ合衆国 イリノイ州 エバンストン","( 1956-10-31 ) 1956年 10月31日","( 2015-05-20 ) 2015年 5月20日 （58歳没）","ジャズ 、 ビッグバンド 、 フュージョン","ミュージシャン","サクソフォーン","1970年代 - 2015年","Sunnyside、 ブルーノート 、RareNoise","ウディ・ハーマン 、 ティム・ヘイガンズ","","https://ja.wikipedia.org/wiki/ボブ・ベルデン","Category_ジャズ・ミュージシャン","https://ja.wikipedia.org/wiki/Category:ジャズ・ミュージシャン"
"ポール・スミス・トリオ"," ポール・スミス・トリオ （Paul Smith Trio）は、ポール・スミス（Paul Smith、ピアノ）、ウィルフレッド・ミドルブルックス（ベース）、フランク・キャップ（ドラム）の3人から成る イージー・リスニング ・ ジャズ （ソフト・サウンディング・ジャズ）を代表するトリオ。","","","","","","","","","","","","","https://ja.wikipedia.org/wiki/ポール・スミス・トリオ","Category_ジャズ・ミュージシャン","https://ja.wikipedia.org/wiki/Category:ジャズ・ミュージシャン"
"ファブリッツィオ・ボッソ"," トリノ 出身。5歳でトランペットを始め、17歳で初レコーディングを経験。1999年、イタリアのレーベル「Red」から、初のリーダー・アルバム『Fast Flight』発表。イタリアのジャズ雑誌『Musica Jazz』の新人賞に選ばれる。","","","イタリア トリノ","( 1973-11-05 ) 1973年 11月5日 （50歳）","","ジャズ","","トランペット","","Red, ブルーノート","ハイ・ファイヴ・クインテット","","https://ja.wikipedia.org/wiki/ファブリッツィオ・ボッソ","Category_ジャズ・ミュージシャン","https://ja.wikipedia.org/wiki/Category:ジャズ・ミュージシャン"
"ボーネラマ"," ボーネラマは、 ハリー・コニック・Jr のビッグバンドのメンバーであった、2人のトロンボーン奏者、マーク・マリンズとクレイグ・クラインを中心として、 1998年 に結成された。当初のメンバーは彼らに加え、もう2人のトロンボーン奏者、スティーヴ・サター、ブライアン・オニール、ニューオーリンズ・ナイトクローラーズ・ブラス・バンドでも活躍するスーザフォンのマット・ペローン、ギタリストのバート・コットン、ドラマーのチャド・ギルモアといった面々であった。","","","米国 ルイジアナ州 ニューオーリンズ","","","ブラスバンド, ファンク, ロック, R&B, ジャズ","","","1998年～現在","自主制作、バッファロー・レコード","","クレイグ・クライン (tb.), マーク・マリンズ (tb.), スティーヴ・サター (tb.), マット・ペローン (sousaphone), バート・コットン (gt.), エリック・ボリヴァー (ds.)","https://ja.wikipedia.org/wiki/ボーネラマ","Category_ジャズ・ミュージシャン","https://ja.wikipedia.org/wiki/Category:ジャズ・ミュージシャン"
"レニー・ホワイト"," 地元のバンドでドラムを演奏し始め、1960年代後半より ジャッキー・マクリーン と共演する  。1969年、 マイルス・デイヴィス のアルバム、『 ビッチェズ・ブリュー 』に、19歳で参加した。","Leonard White III","","アメリカ合衆国 ニューヨーク","( 1949-12-19 ) 1949年 12月19日 （74歳）","","フュージョン 、 ファンク","ミュージシャン 、バンドリーダー","ドラム","1968年 -","Nemperor、 エレクトラ・レコード 、 ウーンデッド・バード・レコード","リターン・トゥ・フォーエヴァー, トゥエニイナイン, アステカ, ジャマイカ・ボーイズ","","https://ja.wikipedia.org/wiki/レニー・ホワイト","Category_ジャズ・ミュージシャン","https://ja.wikipedia.org/wiki/Category:ジャズ・ミュージシャン"
"ヒュー・マセケラ"," 幼少時より歌とピアノを演奏している。14歳の時、 カーク・ダグラス が ジャズ ・ミュージシャンの ビックス・バイダーベック を演じた映画『 情熱の狂想曲 (Young Man With a Horn)』を観て、彼は トランペット を手に取った。","Hugh Ramopolo Masekela","","南アフリカ連邦 ウィットバンク","( 1939-04-04 ) 1939年 4月4日","( 2018-01-23 ) 2018年 1月23日 （78歳没）","ジャズ 、 アフロビート","ミュージシャン 、 歌手 、 作曲家 、 バンドリーダー","トランペット 、 フリューゲルホーン 、 トロンボーン 、 コルネット","1956年 - 2018年","ヘッズ・アップ 、 ブルー・サム 、 モータウン 、 ワーナー・ブラザース・レコード 、 ヴァーヴ 、 ポリグラム","","","https://ja.wikipedia.org/wiki/ヒュー・マセケラ","Category_ジャズ・ミュージシャン","https://ja.wikipedia.org/wiki/Category:ジャズ・ミュージシャン"
"サラ・マッケンジー"," ","","","オーストラリア","","","ジャズ","歌手、ミュージシャン、作曲家","ボーカル、ピアノ","","ABC、 インパルス!","","","https://ja.wikipedia.org/wiki/サラ・マッケンジー","Category_ジャズ・ミュージシャン","https://ja.wikipedia.org/wiki/Category:ジャズ・ミュージシャン"
"グレゴア・マレ"," マレは ジュネーヴ音楽院 で学び、その後、ニューヨークの ニュースクール大学 で学んだ  。2012年3月13日、マレは最初のアルバムをリーダーとしてリリースした  。彼は スティーヴ・コールマン 、 カート・エリング 、 パット・メセニー 、 アンディ・ミルン 、 ミシェル・ンデゲオチェロ 、 デイヴィッド・サンボーン 、 ジャッキー・テラソン 、 カサンドラ・ウィルソン と仕事をしている  。2003年、スイスの映画製作者フレデリック・バイリフのドキュメンタリー『Sideman』にて、グレゴア・マレが主題となって取り上げられた  。","","","スイス ジュネーヴ","( 1975-05-13 ) 1975年 5月13日 （49歳）","","ジャズ","ミュージシャン","ハーモニカ","1980年代 -","ObliqSound、 ユニバーサル ミュージック グループ 、Sunnyside Records","マーカス・ミラー 、Gaïa、Federico González Peña、 アンディ・ミルン 、 パット・メセニー・グループ","","https://ja.wikipedia.org/wiki/グレゴア・マレ","Category_ジャズ・ミュージシャン","https://ja.wikipedia.org/wiki/Category:ジャズ・ミュージシャン"
"ヴァギフ・ムスタファ・ザデ"," 1920年にアゼルバイジャンは ソビエト の支配下におかれ、その20年後にヴァギフは生まれた。彼が5歳になる頃は 第2次世界大戦 も終結し、 スターリン によりジャズは「資本主義」音楽と位置づけられソビエト連邦時代を通じて禁止された( アドルフ・ヒトラー は同じことを ドイツ で1933年に行った。「黒人の音楽」だからというのがその理由である)。 サキソフォン で演奏を行うことまでが非合法化された。ヴァギフはそれらジャズに対する規制をあまり気にすることはなかったようだ。子供時代は BBC で放送されたジャズを聴きつつも、 メイハナ （ 英語版 ） というリズミカルな歌（アゼルバイジャンの伝統的な ヒップホップ と形容されることもある。これも当時は禁止された）を友人と口ずさんでいた。ラジオを聴いた後は友人であるVagif Samadogluとピアノを弾き、自分たちが耳にした音楽を再現しようとしていた。","","","アゼルバイジャン, バクー","( 1940-03-16 ) 1940年 3月16日","( 1979-12-18 ) 1979年 12月18日 （39歳没）, タシケント","ジャズ, フュージョン","作曲家 , ピアニスト","ピアノ","","","","","https://ja.wikipedia.org/wiki/ヴァギフ・ムスタファ・ザデ","Category_ジャズ・ミュージシャン","https://ja.wikipedia.org/wiki/Category:ジャズ・ミュージシャン"
"ジョン・モスカ"," ジョン・モスカ (John Mosca)は、 アメリカ合衆国 出身の トロンボーン ・プレイヤー。","","","","","","","","","","","","","https://ja.wikipedia.org/wiki/ジョン・モスカ","Category_ジャズ・ミュージシャン","https://ja.wikipedia.org/wiki/Category:ジャズ・ミュージシャン"
"ルイス・モホロ"," ケープタウン で生まれたモホロは、 クリス・マクレガー 、 ジョニー・ダイアニ 、ニッケル・モヤケ、 モンゲジ・フェザ 、 ドゥドゥ・プクワナ  とザ・ブルー・ノーツを結成し、1964年にヨーロッパに移住、最終的にロンドンに定住し、ブリティッシュ・ジャズに重要な貢献をした南アフリカの亡命コミュニティの一員となった。彼は1970年代に南アフリカの亡命者とイギリスの フリー・ジャズ ・シーンのトップ・ミュージシャンで構成される ビッグバンド である ブラザーフッド・オブ・ブレス のメンバーであり、ヴィヴァ・ラ・ブラック (Viva la Black)と デディケーション・オーケストラ の創設者であった。彼が自身の名前で発表した最初のアルバム、 オガン・レコード からの『Spirits Rejoice!』は、イギリスと南アフリカの演奏者による組み合わせの典型的な例と考えられている。1970年代初頭、モホロはアフロ・ロック・バンドである アサガイ のメンバーも務めた。","Louis Tebogo Moholo","Louis Moholo-Moholo","南アフリカ共和国, ケープタウン","( 1940-03-10 ) 1940年 3月10日 （84歳）","","ジャズ","ミュージシャン","ドラム","","","デレク・ベイリー, アレキサンダー・ホーキンス, スティーヴ・レイシー, エヴァン・パーカー, エンリコ・ラヴァ, ラズウェル・ラッド, イレーネ・シュヴァイツァー, セシル・テイラー","","https://ja.wikipedia.org/wiki/ルイス・モホロ","Category_ジャズ・ミュージシャン","https://ja.wikipedia.org/wiki/Category:ジャズ・ミュージシャン"
"ベン・モンダー"," ニューヨーク で生まれる。 ニューヨーク市立大学クイーンズ校 で音楽を専攻し、その後、 マイアミ大学 で学ぶ。1984年にニューヨークに再び戻り活動拠点を置き、スタジオ・ミュージシャンやセッション・ミュージシャンとして様々な仕事をしながら、自身も ジャズ ・ ギタリスト として作品を作り現在に至る。","James Ralph Spaulding Jr.","","アメリカ合衆国 ニューヨーク","( 1962-05-24 ) 1962年 5月24日 （61歳）","","ジャズ","ミュージシャン","ギター","1992年 -","Arabesque、Sunnyside","","","https://ja.wikipedia.org/wiki/ベン・モンダー","Category_ジャズ・ミュージシャン","https://ja.wikipedia.org/wiki/Category:ジャズ・ミュージシャン"
"吉屋潤"," 1927年、 平安北道 寧辺郡 で生まれる  。1947年に平壌高等普通学校を卒業後、歯科医を目指してソウルに渡り、京城歯科医学専門学校に入学  。 第8軍 (アメリカ軍) のクラブでジャズに触れたことで音楽家として目覚め、楽団のギター奏者となる   。その後、花形となるためサックスに転向した  。1949年、卒業。","崔宗洙（チェ・ジョンス）","崔致禎（チェ・チジョン）","平安北道 寧辺郡","( 1927-02-22 ) 1927年 2月22日","( 1995-03-17 ) 1995年 3月17日 （68歳没） 大韓民国 ソウル","ジャズ、大衆歌謡","作曲家、作詞家、サックス奏者、歌手、訳詞家","サックス","","","","","https://ja.wikipedia.org/wiki/吉屋潤","Category_ジャズ・ミュージシャン","https://ja.wikipedia.org/wiki/Category:ジャズ・ミュージシャン"
"ビル・ライヒェンバッハ"," なお、 姓 の「 Reichenbach 」は ドイツ語 圏の姓であり「ライヒェンバッハ」が元来の発音となるが、「Reichenback」と表示されて「レイチェンバック」と呼ばれていることもある。","William Frank Reichenbach Jr.","","アメリカ合衆国 メリーランド州 タコマ・パーク","( 1949-11-30 ) 1949年 11月30日 （74歳）","","ポップス 、 ソウル 、 R&B 、 スムーズジャズ 、 フュージョン","セッション・ミュージシャン 、 作曲家","トロンボーン 、 ユーフォニアム","","","ジェリー・ヘイ","","https://ja.wikipedia.org/wiki/ビル・ライヒェンバッハ","Category_ジャズ・ミュージシャン","https://ja.wikipedia.org/wiki/Category:ジャズ・ミュージシャン"
"ダリル・ランズウィック"," ランズウィックはイングランドの レスター で生まれ、 ワイゲストン男子グラマースクール （ 英語版 ） と ケンブリッジ大学コーパス・クリスティ・カレッジ （ 英語版 ） で教育を受けた  。1960年代半ばから彼は、 ディック・モリシー （ 英語版 ） や ジョン・ダンクワース （ 英語版 ） などイギリスを代表するジャズミュージシャンと共にベースを弾くようになり、彼らと共に12年間に渡りツアーをし、作曲をした。1969年に彼は ライオネル・グリグソン （ 英語版 ） ｰピート・バーダンクインテットのメンバーとなり  、1972年に イアン・ヘイマー （ 英語版 ） 七重奏団で演奏と録音をしたが、そのバンドで タビー・ヘイズ や多くのメンバーと共演し、1970年代を通してロンドン・ジャズ・フォーのメンバーとしても活動した。スタジオ・ミュージシャンとして彼はポピュラー音楽の世界にも活動を広げ、 アラン・パーソンズ・プロジェクト の最初のレコーディングに参加したり、 エルトン・ジョン とも共演した。","","","イギリス 、 レスター","( 1946-10-12 ) 1946年 10月12日 （77歳）","","クラシック音楽","作曲家 、 編曲家 、 ベース 奏者","ベース","","","","","https://ja.wikipedia.org/wiki/ダリル・ランズウィック","Category_ジャズ・ミュージシャン","https://ja.wikipedia.org/wiki/Category:ジャズ・ミュージシャン"
"イーロ・ランタラ"," 1970年にフィンランド・ ヘルシンキ で生まれる。 シベリウス音楽院 のジャズ学科で ピアノ を学び、1991年から2年間、 マンハッタン音楽学校 で クラシック ピアノを学ぶ。2008年に解散したフィンランドのジャズ・トリオ、 トリオ・トウケアット （Trio Töykeät）のピアニスト。クラシックの代表的な作品は『Concerto for Piano and Concerto in G♯ΔA♭』。","Iiro Emil Rantala","","  フィンランド ヘルシンキ","( 1970-01-19 ) 1970年 1月19日 （54歳）","","ジャズ 、 クラシック","ピアニスト","ピアノ","","ACT","トリオ・トウケアット","","https://ja.wikipedia.org/wiki/イーロ・ランタラ","Category_ジャズ・ミュージシャン","https://ja.wikipedia.org/wiki/Category:ジャズ・ミュージシャン"
"レイヴェイ"," 2014年、アイスランド版 Got Talent のファイナリスト。2015年「 ザ・ヴォイス アイスランド」 のセミファイナリスト。2021年に、デビューEP「Typical of Me」をリリースし、 バークリー音楽大学 を卒業。","Laufey Lín Jónsdóttir / 林冰 ","","アイスランド","( 1999-04-23 ) 1999年 4月23日 （25歳）","","Jazz pop","シンガーソングライター","","2020年 –","AWAL","Dodie, Adam Melchor","","https://ja.wikipedia.org/wiki/レイヴェイ","Category_ジャズ・ミュージシャン","https://ja.wikipedia.org/wiki/Category:ジャズ・ミュージシャン"
"ハワード・レヴィ"," ハワード・レヴィ (もしくは ハワード・リヴィ 、 Howard Levy , 1951年 7月31日 -)は、 アメリカ合衆国 の ジャズ ハーモニカ プレイヤー、 ピアニスト である。","","","","","","","","","","","","","https://ja.wikipedia.org/wiki/ハワード・レヴィ","Category_ジャズ・ミュージシャン","https://ja.wikipedia.org/wiki/Category:ジャズ・ミュージシャン"
"カート・ローゼンウィンケル"," 1970年10月28日に ペンシルベニア州 フィラデルフィア で生まれる。その後、 バークリー音楽大学 に入学し約2年半在籍するが ゲイリー・バートン のツアーのサポート・メンバーとして誘われ、そのまま活動拠点を ニューヨーク へ移しプロとしてのキャリアをスタートさせた  。その後、ローゼンウィンケルは ブルックリン に移った。","","","アメリカ合衆国 ペンシルベニア州 フィラデルフィア","( 1970-10-28 ) 1970年 10月28日 （53歳）","","ジャズ 、 フュージョン","ギタリスト 、 ミュージシャン","ギター、ピアノ","1990年 - 現在","ヴァーヴ 、ArtistShare、Wommusic、Heartcore","ジョシュア・レッドマン 、 マーク・ターナー","","https://ja.wikipedia.org/wiki/カート・ローゼンウィンケル","Category_ジャズ・ミュージシャン","https://ja.wikipedia.org/wiki/Category:ジャズ・ミュージシャン"
"ハワード・ロバーツ"," アリゾナ州 フェニックス 生まれ。8歳のときにギターを弾き始め、15歳ですでにプロとして、地域の舞台に立つ。","Howard Mancel Roberts","","アメリカ合衆国 アリゾナ州 フェニックス","( 1929-10-02 ) 1929年 10月2日","( 1992-06-28 ) 1992年 6月28日 （62歳没）","ジャズ 、 ロック 、 カントリー","ミュージシャン、教育者","ギター","1950年代 - 1992年","","ボビー・トゥループ 、 チコ・ハミルトン 、レッキング・クルー","","https://ja.wikipedia.org/wiki/ハワード・ロバーツ","Category_ジャズ・ミュージシャン","https://ja.wikipedia.org/wiki/Category:ジャズ・ミュージシャン"
"ワルター・ワンダレイ"," 名前表記は英語に近い読みで、ワルター・ワンダレーと表記される場合もある。なお、 ブラジルポルトガル語 に従えば、 ヴァウテル・ヴァンデルレイ などと表記される場合もある。1960年代後半から1970年代前半にかけて日本でも紹介され、ジャズ・ファンの中でも知られる存在となった。","","","ブラジル レシフェ","( 1932-05-12 ) 1932年 5月12日","( 1986-09-04 ) 1986年 9月4日 （54歳没）","ジャズ 、 ボサノバ","ミュージシャン","オルガン","","","","","https://ja.wikipedia.org/wiki/ワルター・ワンダレイ","Category_ジャズ・ミュージシャン","https://ja.wikipedia.org/wiki/Category:ジャズ・ミュージシャン"
