﻿"タイトル","コメント","出生名","別名","出身地","生誕","死没","ジャンル","職業","担当楽器","活動期間","レーベル","共同作業者","メンバー","URL","親リストタイトル","親リストURL"
"小林香織"," 神奈川県 藤沢市 生まれ  、 東京都 育ち。 洗足学園音楽大学 卒業  。父親は 写真家 の 小林稔 。","","","日本 東京都","( 1981-10-20 ) 1981年 10月20日 （42歳）, 日本 神奈川県 藤沢市","","ジャズ, フュージョン, ポピュラー音楽, ロック","サクソフォーン 奏者, フルート 奏者, 作曲家, 編曲家, 音楽プロデューサー","アルト・サクソフォーン, テナー・サクソフォーン, ソプラノ・サクソフォーン, フルート","2002年 -","ビクター （2005年 - 2016年）, キングレコード （2018年 - ）","","","https://ja.wikipedia.org/wiki/小林香織","Category_日本のジャズ・フルート奏者","https://ja.wikipedia.org/wiki/Category:日本のジャズ・フルート奏者"
"小宅珠実"," 小宅珠実 （こやけ たまみ、 1948年 9月14日 - ）は、日本の ジャズ ・ フルート 奏者の草分け。","","","","","","","","","","","","","https://ja.wikipedia.org/wiki/小宅珠実","Category_日本のジャズ・フルート奏者","https://ja.wikipedia.org/wiki/Category:日本のジャズ・フルート奏者"
"深津純子"," 千葉県 船橋市 出身  。 東京芸術大学音楽学部附属音楽高等学校 卒業   。 慶應義塾大学 文学部 仏文学科 卒業、同 大学院 修士課程 修了  。","","","日本","","","ラテンジャズ","","フルート","","","","","https://ja.wikipedia.org/wiki/深津純子","Category_日本のジャズ・フルート奏者","https://ja.wikipedia.org/wiki/Category:日本のジャズ・フルート奏者"
"Miya"," 日本人の父とイギリス人の母の間に生まれる   。小学生の時にリコーダーを手にし、中学時代からフルートを演奏  。 1998年 、イギリス留学時に、友人が参加するジャズの生演奏を聴き、ジャズに興味を持つ  。 2004年 、 洗足学園音楽大学 音楽学部ジャズコースを卒業し、プロとして活動を開始  。2007年に発表した2枚目のアルバム『Miya’s Book；Music For Seven Days』は、ジャズピアニストの 山下洋輔 をエグゼクティブプロデューサーに迎えて制作された  。","","","日本 ・ 東京都","","","ジャズ 、 即興演奏","","フルート","2004年 -","","","","https://ja.wikipedia.org/wiki/Miya","Category_日本のジャズ・フルート奏者","https://ja.wikipedia.org/wiki/Category:日本のジャズ・フルート奏者"
"YUKARI"," 東京外国語大学 ドイツ語 科在学中 バックパッキング で20カ国回りながら、 ワールドミュージック を学ぶ。","","","日本 静岡県 沼津市","","","ジャズ","","フルート","","","","","https://ja.wikipedia.org/wiki/YUKARI","Category_日本のジャズ・フルート奏者","https://ja.wikipedia.org/wiki/Category:日本のジャズ・フルート奏者"
