﻿"タイトル","コメント","出生名","別名","出身地","生誕","死没","ジャンル","職業","担当楽器","活動期間","レーベル","共同作業者","メンバー","URL","親リストタイトル","親リストURL"
"Contents","","","","","","","","","","","","","","","Category_American_jazz_pianists_Wein,+George","https://en.wikipedia.org/w/index.php?title=Category:American_jazz_pianists&pagefrom=Wein,+George\nGeorge+Wein#mw-pages"
"Pages_in_category","","","","","","","","","","","","","","","Category_American_jazz_pianists_Wein,+George","https://en.wikipedia.org/w/index.php?title=Category:American_jazz_pianists&pagefrom=Wein,+George\nGeorge+Wein#mw-pages"
"George Wein"," George Wein (born October 3, 1925) is an American jazz promoter, pianist, and producer.  He is the founder of the Newport Jazz Festival , which is held every summer in Newport, Rhode Island . He also co-founded the Newport Folk Festival with Peter Seeger and Theodore Bikel and was instrumental in the founding of the New Orleans Jazz and Heritage Festival .","","","US","( 1925-10-03 ) October 3, 1925 (age 95), Boston , Massachusetts , US","","Jazz","Festival producer, concert promoter, musician","Piano, vocals","","Arbors","Ruby Braff , Howard Alden , Warren Vache","","https://en.wikipedia.org/wiki/George_Wein","Category_American_jazz_pianists_Wein,+George","https://en.wikipedia.org/w/index.php?title=Category:American_jazz_pianists&pagefrom=Wein,+George\nGeorge+Wein#mw-pages"
"Benny Weinbeck"," Benny Weinbeck (born November 25, 1961 in Winsted, Minnesota) is an American jazz pianist, composer, and media producer.","","","","","","","","","","","","","https://en.wikipedia.org/wiki/Benny_Weinbeck","Category_American_jazz_pianists_Wein,+George","https://en.wikipedia.org/w/index.php?title=Category:American_jazz_pianists&pagefrom=Wein,+George\nGeorge+Wein#mw-pages"
"Michael Weiss (pianist)"," Michael Weiss (born 1958), is a jazz pianist and composer best known for his fifteen-year association with saxophonist Johnny Griffin.","","","","","","","","","","","","","https://en.wikipedia.org/wiki/Michael_Weiss_(pianist)","Category_American_jazz_pianists_Wein,+George","https://en.wikipedia.org/w/index.php?title=Category:American_jazz_pianists&pagefrom=Wein,+George\nGeorge+Wein#mw-pages"
"Dick Wellstood"," Richard MacQueen Wellstood (November 25, 1927 – July 24, 1987) was an American jazz pianist.","Richard MacQueen Wellstood","","U.S.","( 1927-11-25 ) November 25, 1927, Greenwich, Connecticut , U.S.","July 24, 1987 (1987-07-24) (aged 59), Palo Alto, California","Jazz","Musician","Piano","1940s–1980s","","","","https://en.wikipedia.org/wiki/Dick_Wellstood","Category_American_jazz_pianists_Wein,+George","https://en.wikipedia.org/w/index.php?title=Category:American_jazz_pianists&pagefrom=Wein,+George\nGeorge+Wein#mw-pages"
"Kenny Werner"," Kenny Werner (born November 19, 1951) is an American jazz pianist, composer, and author. ","","","U.S.","( 1951-11-19 ) November 19, 1951 (age 69), Brooklyn, New York, U.S.","","Jazz","Musician","Piano","1961–present","Concord , RCA , Double-Time , Half Note , Justin Time","Joe Lovano , Betty Buckley","","https://en.wikipedia.org/wiki/Kenny_Werner","Category_American_jazz_pianists_Wein,+George","https://en.wikipedia.org/w/index.php?title=Category:American_jazz_pianists&pagefrom=Wein,+George\nGeorge+Wein#mw-pages"
"Randy Weston"," Randolph Edward \" Randy \" Weston (April 6, 1926 – September 1, 2018) was an American jazz pianist and composer whose creativity was inspired by his ancestral African connection. ","Randolph Edward Weston","","U.S.","( 1926-04-06 ) April 6, 1926, New York City, New York City, U.S.","September 1, 2018 (2018-09-01) (aged 92), New York City","Jazz , African jazz, world fusion","Musician, composer, bandleader","Piano","1950s–2018","Riverside , Antilles , Verve , Motéma","Melba Liston","","https://en.wikipedia.org/wiki/Randy_Weston","Category_American_jazz_pianists_Wein,+George","https://en.wikipedia.org/w/index.php?title=Category:American_jazz_pianists&pagefrom=Wein,+George\nGeorge+Wein#mw-pages"
"Matthew Whitaker (pianist)"," Matthew Whitaker (born April 3, 2001) is an American jazz pianist. Blind since birth, he has performed at venues including Carnegie Hall , the Kennedy Center , Lincoln Center and the Apollo Theater , where, at 10, he was the opening performer for Stevie Wonder induction into the Apollo Theater's Hall of Fame.      Whitaker is the subject of Thrive, a 13-minute documentary about \"the prodigious talent and irrepressible spirit of a musically precocious 12-year-old blind boy.\" ","","","U.S.","( 2001-04-03 ) April 3, 2001 (age 20), Hackensack, New Jersey , U.S.","","Jazz","","Piano, Organ","","","","","https://en.wikipedia.org/wiki/Matthew_Whitaker_(pianist)","Category_American_jazz_pianists_Wein,+George","https://en.wikipedia.org/w/index.php?title=Category:American_jazz_pianists&pagefrom=Wein,+George\nGeorge+Wein#mw-pages"
"Sonny White"," Ellerton Oswald White (November 11, 1917, Panama City , Panama - April 28, 1971, New York City ), better known as Sonny White , was a jazz pianist.","","","","","","","","","","","","","https://en.wikipedia.org/wiki/Sonny_White","Category_American_jazz_pianists_Wein,+George","https://en.wikipedia.org/w/index.php?title=Category:American_jazz_pianists&pagefrom=Wein,+George\nGeorge+Wein#mw-pages"
"George Whitty"," George Whitty is an American musician, composer, record producer, audio engineer and music educator, currently living near Los Angeles , California , United States. He won an Emmy Award in 2014 for his work as a composer for the television series, All My Children , and produced three Grammy Award winning CDs (most recently Randy Brecker 's 34th N Lex ).  Whitty was nominated for Emmy Awards for his composing on the long-running TV shows One Life to Live and As the World Turns . ","","","","","","","","","","","","","https://en.wikipedia.org/wiki/George_Whitty","Category_American_jazz_pianists_Wein,+George","https://en.wikipedia.org/w/index.php?title=Category:American_jazz_pianists&pagefrom=Wein,+George\nGeorge+Wein#mw-pages"
"Patti Wicks"," Patti Wicks (born Patricia Ellen Chappell ; February 24, 1945 – March 7, 2014) was an American jazz singer and pianist.  ","Patricia Ellen Chappell","","U.S.","( 1945-02-24 ) February 24, 1945, Islip, New York , U.S.","March 7, 2014 (2014-03-07) (aged 69), West Palm Beach, Florida","Jazz","Singer","Piano","1972–2009","Maxjazz","","","https://en.wikipedia.org/wiki/Patti_Wicks","Category_American_jazz_pianists_Wein,+George","https://en.wikipedia.org/w/index.php?title=Category:American_jazz_pianists&pagefrom=Wein,+George\nGeorge+Wein#mw-pages"
"Gerald Wiggins"," Gerald Foster Wiggins, Sr. (May 12, 1922 – July 13, 2008) was a jazz pianist and organist. ","Gerald Foster Wiggins","","U.S.","( 1922-05-12 ) May 12, 1922, New York City , New York , U.S.","July 13, 2008 (2008-07-13) (aged 86), Encino, California , U.S.","Jazz","Musician, composer, arranger","Piano, organ","","","","","https://en.wikipedia.org/wiki/Gerald_Wiggins","Category_American_jazz_pianists_Wein,+George","https://en.wikipedia.org/w/index.php?title=Category:American_jazz_pianists&pagefrom=Wein,+George\nGeorge+Wein#mw-pages"
"Eddie Wilcox"," Eddie Wilcox (December 27, 1907 – September 29, 1968) was an American jazz pianist and arranger.","","","","","","","","","","","","","https://en.wikipedia.org/wiki/Eddie_Wilcox","Category_American_jazz_pianists_Wein,+George","https://en.wikipedia.org/w/index.php?title=Category:American_jazz_pianists&pagefrom=Wein,+George\nGeorge+Wein#mw-pages"
"Earl Wild"," Earl Wild (November 26, 1915 – January 23, 2010) was an American pianist known for his transcriptions of jazz and classical music .","","","","","","","","","","","","","https://en.wikipedia.org/wiki/Earl_Wild","Category_American_jazz_pianists_Wein,+George","https://en.wikipedia.org/w/index.php?title=Category:American_jazz_pianists&pagefrom=Wein,+George\nGeorge+Wein#mw-pages"
"Dave \"Fat Man\" Williams"," Dave Albert Williams Jr. (August 20, 1920 – March 12, 1982) was an American jazz, blues, and rhythm & blues pianist, bandleader, singer, and songwriter.  He was the author of \"I Ate Up The Apple Tree\", a staple of contemporary New Orleans brass bands. His career as a working musician spanned five decades.","Dave Albert Williams Jr.","","Louisiana","( 1920-08-20 ) August 20, 1920, New Orleans, Louisiana","March 12, 1982 (1982-03-12) (aged 61), New Orleans","Jazz , blues , rhythm and blues","Pianist, singer, songwriter, bandleader","Piano","1930s–1982","Ego, New Orleans , GHB , Music Mecca, Ace , CSA, Black Magic, Black Top","","","https://en.wikipedia.org/wiki/Dave_\"Fat_Man\"_Williams","Category_American_jazz_pianists_Wein,+George","https://en.wikipedia.org/w/index.php?title=Category:American_jazz_pianists&pagefrom=Wein,+George\nGeorge+Wein#mw-pages"
"James Williams (musician)"," James Williams (March 8, 1951 – July 20, 2004) was an American jazz pianist. ","","","","","","","","","","","","","https://en.wikipedia.org/wiki/James_Williams_(musician)","Category_American_jazz_pianists_Wein,+George","https://en.wikipedia.org/w/index.php?title=Category:American_jazz_pianists&pagefrom=Wein,+George\nGeorge+Wein#mw-pages"
"Jessica Williams (musician)"," Jessica Jennifer Williams (born March 17, 1948) is an American jazz pianist and composer.","","","U.S.","( 1948-03-17 ) March 17, 1948 (age 73), Baltimore, Maryland , U.S.","","Jazz , Electronic","Musician","Piano, Synthesizers, Trap Drums, B3 Organ, Contrabass","1960s–present","Red and Blue, Candid , Concord , Maxjazz , Timeless , Hep , Jazz Focus","","","https://en.wikipedia.org/wiki/Jessica_Williams_(musician)","Category_American_jazz_pianists_Wein,+George","https://en.wikipedia.org/w/index.php?title=Category:American_jazz_pianists&pagefrom=Wein,+George\nGeorge+Wein#mw-pages"
"John Williams (pianist)"," John Thomas Williams (January 28, 1929 – December 2018) was an American jazz pianist.","","","","","","","","","","","","","https://en.wikipedia.org/wiki/John_Williams_(pianist)","Category_American_jazz_pianists_Wein,+George","https://en.wikipedia.org/w/index.php?title=Category:American_jazz_pianists&pagefrom=Wein,+George\nGeorge+Wein#mw-pages"
"Mary Lou Williams"," Mary Lou Williams (born Mary Elfrieda Scruggs ; May 8, 1910 – May 28, 1981)  was an American jazz pianist, arranger, and composer. She wrote hundreds of compositions and arrangements and recorded more than one hundred records (in 78, 45, and LP versions).  Williams wrote and arranged for Duke Ellington and Benny Goodman , and she was friend, mentor, and teacher to Thelonious Monk , Charlie Parker , Miles Davis , Tadd Dameron , Bud Powell , and Dizzy Gillespie .","Mary Elfrieda Scruggs","","U.S.","( 1910-05-08 ) May 8, 1910, Atlanta, Georgia, U.S.","May 28, 1981 (1981-05-28) (aged 71), Durham , North Carolina","Jazz , gospel , swing , third stream , bebop","Musician, composer, arranger, bandleader","Piano","1920–1981","Brunswick , Decca , Columbia, Savoy, Asch , Folkways , Victor , King , Atlantic , Circle , Vogue , Prestige, Chiaroscuro, SteepleChase, Pablo","","","https://en.wikipedia.org/wiki/Mary_Lou_Williams","Category_American_jazz_pianists_Wein,+George","https://en.wikipedia.org/w/index.php?title=Category:American_jazz_pianists&pagefrom=Wein,+George\nGeorge+Wein#mw-pages"
"Spencer Williams"," Spencer Williams (October 14, 1889 – July 14, 1965)  was an American jazz and popular music composer, pianist, and singer. He is best known for his hit songs \" Basin Street Blues \", \" I Ain't Got Nobody \", \" Royal Garden Blues \", \" I've Found a New Baby \", \" Everybody Loves My Baby \", \" Tishomingo Blues \", and many others. ","Spencer Williams","","U.S.","( 1889-10-14 ) October 14, 1889, New Orleans , U.S.","July 14, 1965 (1965-07-14) (aged 75), Flushing, New York , U.S.","Jazz , popular music","Composer, musician","Piano, vocals","","","Fats Waller , Josephine Baker","","https://en.wikipedia.org/wiki/Spencer_Williams","Category_American_jazz_pianists_Wein,+George","https://en.wikipedia.org/w/index.php?title=Category:American_jazz_pianists&pagefrom=Wein,+George\nGeorge+Wein#mw-pages"
"Valdo Williams"," Valdo O. Williams (March 30, 1928 – July 8, 2010)   was a Canadian post bop free jazz pianist best known for his trio work with Reggie Johnson and Stu Martin , who recorded together for the Savoy record label. He also appeared on Canadian television with Charlie Parker in the 1950s and later with Hal Singer in the 1960s. ","","","","","","","","","","","","","https://en.wikipedia.org/wiki/Valdo_Williams","Category_American_jazz_pianists_Wein,+George","https://en.wikipedia.org/w/index.php?title=Category:American_jazz_pianists&pagefrom=Wein,+George\nGeorge+Wein#mw-pages"
"Claude Williamson"," Claude Berkeley Williamson (November 18, 1926 – July 16, 2016) was an American jazz pianist.","","","","","","","","","","","","","https://en.wikipedia.org/wiki/Claude_Williamson","Category_American_jazz_pianists_Wein,+George","https://en.wikipedia.org/w/index.php?title=Category:American_jazz_pianists&pagefrom=Wein,+George\nGeorge+Wein#mw-pages"
"Larry Willis"," Lawrence Elliott Willis (December 20, 1942 – September 29, 2019) was an American jazz pianist and composer. He performed in a wide range of styles, including jazz fusion , Afro-Cuban jazz , bebop , and avant-garde .","Lawrence Elliott Willis","","U.S.","( 1942-12-20 ) December 20, 1942, Harlem , New York City , U.S.","September 29, 2019 (2019-09-29) (aged 76), Baltimore , Maryland , U.S.","Jazz , jazz fusion , Afro-Cuban jazz , bebop , post-bop , avant-garde jazz","Musician, composer","Piano","1965–2019","","Nat Adderley , Blood, Sweat & Tears , Jerry Gonzalez , Roy Hargrove , Jackie McLean , Hugh Masekela , Woody Shaw","","https://en.wikipedia.org/wiki/Larry_Willis","Category_American_jazz_pianists_Wein,+George","https://en.wikipedia.org/w/index.php?title=Category:American_jazz_pianists&pagefrom=Wein,+George\nGeorge+Wein#mw-pages"
"Burt Wilson"," Burt Wilson (January 24, 1933 – January 6, 2021) was an American philosopher, writer, broadcaster, jazz musician, political activist, playwright, and former advertising executive.","","","California","Burt John Wilson, ( 1933-01-24 ) January 24, 1933, Stockton, California","January 6, 2021 (2021-01-06) (aged 87), New Berlin, New York , U.S.","","","","","","","","https://en.wikipedia.org/wiki/Burt_Wilson","Category_American_jazz_pianists_Wein,+George","https://en.wikipedia.org/w/index.php?title=Category:American_jazz_pianists&pagefrom=Wein,+George\nGeorge+Wein#mw-pages"
"Buster Wilson"," Albert Wesley \" Buster \" Wilson (1897 - October 23, 1949) was an American jazz pianist.","Albert Wesley Wilson","Buster Wilson","U.S.","1897, Atlanta , Georgia, U.S.","1949","Jazz","","Piano","","","","","https://en.wikipedia.org/wiki/Buster_Wilson","Category_American_jazz_pianists_Wein,+George","https://en.wikipedia.org/w/index.php?title=Category:American_jazz_pianists&pagefrom=Wein,+George\nGeorge+Wein#mw-pages"
"Garland Wilson"," Garland Lorenzo Wilson (June 13, 1909 – May 31, 1954) was an American jazz pianist born in Martinsburg, West Virginia , perhaps best known for his work with Nina Mae McKinney . Wilson was a boogie-woogie and stride pianist . ","Garland Lorenzo Wilson","","U.S.","( 1909-06-13 ) June 13, 1909, Martinsburg, West Virginia , U.S.","May 31, 1954 (1954-05-31) (aged 44)","Jazz, Blues, Boogie-woogie","Musician","Piano","","","Herman Chittison, Nina Mae McKinney","","https://en.wikipedia.org/wiki/Garland_Wilson","Category_American_jazz_pianists_Wein,+George","https://en.wikipedia.org/w/index.php?title=Category:American_jazz_pianists&pagefrom=Wein,+George\nGeorge+Wein#mw-pages"
"Teddy Wilson"," Theodore Shaw Wilson (November 24, 1912 – July 31, 1986)  was an American jazz pianist. Described by critic Scott Yanow as \"the definitive swing pianist\",  Wilson had a sophisticated, elegant style. His work was featured on the records of many of the biggest names in jazz, including Louis Armstrong , Lena Horne , Benny Goodman , Billie Holiday , and Ella Fitzgerald . With Goodman, he was one of the first black musicians to appear prominently with white musicians. In addition to his extensive work as a sideman, Wilson also led his own groups and recording sessions from the late 1920s to the 1980s.","Theodore Shaw Wilson","","U.S.","( 1912-11-24 ) November 24, 1912, Austin, Texas , U.S.","July 31, 1986 (1986-07-31) (aged 73), New Britain, Connecticut , U.S,","Jazz","Musician","Piano","","","Louis Armstrong , Earl Hines , Billie Holiday , Lester Young , Lena Horne , Benny Goodman","","https://en.wikipedia.org/wiki/Teddy_Wilson","Category_American_jazz_pianists_Wein,+George","https://en.wikipedia.org/w/index.php?title=Category:American_jazz_pianists&pagefrom=Wein,+George\nGeorge+Wein#mw-pages"
"Mike Wofford"," Mike Wofford (born in San Antonio, Texas ) is a jazz pianist who was raised in San Diego, California .  He was an accompanist to singers Sarah Vaughan (in 1979) and Ella Fitzgerald (1989–1994). ","","","","","","","","","","","","","https://en.wikipedia.org/wiki/Mike_Wofford","Category_American_jazz_pianists_Wein,+George","https://en.wikipedia.org/w/index.php?title=Category:American_jazz_pianists&pagefrom=Wein,+George\nGeorge+Wein#mw-pages"
"Michael Wolff (musician)"," Michael Blieden Wolff (born July 31, 1952) is an American jazz pianist & actor. He was the bandleader on The Arsenio Hall Show (1989–94).   ","Michael Blieden Wolff","","New Orleans, Louisiana","( 1952-07-31 ) July 31, 1952 (age 68), Victorville, California , U.S.","","Jazz","Musician, Actor","Piano","1975–present","Columbia , Pony Canyon , Razor & Tie","Impure Thoughts","","https://en.wikipedia.org/wiki/Michael_Wolff_(musician)","Category_American_jazz_pianists_Wein,+George","https://en.wikipedia.org/w/index.php?title=Category:American_jazz_pianists&pagefrom=Wein,+George\nGeorge+Wein#mw-pages"
"Lyman Woodard"," Lyman Woodard (March 3, 1942 – February 25, 2009) was a Detroit -based jazz organist noted for fusing his music with Latin and Afro-Cuban-inspired rhythms.  From the late 1960s, Woodard recorded with a number of Motown acts, and served as musical director for Martha and the Vandellas . But releases – such as his 1975 Saturday Night Special – and the legacy of his namesake outfit, the Lyman Woodard Organization, helped define Motor City's lesser-known jazz-funk heritage.","Lyman Elnathan Woodard III","","","( 1942-03-03 ) March 3, 1942","February 24, 2009 (2009-02-24) (aged 66), Owosso , Michigan , United States","Jazz, Fusion, Soul, Funk","","Hammond B-3 , Piano","1975–2008","","The Lyman Woodard Organization, Martha & the Vandellas, Undisputed Truth, 8th Day","","https://en.wikipedia.org/wiki/Lyman_Woodard","Category_American_jazz_pianists_Wein,+George","https://en.wikipedia.org/w/index.php?title=Category:American_jazz_pianists&pagefrom=Wein,+George\nGeorge+Wein#mw-pages"
"Sam Wooding"," Sam Wooding (né Samuel David Wooding ; 17 June 1895 – 1 August 1985) was an American jazz pianist , arranger and bandleader living and performing in Europe and the United States.","Samuel David Wooding","","United States","( 1895-06-17 ) 17 June 1895, Philadelphia, Pennsylvania , United States","1 August 1985 (1985-08-01) (aged 90), Manhattan , New York","Jazz","Pianist, arranger , bandleader","","","","","","https://en.wikipedia.org/wiki/Sam_Wooding","Category_American_jazz_pianists_Wein,+George","https://en.wikipedia.org/w/index.php?title=Category:American_jazz_pianists&pagefrom=Wein,+George\nGeorge+Wein#mw-pages"
"Mitch Woods"," Mitch Woods (born April 3, 1951, Brooklyn , New York City, United States  ) is an American modern day boogie-woogie ,  jump blues and jazz pianist and singer.  Since the early 1980s he has been touring and recording with his band, the Rocket 88s.  Woods calls his music, \"rock-a-boogie,\" and with his backing band has retrospectively provided a 1940s and 1950s jump blues style. ","","","United States","( 1951-04-03 ) April 3, 1951 (age 70), Brooklyn , New York City, United States","","Boogie-woogie , jump blues ,  jazz","Pianist, singer, songwriter","Piano, vocals","Early 1980s-present","Blind Pig , various","","","https://en.wikipedia.org/wiki/Mitch_Woods","Category_American_jazz_pianists_Wein,+George","https://en.wikipedia.org/w/index.php?title=Category:American_jazz_pianists&pagefrom=Wein,+George\nGeorge+Wein#mw-pages"
"John Wright (pianist)"," John Albert Wright (September 7, 1934 - December 15, 2017) was an American jazz pianist who was successful in Chicago , especially during the 1960s.","John Albert Wright","","United States","( 1934-09-07 ) September 7, 1934, Louisville, Kentucky , United States","December 15, 2017 (2017-12-15) (aged 83), Chicago , Illinois, United States","Soul jazz, hard bop, mainstream jazz, jazz blues","Musician, composer","piano","","Prestige","Walt Dickerson , Lou Blackburn , Gene Ammons , Dexter Gordon","","https://en.wikipedia.org/wiki/John_Wright_(pianist)","Category_American_jazz_pianists_Wein,+George","https://en.wikipedia.org/w/index.php?title=Category:American_jazz_pianists&pagefrom=Wein,+George\nGeorge+Wein#mw-pages"
"Stan Wrightsman"," Stanley Aubrey \"Stan\" Wrightsman (June 15, 1910 – December 17, 1975) was an American jazz pianist.","Stanley Aubrey Wrightsman","","U.S.","( 1910-06-15 ) June 15, 1910, Gotebo, Oklahoma , U.S.","December 17, 1975 (1975-12-17) (aged 65), Palm Springs, California , U.S.","Jazz","Musician","Piano, celesta","","","","","https://en.wikipedia.org/wiki/Stan_Wrightsman","Category_American_jazz_pianists_Wein,+George","https://en.wikipedia.org/w/index.php?title=Category:American_jazz_pianists&pagefrom=Wein,+George\nGeorge+Wein#mw-pages"
"Richard Wyands"," Richard Francis Wyands (July 2, 1928 – September 25, 2019) was an American jazz pianist, composer, and arranger, best known for his work as a side-man.","","","U.S.","( 1928-07-02 ) July 2, 1928, Oakland, California , U.S.","September 25, 2019 (2019-09-25) (aged 91), New York City","Jazz","Musician, composer, arranger","Piano","1944–2019","","","","https://en.wikipedia.org/wiki/Richard_Wyands","Category_American_jazz_pianists_Wein,+George","https://en.wikipedia.org/w/index.php?title=Category:American_jazz_pianists&pagefrom=Wein,+George\nGeorge+Wein#mw-pages"
"Howard Wyeth"," Howard Pyle Wyeth (April 22, 1944 – March 27, 1996), also known as Howie Wyeth , was an American drummer and pianist. Wyeth is remembered for work with the saxophonist James Moody , the rockabilly singer Robert Gordon , the electric guitarist Link Wray , the rhythm and blues singer Don Covay , and the folk singer Christine Lavin . Best known as a drummer for Bob Dylan , he was a member of the Wyeth family of American artists. ","","","Jersey City, New Jersey , United States","( 1944-04-22 ) April 22, 1944","March 27, 1996 (1996-03-27) (aged 51)","Rock, stride, ragtime, jazz, blues, zydeco","","Drums, piano","","","","","https://en.wikipedia.org/wiki/Howard_Wyeth","Category_American_jazz_pianists_Wein,+George","https://en.wikipedia.org/w/index.php?title=Category:American_jazz_pianists&pagefrom=Wein,+George\nGeorge+Wein#mw-pages"
"Rachel Z"," Rachel Carmel Nicolazzo , better known as Rachel Z , and now Rachel Z Hakim, is a jazz and rock pianist and keyboardist. She has recorded 10 solo albums as a jazz musician. Her musical style has been described by The Guardian as: \"unlike singer/pianists Diana Krall , Norah Jones or Jamie Cullum , whose keyboard skills are closer to the song-based jazz mainstream, Rachel Z is an improviser whose spontaneous playing is by no means eclipsed by the work of presiding geniuses such as Herbie Hancock and McCoy Tyner \". ","Rachel Carmel Nicolazzo","","City","New York City","","Jazz , jazz fusion , alternative rock , rock","Musician","Keyboards","1988–present","Columbia , GRP , NYC , Savoy , Tone Center , Chesky","Peter Gabriel , Wayne Shorter , Steps Ahead , Vertú , OZMoSYS , The OZexperience, The Trio of OZ, Wayne Escofferey, Terri Lyne Carrington , Al di Meola","","https://en.wikipedia.org/wiki/Rachel_Z","Category_American_jazz_pianists_Wein,+George","https://en.wikipedia.org/w/index.php?title=Category:American_jazz_pianists&pagefrom=Wein,+George\nGeorge+Wein#mw-pages"
"Peter Zak"," Peter Zak (born May 13, 1965) is an American jazz pianist and composer.","","","U.S.","( 1965-05-13 ) May 13, 1965 (age 56), Los Angeles , California, U.S.","","Jazz","Musician, composer","Piano","Late 1980s–present","","","","https://en.wikipedia.org/wiki/Peter_Zak","Category_American_jazz_pianists_Wein,+George","https://en.wikipedia.org/w/index.php?title=Category:American_jazz_pianists&pagefrom=Wein,+George\nGeorge+Wein#mw-pages"
"Glenn Zaleski"," Glenn Zaleski is an American jazz pianist, keyboardist, composer, and arranger.","","","U.S.","1987 or 1988 , Boylston, Massachusetts , U.S.","","Jazz","Musician, composer, arranger","Piano, keyboards","","Sunnyside","","","https://en.wikipedia.org/wiki/Glenn_Zaleski","Category_American_jazz_pianists_Wein,+George","https://en.wikipedia.org/w/index.php?title=Category:American_jazz_pianists&pagefrom=Wein,+George\nGeorge+Wein#mw-pages"
"Denny Zeitlin"," Denny Zeitlin (born 10 April 1938) is an American jazz pianist, composer, and clinical professor of psychiatry at University of California, San Francisco . Since 1963, he has recorded more than 100 compositions and was a first-place winner in the DownBeat International Jazz Critics' Poll in 1965 and 1974. He composed the soundtrack for the 1978 science-fiction horror film Invasion of the Body Snatchers . ","Dennis Jay Zeitlin","","U.S.","( 1938-04-10 ) April 10, 1938 (age 83), Chicago, Illinois, U.S.","","Jazz","Musician, composer, clinical professor of psychiatry","Piano, synthesizer","1952–present","Columbia / CBS , Sunnyside Records","","","https://en.wikipedia.org/wiki/Denny_Zeitlin","Category_American_jazz_pianists_Wein,+George","https://en.wikipedia.org/w/index.php?title=Category:American_jazz_pianists&pagefrom=Wein,+George\nGeorge+Wein#mw-pages"
"Bob Zurke"," Bob Zurke (January 7, 1912 – February 16, 1944) was a significant American jazz pianist, arranger, composer and briefly a bandleader during the Swing Era.","","","","","","","","","","","","","https://en.wikipedia.org/wiki/Bob_Zurke","Category_American_jazz_pianists_Wein,+George","https://en.wikipedia.org/w/index.php?title=Category:American_jazz_pianists&pagefrom=Wein,+George\nGeorge+Wein#mw-pages"
"American jazz musicians by instrument"," This category has the following 30 subcategories, out of 30 total.","","","","","","","","","","","","","https://en.wikipedia.org/wiki/Category:American_jazz_musicians_by_instrument","Category_American_jazz_pianists_Wein,+George","https://en.wikipedia.org/w/index.php?title=Category:American_jazz_pianists&pagefrom=Wein,+George\nGeorge+Wein#mw-pages"
"Jazz pianists by nationality"," This category has the following 43 subcategories, out of 43 total.","","","","","","","","","","","","","https://en.wikipedia.org/wiki/Category:Jazz_pianists_by_nationality","Category_American_jazz_pianists_Wein,+George","https://en.wikipedia.org/w/index.php?title=Category:American_jazz_pianists&pagefrom=Wein,+George\nGeorge+Wein#mw-pages"
"American pianists"," This category has the following 12 subcategories, out of 12 total.","","","","","","","","","","","","","https://en.wikipedia.org/wiki/Category:American_pianists","Category_American_jazz_pianists_Wein,+George","https://en.wikipedia.org/w/index.php?title=Category:American_jazz_pianists&pagefrom=Wein,+George\nGeorge+Wein#mw-pages"
"Commons category link is on Wikidata"," This category has the following 200 subcategories, out of 293,009 total.","","","","","","","","","","","","","https://en.wikipedia.org/wiki/Category:Commons_category_link_is_on_Wikidata","Category_American_jazz_pianists_Wein,+George","https://en.wikipedia.org/w/index.php?title=Category:American_jazz_pianists&pagefrom=Wein,+George\nGeorge+Wein#mw-pages"
"Template Category TOC via CatAutoTOC on category with 601–900 pages"," Populated by pages where Template:Category TOC has been used by {{ CatAutoTOC }} on a category with 601–900 pages .","","","","","","","","","","","","","https://en.wikipedia.org/wiki/Category:Template_Category_TOC_via_CatAutoTOC_on_category_with_601–900_pages","Category_American_jazz_pianists_Wein,+George","https://en.wikipedia.org/w/index.php?title=Category:American_jazz_pianists&pagefrom=Wein,+George\nGeorge+Wein#mw-pages"
"CatAutoTOC generates standard Category TOC"," Categories which use {{ CatAutoTOC }}, grouped by what CatAutoTOC does on each page:","","","","","","","","","","","","","https://en.wikipedia.org/wiki/Category:CatAutoTOC_generates_standard_Category_TOC","Category_American_jazz_pianists_Wein,+George","https://en.wikipedia.org/w/index.php?title=Category:American_jazz_pianists&pagefrom=Wein,+George\nGeorge+Wein#mw-pages"
