﻿"タイトル","コメント","出生名","別名","出身地","生誕","死没","ジャンル","職業","担当楽器","活動期間","レーベル","共同作業者","メンバー","URL","親リストタイトル","親リストURL"
"荒川康男"," 1939年6月12日、神戸市に生まれた。 御影 に住んでいたが、 第二次世界大戦 のあおりで 鳥取県 との県境に近い日本海側の 美方郡 諸寄に疎開していた  。小学校に上がるころに 終戦 を迎え、芦屋山手小学校に通った。そこでの同窓生にジャズ・ミュージシャンの清水閏、木村新弥らがいる  。","","","日本 神戸市","( 1939-06-12 ) 1939年 6月12日 （84歳）","","ジャズ","ミュージシャン 作曲家","ベース","1957 -","","前田憲男 猪俣猛 稲垣次郎","","https://ja.wikipedia.org/wiki/荒川康男","Category_日本のジャズ・ベーシスト","https://ja.wikipedia.org/wiki/Category:日本のジャズ・ベーシスト"
"犬塚弘"," コミックバンド 「 ハナ肇とクレージーキャッツ 」で最後まで存命だった人物で、 昭和 ・ 平成 ・ 令和 時代と3代に渡って存命した唯一のメンバーでもあった  。最終所属は 境事務所 。","犬塚 弘（ひろむ）","","","( 1929-03-23 ) 1929年 3月23日","","","俳優, コメディアン, ベーシスト","","1955年 - 2023年","","","","https://ja.wikipedia.org/wiki/犬塚弘","Category_日本のジャズ・ベーシスト","https://ja.wikipedia.org/wiki/Category:日本のジャズ・ベーシスト"
"岡沢章"," 1968年、グループサウンズ「M」にてデビュー。1970年には「 稲垣次郎 とソウル・メディア」に加入。その後、本格的にスタジオ・ミュージシャンの活動を開始。現在、レコーディング・セッションやアーティストのサポートメンバーとして活動する。","","","日本 東京都 銀座","( 1951-03-23 ) 1951年 3月23日 （72歳）","","ジャズ","ミュージシャン","ベース","1968年 -","","","","https://ja.wikipedia.org/wiki/岡沢章","Category_日本のジャズ・ベーシスト","https://ja.wikipedia.org/wiki/Category:日本のジャズ・ベーシスト"
"岡田勉"," 上智大学 在学中に音楽活動を開始。数々のジャズミュージシャンの作品に参加している。 綾戸智絵 のファースト及びセカンドアルバム、 与世山澄子 のデビューアルバムへの参加などもある。参加作品への楽曲提供も多い。","岡田勉","ベンさん","日本 愛媛県 南宇和郡","( 1948-12-23 ) 1948年 12月23日","( 2013-10-02 ) 2013年 10月2日 （64歳没）","ジャズ","ベーシスト 、 作曲家","ベース","1968年 - 2013年","","","","https://ja.wikipedia.org/wiki/岡田勉","Category_日本のジャズ・ベーシスト","https://ja.wikipedia.org/wiki/Category:日本のジャズ・ベーシスト"
"小川晋平"," ジャズベーシストとして サンフランシスコ 、 ニューヨーク を経て現在は 東京 に拠点を移し、 小曽根真 や 日野皓正 、 大林武司 、 黒田卓也 、Gene Jackson、 宮本貴奈 など数多くのジャズ・ミュージシャンからの信頼を得て活動している。","","","日本 ・ 愛知県 岡崎市","( 1994-01-19 ) 1994年 1月19日 （29歳）","","ジャズ","ベーシスト 、 作曲家 ・ 編曲家","ウッドベース 、 エレキベース","","","From OZONE till DAWN（2022年 - ）","","https://ja.wikipedia.org/wiki/小川晋平","Category_日本のジャズ・ベーシスト","https://ja.wikipedia.org/wiki/Category:日本のジャズ・ベーシスト"
"納浩一"," 大阪府 出身。 甲陽学院中学校・高等学校 （60回）を経て、1984年  京都大学経済学部 卒業。同12月、 バークリー音楽大学 （ ボストン市 ）に留学した。","","","日本 ・ 大阪府","( 1960-10-24 ) 1960年 10月24日 （63歳）","","ジャズ","","ベース","","","","","https://ja.wikipedia.org/wiki/納浩一","Category_日本のジャズ・ベーシスト","https://ja.wikipedia.org/wiki/Category:日本のジャズ・ベーシスト"
"塩田哲嗣"," 1996年にニューオリンズで数年活動後、帰国するが2001年に再度、米国ニューヨークへ渡る。この間 大坂昌彦 など数多くのミュージシャンと共演を行っている   。","","","日本 東京都 世田谷区","( 1969-08-08 ) 1969年 8月8日 （54歳）","","ジャズ ・ ファンク ・ ソウル ・ R&B ・ Jpop ・ フュージョン","ミュージシャン ・ レコーディングエンジニア ・ 音楽プロデューサー ・ 作曲家","コントラバス ・ エレクトリックベース","1992年 -","","","","https://ja.wikipedia.org/wiki/塩田哲嗣","Category_日本のジャズ・ベーシスト","https://ja.wikipedia.org/wiki/Category:日本のジャズ・ベーシスト"
"嶋友行"," 嶋 友行 （しま ともゆき、 1961年 1月7日 - 2012年 3月2日   ）は、 宮城県 仙台市 出身の 音楽家 。ジャズベーシスト  。","","","","","","","","","","","","","https://ja.wikipedia.org/wiki/嶋友行","Category_日本のジャズ・ベーシスト","https://ja.wikipedia.org/wiki/Category:日本のジャズ・ベーシスト"
"鈴木勲"," 立教大学 在学中、来日した ルイ・アームストロング ・オールスターズの公演を聴き特にベース奏者の ミルト・ヒントン に衝撃を受ける  。 1956年 には 米軍 ベースキャンプで演奏を始める  。その後 松本英彦 カルテット、 渡辺貞夫 グループに入り活動  。また自己のグループ結成後ファイブスポット等でライブ活動を行う  。 1963年 の「幻の銀巴里セッション」でも 菊地雅章 、 富樫雅彦 、 金井英人 とのセッションを残している。 1970年 、来日した アート・ブレイキー にスカウトされ渡米、 ジャズ・メッセンジャーズ （ 英語版 ） の一員となり全米、欧州をツアー  。帰国後TBMレーベルで『ブロー・アップ』（日本ジャズ賞受賞）等の名作を録音  。 その後もジャンルを問わず多くの内外ミュージシャンと共演し、後年は日本の若手ミュージシャンの教育にも力を注いだ  。","鈴木 （ すずき ） 勲夫 （ いさお ） ","","日本 ・ 東京都","( 1933-01-02 ) 1933年 1月2日","( 2022-03-08 ) 2022年 3月8日 （89歳没）, 日本 ・ 神奈川県 川崎市 中原区","ジャズ","ベース 奏者、 作曲家 、 編曲家 、 バンドマスター","ベース","1953年 - 2022年","","","","https://ja.wikipedia.org/wiki/鈴木勲","Category_日本のジャズ・ベーシスト","https://ja.wikipedia.org/wiki/Category:日本のジャズ・ベーシスト"
"鈴木良雄"," 長野県 木曽郡 木曽福島町 （現・ 木曽町 ）生まれ。 杉並区立松溪中学校 、 東京都立杉並高等学校 、 早稲田大学第一文学部 卒業  。","","","日本 長野県 木曽郡 木曽福島町","( 1946-03-21 ) 1946年 3月21日 （77歳）","","ジャズ","ベーシスト 、 ピアニスト 、 作曲家","ベース","1967年 -","","","","https://ja.wikipedia.org/wiki/鈴木良雄","Category_日本のジャズ・ベーシスト","https://ja.wikipedia.org/wiki/Category:日本のジャズ・ベーシスト"
"橘麻美"," 幼少期よりピアノを始め、中学校では吹奏楽部でホルンを、高校ではジャズ部でウッドベースを担当する。高校卒業後一般の大学に進学するが、音楽の道を諦めきれずに中退、以降本格的に作曲やアレンジの勉強に取り組むようになる  。","","","日本 ・ 神奈川県","( 1987-04-28 ) 1987年 4月28日 （36歳）","","劇伴音楽 、 サウンドトラック","作曲家 、 編曲家, ウッドベース 奏者","","2011年 -","","","","https://ja.wikipedia.org/wiki/橘麻美","Category_日本のジャズ・ベーシスト","https://ja.wikipedia.org/wiki/Category:日本のジャズ・ベーシスト"
"寺川正興"," 寺川 正興 （てらかわ まさおき、 1939年 12月17日 - 2005年 2月2日 ）は、 日本 の ジャズ ・ ベーシスト 、 スタジオ・ミュージシャン である  。","","","","","","","","","","","","","https://ja.wikipedia.org/wiki/寺川正興","Category_日本のジャズ・ベーシスト","https://ja.wikipedia.org/wiki/Category:日本のジャズ・ベーシスト"
"刀祢直和"," 刀祢直和 \" TONE \"( とねなおかず )は、 日本 の ジャズ ベース 、 コントラバス 奏者及び 作曲家 。","","","","","","","","","","","","","https://ja.wikipedia.org/wiki/刀祢直和","Category_日本のジャズ・ベーシスト","https://ja.wikipedia.org/wiki/Category:日本のジャズ・ベーシスト"
"中村照夫"," 中村照夫は、1964年から ニューヨーク で演奏を始めた。1969年には、 ロイ・ヘインズ のヒップ・アンサンブルに参加する。同じ年、 スティーヴ・グロスマン と、 レニー・ホワイト と共にトリオで仕事をした。2人は、中村のデビュー作であり リーダー 作である1973年のアルバム『ユニコーン』に参加。このアルバムには他にも ヒューバート・イーヴスIII世 や、 アルフォンス・ムゾーン 、 チャールズ・サリヴァン 、 ジョージ・ケイブルス ら当時のニューヨークの俊英達が参加、その音楽性から後にロンドン発の レア・グルーヴ ・シーンで人気アルバムともなり、現在の和ジャズ・シーンへの注目のきっかけともなった。その後、 スタンリー・タレンタイン のバンドに参加。1976年にグループを抜け、自らのグループ「ライジング・サン」を結成。1976年にリリースしたアルバム『ライジング・サン』、1977年にリリースしたアルバム『マンハッタン・スペシャル』作曲・アレンジは森士郎 shiro mori（日本国内でのタイトルは『ソング・オブ・ザ・バード』）は、『 ビルボード 』誌をはじめとする業界紙の全米ジャズ・チャートでトップ10に達した  。","","","日本 東京都","( 1942-03-01 ) 1942年 3月1日 （81歳）","","","ミュージシャン、音楽プロデューサー","ベース","","","","","https://ja.wikipedia.org/wiki/中村照夫","Category_日本のジャズ・ベーシスト","https://ja.wikipedia.org/wiki/Category:日本のジャズ・ベーシスト"
"中村梅雀 (2代目)"," 歌舞伎役者 としての続柄は以下の通り。","三井進一","","","( 1955-12-12 ) 1955年 12月12日 （68歳）","","テレビドラマ ・ 映画 ・ 舞台","俳優 ・ ベーシスト ・ 作曲家","","1965年 -","","","","https://ja.wikipedia.org/wiki/中村梅雀_(2代目)","Category_日本のジャズ・ベーシスト","https://ja.wikipedia.org/wiki/Category:日本のジャズ・ベーシスト"
"中山英二"," 北海道 札幌市 出身   。 埼玉県 熊谷市 在住  。","","","日本 北海道 札幌市","1948年11月21日","","ジャズ","ウッドベース 奏者, 作曲家, 音楽プロデューサー","ベース","1975年 -","","","","https://ja.wikipedia.org/wiki/中山英二","Category_日本のジャズ・ベーシスト","https://ja.wikipedia.org/wiki/Category:日本のジャズ・ベーシスト"
"日景修"," 中学時代オーケストラ部に所属し、 コントラバス を担当しながら音楽の基礎を学ぶ。金沢大学入学後、 金沢大学モダン・ジャズ・ソサエティ に所属しジャズの演奏を始める。","","","日本 秋田県","1968年 ?? 月 ?? 日","","ジャズ","ジャズベース奏者","ベース","","","","","https://ja.wikipedia.org/wiki/日景修","Category_日本のジャズ・ベーシスト","https://ja.wikipedia.org/wiki/Category:日本のジャズ・ベーシスト"
"藤原清登"," 音楽家の両親のもと、 ロック 好きなサッカー少年として過ごす。中学時代に従兄弟の影響で ジャズ に開眼。16歳でベースを始め、 東京藝術大学 音楽部教授の今村清一に師事。1974年に渡米。 バークリー音楽大学 を経て ジュリアード音楽院 を卒業。同院にて ニューヨーク・フィル 首席コントラバス奏者ジョン・シェイファーに就いて学ぶ。21歳、 ホレス・シルヴァー ・クインテットにてアメリカ・デビューしツアーに参加。1977年に クリフォード・ジョーダン のアルバム『リメンバリング・メメ』(Muse)、シャメク・ファラー&ソネリアス・スミスのアルバム『ザ・ワールド・オブ・ザ・チルドレン』(Strata-East)にてレコーディング・デビューする。その他の共演者には ジャッキー・マクリーン 、 クリフォード・ジョーダン 、 ラシッド・アリ 、 サム・リヴァース 、ジョー・リー・ウィルソン、 アーチー・シェップ 、 ウディ・ショウ 、 ジャッキー・バイヤード など多数。ジュリアード・オーケストラの一員としてヨーロッパ・ツアーにも参加。また、ダンスや演劇、ファインアートなど他分野の進歩的な芸術家とコラボレーションしている。ジャズ、 クラシック の境界のないジャンルで国際的に活躍する本格派としてニューヨークのヴィレッジ・ゲート、スイート・ベイジル、 ブルーノート 、 バードランド 、またムジカオッジ (イタリア)、イントーン・フェスティバル (オーストリア)、フォートワース・ミュージック・フェスティバル (テキサス)、フリー・ジャズ・フェスティバル (アトランタ)など内外の音楽祭に出演。1985年、自己のグループ「マンハッタン・グラフティー・フォー (Manhattan Graffiti Four、MG4)」（ ケニー・ギャレット らを含む）結成以来、現在までリーダーアルバムを数多く発表している。その他、参加したアルバムは多数。2000年、『 スイングジャーナル 』誌ではベース部門で第1位に選ばれ「モダンベースの王者」と呼ばれ親しまれている。近年、日本でのCDリリース、コンサート活動も目覚ましく、2013年に自己レーベル、GARUGANTUAを創設。そこからの第1作『I'll Catch The Sun』に続き、2017年10月には第2作『Koffee Crush』、2023年に第三作 全曲オリジナルの最新アルム ”SONGBOOK55” を発表。を発表。2018年に、著書『僕がジュリアードとバークリーで学んだこと』を 河出書房新社 より出版した。自己のトリオのほか、無伴奏コントラバス・ソロ Gargantuaや、複数のダブルベースを有する大編成のJump Monk Bass Band Special (Jump Monk BBS)での活動も注目されている。","","","日本 香川県 高松市","( 1953-08-31 ) 1953年 8月31日 （70歳）","","ジャズ","ミュージシャン","ダブルベース","1974年 -","","","","https://ja.wikipedia.org/wiki/藤原清登","Category_日本のジャズ・ベーシスト","https://ja.wikipedia.org/wiki/Category:日本のジャズ・ベーシスト"
"水橋孝"," 水橋 孝 （みずはし たかし、 1943年 3月2日 - ）は、 日本 の ジャズ ・ ベース奏者 。 北海道 夕張市 生まれ。愛称は GONさん 。","","","","","","","","","","","","","https://ja.wikipedia.org/wiki/水橋孝","Category_日本のジャズ・ベーシスト","https://ja.wikipedia.org/wiki/Category:日本のジャズ・ベーシスト"
"翠川敬基"," 長野県 長野市 に生まれる  。小学生の頃から、 チェロ のレッスンを受ける  。 東京都立豊多摩高等学校 を経て  、 東京経済大学 卒業  。大学在学中の 1969年 から  、ジャズ・ベーシストとして、 新宿 の ジャズ喫茶 などでの演奏活動を始める  。","","","日本 長野県 長野市","( 1949-05-10 ) 1949年 5月10日 （74歳）","","ジャズ 、 現代音楽","","チェロ 、 ベース","1969年 - 現在","","富樫雅彦, 佐藤允彦, 高柳昌行, 藤川義明","","https://ja.wikipedia.org/wiki/翠川敬基","Category_日本のジャズ・ベーシスト","https://ja.wikipedia.org/wiki/Category:日本のジャズ・ベーシスト"
