﻿"タイトル","コメント","出生名","別名","出身地","生誕","死没","ジャンル","職業","担当楽器","活動期間","レーベル","共同作業者","メンバー","URL","親リストタイトル","親リストURL"
"ルイ・アームストロング"," ルイ・アームストロング （ 英語 : Louis Armstrong 、 1901年 8月4日  - 1971年 7月6日 ）は、 アメリカ の ジャズ トランペット奏者 、 作曲家 、 歌手 。愛称は サッチモ ( 英語 : Satchmo )、 ポップス ( 英語 : Pops )、 ディッパー・マウス ( 英語 : Dipper Mouth )。","ルイ・ダニエル・アームストロング","","アメリカ合衆国 ルイジアナ州 ニューオーリンズ","1901年 8月4日 , アメリカ合衆国 ルイジアナ州 ニューオーリンズ","( 1971-07-06 ) 1971年 7月6日 （69歳没）, アメリカ合衆国 ニューヨーク州 ニューヨーク市","ジャズ , ディキシーランド・ジャズ , スウィング・ジャズ , トラディショナル・ポップ ","ミュージシャン, 作曲家, 歌手","トランペット, コルネット","1919年 - 1971年","","","","https://ja.wikipedia.org/wiki/ルイ・アームストロング","Category_アメリカ合衆国のジャズ歌手","https://ja.wikipedia.org/wiki/Category:アメリカ合衆国のジャズ歌手"
"オリータ・アダムス"," オリータ・アダムス （ Oleta Adams 、1953年5月4日 - ）は、 アメリカ合衆国 の ソウル 、 ジャズ 、 ゴスペル シンガー 、 ピアニスト 。アダルトな楽曲を情感豊かなボーカルで歌うスタイルで発表している。","","","アメリカ合衆国 ワシントン州 シアトル","( 1953-05-04 ) 1953年 5月4日 （68歳）","","ゴスペル 、 ソウル 、 ポップ 、 ジャズ","歌手 、 ピアニスト","ボーカル , ピアノ","1980年 - 現在","Koch Records、 マーキュリー","ティアーズ・フォー・フィアーズ","","https://ja.wikipedia.org/wiki/オリータ・アダムス","Category_アメリカ合衆国のジャズ歌手","https://ja.wikipedia.org/wiki/Category:アメリカ合衆国のジャズ歌手"
"イーデン・アトウッド"," イーデン・アトウッド （Eden Atwood　 1969年 1月11日 - ）は、 アメリカ合衆国 テネシー州 メンフィス の ジャズ シンガー。小説家の A・B・ガスリー・ジュニア の孫  。","","","アメリカ合衆国 テネシー州 メンフィス","( 1969-01-11 ) 1969年 1月11日 （52歳）","","","","","","","","","https://ja.wikipedia.org/wiki/イーデン・アトウッド","Category_アメリカ合衆国のジャズ歌手","https://ja.wikipedia.org/wiki/Category:アメリカ合衆国のジャズ歌手"
"モーズ・アリソン"," モーズ・アリソン （ Mose John Allison, Jr. , 1927年 11月11日 - 2016年 11月15日  ）は、 アメリカ合衆国 ミシシッピ州 出身の ジャズ ・ ピアノ奏者 、 歌手 。","Mose John Allison Jr.","","アメリカ合衆国 ミシシッピ州","1927年 11月11日","( 2016-11-15 ) 2016年 11月15日 （89歳没）","ジャズ","ピアニスト、ボーカリスト","ピアノ 、 ボーカル","1956年 - 2016年","","","","https://ja.wikipedia.org/wiki/モーズ・アリソン","Category_アメリカ合衆国のジャズ歌手","https://ja.wikipedia.org/wiki/Category:アメリカ合衆国のジャズ歌手"
"アン・リチャーズ (歌手)"," アン・リチャーズ （ Ann Richards 、 1935年 10月1日 - 1982年 4月1日 ）は、 アメリカ合衆国 の ジャズ シンガー 。 カリフォルニア州 サンディエゴ 生まれ。","Margaret Ann Borden","","アメリカ合衆国, カリフォルニア州 サンディエゴ","1935年 10月1日","( 1982-04-01 ) 1982年 4月1日 （46歳没）","","","","","キャピトル , アトコ","","","https://ja.wikipedia.org/wiki/アン・リチャーズ_(歌手)","Category_アメリカ合衆国のジャズ歌手","https://ja.wikipedia.org/wiki/Category:アメリカ合衆国のジャズ歌手"
"カール・アンダーソン (歌手)"," カール・アンダーソン （Carl Anderson, 1945年 2月27日 - 2004年 2月23日 ）は、 ヴァージニア州 出身の 俳優 で 歌手 。","","","アメリカ合衆国","1945年 2月27日","( 2004-02-23 ) 2004年 2月23日 （58歳没）","ポップ・ミュージック , ソウル , ジャズ ・ フュージョン","ミュージシャン","ヴォーカル","","エピック , GRP","","","https://ja.wikipedia.org/wiki/カール・アンダーソン_(歌手)","Category_アメリカ合衆国のジャズ歌手","https://ja.wikipedia.org/wiki/Category:アメリカ合衆国のジャズ歌手"
"スペンサー・ウィリアムズ"," スペンサー・ウィリアムズ （ 英語 : Spencer Williams 、 1889年 10月14日 - 1965年 7月14日 ）は、 アメリカ の ジャズ と ポピュラー音楽 の 作曲家 、 ピアニスト 、 歌手 である。彼のヒット・ソングには、「 ベイズン・ストリート・ブルース 」、「She'll Be Comin Around That Mountain」、「 アイ・エイント・ガット・ノーバディ 」、「 ロイヤル・ガーデン・ブルース 」、「 マホガニー・ホール・ストンプ 」、「 いい娘をみつけた 」、「 みんな彼女が好き 」、「 スクイーズ・ミー 」、「Shimmy-Sha-Wobble」、「Boodle Am Shake」、「 ティショミンゴ・ブルース 」、「Fireworks」、「I Ain't Gonna Give Nobody None of My Jelly Roll」、「 ケアレス・ラブ 」、「Arkansas Blues」、「When Lights Are Low」、「 ダラス・ブルース 」、「マイ・マン・オーウォー（My Man o'War）」などがある。","","","","","","","","","","","","","https://ja.wikipedia.org/wiki/スペンサー・ウィリアムズ","Category_アメリカ合衆国のジャズ歌手","https://ja.wikipedia.org/wiki/Category:アメリカ合衆国のジャズ歌手"
"ミッヂ・ウィリアムス"," ミッヂ・ウィリアムス （Midge Williams、 1915年 5月27日 – 1952年 1月9日 ）は、1930年代から1950年代にかけて活躍した アメリカ合衆国 の アフリカ系アメリカ人 歌手、 スウィング や ジャズ のヴォーカリスト。当時のレコード歌手たちの中で特に有名というわけではなかったが、ウィリアムスは尊敬された歌手であり、彼女のグループであるミッヂ・ウィリアムス・アンド・ハー・ジャズ・ジェスターズ (Midge Williams and Her Jazz Jesters) は、1930年代後半に数曲のヒット作を録音した。","","","","","","","","","","","","","https://ja.wikipedia.org/wiki/ミッヂ・ウィリアムス","Category_アメリカ合衆国のジャズ歌手","https://ja.wikipedia.org/wiki/Category:アメリカ合衆国のジャズ歌手"
"ドーリー・ウィルソン"," アーサー・\"ドーリー\"・ウィルソン （Arthur \"Dooley\" Wilson、 1886年 4月3日 – 1953年 5月30日 ）は、 アメリカ合衆国 の 俳優 、 歌手 で  、 1942年の映画 『 カサブランカ 』でヒロインのイルザ・ラント（ イングリッド・バーグマン ）の求めに応じて「 アズ・タイム・ゴーズ・バイ 」を歌うピアノ奏者で歌手のサムの役で最もよく知られている。","","","テキサス州 タイラー","アーサー・ウィルソン, ( 1886-04-03 ) 1886年 4月3日, アメリカ合衆国, テキサス州 タイラー","1953年 5月30日 (1953-05-30) （67歳）, アメリカ合衆国, カリフォルニア州 ロサンゼルス","","俳優 、 歌手","","1908年 – 1951年","","","","https://ja.wikipedia.org/wiki/ドーリー・ウィルソン","Category_アメリカ合衆国のジャズ歌手","https://ja.wikipedia.org/wiki/Category:アメリカ合衆国のジャズ歌手"
"ヘレン・ウォード"," ヘレン・ウォード （Helen Ward、 1913年 9月19日 - 1998年 4月21日 ）は、 アメリカ合衆国 の 歌手 。 ニューヨーク に生まれ、 バージニア州 アーリントン郡 で没した。","Helen Ward","","アメリカ合衆国, ニューヨーク州 ニューヨーク","1913年 9月19日","1998年 4月21日 （84歳）, アメリカ合衆国, バージニア州 アーリントン郡","ジャズ 、 スウィング","歌手","","","","","","https://ja.wikipedia.org/wiki/ヘレン・ウォード","Category_アメリカ合衆国のジャズ歌手","https://ja.wikipedia.org/wiki/Category:アメリカ合衆国のジャズ歌手"
"ファッツ・ウォーラー"," ファッツ・ウォーラー （ Fats Waller , 1904年 5月21日 - 1943年 12月15日 ）は、 アメリカ合衆国 の ジャズ ピアニスト ・ オルガン 奏者・ 歌手 ・ 作曲家 ・ 作詞家 。本名はトマス・ライト・ウォーラー（Thomas Wright Waller）であるが、大食漢であり太っていたため、Fats（太っちょ）の愛称で親しまれた。","Thomas Wright Waller","","アメリカ合衆国 ニューヨーク州 ニューヨーク","1904年 5月21日","( 1943-12-15 ) 1943年 12月15日 （39歳没）","ジャズ","歌手 、 ピアニスト","ピアノ 、 オルガン 、 ボーカル","","オーケー・レコード, RCAビクター","","","https://ja.wikipedia.org/wiki/ファッツ・ウォーラー","Category_アメリカ合衆国のジャズ歌手","https://ja.wikipedia.org/wiki/Category:アメリカ合衆国のジャズ歌手"
"ビリー・エクスタイン"," ウィリアム・クラレンス・エクスタイン (英語: William Clarence Eckstine, 1914年 7月8日 - 1993年 3月8日 )  は、 アメリカ合衆国 のスウィング時代のジャズ・シンガー、ポップ・シンガー、バンドリーダーである。彼はまるでオペラ歌手のように豊かなバリトンの声で知られている  。彼の「 I Apologize 」 (MGM, 1948) は1999年に グラミー殿堂賞 を受賞した。 ニューヨーク・タイムズ は彼のことを「影響力の大きいバンドリーダー」と評し、彼の「洗練されたバス・バリトン」と「ポピュラーソングへの喉を使った甘いアプローチ」は アール・コールマン 、 ジョニー・ハートマン 、 ジョー・ウィリアムス 、 アーサー・プリソック 、そして ルー・ロウルズ などの歌手たちにインスピレーションを与えた、としている  。","William Clarence Eckstein","","アメリカ合衆国 ペンシルバニア州 ピッツバーグ","( 1914-07-08 ) 1914年 7月8日, アメリカ合衆国 ペンシルバニア州 ピッツバーグ","1993年 3月8日 (1993-03-08) （78歳）, ピッツバーグ","ジャズ","ミュージシャン","ヴォーカル、トロンボーン、トランペット、ギター","1939年–1990年","","ディジー・ガレスピー , チャーリー・パーカー , レイ・バスケス , サラ・ヴォーン","","https://ja.wikipedia.org/wiki/ビリー・エクスタイン","Category_アメリカ合衆国のジャズ歌手","https://ja.wikipedia.org/wiki/Category:アメリカ合衆国のジャズ歌手"
"シーガー・エリス"," シーガー・エリス （Seger Ellis、 1904年 7月4日 - 1995年 ）は、 アメリカ合衆国 の ジャズ ・ ピアニスト 、 歌手 。 アイダ・ルピノ 監督作品など、いくつかの映画に端役で出演もしている。 テキサス州 ヒューストン で生まれ、同地で没した。","","","アメリカ合衆国 テキサス州 ヒューストン","1904年 7月4日","1995年","ジャズ","歌手 、 ピアニスト 、 作曲家","ピアノ","1920年代 - 1941年","","","","https://ja.wikipedia.org/wiki/シーガー・エリス","Category_アメリカ合衆国のジャズ歌手","https://ja.wikipedia.org/wiki/Category:アメリカ合衆国のジャズ歌手"
"カート・エリング"," カート・エリング （ Kurt Elling 、 1967年 11月2日 - ）は、 アメリカ合衆国 の ジャズ ・ ボーカリスト 、 作詞家 、 作曲家 。","","","アメリカ合衆国 イリノイ州 シカゴ","( 1967-11-02 ) 1967年 11月2日 （53歳）","","ジャズ","歌手、作曲家","","1995年 -","ブルーノート 、 Naim 、 Concord Jazz 、 キュニフォーム 、 Okeh","","","https://ja.wikipedia.org/wiki/カート・エリング","Category_アメリカ合衆国のジャズ歌手","https://ja.wikipedia.org/wiki/Category:アメリカ合衆国のジャズ歌手"
"アニタ・オデイ"," アニタ・オデイ （Anita O'Day、 1919年 10月18日 - 2006年 11月23日 ）は、 アメリカ合衆国 出身の ジャズ 歌手。","Anita Belle Colton","\"The Jezebel of Jazz\"","アメリカ合衆国 ・ イリノイ州 ・ シカゴ市","1919年 10月18日","( 2006-11-23 ) 2006年 11月23日 （87歳没） アメリカ合衆国 ・ カリフォルニア州 ・ ロサンゼルス市","ジャズ","歌手","","1940年代 - 2006年","ヴァーヴ 、Emily Records等","","","https://ja.wikipedia.org/wiki/アニタ・オデイ","Category_アメリカ合衆国のジャズ歌手","https://ja.wikipedia.org/wiki/Category:アメリカ合衆国のジャズ歌手"
"ダグ・カーン"," ダグ・カーン （ Doug Carn 、 1948年 7月14日  - ）は、 アメリカ合衆国 の ジャズ ・ミュージシャン。アブドゥル・ラヒーム・イブラヒム（Abdul Rahim Ibrahim）という ムスリム 名でも知られる。","","","","","","","","","","","","","https://ja.wikipedia.org/wiki/ダグ・カーン","Category_アメリカ合衆国のジャズ歌手","https://ja.wikipedia.org/wiki/Category:アメリカ合衆国のジャズ歌手"
"キャブ・キャロウェイ"," キャブ・キャロウェイ ( Cab Calloway , 1907年 12月25日 - 1994年 11月18日 ) は、 アフリカ系アメリカ人 の ジャズ ・ シンガー 、バンドリーダー。キャブはエネルギッシュな スキャット 唱法の歌手として知られ、彼のビッグバンドは 1930年代 初頭から 1940年代 後半にかけて、アフリカ系アメリカ人のバンドとしては アメリカ 最大級の人気を博した。彼のバンドはトランペットに ディジー・ガレスピー 、 ドク・チータム 、サクソフォンに ベン・ウェブスター 、 レオン・“チュ”・ベリー 、 ニューオーリンズ の名 ギタリスト 、 ダニー・バーカー 、ベースに ミルト・ヒントン らを擁した。","Cabell Calloway III","ハイデホー・マン","アメリカ合衆国 、 ニューヨーク州 ロチェスター","1907年 12月25日, アメリカ合衆国 、 ニューヨーク州 ロチェスター","( 1994-11-18 ) 1994年 11月18日 （86歳没）, アメリカ合衆国 、 デラウェア州 ホッケシン","スウィング, ビッグバンド, ジャイヴ","歌手 、バンドリーダー","","1930年 〜 1994年","RCA 他","ディジー・ガレスピー, ルイ・アームストロング, ブルース・ブラザーズ","","https://ja.wikipedia.org/wiki/キャブ・キャロウェイ","Category_アメリカ合衆国のジャズ歌手","https://ja.wikipedia.org/wiki/Category:アメリカ合衆国のジャズ歌手"
"ローズマリー・クルーニー"," ローズマリー・クルーニー （ 英語 : Rosemary Clooney 、 1928年 5月23日 - 2002年 6月29日 ）は、 アメリカ の 歌手 、 女優 である。","Rose Mary Clooney","","アメリカ合衆国 ケンタッキー州 メイズヴィル","( 1928-05-23 ) 1928年 5月23日, アメリカ合衆国 ケンタッキー州 メイズヴィル","( 2002-06-29 ) 2002年 6月29日 （74歳没）, アメリカ合衆国 カリフォルニア州 ビバリーヒルズ","","歌手・女優","","1946年 - 2001年","","","","https://ja.wikipedia.org/wiki/ローズマリー・クルーニー","Category_アメリカ合衆国のジャズ歌手","https://ja.wikipedia.org/wiki/Category:アメリカ合衆国のジャズ歌手"
"イーディ・ゴーメ"," イーディ・ゴーメ （ Eydie Gormé 、 1928年 8月16日 - 2013年 8月10日 ）は、 アメリカ合衆国 の ポップス ・シンガー。","","","アメリカ合衆国, ニューヨーク州 ニューヨーク","1928年 8月16日","( 2013-08-10 ) 2013年 8月10日 （84歳没）","ジャズ ・ ラテン音楽 ・ ポップス","歌手","","1950年 - 2013年","MGM, Coral, Columbia, MCA Victor","","","https://ja.wikipedia.org/wiki/イーディ・ゴーメ","Category_アメリカ合衆国のジャズ歌手","https://ja.wikipedia.org/wiki/Category:アメリカ合衆国のジャズ歌手"
"ナット・キング・コール"," ナット・キング・コール （ Nat King Cole 、 1919年 3月17日 - 1965年 2月15日 ）  は、 アメリカ の ジャズ ・ ピアニスト 、 歌手 。","Nathaniel Adams Coles","","アメリカ合衆国 アラバマ州 モンゴメリー","1919年 3月17日","( 1965-02-15 ) 1965年 2月15日 （45歳没）","ジャズ","歌手 、 ピアニスト","ピアノ","1930年代 - 1965年","キャピトル・レコード","","","https://ja.wikipedia.org/wiki/ナット・キング・コール","Category_アメリカ合衆国のジャズ歌手","https://ja.wikipedia.org/wiki/Category:アメリカ合衆国のジャズ歌手"
"クリス・コナー"," クリス・コナー （ Chris Connor 、 1927年 11月8日 - 2009年 8月29日 ）は、 アメリカ合衆国 出身の ジャズ 歌手。","Mary Loutsenhizer","","アメリカ合衆国 ・ ミズーリ州 ・ カンザスシティ","1927年 11月8日","( 2009-08-29 ) 2009年 8月29日 （81歳没） アメリカ合衆国 ・ ニュージャージー州 ・ トムズリバー","ジャズ","歌手","","","ベツレヘム・レコード 、 アトランティック・レコード 等","","","https://ja.wikipedia.org/wiki/クリス・コナー","Category_アメリカ合衆国のジャズ歌手","https://ja.wikipedia.org/wiki/Category:アメリカ合衆国のジャズ歌手"
"ハリー・コニック・ジュニア"," ハリー・コニック・ジュニア （ Harry Connick Jr. 、 1967年 9月11日 - ）は、 アメリカ合衆国 ルイジアナ州 ニューオーリンズ 出身の 歌手 ・ ピアニスト ・ 俳優 である。","ハリー・コニック・ジュニア","","","( 1967-09-11 ) 1967年 9月11日 （53歳）","","ボーカル、ピアノ、オルガン","歌手 、 作曲家 、 俳優","","1977年 -","","","","https://ja.wikipedia.org/wiki/ハリー・コニック・ジュニア","Category_アメリカ合衆国のジャズ歌手","https://ja.wikipedia.org/wiki/Category:アメリカ合衆国のジャズ歌手"
"ホセ・ジェイムズ"," ホセ・ジェイムズ （José James、 1978年 1月20日 - ）は アメリカ合衆国 の 歌手 。","","","アメリカ合衆国 ・ ミネソタ州 ミネアポリス","( 1978-01-20 ) 1978年 1月20日 （43歳）","","ジャズ 、 ヒップホップ 、 ネオ・ソウル","歌手 、 作曲家","ヴォーカル 、 ギター","","ブルー・ノート・レコード","チコ・ハミルトン 、 マッコイ・タイナー 、 テイラー・マクファーリン 、 フライング・ロータス","","https://ja.wikipedia.org/wiki/ホセ・ジェイムズ","Category_アメリカ合衆国のジャズ歌手","https://ja.wikipedia.org/wiki/Category:アメリカ合衆国のジャズ歌手"
"フランク・シナトラ"," フランシス・アルバート・\"フランク\"・シナトラ （ 英語 : Francis Albert \"Frank\" Sinatra 、 1915年 12月12日 - 1998年 5月14日 ）は、 アメリカ の エンターテイナー 、ポピュラー 歌手 、 ジャズ 歌手、 俳優 。通称「 ザ・ヴォイス 」。","フランシス・アルバート・シナトラ（Francis Albert Sinatra）","","","( 1915-12-12 ) 1915年 12月12日","","映画、テレビ","俳優 、 歌手 、エンターテイナー","","1935年 - 1997年","","","","https://ja.wikipedia.org/wiki/フランク・シナトラ","Category_アメリカ合衆国のジャズ歌手","https://ja.wikipedia.org/wiki/Category:アメリカ合衆国のジャズ歌手"
"ニーナ・シモン"," ニーナ・シモン （ Nina Simone /ˈniːnə sɨˈmoʊn/、 1933年 2月21日 - 2003年 4月21日 ）は、 アメリカ合衆国 のアフロアメリカンの ジャズ 歌手、フォーク、ブルース、R&B、ゴスペル歌手、ピアニスト、公民権活動家、市民運動家である。本名は ユニース・キャスリン・ウェイモン ( Eunice Kathleen Waymon )。スタンダード・ナンバー「 悲しき願い 」のオリジナル歌手として知られる。","","","アメリカ合衆国 ノースカロライナ州 ・ トライロン","( 1933-02-21 ) 1933年 2月21日","( 2003-04-21 ) 2003年 4月21日 （70歳没）","","","","","","","","https://ja.wikipedia.org/wiki/ニーナ・シモン","Category_アメリカ合衆国のジャズ歌手","https://ja.wikipedia.org/wiki/Category:アメリカ合衆国のジャズ歌手"
"マヘリア・ジャクソン"," マヘリア・ジャクソン （ Mahalia Jackson , 1911年 10月26日 - 1972年 1月27日 ）は、 アフリカ系アメリカ人 の 女性 ゴスペル 歌手 。世界で最も影響力のあるゴスペル歌手の一人として「ゴスペルの女王」   と呼ばれ、また キング牧師 らと共に、その歌と活動でもって当時の公民権活動に貢献した。 ハリー・ベラフォンテ はジャクソンを「米国で最も強力な黒人女性」として称賛した  。ジャクソンは主に コロンビア・レコード から約30枚のアルバムをリリースし、数々のミリオンセラーを記録した。","マヘリア・ジャクソン","『ゴスペル・ミュージックの名誉』","アメリカ合衆国 ルイジアナ州 ニューオーリンズ","1911年 10月26日","( 1972-01-27 ) 1972年 1月27日 （60歳没）, アメリカ合衆国 イリノイ州 シカゴ","ゴスペル 、 黒人霊歌 、クリスチャン・ミュージック","歌手","","1937年 - 1971年","","","","https://ja.wikipedia.org/wiki/マヘリア・ジャクソン","Category_アメリカ合衆国のジャズ歌手","https://ja.wikipedia.org/wiki/Category:アメリカ合衆国のジャズ歌手"
"アル・ジャロウ"," アル・ジャロウ （ Al Jarreau 、 1940年 3月12日 - 2017年 2月12日  ）は、 アメリカ の ジャズ ・ボーカリスト。ポップ分野でも活躍。","Alwin Lopez Jarreau (アルヴィン・ロペス・ジャロウ)","","アメリカ合衆国 ウィスコンシン州 ミルウォーキー","( 1940-03-12 ) 1940年 3月12日","( 2017-02-12 ) 2017年 2月12日 （76歳没）","ジャズ 、 ポップ 、 R&B","歌手","ボーカル 、 パーカッション","","リプリーズ 、 ワーナー・ブラザース・レコード 、 GRP 、 コンコード 、 ライノ","","","https://ja.wikipedia.org/wiki/アル・ジャロウ","Category_アメリカ合衆国のジャズ歌手","https://ja.wikipedia.org/wiki/Category:アメリカ合衆国のジャズ歌手"
"ダイナ・ショア"," ダイナ・ショア （ Dinah Shore 、 1916年 2月29日 - 1994年 2月24日 ）は、 アメリカ合衆国 の 歌手 、 女優 。 テネシー州 ウィンチェスター 出身。","フランセス・ローズ・ショア, Frances Rose Shore","","","( 1916-02-29 ) 1916年 2月29日","","音楽","歌手","","1937年 - 1994年","","","","https://ja.wikipedia.org/wiki/ダイナ・ショア","Category_アメリカ合衆国のジャズ歌手","https://ja.wikipedia.org/wiki/Category:アメリカ合衆国のジャズ歌手"
"ジャック・ジョーンズ (歌手)"," ジャック・ジョーンズ （Jack Jones, 1938年 1月14日 - ）は、 アメリカ合衆国 カリフォルニア州 ロサンゼルス 出身の ポピュラー音楽 の 歌手 、 俳優 。本名は John Allan Jones （ ジョン・アラン・ジョーンズ ）。 1930年代 に人気を博した ミュージカル 俳優 アラン・ジョーンズ と女優アイリーン・ハーベイ（ Irene Hervey ）の長男。上品で華麗な エンターテイナー として知られ、 グラミー賞 を2度受賞した。 ジョーンズは女優 ジル・セント・ジョン との離婚後、女優 スーザン・ジョージ と婚約していた。","John Allan Jones","","アメリカ合衆国 カリフォルニア州","( 1938-01-14 ) 1938年 1月14日 （83歳）, アメリカ合衆国 カリフォルニア州","","ポップ","","","1959年 -","Capitol, Kapp, RCA, ポリドール, others","","","https://ja.wikipedia.org/wiki/ジャック・ジョーンズ_(歌手)","Category_アメリカ合衆国のジャズ歌手","https://ja.wikipedia.org/wiki/Category:アメリカ合衆国のジャズ歌手"
"ノラ・ジョーンズ"," ギータリ・ノラ・ジョーンズ・シャンカール （ 英語 : Geethali Norah Jones Shankar 、 1979年 3月30日 - ）は、 アメリカ合衆国 の ピアノ 弾き語り ジャズ 歌手 ＆ジャズ・ ピアニスト 、 女優 。父は インド で最も有名な音楽家で ビートルズ にも影響を与えた シタール 奏者 ラヴィ・シャンカル 、異母妹は イギリス人 シタール奏者のアヌーシュカ・シャンカル。","ギータリ・ノラ・ジョーンズ・シャンカール","","アメリカ合衆国 ニューヨーク","( 1979-03-30 ) 1979年 3月30日 （42歳）","","ジャズ , ジャズ・ブルース , ポップ , カントリー・ブルース , フォーク ","シンガーソングライター, ピアニスト","ボーカル, ピアノ, ギター, ベース","2001年 -","ブルーノート","ザ・リトル・ウィリーズ, プス・ン・ブーツ, エル・マッドモー （ 英語版 ）, ビリー・ジョー・アームストロング","","https://ja.wikipedia.org/wiki/ノラ・ジョーンズ","Category_アメリカ合衆国のジャズ歌手","https://ja.wikipedia.org/wiki/Category:アメリカ合衆国のジャズ歌手"
"シンガーズ・アンリミテッド"," シンガーズ・アンリミテッド （ The Singers Unlimited ）は、 アメリカ のシカゴで結成された4人組の ジャズ ・ コーラス・グループ 。 1970年代 に活躍し、 多重録音 の技術を用いた美しい アカペラ コーラス で人気を博した。","","","","","","","","","","","","","https://ja.wikipedia.org/wiki/シンガーズ・アンリミテッド","Category_アメリカ合衆国のジャズ歌手","https://ja.wikipedia.org/wiki/Category:アメリカ合衆国のジャズ歌手"
"アイナ・スーエズ"," アイナ・スーエズ （Ina Souez, 1903年 6月3日 - 1992年 12月3日 ）は、 アメリカ の ソプラノ 歌手、ジャズ・シンガー  。「アイナ・スーエツ」と表記されることもある。本名はアイナ・メアリー・レインズ(Ina Mary Rains)  。","","","","","","","","","","","","","https://ja.wikipedia.org/wiki/アイナ・スーエズ","Category_アメリカ合衆国のジャズ歌手","https://ja.wikipedia.org/wiki/Category:アメリカ合衆国のジャズ歌手"
"ジミー・スコット"," ジミー・スコット （ Jimmy Scott 、 1925年 7月17日 - 2014年 6月12日  ）は アメリカ合衆国 の 歌手 。","","","","( 1925-07-17 ) 1925年 7月17日","( 2014-06-12 ) 2014年 6月12日 （88歳没）","","","","","","","","https://ja.wikipedia.org/wiki/ジミー・スコット","Category_アメリカ合衆国のジャズ歌手","https://ja.wikipedia.org/wiki/Category:アメリカ合衆国のジャズ歌手"
"ジル・スコット"," ジル・スコット （Jill Scott、 1972年 4月4日 - ）は、 アメリカ合衆国 ペンシルベニア州 フィラデルフィア 出身の ジャズ 、 R&B 、 ネオ・ソウル の歌手で、 ソングライター 。 女優 でもある。これまでにリリースした3枚のオリジナルアルバムがいずれも グラミー賞 にノミネートされている。","","","アメリカ合衆国 ペンシルベニア州 フィラデルフィア","( 1972-04-04 ) 1972年 4月4日 （49歳）","","Soul , R&B , ジャズ","シンガーソングライター , 詩人 , 女優","","2000 - 現在","ヒドゥン・ビーチ・レコーディングス, ブルーズ・ベイブ/ ワーナー・ブラザース・レコード","","","https://ja.wikipedia.org/wiki/ジル・スコット","Category_アメリカ合衆国のジャズ歌手","https://ja.wikipedia.org/wiki/Category:アメリカ合衆国のジャズ歌手"
"ヘイゼル・スコット"," ヘイゼル・ドロシー・スコット （Hazel Dorothy Scott, 1920年 6月11日 - 1981年 10月2日 ）は、 トリニダード島 出身の ジャズ ピアニスト 、 クラシック ピアニスト、歌手、俳優。1930年代から亡くなるまでアクティブで高く評価されたパフォーマンスアーティストであった。また、いくつかの映画にも出演した。","","","トリニダード・トバゴ","ヘイゼル・ドロシー・スコット, ( 1920-06-11 ) 1920年 6月11日, ポートオブスペイン , トリニダード・トバゴ","1981年 10月2日 (1981-10-02) （61歳）, Mount Sinai Medical Center , ニューヨーク , ニューヨーク州 , U.S.","","","","","","","","https://ja.wikipedia.org/wiki/ヘイゼル・スコット","Category_アメリカ合衆国のジャズ歌手","https://ja.wikipedia.org/wiki/Category:アメリカ合衆国のジャズ歌手"
"ベッカ・スティーヴンズ"," ベッカ・スティーヴンズ （Becca Stevens）は、 アメリカ合衆国 の ジャズ 、 ポップ 、 フォーク 音楽の シンガーソングライター であり、 ギタリスト である  。","","","アメリカ合衆国ノースカロライナ州 ウィンストン・セーラム","( 1984-06-14 ) 1984年 6月14日 （37歳）, アメリカ合衆国ノースカロライナ州 ウィンストン・セーラム","","ジャズ 、 フォーク","音楽家、作曲家","ボーカル、ギター、 ウクレレ 、 チャランゴ","","Sunnyside , CORE PORT, GroundUp, Universal","Becca Stevens Band, Tillery, Jacob Collier","","https://ja.wikipedia.org/wiki/ベッカ・スティーヴンズ","Category_アメリカ合衆国のジャズ歌手","https://ja.wikipedia.org/wiki/Category:アメリカ合衆国のジャズ歌手"
"エスペランサ・スポルディング"," エスペランサ・スポルディング （ Esperanza Spalding , 1984年 10月18日 - オレゴン州 ポートランド 出身   ）は、 アメリカ の マルチ・インストゥルメンタリスト 。","","","アメリカ合衆国 オレゴン州 ポートランド","( 1984-10-18 ) 1984年 10月18日 （36歳）","","ジャズ ／ フュージョン ／ ボサノヴァ ／ ネオ・ソウル","ミュージシャン ／ 作曲家 ／ 音楽講師 ／ バンドマスター","ボーカル ／ ダブル・ベース ／ エレクトリックベース ／ ヴァイオリン ／ オーボエ ／ クラリネット","2000s - 現在","ヘッズ・アップ・インターナショナル ／ Hush Records ／ マージ・レコード ／ Concord Records","スタンリー・クラーク ／ パティ・オースティン ／Noise for Pretend","","https://ja.wikipedia.org/wiki/エスペランサ・スポルディング","Category_アメリカ合衆国のジャズ歌手","https://ja.wikipedia.org/wiki/Category:アメリカ合衆国のジャズ歌手"
"ベッシー・スミス"," ベッシー・スミス （ Bessie Smith , 1894年 4月15日 - 1937年 9月26日 ）は、 アメリカ の 黒人 女性 歌手 。 テネシー州 チャタヌーガ 出身。","ベッシー・スミス","『ブルースの女帝』","アメリカ合衆国 テネシー州, チャタヌーガ","( 1894-04-15 ) 1894年 4月15日","( 1937-09-26 ) 1937年 9月26日 （43歳没）, アメリカ合衆国 ミシシッピ州 クラークスデール","ブルース","歌手","","1912年 - 1937年","Columbia","","","https://ja.wikipedia.org/wiki/ベッシー・スミス","Category_アメリカ合衆国のジャズ歌手","https://ja.wikipedia.org/wiki/Category:アメリカ合衆国のジャズ歌手"
"ボビー・ダーリン"," ボビー・ダーリン （ 英語 : Bobby Darin ,  , 本名：ウォルデン・ロバート・カソット、 1936年 5月14日 - 1973年 12月20日 ）は、アメリカ合衆国の歌手、作曲家、俳優。ジャズやポップ、ロックンロール、フォーク、スウィング、カントリーミュージック等様々なジャンルを手掛けた。","Walden Robert Cassotto","","アメリカ合衆国 、 ニューヨーク市 イースト・ハーレム","( 1936-05-14 ) 1936年 5月14日","( 1973-12-20 ) 1973年 12月20日 （37歳没）, アメリカ合衆国 カリフォルニア州 ロサンゼルス","ジャズ 、 ブルース 、 ロック 、 ポップ 、 スウィング 、フォーク、 カントリー","歌手 、 俳優","歌 、 ギター 、 ピアノ 、 ドラム 、 ハーモニカ 、 シロフォン","1956年 ～ 1973年","デッカ・レコード 、 アトコ・レコード ロンドンレコード 、 キャピトル・レコード ブランズウィック・レコード、 アトランティック・レコード 、 モータウン","","","https://ja.wikipedia.org/wiki/ボビー・ダーリン","Category_アメリカ合衆国のジャズ歌手","https://ja.wikipedia.org/wiki/Category:アメリカ合衆国のジャズ歌手"
"ヴィック・ダモーン"," ヴィック・ダモーン （Vic Damone, 本名：ヴィト・ロッコ・ファリノーラ, Vito Rocco Farinola , 1928年 6月12日 - 2018年 2月11日  ）は、 アメリカ合衆国 の ポピュラー音楽 の 歌手 および 俳優 。ヴィック・ダモン、ビック・ダモーンとも表記される。","","","","","","","","","","","","","https://ja.wikipedia.org/wiki/ヴィック・ダモーン","Category_アメリカ合衆国のジャズ歌手","https://ja.wikipedia.org/wiki/Category:アメリカ合衆国のジャズ歌手"
"オル・ダラ"," オル・ダラ （ Olu Dara 、 1941年 1月12日 - ）は、 アメリカ のコルネット奏者、ギタリスト、歌手。息子はラッパーの ナズ 。","Charles Jones III","","アメリカ合衆国 ミシシッピ州 ナチェズ","( 1941-01-12 ) 1941年 1月12日 （80歳）","","ジャズ","ミュージシャン、ソングライター","ボーカル、ギター、コルネット","1964年 -","アトランティック・レコード","ナズ 、ブレイヴハーツ、AZ","","https://ja.wikipedia.org/wiki/オル・ダラ","Category_アメリカ合衆国のジャズ歌手","https://ja.wikipedia.org/wiki/Category:アメリカ合衆国のジャズ歌手"
"ドリス・デイ"," ドリス・デイ （ 英語 : Doris Day , 1922年 4月3日 - 2019年 5月13日 ）は、 アメリカ合衆国 の 女優 ・ 歌手 。 オハイオ州 シンシナティ 出身。本名は Doris Mary Ann Kappelhoff （ドリス・メアリー・アン・フォン・カッペルホフ）。ドイツ系  。","Doris Mary Ann Kappelhoff","","","( 1922-04-03 ) 1922年 4月3日","","歌手 、 映画女優","","","1939年 - 1986年","","","","https://ja.wikipedia.org/wiki/ドリス・デイ","Category_アメリカ合衆国のジャズ歌手","https://ja.wikipedia.org/wiki/Category:アメリカ合衆国のジャズ歌手"
"ブロッサム・ディアリー"," ブロッサム・ディアリー （ Blossom Dearie 、 1924年 4月28日 - 2009年 2月7日 ）は、 アメリカ の ジャズ ・ シンガー であり、 ピアニスト 。子供のような独特の歌声が特徴。","","","アメリカ合衆国 ・ ニューヨーク","( 1924-04-28 ) 1924年 4月28日, アメリカ合衆国 ・ ニューヨーク","( 2009-02-07 ) 2009年 2月7日 （84歳没）","ジャズ","シンガー","ボーカル 、 ピアノ","1952年 - 2006年","ヴァーヴ・レコード, ダフォディル・レコード, キャピトル・レコード, フォンタナ・レコード","","","https://ja.wikipedia.org/wiki/ブロッサム・ディアリー","Category_アメリカ合衆国のジャズ歌手","https://ja.wikipedia.org/wiki/Category:アメリカ合衆国のジャズ歌手"
"テイク6"," テイク6 ( Take 6 ) は6人組の男性 コーラス・グループ 。","","","","","","ゴスペル , ソウル , R&B","","","1980年 – 現在","ワーナー・ブラザース・レコード , テイク・シックス , ヘッズ・アップ , シャナキー","","クロード・マックナイト, マーク・キブル, デイヴィッド・トーマス, アルヴィン・チーア, ジョーイ・キブル, クリスチャン・デントリー","https://ja.wikipedia.org/wiki/テイク6","Category_アメリカ合衆国のジャズ歌手","https://ja.wikipedia.org/wiki/Category:アメリカ合衆国のジャズ歌手"
"メル・トーメ"," メルヴィン・ハワード・トーメ （ Melvin Howard “Mel” Tormé 、 1925年 9月13日 - 1999年 6月5日 ）は、 アメリカ の ジャズ 歌手 。ジャズ 作曲家 、 編曲 家、ドラマーのほか、 俳優 として ラジオ 、 映画 、 テレビ でも活躍した。愛称は「 ベルベットの霧 」 The Velvet Fog 。息子はジャズシンガーの ジェームス・トーメ （ James Tormé ）","","","アメリカ合衆国 イリノイ州 シカゴ","( 1925-09-13 ) 1925年 9月13日","( 1999-06-05 ) 1999年 6月5日 （73歳没）","","","","","","","","https://ja.wikipedia.org/wiki/メル・トーメ","Category_アメリカ合衆国のジャズ歌手","https://ja.wikipedia.org/wiki/Category:アメリカ合衆国のジャズ歌手"
"サーシャ・ドブソン"," サーシャ・ドブソン （ Sasha Dobson 、 1979年 3月31日 - ）は カリフォルニア州サンタクルーズ 出身のアメリカ人 ジャズ歌手  。","","","アメリカ合衆国 カリフォルニア州サンタクルーズ","( 1979-03-31 ) 1979年 3月31日 （42歳）, アメリカ合衆国 カリフォルニア州サンタクルーズ","","ジャズ","歌手","","","","プス・ン・ブーツ","","https://ja.wikipedia.org/wiki/サーシャ・ドブソン","Category_アメリカ合衆国のジャズ歌手","https://ja.wikipedia.org/wiki/Category:アメリカ合衆国のジャズ歌手"
"ローラ・ニーロ"," ローラ・ニーロ （ Laura Nyro 、1947年10月18日生、出生名： Laura Nigro 、1997年4月8日没、死亡時の正式名： Laura Bianchini ）はアメリカのソングライター、歌手およびピアニスト。ニーロは自身のレコーディング、特にアルバム『 イーライと13番目の懺悔 』（1968年）および『 ニューヨーク・テンダベリー 』（1969年）で評論家の称賛を浴びるとともに、 バーブラ・ストライサンド や フィフス・ディメンション などのアーティストが彼女の曲をレコーディングして商業的に成功を収めた。ニーロのスタイルは ブリル・ビルディング・サウンド のニューヨーク・ポップと ジャズ 、 リズム・アンド・ブルース 、 ショー・チューン 、 ロック および ソウル の混合である  。ニーロは力強く情感的なボーカルスタイルと3オクターブの メゾソプラノ の 音域 でも称賛されている  。","Laura Nigro","","アメリカ合衆国 ニューヨーク ・ ブロンクス","1947年 10月18日","( 1997-04-08 ) 1997年 4月8日 （49歳没）, アメリカ合衆国 コネチカット州 ダンベリー","ブルー・アイド・ソウル, ポップ・ミュージック","歌手 ・ シンガーソングライター","ピアノ ・ キーボード","1966年 - 1993年, （レコード・リリース）","","","","https://ja.wikipedia.org/wiki/ローラ・ニーロ","Category_アメリカ合衆国のジャズ歌手","https://ja.wikipedia.org/wiki/Category:アメリカ合衆国のジャズ歌手"
"ジョニー・ハートマン"," ジョニー・ハートマン （ Johnny Hartman 、 1923年 7月3日 – 1983年 9月15日 ）は、 アメリカ合衆国 ルイジアナ州 ホーマ 出身の、 ジャズ ボーカリスト 。","","","アメリカ合衆国 ルイジアナ州 ホーマ","( 1923-07-03 ) 1923年 7月3日","( 1983-09-15 ) 1983年 9月15日 （60歳没）","","","","","","","","https://ja.wikipedia.org/wiki/ジョニー・ハートマン","Category_アメリカ合衆国のジャズ歌手","https://ja.wikipedia.org/wiki/Category:アメリカ合衆国のジャズ歌手"
"Harvard Din & Tonics"," ハーバード・ディン・アンド・トニックス （ The Harvard Din & Tonics 、または、 ザ・ディンズ - The Dins）は、1979年に ハーバード大学 で結成された5部からなる全員男性のジャズ・ アカペラ・グループ である。大学の学生グループであり、メンバーは固定されていない。","","","","","","","","","","","","","https://ja.wikipedia.org/wiki/Harvard_Din_&_Tonics","Category_アメリカ合衆国のジャズ歌手","https://ja.wikipedia.org/wiki/Category:アメリカ合衆国のジャズ歌手"
"ビー・パーマー"," ベアトリス・C・\"ビー\"・パーマー （Beatrice C. \"Bee\" Palmer、 1894年 9月11日 – 1967年 12月22日 ）は、 アメリカ合衆国 イリノイ州 シカゴ 生まれの 歌手 、 ダンサー 。ブロンドの髪、青い瞳で白人女性として理想的な風貌を持っていたとされる  。","","","","","","","","","","","","","https://ja.wikipedia.org/wiki/ビー・パーマー","Category_アメリカ合衆国のジャズ歌手","https://ja.wikipedia.org/wiki/Category:アメリカ合衆国のジャズ歌手"
"レイラ・ハサウェイ"," レイラ・ハサウェイ （ Lalah Hathaway 、 1968年 12月16日 - ）は、 アメリカ 出身の ソウル 歌手。","Eulaulah Donyll Hathaway","","アメリカ合衆国 イリノイ州 シカゴ","( 1968-12-16 ) 1968年 12月16日 （52歳）","","R&B 、 ソウル 、 ジャズ 、 ゴスペル","シンガーソングライター 、 プロデューサー 、 編曲家 、 ピアニスト","ピアノ 、 ボーカル","1989年 -","ヴァージン 、 GRP 、Mesa Bluemoon、 スタックス / コンコード","マーカス・ミラー 、 ラサーン・パターソン","","https://ja.wikipedia.org/wiki/レイラ・ハサウェイ","Category_アメリカ合衆国のジャズ歌手","https://ja.wikipedia.org/wiki/Category:アメリカ合衆国のジャズ歌手"
"ヒントン・バトル"," ヒントン・バトル （ 英 : Hinton Battle 、 1956年 11月29日  - ）は、 西ドイツ 生まれ、 ワシントンD.C. ・ ニューヨーク 育ちの ダンサー ・ 振付師 ・ 歌手 である  。","","","","","","","","","","","","","https://ja.wikipedia.org/wiki/ヒントン・バトル","Category_アメリカ合衆国のジャズ歌手","https://ja.wikipedia.org/wiki/Category:アメリカ合衆国のジャズ歌手"
"ライオネル・ハンプトン"," ライオネル・ハンプトン （ Lionel Hampton 、Lionel Leo Hampton、 1908年 4月20日 - 2002年 8月31日 ）は、 アメリカ の ジャズ ・ミュージシャン。ジャズ・ ヴィブラフォン の第一人者として知られる。","ライオネル・レオ・ハンプトン","ハンプ, マッド・ライオネル","アメリカ合衆国 アラバマ州 バーミングハム, もしくは, ケンタッキー州 ルイスビル","1908年 4月20日","( 2002-08-31 ) 2002年 8月31日 （94歳没）","スウィング・ジャズ, ビッグ・バンド, メインストリーム・ジャズ, ニューヨーク・ブルーズ","マルチプレイヤー, 歌手, 俳優, コンポーザー","ヴィブラフォン, ドラム, ピアノ, ヴォーカル","","","ベニー・グッドマン, テディ・ウィルソン, クインシー・ジョーンズ, ルイ・アームストロング","","https://ja.wikipedia.org/wiki/ライオネル・ハンプトン","Category_アメリカ合衆国のジャズ歌手","https://ja.wikipedia.org/wiki/Category:アメリカ合衆国のジャズ歌手"
"アネット・ピーコック"," アネット・ピーコック （ Annette Peacock 、 1946年 - ）は、 アメリカ の作曲家、ミュージシャン、ソングライター、プロデューサー、編曲家である。彼女は電子音楽のパイオニアであり、1960年代後半に最初の モーグ・シンセサイザー の1つと彼女の声を組み合わせた。","","","アメリカ合衆国 ニューヨーク ・ ブルックリン","1941年","","フリー・ジャズ 、 アヴァンギャルド・ジャズ 、 電子音楽 、 アート・ロック","作曲家、ミュージシャン、ソングライター、音楽プロデューサー、編曲家","ボーカル、シンセサイザー、キーボード","1960年代 -","ironic US、 ECM 、RCA","ポール・ブレイ 、 ビル・ブルーフォード 、 コールドカット","","https://ja.wikipedia.org/wiki/アネット・ピーコック","Category_アメリカ合衆国のジャズ歌手","https://ja.wikipedia.org/wiki/Category:アメリカ合衆国のジャズ歌手"
"ビル・ビーチ"," ビル・ビーチ （ Bill Beach , 1953年 3月14日 - ）は、 アメリカ合衆国 出身の ジャズ ミュージシャン、 ピアノ 奏者、 ヴォーカリスト 、 ソングライター 。1980年代よりアメリカ・オレゴン州 ポートランド で活躍している。洗練されたピアノ演奏と温かくしなやかな歌唱で ジャズ と ボサノヴァ を幅広く演奏している。","ウィリアム・ビーチ","","アメリカ合衆国 オレゴン州","( 1953-03-14 ) 1953年 3月14日 （68歳）, アメリカ合衆国 オレゴン州","","ボサノヴァ , ジャズ","ミュージシャン , シンガーソングライター","ピアノ , ヴォーカル","1970年 -","Axial Records","","","https://ja.wikipedia.org/wiki/ビル・ビーチ","Category_アメリカ合衆国のジャズ歌手","https://ja.wikipedia.org/wiki/Category:アメリカ合衆国のジャズ歌手"
"ジョン・ブッテ"," ジョン・ブッテ （John Boutté, 1958年 11月3日  - ）は、 アメリカ合衆国 の ジャズ ・シンガー。1990年代より、 ニューオーリンズ を拠点に活動する。その音楽性はジャズの枠にとどまることなく、 R&B 、 ゴスペル 、 ラテン 、 ブルース など幅広い。姉は、ジャズ/ゴスペル・シンガーとして著名なリリアン・ブッテである。","","","米国 ルイジアナ州 ニューオーリンズ","1958年 11月3日","","ジャズ 、 R&B 、 ブルース","シンガー","","1994年 - 現在","","リリアン・ブッテ, ポール・サンチェス, キューバニスモ","","https://ja.wikipedia.org/wiki/ジョン・ブッテ","Category_アメリカ合衆国のジャズ歌手","https://ja.wikipedia.org/wiki/Category:アメリカ合衆国のジャズ歌手"
"ディー・ディー・ブリッジウォーター"," ディー・ディー・ブリッジウォーター （ Dee Dee Bridgewater 、 1950年 5月27日 - ）は、 アメリカ ・ テネシー州 メンフィス 出身の ジャズ 歌手・俳優。本名はデニス・アイリーン・ギャレット (Denise Eileen Garrett)。現在、 国際連合食糧農業機関 （FAO）の大使をつとめている。","Denise Eileen Garrett","","アメリカ合衆国 テネシー州 メンフィス","( 1950-05-27 ) 1950年 5月27日 （71歳）","","ジャズ 、 R&B","歌手 、 女優 、 音楽プロデューサー 、 ソングライター 、国連親善大使、ラジオ・パーソナリティ","","1966年 -","DDB、Sony Masterworks、OKeh、 ヴァーヴ 、 エレクトラ 、 MCA","サド・ジョーンズ / メル・ルイス・オーケストラ 、 ホレス・シルヴァー 、 ディジー・ガレスピー 、 ソニー・ロリンズ 、 エラ・フィッツジェラルド 、 ベティ・カーター 、 ビリー・ホリデイ 、 セオ・クロッカー 、 チャイナ・モーゼス 、 レイ・チャールズ 、 スタンリー・クラーク 、 サラ・ヴォーン 、 マックス・ローチ 、 ローランド・カーク 、 デクスター・ゴードン 、 ハービー・ハンコック","","https://ja.wikipedia.org/wiki/ディー・ディー・ブリッジウォーター","Category_アメリカ合衆国のジャズ歌手","https://ja.wikipedia.org/wiki/Category:アメリカ合衆国のジャズ歌手"
"ルイ・プリマ"," ルイ・プリマ （Louis Prima、 1910年 12月7日 - 1978年 8月24日 ）は、 アメリカ合衆国 の ジャズ ・ ミュージシャン である。 トランペッター 、 ヴォーカリスト 、 作曲家 として、主に スウィング 期に活躍。\" King of the Swing \" の異名を持つ。","","","","","","","","","","","","","https://ja.wikipedia.org/wiki/ルイ・プリマ","Category_アメリカ合衆国のジャズ歌手","https://ja.wikipedia.org/wiki/Category:アメリカ合衆国のジャズ歌手"
"テレサ・ブリュワー"," テレサ・ブリュワー  （ 英語 : Teresa Brewer 、 1931年 5月7日 - 2007年 10月17日 ）は、 アメリカ の ジャズ 、及び ポップス 歌手。1950年代のアメリカで最も高い人気を誇った女性歌手の一人である。 オハイオ州 トリード 出身。2人目の夫は 音楽プロデューサー の ボブ・シール 。","Theresa Veronica Breuer","","アメリカ合衆国 オハイオ州 トリード","( 1931-05-07 ) 1931年 5月7日","( 2007-10-17 ) 2007年 10月17日 （76歳没）, ニューヨーク州 ニューロシェル","ポップス 、 ジャズ","歌手","ボーカル","1949年 - 1999年","ロンドンレコード 、 コーラル・レコード 、 フィリップス・レコード","","","https://ja.wikipedia.org/wiki/テレサ・ブリュワー","Category_アメリカ合衆国のジャズ歌手","https://ja.wikipedia.org/wiki/Category:アメリカ合衆国のジャズ歌手"
"チェット・ベイカー"," チェット・ベイカー （ Chet Baker 、本名 Chesney Henry Baker Jr. 、 1929年 12月23日 - 1988年 5月13日 ）は、 ジャズ ミュージシャン 。 ウエストコースト・ジャズ の代表的 トランペット奏者 であり、 ヴォーカリスト でもある。","チェスニー・ヘンリー・ベイカー・ジュニア","","アメリカ合衆国 オクラホマ州 イェール","1929年 12月23日","( 1988-05-13 ) 1988年 5月13日 （58歳没）","ウエストコースト・ジャズ","トランペッター 、 ヴォーカリスト","トランペット 、 ヴォーカル","","パシフィック・ジャズ・レコード 、 リバーサイド・レコード 、ライムライト・レコード、 プレスティッジ・レコード 、 CTIレコード 、スティープルチェイス・レコード、エンヤ・レコード","ジェリー・マリガン","","https://ja.wikipedia.org/wiki/チェット・ベイカー","Category_アメリカ合衆国のジャズ歌手","https://ja.wikipedia.org/wiki/Category:アメリカ合衆国のジャズ歌手"
"ジョセフィン・ベーカー"," ジョセフィン・ベイカー （ Josephine Baker 、 1906年 6月3日 - 1975年 4月12日 ）は、 アメリカ ・ セントルイス 出身の ジャズ 歌手 ・女優である。 フランス語 読みで「ジョゼフィーヌ・バケル」とも呼ばれる。","Freda Josephine McDonald","","","( 1906-06-03 ) 1906年 6月3日","","ジャズ","歌手 、エンターテイナー","","　 1920年代 - 1970年代","","","","https://ja.wikipedia.org/wiki/ジョセフィン・ベーカー","Category_アメリカ合衆国のジャズ歌手","https://ja.wikipedia.org/wiki/Category:アメリカ合衆国のジャズ歌手"
"トニー・ベネット"," トニー・ベネット （ Tony Bennett , 1926年 8月3日 - ）は アメリカ合衆国 の ポピュラー音楽 の 歌手 、 画家 。 ニューヨーク州 クイーンズ 生まれ。 イタリア系アメリカ人 で、本名は アントニー・ドミニク・ベネデット （ Anthony Dominick Benedetto ）。芸名は本名を切り詰めたものである。","Anthony Dominick Benedetto（アントニー・ドミニク・ベネデット）","","","( 1926-08-03 ) 1926年 8月3日 （94歳）","","ポップス、ジャズ、スウィング","俳優 、 歌手 、エンターテイナー","","","","","","https://ja.wikipedia.org/wiki/トニー・ベネット","Category_アメリカ合衆国のジャズ歌手","https://ja.wikipedia.org/wiki/Category:アメリカ合衆国のジャズ歌手"
"グレゴリー・ポーター"," グレゴリー・ポーター （1971年11月4日生まれ）  はアメリカの歌手、ソングライター、俳優である。 2014年、 Liquid Spirit で、 2017年 Take Me to the Alley で、ベスト・ジャズ・ボーカル・アルバム部門の グラミー賞 を受賞した。 ","","","","","","","","","","","","","https://ja.wikipedia.org/wiki/グレゴリー・ポーター","Category_アメリカ合衆国のジャズ歌手","https://ja.wikipedia.org/wiki/Category:アメリカ合衆国のジャズ歌手"
"レナ・ホーン"," レナ・ホーン （ Lena Horne , 本名：Lena Mary Calhoun Horne, 1917年 6月30日 - 2010年 5月9日 ）は、 アメリカ合衆国 の ジャズ 歌手、俳優。日本では リナ・ホーン という表記も見られる。広範囲に、そして自主的にジャズ・アーティスト（ アーティ・ショウ 、 テディ・ウィルソン 、 デューク・エリントン 、チャーリー・バーネットら）と共演した。亡くなるまで ニューヨーク に在住、2000年以降は公の場に姿を現していなかった。19世紀の政治家 ジョン・カルフーン を先祖に持つ。","Lena Mary Calhoun Horne","Sepia、Ice Beauty","アメリカ合衆国 ニューヨーク州 ニューヨーク 、 ブルックリン","1917年 6月30日","2010年 5月9日","ジャズ ・ ポップス ・ ブロードウェイ","歌手 、 俳優","","1938年 - 2000年","MGM 、 RCA 、 Bluenotes 、 Black & White 、Charter","エラ・フィッツジェラルド 　 サラ・ヴォーン 　 ドリス・デイ","","https://ja.wikipedia.org/wiki/レナ・ホーン","Category_アメリカ合衆国のジャズ歌手","https://ja.wikipedia.org/wiki/Category:アメリカ合衆国のジャズ歌手"
"マーク・マーフィー (歌手)"," マーク・マーフィー （Mark Murphy、 1932年 3月14日 - 2015年 10月22日 ）は アメリカ合衆国 ・ ニューヨーク州 出身の ジャズ ボーカリスト 。卓越した技巧と天才的なひらめきを持つシンガーで、非常に広い音域と器楽的な歌唱が特徴的である。革新的なヴォーカルの即興演奏で知られていた。","","","アメリカ合衆国 ・ ニューヨーク州","1932年 3月14日","( 2015-10-22 ) 2015年 10月22日 （83歳没）","","","","","","","","https://ja.wikipedia.org/wiki/マーク・マーフィー_(歌手)","Category_アメリカ合衆国のジャズ歌手","https://ja.wikipedia.org/wiki/Category:アメリカ合衆国のジャズ歌手"
"レス・マッキャン"," レス・マッキャン （ 英語 : Les McCann 、 1935年 9月23日 - ）は、 アメリカ合衆国 の ジャズ ・ピアニストおよびボーカリスト。","Leslie Coleman McCann","","アメリカ合衆国 ケンタッキー州 レキシントン","( 1935-09-23 ) 1935年 9月23日 （85歳）, アメリカ合衆国 ケンタッキー州 レキシントン","","ウエストコースト・ジャズ 、 ソウル・ジャズ","ミュージシャン","ピアノ","","","","","https://ja.wikipedia.org/wiki/レス・マッキャン","Category_アメリカ合衆国のジャズ歌手","https://ja.wikipedia.org/wiki/Category:アメリカ合衆国のジャズ歌手"
"マリリン・ムーア"," マリリン・ムーア （ Marilyn Moore , 1931年 6月16日 オクラホマ州 オクラホマ・シティ - 1992年 3月 フロリダ州 ）は、 1950年代 に活動した アメリカ合衆国 の ジャズ ・ シンガー 。 ビリー・ホリデイ に瓜二つの声色で知られ、ジャズ評論家のウィル・フリードワルドによると、ホリデイとは友人同士であったという  。ジャズ・サクソフォン奏者の アル・コーン と結婚した時期があり、息子 ジョー はジャズ・ギタリストとして活躍中である  。代表作のアルバム『ムーディ（ 英語 : Moody ）』 （ ベツレヘム・レコード 、 1957年 ） ではアル・コーンと共演を果たしており、ビリー・ホリデイの生き写しと言われるムーアの声質や発声法もそこで確認することができる。","","","","","","","","","","","","","https://ja.wikipedia.org/wiki/マリリン・ムーア","Category_アメリカ合衆国のジャズ歌手","https://ja.wikipedia.org/wiki/Category:アメリカ合衆国のジャズ歌手"
"ジェーン・モンハイト"," ジェーン・モンハイト （Jane Monheit、 1977年 11月3日 - ）は、 アメリカ合衆国 の ジャズ ・ ボーカリスト 。 ニューヨーク州 オークデール 生まれ。 コンコード・レコード でアルバムを発売している。","","","アメリカ合衆国 ニューヨーク州 オークデール","( 1977-11-03 ) 1977年 11月3日 （43歳）","","ジャズ","ボーカリスト","ボーカル 、 ピアノ 、 クラリネット","2000年 - 現在","コンコード・レコード","","","https://ja.wikipedia.org/wiki/ジェーン・モンハイト","Category_アメリカ合衆国のジャズ歌手","https://ja.wikipedia.org/wiki/Category:アメリカ合衆国のジャズ歌手"
"ネリー・ラッチャー"," ネリー・ラッチャー （ Nellie Lutcher 、 1912年 10月15日 − 2007年 6月8日 ）は、 アフリカ系アメリカ人 の R&B ・ ジャズ シンガー・ ピアニスト であり、 シンガーソングライター 。 1940年代 後半から 1950年代 前半にかけて活躍した。特徴的な声、特に言葉遣いや誇張発音が最も印象に残る人物であり、中でも ニーナ・シモン の影響を大きく受けているとされる。","ネリー・ラッチャー","『ブラック・ポップの先駆』","アメリカ合衆国 ルイジアナ州 レイクチャールズ","1912年 10月15日","( 2007-06-08 ) 2007年 6月8日 （94歳没）, アメリカ合衆国","ジャズ ・ ピアニスト ・ R&B","歌手","","1947年 - ?","キャピトル （ 1947年 ～）, エピック  （ 1952年 ～）, デッカ （ 1955年 ～）, リバティ （ 1956年 ）, インペリアル （ 1957年 ）","","","https://ja.wikipedia.org/wiki/ネリー・ラッチャー","Category_アメリカ合衆国のジャズ歌手","https://ja.wikipedia.org/wiki/Category:アメリカ合衆国のジャズ歌手"
"ランバート、ヘンドリックス&ロス"," ランバート、ヘンドリックス&ロス （Lambert, Hendricks & Ross）は、アメリカ合衆国の ヴォーカリーズ ・トリオである。 1957年 に結成し、初期のメンバーは、 デイヴ・ランバート 、 ジョン・ヘンドリックス および アニー・ロス で、 1962年 にロスは脱退し、バヴァンが加入し、ランバート、ヘンドリックス&バヴァンとなった。","","","","","","","","","","","","","https://ja.wikipedia.org/wiki/ランバート、ヘンドリックス&ロス","Category_アメリカ合衆国のジャズ歌手","https://ja.wikipedia.org/wiki/Category:アメリカ合衆国のジャズ歌手"
"ペギー・リー"," ペギー・リー （ Peggy Lee , 1920年 5月26日 - 2002年 1月21日 ）は、 アメリカ合衆国 の 歌手 ・ 女優 。本名 ノーマ・デロリス・エグストローム （Norma Deloris Egstrom）。「ソフト・アンド・クール」な歌声で知られた。","Norma Deloris Egstrom","","ノースダコタ州 ジェームズタウン","1920年 5月26日, アメリカ合衆国, ノースダコタ州 ジェームズタウン","2002年 1月21日","トラディショナル・ポップ, ジャズ","歌手 、 作曲家 、 女優","","1941年 - 1996年","デッカ・レコード, キャピトル・レコード","ジョー・スタッフォード, パティ・ペイジ, ローズマリー・クルーニー","","https://ja.wikipedia.org/wiki/ペギー・リー","Category_アメリカ合衆国のジャズ歌手","https://ja.wikipedia.org/wiki/Category:アメリカ合衆国のジャズ歌手"
"アビー・リンカーン"," アビー・リンカーン （ Abbey Lincoln 、 1930年 8月6日 - 2010年 8月14日 ）は、 アメリカ合衆国 イリノイ州 シカゴ 出身の ジャズ ・ ボーカリスト 、 女優 。本名Anna Marie Wooldridge。 ビリー・ホリデイ を敬愛し、しばしばビリーの後継者と評価されてきた  。","Anna Marie Wooldridge","","アメリカ合衆国 イリノイ州 シカゴ","1930年 8月6日","2010年 8月14日","ジャズ","歌手 、 俳優","","1956年 - 2007年","リバティ・レコード, リバーサイド・レコード, キャンディド・レコード, エンヤ・レコード, ヴァーヴ・レコード","マックス・ローチ","","https://ja.wikipedia.org/wiki/アビー・リンカーン","Category_アメリカ合衆国のジャズ歌手","https://ja.wikipedia.org/wiki/Category:アメリカ合衆国のジャズ歌手"
"ジュリー・ロンドン"," ジュリー・ロンドン （ Julie London 、 1926年 9月26日 - 2000年 10月18日 ）は、 アメリカ合衆国 の 女優 、 歌手 。本名、 ゲイル・ペック （Gayle Peck）。","Gayle Peck","Julie Peck","アメリカ合衆国 ・ カリフォルニア州 サンタローザ","1926年 9月26日","2000年 10月18日 （74歳没）, アメリカ合衆国 ・ カリフォルニア州 ロサンゼルス エンシノ","ジャズ","歌手, 女優","ボーカル","1944年 - 1979年","ベツレヘム・レコード, リバティ・レコード","","","https://ja.wikipedia.org/wiki/ジュリー・ロンドン","Category_アメリカ合衆国のジャズ歌手","https://ja.wikipedia.org/wiki/Category:アメリカ合衆国のジャズ歌手"
"ダイナ・ワシントン"," ダイナ・ワシントン （Dinah Washington, 1924年 8月29日 - 1963年 12月14日 ）は、 アメリカ合衆国 の ブルース / R&B / ジャズ ・ シンガー 。出生時の本名は、ルース・リー・ジョーンズ。自他共に認める「ブルースの女王」(Queen of the Blues) の称号を持つ。そのソウルフルな歌声は、ジャズ界に留まらず、幅広い方面に影響を与えた。","Ruth Lee Jones","","アメリカ合衆国 イリノイ州 シカゴ","1924年 8月29日, アメリカ合衆国 アラバマ州 タスカルーサ","( 1963-12-14 ) 1963年 12月14日 （39歳没）","ジャズ 、 ブルース 、 R&B","シンガー","ボーカル、 ピアノ","1943年 〜 1963年","キーノート、アポロ、 マーキュリー 、 エマーシー 、ルーレット","ライオネル・ハンプトン 、 クインシー・ジョーンズ 、 ウィントン・ケリー","","https://ja.wikipedia.org/wiki/ダイナ・ワシントン","Category_アメリカ合衆国のジャズ歌手","https://ja.wikipedia.org/wiki/Category:アメリカ合衆国のジャズ歌手"
"ミシェル・ンデゲオチェロ"," ミシェル・ンデゲオチェロ （ Meshell Ndegeocello 、本名: ミシェル・リン・ジョンソン、 1968年 8月29日 - ）は、 アメリカ合衆国 の シンガーソングライター 、 ラッパー 、 ベーシスト 、 ボーカリスト である  。 ネオ・ソウル のさきがけとして知られており、音楽的には ファンク 、 ソウル 、 ヒップホップ 、 レゲエ 、 ダブ 、 R&B 、 ロック 、 ジャズ の要素を含む  。","Michelle Lynn Johnson, ミシェル・リン・ジョンソン","Meshell Suhaila Bashir-Shakur, Me'Shell Ndegéocello","アメリカ合衆国 ワシントンD.C.","( 1968-08-29 ) 1968年 8月29日 （52歳）","","ファンク 、 ソウル 、 R&B 、 ロック 、 ジャズ","ミュージシャン 、 作曲家","ベース 、 ボーカル","1992年 -","","","","https://ja.wikipedia.org/wiki/ミシェル・ンデゲオチェロ","Category_アメリカ合衆国のジャズ歌手","https://ja.wikipedia.org/wiki/Category:アメリカ合衆国のジャズ歌手"
"アメリカ合衆国の歌手"," アメリカ合衆国 の 歌手 についての記事のカテゴリ。","","","","","","","","","","","","","https://ja.wikipedia.org/wiki/Category:アメリカ合衆国の歌手","Category_アメリカ合衆国のジャズ歌手","https://ja.wikipedia.org/wiki/Category:アメリカ合衆国のジャズ歌手"
"アメリカ合衆国のジャズ・ミュージシャン"," このカテゴリには下位カテゴリ 19 件が含まれており、そのうち以下の 19 件を表示しています。","","","","","","","","","","","","","https://ja.wikipedia.org/wiki/Category:アメリカ合衆国のジャズ・ミュージシャン","Category_アメリカ合衆国のジャズ歌手","https://ja.wikipedia.org/wiki/Category:アメリカ合衆国のジャズ歌手"
"各国のジャズ歌手"," このカテゴリには下位カテゴリ 7 件が含まれており、そのうち以下の 7 件を表示しています。","","","","","","","","","","","","","https://ja.wikipedia.org/wiki/Category:各国のジャズ歌手","Category_アメリカ合衆国のジャズ歌手","https://ja.wikipedia.org/wiki/Category:アメリカ合衆国のジャズ歌手"
