﻿"タイトル","コメント","出生名","別名","出身地","生誕","死没","ジャンル","職業","担当楽器","活動期間","レーベル","共同作業者","メンバー","URL","親リストタイトル","親リストURL"
"アート・アンサンブル・オブ・シカゴ"," アート・アンサンブル・オブ・シカゴ （ Art Ensemble Of Chicago ）は、 アメリカ合衆国 シカゴ 出身の フリー・ジャズ ・ バンド 。「多楽器主義」を掲げ、ステージ上に膨大な数の楽器を並べて、それらすべてを演奏することで知られる  。","","","アメリカ合衆国 イリノイ州 シカゴ","","","フリー・ジャズ","","","1966年 -","デルマーク・レコード, ECMレコード, DIW, アトランティック・レコード, PI Recordings","","レスター・ボウイ, ジョセフ・ジャーマン, ロスコー・ミッチェル, マラカイ・フェイヴァーズ, ドン・モイエ","https://ja.wikipedia.org/wiki/アート・アンサンブル・オブ・シカゴ","Category_アメリカ合衆国のジャズ・バンド","https://ja.wikipedia.org/wiki/Category:アメリカ合衆国のジャズ・バンド"
"アーバン・ナイツ"," アーバン・ナイツ （ Urban Knights ）は、ピアニストの ラムゼイ・ルイス を中心にした R&B / スムーズジャズ ・バンド。","","","アメリカ合衆国","","","ジャズ 、 フュージョン","","","1995年 - 2005年 、 2019年 -","GRPレコード 、 ナラダ・ジャズ","ラムゼイ・ルイス, モーリス・ホワイト","","https://ja.wikipedia.org/wiki/アーバン・ナイツ","Category_アメリカ合衆国のジャズ・バンド","https://ja.wikipedia.org/wiki/Category:アメリカ合衆国のジャズ・バンド"
"アウト・オブ・ザ・ブルー (バンド)"," アウト・オブ・ザ・ブルー （ Out of the Blue 、または OTB ）は、1980年代に ブルーノート・レコード によってレーベルの若いミュージシャンたちのショーケースとして結成された アメリカ の ジャズ ・アンサンブル。彼らは1984年に結成され、4枚のアルバムをリリースし、5年間で広範囲にわたってツアーを行った。彼らの最も商業的に成功したアルバムは1986年の『ライヴ・アット・マウント・フジ』で、ビルボード・トップ・ジャズ・アルバム・チャートで9位に達した  。この間にラインナップは時として変更されたりもしたが、メンバーがそれぞれソロ・キャリアに移行した後、グループは1989年に解散した  。","","OTB","アメリカ合衆国","","","ジャズ","","","1984年 - 1989年","ブルーノート・レコード","","ミハエル・フィリップ・モスマン, ケニー・ギャレット, ラルフ・ボーエン, ハリー・ピケンズ, ロバート・ハースト, ラルフ・ピーターソン, ケニー・デイヴィス, スティーヴ・ウィルソン, リニー・ロスネス, ビリー・ドラモンド","https://ja.wikipedia.org/wiki/アウト・オブ・ザ・ブルー_(バンド)","Category_アメリカ合衆国のジャズ・バンド","https://ja.wikipedia.org/wiki/Category:アメリカ合衆国のジャズ・バンド"
"秋吉敏子ジャズオーケストラ フィーチャリング ルー・タバキン"," 秋吉敏子ジャズオーケストラ フィーチャリング ルー・タバキン （Toshiko Akiyoshi Jazz Orchestra featuring Lew Tabackin, 1983年 1月 - 2003年 12月29日 ）は、1983年に 穐吉敏子 （秋吉敏子）と夫 ルー・タバキン が ニューヨーク で結成した ビッグバンド 。2003年12月29日、毎週月曜日の夜にコンサートを行っていたニューヨークの ジャズ クラブ、 バードランド での演奏を最後に解散した。","","","アメリカ合衆国 ニューヨーク","","","ジャズ","","","1983年1月 - 2003年12月29日","","","","https://ja.wikipedia.org/wiki/秋吉敏子ジャズオーケストラ_フィーチャリング_ルー・タバキン","Category_アメリカ合衆国のジャズ・バンド","https://ja.wikipedia.org/wiki/Category:アメリカ合衆国のジャズ・バンド"
"秋吉敏子＝ルー・タバキンビッグバンド"," 秋吉敏子＝ルー・タバキンビッグバンド （ Toshiko Akiyoshi-Lew Tabackin Big Band 、 1973年 - 1982年 ）は、1973年に 穐吉敏子 （秋吉敏子）と夫 ルー・タバキン が ロサンゼルス で結成した ビッグバンド 。1982年、本拠地を ニューヨーク に移し、 秋吉敏子ジャズオーケストラ フィーチャリング ルー・タバキン へ改組した。","","","","","","","","","","","","","https://ja.wikipedia.org/wiki/秋吉敏子＝ルー・タバキンビッグバンド","Category_アメリカ合衆国のジャズ・バンド","https://ja.wikipedia.org/wiki/Category:アメリカ合衆国のジャズ・バンド"
"イエロージャケッツ"," イエロージャケッツ （ Yellowjackets ）は、1981年に結成されたアメリカの ジャズ ・ フュージョン ・グループ。「イエロー・ジャケット（yellow jacket）」とは スズメバチ の意味を持つ。","","","アメリカ合衆国","","","フュージョン","","","1981年 -","ワーナー・ブラザース・レコード (1981年 - 1985年、1995年 - 1999年), MCA (1986年 - 1990年), GRP (1991年 - 1994年), ヘッズ・アップ (2003年 - 2010年), マック・アヴェニュー (2010年 - )","ロベン・フォード","ラッセル・フェランテ, ボブ・ミンツァー, ウィリアム・ケネディ, デーン・アルダーソン","https://ja.wikipedia.org/wiki/イエロージャケッツ","Category_アメリカ合衆国のジャズ・バンド","https://ja.wikipedia.org/wiki/Category:アメリカ合衆国のジャズ・バンド"
"ヴァンガード・ジャズ・オーケストラ"," ヴァンガード・ジャズ・オーケストラ （ The Vanguard Jazz Orchestra ( VJO )、 1990年 - ）は、 ニューヨーク の ジャズ クラブ、 ヴィレッジ・ヴァンガード を本拠地とする ビッグバンド 。","","","アメリカ合衆国 ニューヨーク","","","ジャズ","","","1990年 -","","","","https://ja.wikipedia.org/wiki/ヴァンガード・ジャズ・オーケストラ","Category_アメリカ合衆国のジャズ・バンド","https://ja.wikipedia.org/wiki/Category:アメリカ合衆国のジャズ・バンド"
"V.S.O.P.クインテット"," V.S.O.P.クインテット （ヴイ・エス・オー・ピー・クインテット、 V.S.O.P. ）は、 ハービー・ハンコック （ピアノ、キーボード、シンセサイザー、ボーカル）、 ウェイン・ショーター （テナーサックス、ソプラノサックス）、 ロン・カーター （ベース）、 トニー・ウィリアムス （ドラム）、 フレディ・ハバード （トランペット、フリューゲルホルン）からなる アメリカ合衆国 の ジャズ ・クインテットである。ハンコック、ショーター、カーター、ウィリアムスは全員、1960年代に マイルス・デイヴィス ・クインテットのメンバーを務めた。","","","アメリカ合衆国","","","ジャズ 、 ハード・バップ","","","1976年 - 1979年","コロムビア・レコード","","ハービー・ハンコック, ウェイン・ショーター, ロン・カーター, トニー・ウィリアムス, フレディ・ハバード","https://ja.wikipedia.org/wiki/V.S.O.P.クインテット","Category_アメリカ合衆国のジャズ・バンド","https://ja.wikipedia.org/wiki/Category:アメリカ合衆国のジャズ・バンド"
"ヴィレッジ・ストンパーズ"," ヴィレッジ・ストンパーズ （ 英語 ：The Village Stompers）は、 1963年 のヒット曲「 ワシントン広場の夜はふけて （Washington Square）」で知られる アメリカ の ディキシーランド・ジャズ のバンド。 バンジョー を目立たせ、 スキャット や ハミング 、 ヴォカリーズ を交えた独自の器楽様式で名高く、当時流行であった フォークソング の要素も折衷されていることから、フォーク・ディキシーに分類された。","","","","","","","","","","","","","https://ja.wikipedia.org/wiki/ヴィレッジ・ストンパーズ","Category_アメリカ合衆国のジャズ・バンド","https://ja.wikipedia.org/wiki/Category:アメリカ合衆国のジャズ・バンド"
"ウェザー・リポート"," ウェザー・リポート ( Weather Report ) は、 ジョー・ザヴィヌル と ウェイン・ショーター の2人が中心になり、1970年に結成されたエレクトリック系サウンドをメインとした アメリカ の ジャズ 、 フュージョン ・グループである。　","","","アメリカ合衆国","","","フュージョン 、 ワールドミュージック 、 ジャズ・ファンク 、 フリー・ジャズ","","","1970年 - 1986年","コロムビア・レコード 、ARC","","ジョー・ザヴィヌル, ウェイン・ショーター, ミロスラフ・ヴィトウス, アイアート・モレイラ, アレックス・アクーニャ, アルフォンソ・ジョンソン, アルフォンス・ムゾーン, アリリオ・リマ, チェスター・トンプソン, ドン・ウン・ロマン, エリック・グラヴァット, イシュマエル・ウィルバーン, ジャコ・パストリアス, ホセ・ロッシー, レオン・チャンクラー, マノロ・バドレーナ, ミノ・シネル, オマー・ハキム, ピーター・アースキン, ロバート・トーマス・ジュニア, ヴィクター・ベイリー","https://ja.wikipedia.org/wiki/ウェザー・リポート","Category_アメリカ合衆国のジャズ・バンド","https://ja.wikipedia.org/wiki/Category:アメリカ合衆国のジャズ・バンド"
"エア・ポケット (バンド)"," エア・ポケット （ Air Pocket ）は、ファウラー兄弟によって結成された フュージョン ・バンド  。","","","アメリカ合衆国","","","フュージョン","","","","","","ウォルト・ファウラー, ブルース・ファウラー, スティーヴ・ファウラー, アルバート・ウィング, マイク・ミラー, スチュ・ゴールドバーグ, エド・ファウラー, トム・ファウラー, チェスター・トンプソン","https://ja.wikipedia.org/wiki/エア・ポケット_(バンド)","Category_アメリカ合衆国のジャズ・バンド","https://ja.wikipedia.org/wiki/Category:アメリカ合衆国のジャズ・バンド"
"エヴリマン・バンド"," エヴリマン・バンド （ Everyman Band ）は、1980年代初頭に活躍したアメリカの フュージョン ・グループであり、サックスのマーティ・フォーゲル、ベースのブルース・ヨー、ドラムのマイケル・スコルスキー、ギターの デヴィッド・トーン をフィーチャーしていた  。","","","アメリカ合衆国","","","フュージョン","","","1980年代","ECMレコード","","デヴィッド・トーン, マーティ・フォーゲル, ブルース・ヨー, マイケル・スコルスキー","https://ja.wikipedia.org/wiki/エヴリマン・バンド","Category_アメリカ合衆国のジャズ・バンド","https://ja.wikipedia.org/wiki/Category:アメリカ合衆国のジャズ・バンド"
"SMV (バンド)"," SMV  （エス・エム・ヴィー）は、2008年に結成された ベース・ギター のスーパー・グループである。グループの名前は、 スタンリー・クラーク 、 マーカス・ミラー 、 ヴィクター・ウッテン という各メンバーの最初のイニシャルに由来する。","","","アメリカ合衆国","","","ジャズ 、 ジャズ・ファンク 、 ファンク","","","2008年 - 2009年","ヘッズ・アップ・インターナショナル","","スタンリー・クラーク, マーカス・ミラー, ヴィクター・ウッテン","https://ja.wikipedia.org/wiki/SMV_(バンド)","Category_アメリカ合衆国のジャズ・バンド","https://ja.wikipedia.org/wiki/Category:アメリカ合衆国のジャズ・バンド"
"L.A.フォア"," L.A.フォア （ L.A. Four 、または L.A. 4 ）は、1974年から1982年にかけて カリフォルニア州 ロサンゼルス でパフォーマンスを行った ジャズ ・カルテット  。","","","アメリカ合衆国 カリフォルニア州 ロサンゼルス","","","ジャズ","","","","","","ローリンド・アルメイダ, バド・シャンク, レイ・ブラウン, ジェフ・ハミルトン, シェリー・マン, チャック・フローレス","https://ja.wikipedia.org/wiki/L.A.フォア","Category_アメリカ合衆国のジャズ・バンド","https://ja.wikipedia.org/wiki/Category:アメリカ合衆国のジャズ・バンド"
"エレメンツ (バンド)"," エレメンツ （ Elements ）は、1982年にベーシストの マーク・イーガン と、ドラマーの ダニー・ゴットリーブ によって結成されたアメリカの フュージョン ・アンサンブルである。イーガンとゴットリーブは共に パット・メセニー・グループ の元メンバーであり、エレメンツのサウンドはその経験から引き出されている。","","","アメリカ合衆国","","","ジャズ 、 フュージョン 、 ニューエイジ","","","1982年 -","Antilles Records, Novus Records, Wavetone","パット・メセニー・グループ","マーク・イーガン, ダニー・ゴットリーブ, クリフォード・カーター, ビル・エヴァンス, ギル・ゴールドスタイン, スティーヴ・カーン","https://ja.wikipedia.org/wiki/エレメンツ_(バンド)","Category_アメリカ合衆国のジャズ・バンド","https://ja.wikipedia.org/wiki/Category:アメリカ合衆国のジャズ・バンド"
"オパ"," オパ （ Opa ）は、 ウルグアイ のメンバーで構成された アメリカ合衆国 の フュージョン ・バンド  。1970年代にスタートし、アメリカで『ゴールデンウィングス』（Milestone Records M-9069、1976年）、『Magic Time』（Milestone Records M-9078、1977年）という2枚のアルバムをリリースした。どちらも ブラジル のミュージシャンにして作曲家の アイアート・モレイラ によってプロデュースされた。","","","ウルグアイ","","","ラテン・ロック、 フュージョン","","","1969年 - 1977年 、 1981年 、 1987年 、 2004年","マイルストーン・レコード","","","https://ja.wikipedia.org/wiki/オパ","Category_アメリカ合衆国のジャズ・バンド","https://ja.wikipedia.org/wiki/Category:アメリカ合衆国のジャズ・バンド"
"オリジナル・ディキシーランド・ジャズ・バンド"," オリジナル・ディキシーランド・ジャズ・バンド （ Original Dixieland Jass Band 、デビュー後Original Dixieland Jazz Bandに改名）は、 アメリカ合衆国 ニューオーリンズ 出身の 白人 ジャズ ・ バンド 。略称 O.D.J.B. 。ジャズ界で初の商業用 レコード を発表したバンドとして知られる。","","","アメリカ合衆国 ルイジアナ州 ニューオーリンズ","","","ジャズ, ディキシーランド・ジャズ","","","1916年 - 1924年 、 1936年 - 1938年","ビクタートーキングマシン","","ニック・ラロッカ, エディ・エドワーズ, ラリー・シールズ, ヘンリー・ラガス, トニー・スバーバロ","https://ja.wikipedia.org/wiki/オリジナル・ディキシーランド・ジャズ・バンド","Category_アメリカ合衆国のジャズ・バンド","https://ja.wikipedia.org/wiki/Category:アメリカ合衆国のジャズ・バンド"
"ガスター・デル・ソル"," ガスター・デル・ソル (Gastr del Sol) は、 アメリカ合衆国 の ポストロック バンド 。 バストロ の デヴィッド・グラブス を中心として、 1991年 に結成された。","","","アメリカ合衆国 ケンタッキー州 ルイビル","","","ポストロック, エクスペリメンタル・ロック, エレクトロニカ, ジャズ・ロック, インストゥルメンタル","","","1991年 - 1998年","ドラッグ・シティ","バストロ 、 トータス","デヴィッド・グラブス, バンディ・K・ブラウン, ジム・オルーク, ジョン・マッケンタイア","https://ja.wikipedia.org/wiki/ガスター・デル・ソル","Category_アメリカ合衆国のジャズ・バンド","https://ja.wikipedia.org/wiki/Category:アメリカ合衆国のジャズ・バンド"
"カリビアン・ジャズ・プロジェクト"," カリビアン・ジャズ・プロジェクト （ Caribbean Jazz Project ）は、1993年に結成された ラテンジャズ ・バンド。オリジナルのグループには、 デイヴ・サミュエルズ 、 パキート・デリベラ 、アンディ・ナレルが参加していた。セカンド・アルバムの後、デリベラとナレルはグループを脱退したが、どちらもゲスト参加者として戻ってきている。サミュエルズのリーダーシップの下で、グループはメンバー交代しつつ、多数のゲスト・アーティストとともにラテンジャズのさまざまなジャンルを探求していった。バンドはカリビアン・ジャズ・プロジェクト名義で9枚のアルバムをリリースし、1枚はジャズ・シンガーである ダイアン・シューア をフィーチャーするバックバンドとしてリリースした。サミュエルズとの最後のアルバム『Afro Bop Alliance』は、ドラマーのジョー・マッカーシーが率いるメリーランドを拠点とするアフロ・バップ・アライアンス・ビッグバンドをフィーチャーし、2008年 ラテン・グラミー賞 のベスト・ラテンジャズ・アルバムを受賞した。マッカーシーのラテンジャズ・ビッグバンドは引き続き自身名義でレコーディングを行っており、サミュエルズがグループの名前を保持している。","","","アメリカ合衆国 ニューヨーク","","","ラテンジャズ 、ワールド・フュージョン","","","1993年 - 2008年","コンコード 、 ヘッズ・アップ","","","https://ja.wikipedia.org/wiki/カリビアン・ジャズ・プロジェクト","Category_アメリカ合衆国のジャズ・バンド","https://ja.wikipedia.org/wiki/Category:アメリカ合衆国のジャズ・バンド"
"カルテット・サンフランシスコ"," カルテット・サンフランシスコ （Quartet San Francisco）は、 ジェレミー・コーエン 率いる非伝統的、折衷派の 弦楽四重奏団 。2001年に初めての コンサート を行い、これまでに4作の アルバム を レコーディング している。 ジャズ 、 ブルース から タンゴ 、 スウィング 、 ファンク 、 ポップ まで幅広く演奏し  、古典的 クラシック音楽 を基礎にした弦楽四重奏が持つ可能性に挑戦している。","","","アメリカ合衆国 、 カリフォルニア州 サンフランシスコ","","","ジャズ 、 ブルース 、 タンゴ 、 スウィング 、 ファンク 、 ポップ","","","2001年–現在","ヴァイオリン・ジャズ","","ジェレミー・コーエン、ヴァイオリン, アリサ・ローズ、ヴァイオリン（2009年– ）, キース・ローレンス、ヴィオラ（2008年– ）, ミシェル・ジョキック、チェロ（2008年– ）","https://ja.wikipedia.org/wiki/カルテット・サンフランシスコ","Category_アメリカ合衆国のジャズ・バンド","https://ja.wikipedia.org/wiki/Category:アメリカ合衆国のジャズ・バンド"
"ギャラクティック"," ギャラクティック （ Galactic ）は、 1990年代 初頭から活動する アメリカ合衆国 のバンド。 ルイジアナ州 ニューオーリンズ を拠点として活動を行っている。 ジャズ 、 ファンク 、 ロック 、 ヒップ・ホップ などのジャンルを融合し、 ジャムセッション を ライブ で行うスタイルを特徴としている。年間に数多くのライブをこなし、ライブを中心に活動を行っている。","","","アメリカ合衆国 ニューオーリンズ","","","ジャズ, ファンク, ロック, ヒップ・ホップ","","","1990年代 初頭 -","サンクチュアリ・レコード, アンタイ・レコード","","ロバート・マーキュリオ, ジェフ・レインズ, リチャード・ヴォーゲル, スタントン・ムーア, ベン・エルマン","https://ja.wikipedia.org/wiki/ギャラクティック","Category_アメリカ合衆国のジャズ・バンド","https://ja.wikipedia.org/wiki/Category:アメリカ合衆国のジャズ・バンド"
"クエスト (バンド)"," クエスト （ Quest ）は、サックス奏者の デイヴ・リーブマン 、ピアニストの リッチー・バイラーク 、ベーシストの ロン・マクルーア 、ドラマーの ビリー・ハート による アメリカ の ジャズ ・バンドである（オリジナルのバンド・ラインナップには、ベーシストの ジョージ・ムラーツ とドラマーの アル・フォスター が含まれていた。このラインナップはグループのファースト・アルバムでのみフィーチャーされた。その後のすべてのレコーディングでは、リーブマン/バイラーク/マクルーア/ハートのラインナップがフィーチャーされている）  。","","","アメリカ合衆国","","","ジャズ","","","","","","","https://ja.wikipedia.org/wiki/クエスト_(バンド)","Category_アメリカ合衆国のジャズ・バンド","https://ja.wikipedia.org/wiki/Category:アメリカ合衆国のジャズ・バンド"
"クラリネット・サミット"," クラリネット・サミット （ Clarinet Summit ）は、1979年にプロデューサーのヨアキム・エルンスト・ベレントによって組織されたプロジェクトであった  。","","","アメリカ合衆国","","","ジャズ","","","","","","","https://ja.wikipedia.org/wiki/クラリネット・サミット","Category_アメリカ合衆国のジャズ・バンド","https://ja.wikipedia.org/wiki/Category:アメリカ合衆国のジャズ・バンド"
"ザ・クルセイダーズ"," ザ・クルセイダーズ （ The Crusaders ）は、主に 1970年代 に活躍した アメリカ合衆国 の フュージョン ・グループ。 ジャズ・クルセイダーズ を前身とする。","","","アメリカ合衆国 テキサス州 ヒューストン","","","ジャズ 、 フュージョン 、 ソウル・ジャズ 、 ジャズ・ファンク","","","1952年 - 2010年","パシフィック・ジャズ 、 ABC/ブルー・サム 、 MCA 、 GRP","アーサー・アダムス、 ランディ・クロフォード 、レナ・スコット、 ビル・ウィザース","ウィルトン・フェルダー, ジョー・サンプル, スティックス・フーパー, ウェイン・ヘンダーソン, ヒューバート・ロウズ, ヘンリー・ウィルソン, ラリー・カールトン, ロバート・パウエル","https://ja.wikipedia.org/wiki/ザ・クルセイダーズ","Category_アメリカ合衆国のジャズ・バンド","https://ja.wikipedia.org/wiki/Category:アメリカ合衆国のジャズ・バンド"
"クレイトン＝ハミルトン・ジャズ・オーケストラ"," クレイトン＝ハミルトン・ジャズ・オーケストラ （ The Clayton–Hamilton Jazz Orchestra ）は、 ジェフ・ハミルトン 、ジョンとジェフのクレイトン兄弟が共同で率いる ビッグバンド である。このバンドは1985年に ロサンゼルス で結成された。","","CHJO","アメリカ合衆国 カリフォルニア州 ロサンゼルス","","","ジャズ 、 ビッグバンド","","","1985年 -","Capri、Lake Street、Qwest、Fable/Lighyear、MCG、 EMI 、 ブルーノート","","ジョン・クレイトン, ジェフ・ハミルトン, ジェフ・クレイトン, オスカー・ブラッシャー, ビル・カンリフ, ジェラルド・クレイトン, ジョージ・ボハノン, リッキー・ウッダード, タミール・ヘンデルマン, カイ・パーマー, リー・キャレット, ビジョン・ワトソン, クレイ・ジェンキンズ, チャールズ・オーウェンズ, ビル・グリーン, ジム・ハーシュマン, ギルバート・カステラノス, ライアン・ポーター, キース・フィドモント, アイラ・ネプス, モーリス・スピアーズ, サル・クラッチオーロ, クリストフ・ルーティー","https://ja.wikipedia.org/wiki/クレイトン＝ハミルトン・ジャズ・オーケストラ","Category_アメリカ合衆国のジャズ・バンド","https://ja.wikipedia.org/wiki/Category:アメリカ合衆国のジャズ・バンド"
"クレイトン・ブラザーズ・クインテット"," クレイトン・ブラザーズ・クインテット （ Clayton Brothers Quintet ）は、サックス・プレイヤーの ジェフ・クレイトン のアイディアで結成された。ジェフによると、30年近く前にお互いが好むフォーマットをサポートすることを グラミー賞 受賞者でもある兄の ジョン・クレイトン と同意した。ジェフの小規模バンドへの情熱がクレイトン・ブラザーズ・クインテットの結成に繋がった。ジョンのビッグ・バンドへの思いはドラム・プレイヤーの ジェフ・ハミルトン と共に クレイトン＝ハミルトン・ジャズ・オーケストラ を結成した。(ジェフもまたバンドメンバーである。）クレイトン・ブラザーズ・クインテットの現・バンドメンバーはクレイトン兄弟、ジョンの息子の ジェラルド・クレイトン （ピアノ）、オベード・キャルヴェア（ドラム）とテレル・スタッフォード（トランペット）。彼らの最新 アルバム は 2008年 の 11月 にArtistShareからリリースされた。","","","アメリカ合衆国","","","ジャズ","","","1977年 -","","クレイトン＝ハミルトン・ジャズ・オーケストラ 、 ダイアナ・クラール","ジョン・クレイトン, ジェフ・クレイトン, テレル・スタッフォード, ジェラルド・クレイトン, オベード・キャルヴェア","https://ja.wikipedia.org/wiki/クレイトン・ブラザーズ・クインテット","Category_アメリカ合衆国のジャズ・バンド","https://ja.wikipedia.org/wiki/Category:アメリカ合衆国のジャズ・バンド"
"グレイト・ジャズ・トリオ"," ザ・グレイト・ジャズ・トリオ （ The Great Jazz Trio ）は、 ハンク・ジョーンズ が 1975年 に結成した ジャズ トリオ 。 GJT の略称で知られ、2010年のハンク・ジョーンズの死去直前まで活動していた。その作品はスタンダードを中心とし、 ハンク・ジョーンズ 自身の作曲作品やメンバーの作曲作品も多く含まれていた。","","","アメリカ合衆国","","","ジャズ","","","1975年 - 2010年","イースト・ウィンド 、 Baybridge 、Eighty-Eight's","","ハンク・ジョーンズ （ピアノ）, デヴィット・ウォン （ ドイツ語版 ） （ベース）, リー・ピアソン （ドラムス）","https://ja.wikipedia.org/wiki/グレイト・ジャズ・トリオ","Category_アメリカ合衆国のジャズ・バンド","https://ja.wikipedia.org/wiki/Category:アメリカ合衆国のジャズ・バンド"
"ゲイトウェイ (バンド)"," ゲイトウェイ （ Gateway ）は、1975年に結成された アメリカ の ジャズ ・トリオ。メンバーは、ギタリストの ジョン・アバークロンビー 、ベーシストの デイヴ・ホランド 、ドラマーの ジャック・ディジョネット であった  。このグループは、1975年に録音された コリン・ウォルコット のデビュー・アルバム『クラウド・ダンス』（ECM 1062）にも参加している  。このトリオは、ディジョネットの70歳の誕生日を記念して、2012年にパフォーマンスを行うため一時的に再結成した  。","","","アメリカ合衆国","","","ジャズ","","","","ECMレコード","","ジョン・アバークロンビー, デイヴ・ホランド, ジャック・ディジョネット","https://ja.wikipedia.org/wiki/ゲイトウェイ_(バンド)","Category_アメリカ合衆国のジャズ・バンド","https://ja.wikipedia.org/wiki/Category:アメリカ合衆国のジャズ・バンド"
"コドナ"," コドナ （ Codona ）は、1979年、1981年、1983年に ECM レーベルから3枚のセルフタイトルのアルバムをリリースした フリー・ジャズ およびワールド・ フュージョン ・グループである。","","","","","","フリー・ジャズ, フュージョン","","","1978年 - 1982年","ECMレコード","","ドン・チェリー, ナナ・ヴァスコンセロス, コリン・ウォルコット","https://ja.wikipedia.org/wiki/コドナ","Category_アメリカ合衆国のジャズ・バンド","https://ja.wikipedia.org/wiki/Category:アメリカ合衆国のジャズ・バンド"
"コンポスト (バンド)"," コンポスト （ Compost ）は、 コロムビア・レコード から2枚のアルバムをリリースした アメリカ の フュージョン ・バンド  。","","","アメリカ合衆国","","","フュージョン","","","1972年 - 1973年","コロムビア・レコード","","ボブ・モーゼス, ハロルド・ヴィック, ジュマ・サントス, ジャック・グレッグ, ジャック・ディジョネット","https://ja.wikipedia.org/wiki/コンポスト_(バンド)","Category_アメリカ合衆国のジャズ・バンド","https://ja.wikipedia.org/wiki/Category:アメリカ合衆国のジャズ・バンド"
"サード・フォース"," サード・フォース  （ 3rd Force ）は、ウィリアム・オーラ、クレイグ・ドビン、アラン・エスキナシで構成される スムーズジャズ ・バンドである  。","","","アメリカ合衆国","","","スムーズジャズ","","","1994年 -","ハイアー・オクターヴ","","ウィリアム・オーラ, クレイグ・ドビン, アラン・エスキナシ","https://ja.wikipedia.org/wiki/サード・フォース","Category_アメリカ合衆国のジャズ・バンド","https://ja.wikipedia.org/wiki/Category:アメリカ合衆国のジャズ・バンド"
"ザ・イレヴンス・ハウス"," ザ・イレヴンス・ハウス （ The Eleventh House ）は、ギタリストの ラリー・コリエル 率いる1970年代の重要な フュージョン ・グループである  。バンドは1973年に結成され、1976年に解散した。 マハヴィシュヌ・オーケストラ 、 ウェザー・リポート 、 リターン・トゥ・フォーエヴァー などのバンドとともに、ザ・イレヴンス・ハウスは1970年代半ばの先駆的な ジャズ・ロック ・バンドのひとつと見なされている。ラリー・コリエル以外のバンドに選ばれたメンバーは、トランペットの ランディ・ブレッカー 、マイク・マンデル（キーボード）、ダニー・トリファン（ベース）、ドラムのアルフォンス・ムゾーンであった  。","","","アメリカ合衆国 ニューヨーク","","","フュージョン, ジャズ・ファンク","","","1973年 - 1976年, 2015年 - 2017年","ヴァンガード・レコード, アリスタ・レコード, 429レコード","","ラリー・コリエル, ランディ・ブレッカー, マイク・マンデル, ダニー・トリファン, ジョン・リー, アルフォンス・ムゾーン, マイケル・ローレンス, 日野皓正, ジェリー・ブラウン, ミュラリ・コリエル","https://ja.wikipedia.org/wiki/ザ・イレヴンス・ハウス","Category_アメリカ合衆国のジャズ・バンド","https://ja.wikipedia.org/wiki/Category:アメリカ合衆国のジャズ・バンド"
"ザ・スリー・サウンズ"," ザ・スリー・サウンズ （ The Three Sounds または The 3 Sounds ）は、 アメリカ合衆国 の ジャズ ・アンサンブル（ピアノ・トリオ）。 レスター・ヤング や ルー・ドナルドソン 、 ナット・アダレイ 、 ジョニー・グリフィン 、 アニタ・オデイ 、 バッキー・ピザレリ 、 スタンリー・タレンタイン 、 ソニー・スティット らと共演して録音を行う。","","","","","","ソウル・ジャズ, ハード・バップ, ポストバップ","","","","","","ジーン・ハリス, アンディ・シンプキンス, ビル・ダウディ","https://ja.wikipedia.org/wiki/ザ・スリー・サウンズ","Category_アメリカ合衆国のジャズ・バンド","https://ja.wikipedia.org/wiki/Category:アメリカ合衆国のジャズ・バンド"
"ザ・トゥー・マン・ジェントルメン・バンド"," ザ・トゥー・マン・ジェントルメン・バンド ( The Two Man Gentlemen Band )とは、アンディ・ビーン（ボーカル、テナーギター、バンジョー）とフラー・コンドン（コントラバス）の二人組によるバンド。彼らの音楽スタイルは スリム＆スラム からの伝統を引き継いでおり、アーリージャズやウェスタンスウィングをユーモラスな歌詞と共に現代的にミックスしている。","","","ニューヨーク","","","アーリージャズ , アメリカンルーツ , ウェスタンスイング","","","2005年–現在","","","アンディ・ビーン, フラー・コンドン","https://ja.wikipedia.org/wiki/ザ・トゥー・マン・ジェントルメン・バンド","Category_アメリカ合衆国のジャズ・バンド","https://ja.wikipedia.org/wiki/Category:アメリカ合衆国のジャズ・バンド"
"GRPオールスター・ビッグ・バンド"," GRPオールスター・ビッグ・バンド  （ GRP All-Star Big Band ）は、1980年代後半に GRPレコード の創設者である デイヴ・グルーシン と ラリー・ローゼン によって結成されたコンテンポラリー・ ビッグバンド 。バンドは1950年代と1960年代の人気ジャズ・ナンバーを新しく編曲して演奏した  。","","","アメリカ合衆国","","","ジャズ","","","1980年 -","GRPレコード","","","https://ja.wikipedia.org/wiki/GRPオールスター・ビッグ・バンド","Category_アメリカ合衆国のジャズ・バンド","https://ja.wikipedia.org/wiki/Category:アメリカ合衆国のジャズ・バンド"
"ザ・シー・アンド・ケイク"," ザ・シー・アンド・ケイク (The Sea and Cake) は、ジャズからの影響が顕著なポップ/ロックバンド。地元のバンドであるカクテルズ、シュリンプ・ボード、バストロのメンバーによって、 アメリカ合衆国 イリノイ州 シカゴ で1990年代半ばに結成された。バンド名は、 ガスター・デル・ソル の曲「The C in Cake」を誤って覚えていたものをわざと再解釈したものに由来する。","","","アメリカ合衆国 　 イリノイ州 　 シカゴ","","","オルタナティヴ・ロック, ジャズ, ポストロック","","","1994年 - 現在","スリル・ジョッキー・レコーズ, ヘフティー","カクテルズ, シュリンプ・ボード, ガスター・デル・ソル, トータス","サム・プレコップ, アーチャー・プレウィット, ジョン・マッケンタイア, エリック・クラリッジ","https://ja.wikipedia.org/wiki/ザ・シー・アンド・ケイク","Category_アメリカ合衆国のジャズ・バンド","https://ja.wikipedia.org/wiki/Category:アメリカ合衆国のジャズ・バンド"
"シーウィンド"," シーウィンド （Seawind）は、 ハワイ 出身の フュージョン ・バンド。","","","アメリカ合衆国, ハワイ州","","","フュージョン, AOR, ポップス","","","1976年 - 1981年 , 2005年 (?) -","CTIレコード, A&Mレコード","","ボブ・ウィルソン - Drums & Primary Writer, ラリー・ウィリアムズ - Keyboards, Sax & Flutes, ジェリー・ヘイ - Trumpet & Flugelhorn, キム・ハッチクロフト - Saxophones & Flutes, バド・ヌアニス - Guitar, ポーリン・ウィルソン - Vocals, ケン・ワイルド - Electric & Acoustic Bass","https://ja.wikipedia.org/wiki/シーウィンド","Category_アメリカ合衆国のジャズ・バンド","https://ja.wikipedia.org/wiki/Category:アメリカ合衆国のジャズ・バンド"
"JBズ"," ザ・JBズ （The J.B.'s, 時としてThe JB'sやThe J.B.sのように表記されることもある）は1970年代前半の ジェームス・ブラウン のバンド。レコードではJames Brown Soul Train、Maceo and the Macks、A.A.B.B.、The First FamilyやThe Last Worldといった様々な別名でクレジットされることもある。ジェームス・ブラウン以外にも、 ボビー・バード や リン・コリンズ らのジェームス・ブラウンのショーと関係する歌手のバックを務めたり、グループ自身の名義での活動を行うこともあった。","","","","","","","","","","","","","https://ja.wikipedia.org/wiki/JBズ","Category_アメリカ合衆国のジャズ・バンド","https://ja.wikipedia.org/wiki/Category:アメリカ合衆国のジャズ・バンド"
"ジェームス・チャンス・アンド・ザ・コントーションズ"," ジェームス・チャンス・アンド・ザ・コントーションズ （ James Chance and the Contortions ）は、 ジェームス・チャンス が中心となって結成された、 アメリカ合衆国 の ノー・ウェイヴ 、 パンク・ジャズ ・バンド。 コントーションズ 、 ジェームス・ホワイト・アンド・ザ・ブラックス (James White and the Blacks) 名義でも活動（ジェームス・ホワイトはジェームス・チャンスの別名義）。","","コントーションズ","アメリカ合衆国 ニューヨーク","","","ノー・ウェイヴ, パンク・ジャズ, ダンス・パンク","","","1977年 - 2016年","ZEレコード","","ジェームス・チャンス","https://ja.wikipedia.org/wiki/ジェームス・チャンス・アンド・ザ・コントーションズ","Category_アメリカ合衆国のジャズ・バンド","https://ja.wikipedia.org/wiki/Category:アメリカ合衆国のジャズ・バンド"
"ジャコ・パストリアス・バンド"," ジャコ・パストリアス・バンド （Jaco Pastorius Band）は、 ジャコ・パストリアス が1981年に発売したソロ・アルバム『 Word of Mouth 』の発売後、親しいミュージシャンを中心に結成したセクステット。このバンドに十数名のホーン・セクションを加えた形を「 Word of Mouth Big Band 」（または、Jaco Pastorius Big Band）という名称で呼ぶ。","","","アメリカ合衆国","","","ジャズ , フュージョン","","","1981年 - 1983年","Warner Bros.","","Jaco Pastorius Band, ----------, Jaco Pastorius, Don Alias, Randy Brecker, Michael Brecker, Peter Erskine, Bobby Mintzer, Othello Molineaux","https://ja.wikipedia.org/wiki/ジャコ・パストリアス・バンド","Category_アメリカ合衆国のジャズ・バンド","https://ja.wikipedia.org/wiki/Category:アメリカ合衆国のジャズ・バンド"
"ジャズ・コンポーザーズ・オーケストラ"," ジャズ・コンポーザーズ・オーケストラ （ Jazz Composer's Orchestra ）は、オーケストラでアヴァンギャルド・ジャズを演奏するため、1965年に カーラ・ブレイ と マイケル・マントラー によって結成された アメリカ合衆国 のジャズ・グループである。","","","アメリカ合衆国","","","アヴァンギャルド・ジャズ","","","1965年 - 1975年","","","","https://ja.wikipedia.org/wiki/ジャズ・コンポーザーズ・オーケストラ","Category_アメリカ合衆国のジャズ・バンド","https://ja.wikipedia.org/wiki/Category:アメリカ合衆国のジャズ・バンド"
"ジャマイカ・ボーイズ"," ジャマイカ・ボーイズ （ Jamaica Boys ）は、1980年代後半に存在した アメリカ合衆国 の クイーンズ区 を拠点とする ファンク ・ トリオ である。","","","アメリカ合衆国 ニューヨーク クイーンズ区","","","R&B 、 ニュージャックスウィング","","","1986年 - 1991年","Warner Bros. Records","ルーサー・ヴァンドロス","マーク・スティーヴンス, ディンキー・ビンガム, マーカス・ミラー, レニー・ホワイト, バーナード・ライト","https://ja.wikipedia.org/wiki/ジャマイカ・ボーイズ","Category_アメリカ合衆国のジャズ・バンド","https://ja.wikipedia.org/wiki/Category:アメリカ合衆国のジャズ・バンド"
"ジョーンズ & コリンズ・アストリア・ホット・エイト"," ジョーンズ & コリンズ・アストリア・ホット・エイト （the Jones & Collins Astoria Hot Eight ）は、 アメリカ の ジャズ ・ バンド である。","","","","","","","","","","","","","https://ja.wikipedia.org/wiki/ジョーンズ_&_コリンズ・アストリア・ホット・エイト","Category_アメリカ合衆国のジャズ・バンド","https://ja.wikipedia.org/wiki/Category:アメリカ合衆国のジャズ・バンド"
"シンガーズ・アンリミテッド"," シンガーズ・アンリミテッド （ The Singers Unlimited ）は、 アメリカ のシカゴで結成された4人組の ジャズ ・ コーラス・グループ 。 1970年代 に活躍し、 多重録音 の技術を用いた美しい アカペラ コーラス で人気を博した。","","","","","","","","","","","","","https://ja.wikipedia.org/wiki/シンガーズ・アンリミテッド","Category_アメリカ合衆国のジャズ・バンド","https://ja.wikipedia.org/wiki/Category:アメリカ合衆国のジャズ・バンド"
"スタッフ (バンド)"," スタッフ （ Stuff ）は、1970年代後半から1980年代前半にかけて活動した、 アメリカ の フュージョン ・ バンド である。","","","アメリカ合衆国 ニューヨーク州","","","フュージョン 、 ジャズ・ファンク","","","1970年代 - 1980年代","ワーナー・ブラザース・レコード","","ゴードン・エドワーズ (b), コーネル・デュプリー (g), エリック・ゲイル (g), リチャード・ティー (key), スティーヴ・ガッド (ds), クリストファー・パーカー (ds)","https://ja.wikipedia.org/wiki/スタッフ_(バンド)","Category_アメリカ合衆国のジャズ・バンド","https://ja.wikipedia.org/wiki/Category:アメリカ合衆国のジャズ・バンド"
"スティーリー・ダン"," スティーリー・ダン （ Steely Dan ）は、 アメリカ の ロック ・ バンド 。","","","アメリカ合衆国 ニューヨーク","","","ロック 、 ブルー・アイド・ソウル 、 ラテン音楽 、 R&B 、ソウル・ミュージック、 クロスオーバー 、 ジャズ 、 AOR","","","1972年 - 1981年, 1993年 - 現在","ABCレコード, MCAレコード, ワーナー・ブラザース・レコード, リプリーズ・レコード","","ドナルド・フェイゲン","https://ja.wikipedia.org/wiki/スティーリー・ダン","Category_アメリカ合衆国のジャズ・バンド","https://ja.wikipedia.org/wiki/Category:アメリカ合衆国のジャズ・バンド"
"ステップス・アヘッド"," ステップス・アヘッド （ Steps Ahead 、初めは ステップス と称していた）は、 フュージョン ・グループである。 ヴィブラフォン 奏者の マイク・マイニエリ が「思いついた」グループである。 1983年 に発表されたデビュー・アルバム（世界同時発売）のライナー・ノーツによると、ステップス・アヘッドという名のグループは、「7番街の南、ニューヨーク市のナイトクラブで、 1979年 にアルバイトたちによる冒険的な企てとして、ステップスは始まった」ということである。","","","アメリカ合衆国, ニューヨーク","","","フュージョン","","","1979年 -","Elektra/Musician、NYC、Jazzline","","マイク・マイニエリ, ビル・エヴァンス, スティーヴ・スミス, トム・ケネディ","https://ja.wikipedia.org/wiki/ステップス・アヘッド","Category_アメリカ合衆国のジャズ・バンド","https://ja.wikipedia.org/wiki/Category:アメリカ合衆国のジャズ・バンド"
"スパイロ・ジャイラ"," スパイロ・ジャイラ （ Spyro Gyra ）は、 1974年 に アメリカ で結成された フュージョン ・ グループ である。代表曲に「モーニング・ダンス」などがある。","","","アメリカ合衆国, ニューヨーク州 バッファロー","","","ジャズ 、 フュージョン 、 スムーズジャズ","","","1974年 -","Amherst、 MCA 、 GRP 、 ウィンダム・ヒル 、 ヘッズ・アップ 、Crosseyed Bear","","ジェイ・ベッケンスタイン, トム・シューマン, スコット・アンブッシュ, フリオ・フェルナンデス, ライオネル・コーデュー","https://ja.wikipedia.org/wiki/スパイロ・ジャイラ","Category_アメリカ合衆国のジャズ・バンド","https://ja.wikipedia.org/wiki/Category:アメリカ合衆国のジャズ・バンド"
"スフィア (バンド)"," スフィア （ Sphere ）は、 アメリカ合衆国 の ジャズ ・バンドで、ミドルネームが「スフィア」であったピアニストの セロニアス・モンク へのオマージュとしてスタートした。","","","アメリカ合衆国","","","ジャズ","","","1982年 - 1998年","Elektra/Musician, ヴァーヴ・レコード, Red Records","","ケニー・バロン, バスター・ウィリアムス, ベン・ライリー, チャーリー・ラウズ, ゲイリー・バーツ","https://ja.wikipedia.org/wiki/スフィア_(バンド)","Category_アメリカ合衆国のジャズ・バンド","https://ja.wikipedia.org/wiki/Category:アメリカ合衆国のジャズ・バンド"
"スペシャルEFX"," スペシャルEFX （スペシャル・イーエフエックス, Special EFX）は、ギタリストのキエリ・ミヌッチとパーカッショニストのジョージ・ジンダによる、 スムーズジャズ のユニット/グループ。現在はジンダの死去により、ミヌッチのソロプロジェクトとして活動している。","","","","","","","","","","","","","https://ja.wikipedia.org/wiki/スペシャルEFX","Category_アメリカ合衆国のジャズ・バンド","https://ja.wikipedia.org/wiki/Category:アメリカ合衆国のジャズ・バンド"
"Smappies"," Smappies （スマッピーズ）は、 男性アイドルグループ SMAP の アルバム の レコーディング に参加したミュージシャンによる 音楽ユニット 。","","","","","","","","","","","","","https://ja.wikipedia.org/wiki/Smappies","Category_アメリカ合衆国のジャズ・バンド","https://ja.wikipedia.org/wiki/Category:アメリカ合衆国のジャズ・バンド"
"ソウライヴ"," ソウライヴ （Soulive）は、 アメリカ 、 ニューヨーク州 ウッドストック 出身の、 エリック・クライズノー （ギター）、 アラン・エヴァンス （ドラム）、 ニール・エヴァンス （キーボード）による ジャズ・ファンク ・ バンド 。オリジナルはトリオであるが、編成をしばし変えている。切り裂くような ソロ にキャッチーで、アップビートな特徴を持つ。","","","","","","","","","","","","","https://ja.wikipedia.org/wiki/ソウライヴ","Category_アメリカ合衆国のジャズ・バンド","https://ja.wikipedia.org/wiki/Category:アメリカ合衆国のジャズ・バンド"
"ダーティー・ダズン・ブラス・バンド"," ダーティー・ダズン・ブラス・バンド （ Dirty Dozen Brass Band ）は、 アメリカ ・ ルイジアナ州 ニューオーリンズ の ブラスバンド 。 1977年 に結成され、 1984年 に コンコード・レコード よりデビュー。メンバーを入れ替えながら、今日も活躍中。ニューオーリンズ・スタイルのブラスバンドとしては、最も人気のあるグループのひとつである。伝統的なブラスバンドの雰囲気を残しつつも、ファンク、ソウルなど新しい音楽の要素を取り入れた音楽性は、その後のブラスバンドに大きな影響を与えた。","","","アメリカ合衆国 ルイジアナ州 ニューオーリンズ","","","ジャズ 、 R&B 、 フュージョン 、 セカンド・ライン 、 ファンク 、 ソウル","","","1977年 -","コンコード・レコード, ラウンダー・レコード, コロムビア・レコード, ローパドープ・レコード （ 英語版 ）","","グレゴリー・デイヴィス (tp), ケヴィン・ハリス (sax), ロジャー・ルイス (b、sax), カーク・ジョセフ (sousaphone), TJ・ノリス(tb), ジュリアン・アディソン(Dr), タケシ・シンムラ(gt)","https://ja.wikipedia.org/wiki/ダーティー・ダズン・ブラス・バンド","Category_アメリカ合衆国のジャズ・バンド","https://ja.wikipedia.org/wiki/Category:アメリカ合衆国のジャズ・バンド"
"タック&パティ"," タック&パティ （ Tuck & Patti ）は、 アメリカ合衆国 の ジャズ ・ デュオ 。 ギター 担当の タック・アンドレス と、 ボーカル 担当の パティ・キャスカート の夫婦から成り、 1988年 にデビューしている。","","","アメリカ合衆国","","","ジャズ","","","1979年 -","ウィンダム・ヒル・レコード, エピック・レコード","","タック・アンドレス （ ギター ）, パティ・キャスカート （ ボーカル ）","https://ja.wikipedia.org/wiki/タック&パティ","Category_アメリカ合衆国のジャズ・バンド","https://ja.wikipedia.org/wiki/Category:アメリカ合衆国のジャズ・バンド"
"Dancing Fantasy"," Dancing Fantasy （ダンシングファンタジー）とは 1990年 に アメリカ合衆国 で活動を開始し、2000年まで同国内を中心に活動した ニューエイジ・ミュージック ， スムースジャズ ユニットである  。 電子音楽 の先駆者である クラウス・シュルツェ が主宰する Innovative Communication という電子音楽レーベルに所属していた。","","","","","","","","","","","","","https://ja.wikipedia.org/wiki/Dancing_Fantasy","Category_アメリカ合衆国のジャズ・バンド","https://ja.wikipedia.org/wiki/Category:アメリカ合衆国のジャズ・バンド"
"ティンパニ・ファイブ"," ティンパニ・ファイブ (Tympany Five) は、 1938年 に ルイ・ジョーダン が結成し、成功を収めて影響力ももった リズム・アンド・ブルース 、 ジャズ のダンス・バンド。3管から5管の ホーン・セクション （ 英語版 ） に、 ドラムス 、 ダブルベース 、 ギター 、 ピアノ で編成されていた。","","","","","","","","","","","","","https://ja.wikipedia.org/wiki/ティンパニ・ファイブ","Category_アメリカ合衆国のジャズ・バンド","https://ja.wikipedia.org/wiki/Category:アメリカ合衆国のジャズ・バンド"
"トライバル・テック"," トライバル・テック （ Tribal Tech ）は、1984年にギタリストの スコット・ヘンダーソン とベース奏者の ゲイリー・ウィリス によって最初に結成されたプログレッシブ・ フュージョン ・バンドである  。1993年以降、バンドにはキーボードの スコット・キンゼイ とドラムのカーク・コヴィントンが参加し、 ブルース 、 ジャズ 、 ロック の境界を広げる9枚のアルバムを制作した。バンドは2000年代のアルバム『ロケット・サイエンス』のリリース後に解散し、メンバーはそれぞれソロ・キャリアを追求した。ただし、2012年にもう1枚のアルバム『テン』をリリースするために再編成された。","","","アメリカ合衆国 ロサンゼルス","","","フュージョン","","","1984年 - 2000年, 2012年 - 2013年","Passport Jazz、Relativity、Mesa、Zebra、Tone Center","","スコット・ヘンダーソン, ゲイリー・ウィリス, スコット・キンゼイ, カーク・コヴィントン","https://ja.wikipedia.org/wiki/トライバル・テック","Category_アメリカ合衆国のジャズ・バンド","https://ja.wikipedia.org/wiki/Category:アメリカ合衆国のジャズ・バンド"
"ドリームス (バンド)"," ドリームス （ Dreams ）は、1960年代後半から1970年代初頭にかけて活動したオリジナルで著名な ジャズ・ロック ・バンドの1つである。バンドはジェフ・ケントとダグラス・ルバーンによって結成され、ファースト・アルバムでは彼らが曲を書き、アレンジを行った。もともとはトリオ編成でスタートしたが、時間をかけて管楽器ベースのバンドへと発展していった。その後、 ウィル・リー 、 ドン・グロルニック 、ボブ・マン、エディ・ヴァーノンらが参加している。","","","","","","ジャズ・ロック","","","1960年代 後半 - 1970年代 初頭","コロムビア・レコード","","ジョン・アバークロンビー, マイケル・ブレッカー, ランディ・ブレッカー, ビリー・コブハム, ドン・グロルニック, ジェフ・ケント, ウィル・リー, ダグラス・ルバーン, ボブ・マン, バリー・ロジャース, エディ・ヴァーノン","https://ja.wikipedia.org/wiki/ドリームス_(バンド)","Category_アメリカ合衆国のジャズ・バンド","https://ja.wikipedia.org/wiki/Category:アメリカ合衆国のジャズ・バンド"
"トリオ・オブ・ドゥーム"," トリオ・オブ・ドゥーム （ Trio of Doom ）は、1979年の3月2日から3月4日にわたって キューバ の ハバナ で行われたハバナ・ジャム ( Havana Jam )へ出演するための目的で、 ジョン・マクラフリン 、 トニー・ウィリアムス 、 ジャコ・パストリアス ら3人により結成されたトリオ。","","","アメリカ合衆国 ニューヨーク","","","ジャズ 、 フュージョン","","","1979年","コロムビア・レコード","","ジョン・マクラフリン 、 トニー・ウィリアムス 、 ジャコ・パストリアス","https://ja.wikipedia.org/wiki/トリオ・オブ・ドゥーム","Category_アメリカ合衆国のジャズ・バンド","https://ja.wikipedia.org/wiki/Category:アメリカ合衆国のジャズ・バンド"
"ナイアシン (バンド)"," ナイアシン （ Niacin ）は、1996年に結成したネオ フュージョン バンド。 ミスター・ビッグ のメンバーである ビリー・シーン （ ベース ）と デニス・チェンバース （ ドラムス ）、 ジョン・ノヴェロ （ ハモンドオルガン ）によるセッション・ バンド 。 ジャズ・ファンク 、 フュージョン 調の インストゥルメンタル楽曲 を得意とする。キャリア・技量をもつ リズム隊 と、ジョン・ノヴェロの オルガン プレイ を前面に フィーチャー したサウンドが特徴。","","","アメリカ合衆国","","","ジャズ, フュージョン, ジャズ・ファンク","","","1996年 - 現在","ビデオアーツ・ミュージック, ストレッチ・レコード, マグナ・カルタ・レコード, Prosthetic Records","ミスター・ビッグ","ビリー・シーン, ジョン・ノヴェロ, デニス・チェンバース","https://ja.wikipedia.org/wiki/ナイアシン_(バンド)","Category_アメリカ合衆国のジャズ・バンド","https://ja.wikipedia.org/wiki/Category:アメリカ合衆国のジャズ・バンド"
"24丁目バンド"," 24丁目バンド （ The 24th Street Band ）は、 アメリカ合衆国 の バンド 。 録音スタジオ にて セッション で活動する ミュージシャン が集まり結成し、 ニューヨーク を拠点に活動していた。主に フュージョン 、 クロスオーバー といった ジャンル で括られる。 1979年 にファースト・アルバムを発表。日本で人気があった。","","","アメリカ合衆国 ニューヨーク","","","フュージョン, クロスオーバー","","","1978年 - 1981年","","","ハイラム・ブロック, クリフォード・カーター, ウィル・リー, スティーヴ・ジョーダン","https://ja.wikipedia.org/wiki/24丁目バンド","Category_アメリカ合衆国のジャズ・バンド","https://ja.wikipedia.org/wiki/Category:アメリカ合衆国のジャズ・バンド"
"ニューヨーク・ヴォイセス"," ニューヨーク・ヴォイセス （ New York Voices ）は、1986年にピーター・エルドリッジ、キャプリース・フォックス、サラ・クリーガー、ダーモン・ミーダー、キム・ナザリアンによって結成されたジャズ・ボーカル・グループである。クリーガーを除く全員が、1986年にヨーロッパをツアーしたイサカ・カレッジの同級生グループのメンバーであった。彼らは1988年にニューヨーク・ヴォイセスとしてのパフォーマンスを開始し、翌年にデビュー・アルバムをリリースした。サラ・クリーガーは1992年に脱退し、ローレン・キーナンに交代した。キャプリース・フォックスが脱退した後、グループはカルテットとなった  。","","","アメリカ合衆国","","","ジャズ 、ボーカル・ジャズ","","","1986年 -","GRPレコード","","ピーター・エルドリッジ, ローレン・キーナン, ダーモン・ミーダー, キム・ナザリアン","https://ja.wikipedia.org/wiki/ニューヨーク・ヴォイセス","Category_アメリカ合衆国のジャズ・バンド","https://ja.wikipedia.org/wiki/Category:アメリカ合衆国のジャズ・バンド"
"ニューヨーク・ジャズ・カルテット"," ニューヨーク・ジャズ・カルテット  （ New York Jazz Quartet ）は、ピアニストの ローランド・ハナ によって結成された。最初はフルート奏者の ヒューバート・ロウズ 、ベーシストの ロン・カーター 、ドラマーの ビリー・コブハム で構成され、1974年にラインナップは フランク・ウェス 、ベーシストの ジョージ・ムラーツ 、ドラマーの ベン・ライリー に変更された。リッチー・プラットとグラディ・テイトもグループに貢献した。1972年から1982年にかけて、グループはInner City Records、Enja Records、 Salvation 、Sonet Recordsといったレーベルのためにレコーディングした  。","","","アメリカ合衆国","","","ジャズ","","","","Inner City Records、Enja Records、Salvation、Sonet Records","","ローランド・ハナ, ヒューバート・ロウズ, ロン・カーター, ビリー・コブハム, フランク・ウェス, ジョージ・ムラーツ, ベン・ライリー","https://ja.wikipedia.org/wiki/ニューヨーク・ジャズ・カルテット","Category_アメリカ合衆国のジャズ・バンド","https://ja.wikipedia.org/wiki/Category:アメリカ合衆国のジャズ・バンド"
"ネイキッド・シティ (バンド)"," ネイキッド・シティ  （ Naked City ）は、サックス奏者であり作曲家の ジョン・ゾーン が率いるアヴァンギャルド・ミュージックのグループ。","","","アメリカ合衆国 ニューヨーク州 ニューヨーク","","","アヴァンギャルド・ミュージック, グラインドコア, フリー・ジャズ, 実験音楽","","","1988年 - 1993年 、 2003年","エレクトラ / ノンサッチ, アヴァン, イヤーエイク, ツァディク","","ジョン・ゾーン, ビル・フリゼール, フレッド・フリス, ウェイン・ホーヴィッツ, ジョーイ・バロン, 山塚アイ","https://ja.wikipedia.org/wiki/ネイキッド・シティ_(バンド)","Category_アメリカ合衆国のジャズ・バンド","https://ja.wikipedia.org/wiki/Category:アメリカ合衆国のジャズ・バンド"
"ハーレム・ハムファッツ"," ハーレム・ハムファッツ (The Harlem Hamfats) は、 1936年 に結成された、 シカゴ の ジャズ ・バンド。当初はおもに、 ジョニー・テンプル ( Johnny Temple )、 ロゼッタ・ハワード ( Rosetta Howard )、 フランキー・ジャクソン ( Frankie Jaxon ) ら、 デッカ・レコード に所属するジャズや ブルース の歌手たちのバックを務めていたが  、最初のレコードとなった「Oh! Red」がヒットしたため、デッカとの間で50曲の吹き込みを行なう契約を取り付けた  。彼らは、踊りに向いた楽曲を演奏してレコードに吹き込み、成功を収めた。","","","アメリカ合衆国, イリノイ州 シカゴ","","","スウィング・ジャズ, ディキシーランド・ジャズ","","","1936年 - 1938年","デッカ・レコード","","カンザス・ジョー・マッコイ, パパ・チャーリー・マッコイ, ハーブ・モランド, ジョン・リンゼイ, オーデル・ランド, ホレス・マルコム, フレディ・フリン, パーリス・ウィリアムズ","https://ja.wikipedia.org/wiki/ハーレム・ハムファッツ","Category_アメリカ合衆国のジャズ・バンド","https://ja.wikipedia.org/wiki/Category:アメリカ合衆国のジャズ・バンド"
"バックショット・ルフォンク"," バックショット・ルフォンク （ Buckshot LeFonque ）は、 ブランフォード・マルサリス が率いる音楽グループ・プロジェクトである。","","","アメリカ合衆国","","","ジャズ 、 R&B","","","コロムビア","","","ブランフォード・マルサリス, フランク・マッコム, 50スタイルズ：ジ・アンノウン・ソルジャー, リッキー・ダコスタ, ジョーイ・カルデラッツォ, カーミス・キャンベル, ラッセル・ガン, ジョン・タッチー, カール・バーネット, レジー・ワシントン, レジナルド・ヴィール, エリック・リーヴァイス, DJアポロ, DJプレミア, ロッキー・ブライアント, ミノ・シネル, ブラック・ハート・ザ・グループ, バケットヘッド","https://ja.wikipedia.org/wiki/バックショット・ルフォンク","Category_アメリカ合衆国のジャズ・バンド","https://ja.wikipedia.org/wiki/Category:アメリカ合衆国のジャズ・バンド"
"ザ・バッド・プラス"," ザ・バッド・プラス （The Bad Plus）は、 アメリカ の ジャズ ・トリオ。","","","アメリカ合衆国 ミネソタ州 ミネアポリス","","","ジャズ","","","2000年 -","フレッシュ・サウンド・レコード, コロムビア・レコード, Do The Math Records, オーケー・レコード, ノンサッチ・レコード","ジョシュア・レッドマン","オリン・エヴァンス, リード・アンダーソン, デヴィッド・キング","https://ja.wikipedia.org/wiki/ザ・バッド・プラス","Category_アメリカ合衆国のジャズ・バンド","https://ja.wikipedia.org/wiki/Category:アメリカ合衆国のジャズ・バンド"
"パット・メセニー・グループ"," パット・メセニー・グループ ( Pat Metheny Group ) は、 1977年 に結成された ジャズ ・ フュージョン ・ バンド である。","","","アメリカ合衆国, ミズーリ州 リーズ・サミット","","","ジャズ, フュージョン, スムーズジャズ","","","1977年 -","ECM 、 ゲフィン 、 ノンサッチ 、 ワーナー・ブラザース","","ナンド・ローリア, グレゴア・マレ, ライル・メイズ, パット・メセニー, スティーヴ・ロドビー, アントニオ・サンチェス, クオン・ヴー","https://ja.wikipedia.org/wiki/パット・メセニー・グループ","Category_アメリカ合衆国のジャズ・バンド","https://ja.wikipedia.org/wiki/Category:アメリカ合衆国のジャズ・バンド"
"ヒース・ブラザース"," ザ・ヒース・ブラザース （The Heath Brothers）は1975年に ジミー・ヒース （テナー・サックス）、 パーシー・ヒース （ベース）、 アルバート・ヒース （ドラム）の3兄弟とスタンレー・カウエル（ピアノ）によりフィラデルフィアで結成されたアメリカ人のジャズ・グループ。","","","","","","","","","","","","","https://ja.wikipedia.org/wiki/ヒース・ブラザース","Category_アメリカ合衆国のジャズ・バンド","https://ja.wikipedia.org/wiki/Category:アメリカ合衆国のジャズ・バンド"
"ピーセズ・オブ・ア・ドリーム"," ピーセズ・オブ・ア・ドリーム （ Pieces of a Dream ）は、 スムーズジャズ / フュージョン で活躍しているグループ。","","","アメリカ合衆国 ペンシルベニア州 フィラデルフィア","","","フュージョン 、 クワイエット・ストーム 、 ファンク 、 R&B","","","1976年 -","エレクトラ 、 ブルーノート / EMI 、 ヘッズ・アップ 、 シャナキー","グローヴァー・ワシントン・ジュニア","ジェイムス・ロイド, カーティス・ハーモン","https://ja.wikipedia.org/wiki/ピーセズ・オブ・ア・ドリーム","Category_アメリカ合衆国のジャズ・バンド","https://ja.wikipedia.org/wiki/Category:アメリカ合衆国のジャズ・バンド"
"ヒロシマ (バンド)"," ヒロシマ （ Hiroshima ）は、1974年に 日系アメリカ人 3世のメンバーにより結成された、 アメリカ の フュージョン ・バンド。名前は 広島市 に由来する。","","","アメリカ合衆国 カリフォルニア州 ロサンゼルス","","","スムーズジャズ 、 R&B 、 ポップス 、 ワールドミュージック","","","1974年 -","アリスタ 、 エピック 、 クエスト 、 ヘッズ・アップ","","ダン・クラモト, ジュン・クラモト, ダニー・ヤマモト, ディーン・コルテス, キモ・コーンウェル","https://ja.wikipedia.org/wiki/ヒロシマ_(バンド)","Category_アメリカ合衆国のジャズ・バンド","https://ja.wikipedia.org/wiki/Category:アメリカ合衆国のジャズ・バンド"
"ピンク・マルティーニ"," ピンク・マティーニ （Pink Martini）は、 アメリカ合衆国 の ジャズ アンサンブル 。","","","アメリカ合衆国 オレゴン州 ポートランド","","","ジャズ, ラテン音楽, ラウンジ・ミュージック, クラシック音楽, ほか","","","1994年  ( 1994 ) -現在","Heinz （ 英語版 ） (USA), Naïve (Europe), Wrasse （ 英語版 ） (UK), UNIVERSAL MUSIC JAPAN → PONYCANYON (JP)","","チャイナ・フォーブス （ 英語版 ） (ヴォーカル), トーマス・M・ローダーデール （ 英語版 ） (ピアノ), ロバート・テイラー (トロンボーン), ギャビン・ボンディ (トランペット), ブライアン・L・デイビス (コンガ、ドラム、 パーカッション ), デレク・リース (パーカッション), マーチン・ザザー (ドラム、パーカッション), フィル・ベイカー (ベース), ティモシー・ニシモト (ヴォーカル、パーカッション), ニコラス・クローサー (ヴァイオリン), パンシー・チャン (チェロ), ダン・ファンレー (ギター), モリーン・ラヴ (ハープ) ","https://ja.wikipedia.org/wiki/ピンク・マルティーニ","Category_アメリカ合衆国のジャズ・バンド","https://ja.wikipedia.org/wiki/Category:アメリカ合衆国のジャズ・バンド"
"ファイアハウス・ファイブ・プラス・トゥー"," ファイアハウス・ファイブ・プラス・トゥー （The Firehouse Five Plus Two）は、 アメリカ合衆国 の ディキシーランド・ジャズ ・ バンド である。","","","","","","","","","","","","","https://ja.wikipedia.org/wiki/ファイアハウス・ファイブ・プラス・トゥー","Category_アメリカ合衆国のジャズ・バンド","https://ja.wikipedia.org/wiki/Category:アメリカ合衆国のジャズ・バンド"
"ファットバーガー (グループ)"," ファットバーガー （ Fattburger ）は、 ジャズ ・グループであり、 ジャズ・ファンク 、コンテンポラリー・ジャズ、または フュージョン といったサブジャンルに最もよく分類される。バンドは1980年代初頭に サンディエゴ でサックス奏者のホリス・ジェントリー、キーボード奏者のカール・エヴァンス・ジュニア、ベーシストのマーク・ハンター、ドラマーのケヴィン・コーク、ギタリストのスティーヴ・ローリーによって結成された。トミー・エアロスがすぐにパーカッショニストとして参加した。","","","アメリカ合衆国 カリフォルニア州 サンディエゴ","","","ジャズ 、 フュージョン 、 ファンク 、 ジャズ・ファンク","","","1986年 -","シャナキー 、 ブルーノート 、 キャピトル 、Intima、Sin-Drome、Golden Boy Jazz","","ケヴィン・コーク, マーク・ハンター, トミー・エアロス, アラン・フィリップス","https://ja.wikipedia.org/wiki/ファットバーガー_(グループ)","Category_アメリカ合衆国のジャズ・バンド","https://ja.wikipedia.org/wiki/Category:アメリカ合衆国のジャズ・バンド"
"ファランクス (バンド)"," ファランクス  （ Phalanx ）は、ギタリストの ジェームス・ブラッド・ウルマー 、ドラマーの ラシッド・アリ 、テナーサックス奏者の ジョージ・アダムス 、ベーシストのシローネをフィーチャーした ジャズ ・ カルテット 。彼らは『Got Something Good for You』（1986年）、『オリジナル・フェイランクス』（1987年）、『イン・タッチ』（1988年）という3枚のアルバムをリリースした  。彼らは「流行とともに姿を消した、限定目的（アドホック）のスーパーグループ」と評されてきた。","","","アメリカ合衆国","","","ジャズ","","","","Moers Music、DIW","","ジェームス・ブラッド・ウルマー, ラシッド・アリ, ジョージ・アダムス, シローネ","https://ja.wikipedia.org/wiki/ファランクス_(バンド)","Category_アメリカ合衆国のジャズ・バンド","https://ja.wikipedia.org/wiki/Category:アメリカ合衆国のジャズ・バンド"
"フォープレイ"," フォープレイ （ Fourplay ）は、ピアニストの ボブ・ジェームス 、ギタリストの リー・リトナー 、ベーシスト兼ボーカルの ネイザン・イースト 、ドラマーの ハービー・メイソン の4人により 1990年 に結成された、 スムーズジャズ 、 フュージョン のグループ。ギタリストは、 ラリー・カールトン を経て チャック・ローブ にメンバー・チェンジしている。","","","アメリカ合衆国","","","フュージョン, スムーズジャズ","","","1990年 -","ワーナー・ブラザース・レコード （1991年-2001年）, ブルーバード / アリスタ （2002年-2007年）, ヘッズ・アップ （2008年- ）","","ボブ・ジェームス, ネイザン・イースト, ハーヴィー・メイソン","https://ja.wikipedia.org/wiki/フォープレイ","Category_アメリカ合衆国のジャズ・バンド","https://ja.wikipedia.org/wiki/Category:アメリカ合衆国のジャズ・バンド"
"フューズ・ワン"," フューズ・ワン ( Fuse One ) は、 ジャズ ・ミュージシャンのグループで、2枚のアルバムを CTIレコード から、1枚のアルバムを GNP Crescendo Record Co. から発表している  。","","","","","","","","","","","","","https://ja.wikipedia.org/wiki/フューズ・ワン","Category_アメリカ合衆国のジャズ・バンド","https://ja.wikipedia.org/wiki/Category:アメリカ合衆国のジャズ・バンド"
"BWB"," BWB （ Brown-Whalum-Braun 、ブラウン・ウェイラム・ブラウン）は、 アメリカ合衆国 の フュージョン バンド 。 ギタリスト の ノーマン・ブラウン 、 サクソフォーン 奏者の カーク・ウェイラム 、 トランペッター の リック・ブラウン の3人によって構成される。","","Brown-Whalum-Braun","アメリカ合衆国","","","フュージョン","","","2002年 -","","リッキー・ピーターソン, （ プロデューサー ）","ノーマン・ブラウン （ ギター ）, カーク・ウェイラム （ サクソフォーン ）, リック・ブラウン （ トランペット ）","https://ja.wikipedia.org/wiki/BWB","Category_アメリカ合衆国のジャズ・バンド","https://ja.wikipedia.org/wiki/Category:アメリカ合衆国のジャズ・バンド"
"ブレッカー・ブラザーズ"," ブレッカー・ブラザーズ （Brecker Brothers）  は、 ランディ・ブレッカー （ トランペット 、 フリューゲルホルン ）と マイケル・ブレッカー （ サックス 、 フルート 、 EWI ）の兄弟を中心に結成された クロスオーバー / ジャズ・フュージョン ・バンド。 グラミー賞 受賞の経歴を持つ。","","","アメリカ合衆国 ニューヨーク州 ニューヨーク","","","フュージョン, ジャズ・ファンク","","","1974年 - 2007年","アリスタ, BMG, GRP, Novus","ホレス・シルヴァー, ドリームス, プレイヤーズ・アソシエーション, フランク・ザッパ","ランディ・ブレッカー, マイケル・ブレッカー","https://ja.wikipedia.org/wiki/ブレッカー・ブラザーズ","Category_アメリカ合衆国のジャズ・バンド","https://ja.wikipedia.org/wiki/Category:アメリカ合衆国のジャズ・バンド"
"ペインキラー (バンド)"," ペインキラー （ Painkiller ）  は、1991年に結成されたバンド。彼らのスタイルは、 アヴァンギャルド・ジャズ と グラインドコア が混在していた。その後のアルバムには、 アンビエント や ダブ の要素も組み込みまれていた  。","","","アメリカ合衆国 ニューヨーク州 ニューヨーク","","","アヴァンギャルド・ジャズ, グラインドコア, 実験音楽, デスメタル","","","1991年 - 1995年 、 1997年 、 2008年","イヤーエイク, ツァディク","","ジョン・ゾーン, ビル・ラズウェル, ミック・ハリス","https://ja.wikipedia.org/wiki/ペインキラー_(バンド)","Category_アメリカ合衆国のジャズ・バンド","https://ja.wikipedia.org/wiki/Category:アメリカ合衆国のジャズ・バンド"
"ザ・ヘッドハンターズ (バンド)"," ザ・ヘッドハンターズ （ The Headhunters ）は、1973年に ハービー・ハンコック によって結成された アメリカ の フュージョン ・バンド。グループは ジャズ 、 ファンク 、 ロック といった音楽を融合させた。","","","アメリカ合衆国","","","フュージョン","","","1973年 -","コロムビア 、 ヴァーヴ・フォアキャスト 、Basin Street、 Pヴァイン 、Owl Studios","","ハービー・ハンコック, ベニー・モウピン, ポール・ジャクソン, ハーヴィー・メイソン, ビル・サマーズ, マイク・クラーク, ディウェイン・マックナイト, ワー・ワー・ワトソン","https://ja.wikipedia.org/wiki/ザ・ヘッドハンターズ_(バンド)","Category_アメリカ合衆国のジャズ・バンド","https://ja.wikipedia.org/wiki/Category:アメリカ合衆国のジャズ・バンド"
"ベンソン・オーケストラ・オブ・シカゴ"," ベンソン・オーケストラ・オブ・シカゴ (The Benson Orchestra of Chicago) は、 1920年代 に人気を博した アメリカ合衆国 の アンサンブル 。 エドガー・A・ベンソン (Edgar A. Benson) が創設し、メンバーは時期によって変化があったが、 サクソフォーン 奏者の フランキー・トランバウアー （ 英語版 ） や、 ドラマー の ジーン・クルーパ 、 ピアニスト の ロイ・バージー （ 英語版 ） が在籍したことがあり、後には ドン・ベスター （ 英語版 ） が 音楽監督 となった。","","","","","","","","","","","","","https://ja.wikipedia.org/wiki/ベンソン・オーケストラ・オブ・シカゴ","Category_アメリカ合衆国のジャズ・バンド","https://ja.wikipedia.org/wiki/Category:アメリカ合衆国のジャズ・バンド"
"マザーズ・オブ・インヴェンション"," ザ・マザーズ・オブ・インヴェンション ( The Mothers of Invention ) は、 1964年 から 1975年 にかけて活動した アメリカ合衆国 の ロック・バンド である。主に作曲家・ギタリストの フランク・ザッパ と共演し、その作品をレコーディングするためのバンドであったが、ときおり作曲クレジットに名前が記載されるメンバーもいた。","","ソウル・ジャイアンツ、マザーズ、グランド・マザーズ","アメリカ合衆国","","","ロック","","","1964年 - 1975年 、 1980年 -","ヴァーヴ・レコード 、 リプリーズ・レコード 、 ディスクリート","フランク・ザッパ","","https://ja.wikipedia.org/wiki/マザーズ・オブ・インヴェンション","Category_アメリカ合衆国のジャズ・バンド","https://ja.wikipedia.org/wiki/Category:アメリカ合衆国のジャズ・バンド"
"マサダ (バンド)"," マサダ  （ Masada ）は、1990年代初頭からアメリカのサックス奏者で作曲家の ジョン・ゾーン が率いるローテーション・スタッフを擁する音楽グループである。","","","","","","クレズマー 、 実験音楽 、 ジャズ","","","","ツァディク","エレクトリック・マサダ、 ネイキッド・シティ","ジョン・ゾーン, ジョーイ・バロン, グレッグ・コーエン, デイヴ・ダグラス","https://ja.wikipedia.org/wiki/マサダ_(バンド)","Category_アメリカ合衆国のジャズ・バンド","https://ja.wikipedia.org/wiki/Category:アメリカ合衆国のジャズ・バンド"
"マハヴィシュヌ・オーケストラ"," マハヴィシュヌ・オーケストラ （ Mahavishnu Orchestra ）は、イギリス人ギタリスト、 ジョン・マクラフリン によって ニューヨーク で結成された フュージョン 、 ジャズ・ロック の草分け的バンド。 ジャズ 、 ロック を高度なアンサンブルで融合、 インド音楽 のエッセンスも加え、 ヴァイオリン もリード楽器として取り入れた音楽性は 1970年代 当時のジャズ・ロック勢の中でも異彩を放っていた。","","","アメリカ合衆国 ニューヨーク","","","フュージョン 、 ジャズ・ロック 、 プログレッシブ・ロック","","","1971年 - 1976年, 1984年 - 1987年","コロムビア・レコード","","ジョン・マクラフリン, ジェリー・グッドマン, ヤン・ハマー, リック・レアード, ビリー・コブハム, ゲイル・モラン, ジャン＝リュック・ポンティ, ラルフ・アームストロング, ナラダ・マイケル・ウォルデン, ステュ・ゴールドバーグ, ビル・エヴァンス, ミッチェル・フォアマン, ヨナス・エルボーグ, ダニー・ゴットリーブ, ジム・ビアード","https://ja.wikipedia.org/wiki/マハヴィシュヌ・オーケストラ","Category_アメリカ合衆国のジャズ・バンド","https://ja.wikipedia.org/wiki/Category:アメリカ合衆国のジャズ・バンド"
"マンハッタン・ジャズ・クインテット"," マンハッタン・ジャズ・クインテット （ Manhattan Jazz Quintet ）は、 アメリカ合衆国 の ジャズ ・ バンド 。 デヴィッド・マシューズ （ ピアノ ）を中心に結成され、 1984年 にデビュー。元々は『 スイングジャーナル 』誌と キングレコード の発案によるプロジェクトで、その後も日本向けの活動を中心としている。","","","アメリカ合衆国 ニューヨーク","","","ジャズ","","","1984年 -現在","キングレコード, スイート・ベイジル, ビデオアーツ・ミュージック","","デヴィッド・マシューズ, ルー・ソロフ, アンディ・スニッツァー, チャーネット・モフェット, ビクター・ルイス","https://ja.wikipedia.org/wiki/マンハッタン・ジャズ・クインテット","Category_アメリカ合衆国のジャズ・バンド","https://ja.wikipedia.org/wiki/Category:アメリカ合衆国のジャズ・バンド"
"ミンガス・ビッグ・バンド"," ミンガス・ビッグ・バンド （ Mingus Big Band ）は、 チャールズ・ミンガス の作品を専門に演奏する、 ニューヨーク を拠点とするジャズ・アンサンブル。マネジメントをしているのは、ミンガスの未亡人 スー・ミンガス （ Sue Mingus ）で、アデオ・ミュージック・インターナショナル（Addeo Music International、AMI）が窓口となっている。 2008年 から毎週月曜日に、ニューヨークのジャズ・クラブ「ジャズ・スタンダード」に出演しているほか、ヨーロッパはじめ世界各地を頻繁に演奏旅行で回っている。","","","","","","","","","","","","","https://ja.wikipedia.org/wiki/ミンガス・ビッグ・バンド","Category_アメリカ合衆国のジャズ・バンド","https://ja.wikipedia.org/wiki/Category:アメリカ合衆国のジャズ・バンド"
"メデスキ、マーティン・アンド・ウッド"," メデスキ、マーティン・アンド・ウッド  （ Medeski Martin & Wood 、略称：MMW）は、 アメリカ の ジャズ・ファンク ・バンド。1991年に結成。ジャズ・ファンクと ヒップ・ホップ に 即興音楽 （ ジャム ）、 前衛音楽 を混ぜて行くスタイルは ニューヨーク のダウン・タウン・ミュージック・シーンの系譜にある。1997年には自己レーベル、Indirecto Recordsを創設。","","MMW","アメリカ合衆国 ニューヨーク ブルックリン","","","ジャズ, フュージョン, 実験音楽, ファンク, フリー・ジャズ, ソウル・ジャズ","","","1991年 -","ブルーノート・レコード, ツァディク, Gramavision Records, Indirecto Records","ジョン・スコフィールド, ネルス・クライン","ジョン・メデスキ, ビリー・マーティン, クリス・ウッド","https://ja.wikipedia.org/wiki/メデスキ、マーティン・アンド・ウッド","Category_アメリカ合衆国のジャズ・バンド","https://ja.wikipedia.org/wiki/Category:アメリカ合衆国のジャズ・バンド"
"メンバーズ・オンリー"," メンバーズ・オンリー （ Members Only ）は、クリス・ヒルズの指揮下にある、アメリカのジャズ・ファンク・プロジェクトである。サックス、フルート、ピッコロの ネルソン・ランジェル 、テナー・サックスの マイケル・ブレッカー 、トランペットのルー・ソロフ  、キーボードのアンディ・マーヴェル、ドラム、キーボード、ギター、ボーカルのクリス・ヒルズ、ギターの ジミ・タンネル とビリー・マスターズ、ピアノのヘイム・コットン、ベースのヨッシ・ファイン、パーカッションのバシリ・ジョンソンをフィーチャーした  。","","","アメリカ合衆国","","","ジャズ 、 ファンク 、 フュージョン","","","1980年代 後半","Muse Records","","","https://ja.wikipedia.org/wiki/メンバーズ・オンリー","Category_アメリカ合衆国のジャズ・バンド","https://ja.wikipedia.org/wiki/Category:アメリカ合衆国のジャズ・バンド"
"モダン・ジャズ・カルテット"," モダン・ジャズ・カルテット ( Modern Jazz Quartet ) は、 アメリカ合衆国 の ジャズ バンド で 1952年 に ミルト・ジャクソン らによって結成された。結成前の 1951年 には ミルト・ジャクソン・カルテット （Milt Jackson Quartet）と名乗っていた。略称は両方とも「MJQ」である。","","The Quartet、The MJQ","アメリカ合衆国","","","ジャズ","","","1952年 - 1997年","プレスティッジ 、 アトランティック 、 アップル 、Douglas","","ケニー・クラーク, ミルト・ジャクソン, ジョン・ルイス, パーシー・ヒース, コニー・ケイ, ミッキー・ローカー, アルバート・ヒース","https://ja.wikipedia.org/wiki/モダン・ジャズ・カルテット","Category_アメリカ合衆国のジャズ・バンド","https://ja.wikipedia.org/wiki/Category:アメリカ合衆国のジャズ・バンド"
"ヤング・ホルト・アンリミテッド"," ヤング・ホルト・アンリミテッド （Young-Holt Unlimited）は、 アメリカ合衆国 イリノイ州 シカゴ 出身のソウル・ジャズ/ ソウル / R&B の インスト ・ バンド である。","","","アメリカ合衆国 イリノイ州 シカゴ","","","ソウル / R&B, ソウル・ジャズ","","","1966年 - 1974年","EMI","","アイザック・ホルト, エルディ・ヤング","https://ja.wikipedia.org/wiki/ヤング・ホルト・アンリミテッド","Category_アメリカ合衆国のジャズ・バンド","https://ja.wikipedia.org/wiki/Category:アメリカ合衆国のジャズ・バンド"
"ラスト・イグジット (フリー・ジャズ・バンド)"," ラスト・イグジット  ( Last Exit )は、エレクトリックギタリストの ソニー・シャーロック 、ドラマーで時としてボーカルも担当したロナルド・シャノン・ジャクソン、サックス奏者の ペーター・ブロッツマン 、ベーシストの ビル・ラズウェル で構成される フリー・ジャズ ・ スーパーグループ である。彼らは1986年から1990年代初頭にかけて活躍し、主にヨーロッパで録音されたライブ・アルバムをリリースした。1994年のシャーロックの死によってバンドは解散したが、彼の死の数年前からツアーは行われていなかった。このバンドは、1970年代に存在したイギリスの 同名フュージョン・バンド とは無関係である。","","","アメリカ合衆国 ドイツ","","","フリー・ジャズ, フリー・インプロヴィゼーション, 実験音楽, ノイズミュージック, パンク・ジャズ","","","1986年 - 1994年","","","ソニー・シャーロック, ペーター・ブロッツマン, ロナルド・シャノン・ジャクソン, ビル・ラズウェル","https://ja.wikipedia.org/wiki/ラスト・イグジット_(フリー・ジャズ・バンド)","Category_アメリカ合衆国のジャズ・バンド","https://ja.wikipedia.org/wiki/Category:アメリカ合衆国のジャズ・バンド"
"ランバート、ヘンドリックス&ロス"," ランバート、ヘンドリックス&ロス （Lambert, Hendricks & Ross）は、アメリカ合衆国の ヴォーカリーズ ・トリオである。 1957年 に結成し、初期のメンバーは、 デイヴ・ランバート 、 ジョン・ヘンドリックス および アニー・ロス で、 1962年 にロスは脱退し、バヴァンが加入し、ランバート、ヘンドリックス&バヴァンとなった。","","","","","","","","","","","","","https://ja.wikipedia.org/wiki/ランバート、ヘンドリックス&ロス","Category_アメリカ合衆国のジャズ・バンド","https://ja.wikipedia.org/wiki/Category:アメリカ合衆国のジャズ・バンド"
"リターン・トゥ・フォーエヴァー"," リターン・トゥ・フォーエヴァー （ Return to Forever ）は、1970年代に活躍した アメリカ合衆国 の フュージョン ・ バンド 。 チック・コリア （ キーボード ）と スタンリー・クラーク （ ベース ）を中心に結成された。","","","アメリカ合衆国 ニューヨーク","","","フュージョン","","","1972年 - 1977年 、 1982年 - 1983年 、 2008年","ECM 、 ポリドール 、 コロムビア 、 イーグルス","","チック・コリア, スタンリー・クラーク, レニー・ホワイト, フランク・ギャンバレ, ジャン＝リュック・ポンティ","https://ja.wikipedia.org/wiki/リターン・トゥ・フォーエヴァー","Category_アメリカ合衆国のジャズ・バンド","https://ja.wikipedia.org/wiki/Category:アメリカ合衆国のジャズ・バンド"
"ザ・リッピントンズ"," ザ・リッピントンズ  （ The Rippingtons ）は、ギタリストの ラス・フリーマン により 1985年 に結成された スムーズ・ジャズ / フュージョン のグループ。","","","アメリカ合衆国","","","スムーズジャズ, フュージョン, ジャズ・ポップ, クロスオーバー・ジャズ","","","1985年 -","アルファ/パスポート, GRP, ウィンダム・ヒル・ジャズ, ピーク / コンコード","","ラス・フリーマン, ビル・ヘラー, キム・ストーン, デイヴ・カラソニー, スコット・ブレッドマン, ジェフ・カシワ","https://ja.wikipedia.org/wiki/ザ・リッピントンズ","Category_アメリカ合衆国のジャズ・バンド","https://ja.wikipedia.org/wiki/Category:アメリカ合衆国のジャズ・バンド"
"リバース・ブラス・バンド"," リバース・ブラス・バンド （Rebirth Brass Band）は、 1983年 に結成された アメリカ合衆国 ルイジアナ州 ニューオーリンズ の ブラスバンド 。","","","米国 ルイジアナ州 ニューオーリンズ","","","ニューオーリンズ・ブラスバンド, リズム・アンド・ブルース, ジャズ","","","1983年 ～","アーフーリー・レコード, ラウンダー・レコード, シャナキー・レコード","","フィリップ・フレイジャー (tuba), キース・フレイジャー (bass drum), デリック・タブ (snare drum), デレク・シェズビー (tp.), グレン・アンドリューズ (tp.), スタッフォード・アジー (tb.), コリー・ヘンリー (tb.), ビンセント・ブラッサード (sax), バイロン・バーナード (sax)","https://ja.wikipedia.org/wiki/リバース・ブラス・バンド","Category_アメリカ合衆国のジャズ・バンド","https://ja.wikipedia.org/wiki/Category:アメリカ合衆国のジャズ・バンド"
"ワード・オブ・マウス・ビッグ・バンド"," ワード・オブ・マウス・ビッグ・バンド （ Word of Mouth Big Band ）は、 ジャコ・パストリアス が1981年に発売したソロ・アルバム『 Word of Mouth 』の楽曲をライブ演奏するため39年前の1982年に結成されたビッグ・バンドで、ジャコ・パストリアスの セクステット に十数名のホーン・セクションを加えた形の呼称。別名表記として「ジャコ・パストリアス・ビッグ・バンド」とも表記される。このビッグ・バンドで同1982年のオーレックス・ジャズ・フェスティバルへ出演し、様々なメディアに注目された。 トゥーツ・シールマンス はあくまでもゲストという形での参加だったが、後にジャコとトゥーツ・シールマンスの2人だけでヨーロッパ・ツアーをするなど、非常に友好的な関係にあった。","","","アメリカ合衆国","","","ジャズ , フュージョン","","","1981年 - 1983年","Warner Bros.","","THE WORD OF MOUTH SEXTET, Jaco Pastorius, Don Alias, Randy Brecker, Michael Brecker, Peter Erskine, Bobby Mintzer, Othello Molineaux, ----------, THE WORD OF MOUTH BIG BAND, Alex Foster, Bill Reichenbach, Brad Warnaar, David Bargeron, Elmer Brown, Forrest Buchtel, Jon Faddis, Mario Cruz, Paul McCandliss, Peter Gordon, Peter Graves, Randy Emerick, Ron Tooley, Wayne Andre, ----------, SPECIAL GUEST, Toots Thielemans","https://ja.wikipedia.org/wiki/ワード・オブ・マウス・ビッグ・バンド","Category_アメリカ合衆国のジャズ・バンド","https://ja.wikipedia.org/wiki/Category:アメリカ合衆国のジャズ・バンド"
"ワールド・サキソフォン・カルテット"," ワールド・サキソフォン・カルテット （ World Saxophone Quartet ）は、1977年に結成されたジャズ・アンサンブルであり、 フリー・ジャズ 、 R&B 、 ファンク 、南アフリカ・ジャズの要素を音楽に取り入れている  。","","WSQ","アメリカ合衆国","","","フリー・ジャズ 、 R&B 、 ファンク 、南アフリカ・ジャズ","","","1977年 -","","","デヴィッド・マレイ, ハミエット・ブルイエット, ジェームス・ カーター, キッド・ジョーダン","https://ja.wikipedia.org/wiki/ワールド・サキソフォン・カルテット","Category_アメリカ合衆国のジャズ・バンド","https://ja.wikipedia.org/wiki/Category:アメリカ合衆国のジャズ・バンド"
"ン・ブーム"," ン・ブーム  （ M'Boom 、または M'Boom Re:percussion Ensemble ）は、1970年にドラマーの マックス・ローチ によって結成された アメリカ の ジャズ ・パーカッション・グループである。オリジナル・メンバーは、ローチ、ロイ・ブルックス、ウォーレン・スミス、 ジョー・チェンバース 、オマー・クレイ、レイ・マンティラー、フレディ・ウェイツであった。","","","アメリカ合衆国","","","ジャズ","","","1970年 -","Baystate、 コロムビア 、Soul Note、Blue Moon","","ジョー・チェンバース, ウォーレン・スミス, レイ・マンティラー, ボビー・サナブリア","https://ja.wikipedia.org/wiki/ン・ブーム","Category_アメリカ合衆国のジャズ・バンド","https://ja.wikipedia.org/wiki/Category:アメリカ合衆国のジャズ・バンド"
"各国のジャズ・バンド"," このカテゴリには下位カテゴリ 4 件が含まれており、そのうち以下の 4 件を表示しています。","","","","","","","","","","","","","https://ja.wikipedia.org/wiki/Category:各国のジャズ・バンド","Category_アメリカ合衆国のジャズ・バンド","https://ja.wikipedia.org/wiki/Category:アメリカ合衆国のジャズ・バンド"
"アメリカ合衆国の音楽グループ"," このカテゴリ下にあるページは、該当する適切なサブカテゴリに移動してください。","","","","","","","","","","","","","https://ja.wikipedia.org/wiki/Category:アメリカ合衆国の音楽グループ","Category_アメリカ合衆国のジャズ・バンド","https://ja.wikipedia.org/wiki/Category:アメリカ合衆国のジャズ・バンド"
"アメリカ合衆国のジャズ・ミュージシャン"," このカテゴリには下位カテゴリ 19 件が含まれており、そのうち以下の 19 件を表示しています。","","","","","","","","","","","","","https://ja.wikipedia.org/wiki/Category:アメリカ合衆国のジャズ・ミュージシャン","Category_アメリカ合衆国のジャズ・バンド","https://ja.wikipedia.org/wiki/Category:アメリカ合衆国のジャズ・バンド"
