﻿"タイトル","コメント","出生名","別名","出身地","生誕","死没","ジャンル","職業","担当楽器","活動期間","レーベル","共同作業者","メンバー","URL","親リストタイトル","親リストURL"
"ルイ・アームストロング"," ルイ・アームストロング （ 英語 : Louis Armstrong 、 1901年 8月4日  - 1971年 7月6日 ）は、 アメリカ の ジャズ トランペット奏者 、 作曲家 、 歌手 。愛称は サッチモ ( 英語 : Satchmo )、 ポップス ( 英語 : Pops )、 ディッパー・マウス ( 英語 : Dipper Mouth )。","ルイ・ダニエル・アームストロング","","アメリカ合衆国 ルイジアナ州 ニューオーリンズ","1901年 8月4日 , アメリカ合衆国 ルイジアナ州 ニューオーリンズ","( 1971-07-06 ) 1971年 7月6日 （69歳没）, アメリカ合衆国 ニューヨーク州 ニューヨーク市","ジャズ , ディキシーランド・ジャズ , スウィング・ジャズ , トラディショナル・ポップ ","ミュージシャン, 作曲家, 歌手","トランペット, コルネット","1919年 - 1971年","","","","https://ja.wikipedia.org/wiki/ルイ・アームストロング","Category_アメリカ合衆国のジャズ・トランペット奏者","https://ja.wikipedia.org/wiki/Category:アメリカ合衆国のジャズ・トランペット奏者"
"エディ・アレン"," エディ・アレン （ Eddie Allen 、 1957年 7月12日 - ）は、 アメリカ ・ ニューヨーク で活動している トランペット 奏者、 フリューゲルホルン 奏者、作曲家、編曲家。","","","アメリカ合衆国 ウィスコンシン州 ミルウォーキー","( 1957-07-12 ) 1957年 7月12日 （63歳）","","ジャズ 、ポスト・バップ、 ハードバップ","ミュージシャン、作曲家、編曲家","トランペット 、 フリューゲルホルン","","","","","https://ja.wikipedia.org/wiki/エディ・アレン","Category_アメリカ合衆国のジャズ・トランペット奏者","https://ja.wikipedia.org/wiki/Category:アメリカ合衆国のジャズ・トランペット奏者"
"クーティ・ウィリアムス"," チャールズ・メルヴィン“クーティ”ウィリアムス （ Charles Melvin \"Cootie\" Williams 、 1911年 7月10日 - 1985年 9月15日 ）は、米国の、ジャズ、ジャンプ・ブルース、リズム＆ブルースのトランペット奏者。","Charles Melvin Williams","Cootie Williams","アメリカ合衆国 アラバマ州","1911年 7月10日","1985年 9月15日","スウィング・ジャズ , ジャンプ・ブルース, リズム＆ブルース","作曲家, トランペッター, バンドリーダー","トランペット","","","","","https://ja.wikipedia.org/wiki/クーティ・ウィリアムス","Category_アメリカ合衆国のジャズ・トランペット奏者","https://ja.wikipedia.org/wiki/Category:アメリカ合衆国のジャズ・トランペット奏者"
"クオン・ヴー"," クオン・ヴー  （ ベトナム語 : Cường Vũ 、 英語 : Cuong Vu 、 1969年 9月19日 - ）は、 ベトナム共和国 （南ベトナム）出身の ジャズ ・トランペッターで、 パット・メセニー・グループ のメンバーであった  。","","","南ベトナム サイゴン","( 1969-09-19 ) 1969年 9月19日 （51歳）","","ジャズ","ミュージシャン","トランペット","","Avant Records、Knitting Factory、Origin Records、 キュニフォーム・レコード 、 ノンサッチ・レコード","パット・メセニー・グループ, オレンジ・ゼン・ブルー","","https://ja.wikipedia.org/wiki/クオン・ヴー","Category_アメリカ合衆国のジャズ・トランペット奏者","https://ja.wikipedia.org/wiki/Category:アメリカ合衆国のジャズ・トランペット奏者"
"ビリー・エクスタイン"," ウィリアム・クラレンス・エクスタイン (英語: William Clarence Eckstine, 1914年 7月8日 - 1993年 3月8日 )  は、 アメリカ合衆国 のスウィング時代のジャズ・シンガー、ポップ・シンガー、バンドリーダーである。彼はまるでオペラ歌手のように豊かなバリトンの声で知られている  。彼の「 I Apologize 」 (MGM, 1948) は1999年に グラミー殿堂賞 を受賞した。 ニューヨーク・タイムズ は彼のことを「影響力の大きいバンドリーダー」と評し、彼の「洗練されたバス・バリトン」と「ポピュラーソングへの喉を使った甘いアプローチ」は アール・コールマン 、 ジョニー・ハートマン 、 ジョー・ウィリアムス 、 アーサー・プリソック 、そして ルー・ロウルズ などの歌手たちにインスピレーションを与えた、としている  。","William Clarence Eckstein","","アメリカ合衆国 ペンシルバニア州 ピッツバーグ","( 1914-07-08 ) 1914年 7月8日, アメリカ合衆国 ペンシルバニア州 ピッツバーグ","1993年 3月8日 (1993-03-08) （78歳）, ピッツバーグ","ジャズ","ミュージシャン","ヴォーカル、トロンボーン、トランペット、ギター","1939年–1990年","","ディジー・ガレスピー , チャーリー・パーカー , レイ・バスケス , サラ・ヴォーン","","https://ja.wikipedia.org/wiki/ビリー・エクスタイン","Category_アメリカ合衆国のジャズ・トランペット奏者","https://ja.wikipedia.org/wiki/Category:アメリカ合衆国のジャズ・トランペット奏者"
"ハリー・エディソン"," ハリー・“スウィーツ”・エディソン （Harry \"Sweets\" Edison、 1915年 10月10日 - 1999年 7月27日 ）は アメリカ ・ オハイオ州 コロンバス 出身の ジャズ ・ トランペット 奏者。","","","アメリカ合衆国 オハイオ州 コロンバス","( 1915-10-10 ) 1915年 10月10日","( 1999-07-27 ) 1999年 7月27日 （83歳没）","","","トランペット","","","","","https://ja.wikipedia.org/wiki/ハリー・エディソン","Category_アメリカ合衆国のジャズ・トランペット奏者","https://ja.wikipedia.org/wiki/Category:アメリカ合衆国のジャズ・トランペット奏者"
"ロイ・エルドリッジ"," デビッド・ロイ・エルドリッジ （David Roy Eldridge、1911年1月30日 - 1989年2月26日）はアメリカの ジャズ ・ トランペット 奏者。愛称「リトル・ジャズ」。 スウィング・ジャズ 時代に最も影響力を持ったミュージシャンかつ、 ビバップ の先駆者とされる。","","","","","","","","","","","","","https://ja.wikipedia.org/wiki/ロイ・エルドリッジ","Category_アメリカ合衆国のジャズ・トランペット奏者","https://ja.wikipedia.org/wiki/Category:アメリカ合衆国のジャズ・トランペット奏者"
"ローランド・カーク"," ラサーン・ローランド・カーク （ 英 : Rahsaan Roland Kirk 、 1935年 または 1936年  8月7日 – 1977年 12月5日 ）は、 アメリカ の黒人の ジャズ ・ミュージシャンの一人。 盲目 でありながら サクソフォーン や フルート 、 トランペット 、 オーボエ 、 ピッコロ 、 イングリッシュホルン 、 リリコン など、多種多様な 管楽器 を演奏した。気魄がみなぎる演奏で知られ、舞台上での超絶的な即興演奏には、コミカルなおふざけや政治的な暴言、複数の楽器を同時に演奏する技能が加わっていた。数本のサクソフォーンを首にぶら下げ、大柄な体躯に黒眼鏡をかけたいかつい風貌や、鼻でフルートを鳴らしながら スキャット を奏で、時に自ら歌い、手回し サイレン や ホイッスル なども手に取って鳴らすといった演奏形態が奇異に受け取られたためか、日本国内では「 グロテスク ・ジャズ」と紹介されていた時期もある。反面、近年では、形にとらわれない奔放なスタイルや、パワフルで親しみやすく、かつ ブラックミュージック の伝統に根ざした表情豊かな演奏によって、ジャズにとどまらない多様な方向性を感じた若い世代から信奉されている。","ロナルド・セオドア・カーク （Ronald Theodore Kirk）","","アメリカ合衆国 オハイオ州 コロンバス","( 1935-08-07 ) 1935年 8月7日","1977年 12月5日 (1977-12-05) （42歳）","ハード・バップ 、 ジャズ 、 フリー・ジャズ 、アヴァンギャルド・ジャズ","管楽器 奏者・ 作曲家 ・ 編曲家 ・ バンドリーダー","サクソフォーン 、 トランペット 、 クラリネット 、 フルート 、 ピッコロ 、 オーボエ 、 イングリッシュホルン 、パグパイプ、 リコーダー 、 リリコン 、 ハーモニカ 、 ホイッスル 、 カズー 、 チェレスタ 、アフリカン・サム・ピアノ（african Thumb Piano）、オルガン、 パーカッション 、カスタネット、エレクトリック（電子）・ カリンバ 、 サイレン 、 ゴング","","キング、 チェス 、 アルゴ 、アルト、 プレスティッジ 、 インパルス 、 パシフィック・ジャズ 、 マーキュリー 、ライムライト、 ヴァーヴ 、 アトランティック 、 ユナイテッド・アーティスツ 、ムーン、ナイト・レコード、ワーナーブラザーズ（現 ワーナー・ミュージック ）、スマッシュ、マグネティック、ロイヤル・ジャズ、Esoldun","","","https://ja.wikipedia.org/wiki/ローランド・カーク","Category_アメリカ合衆国のジャズ・トランペット奏者","https://ja.wikipedia.org/wiki/Category:アメリカ合衆国のジャズ・トランペット奏者"
"テッド・カーソン"," テッド・カーソン （ Ted Curson 、 1935年 6月3日 - 2012年 11月4日 ）は、 アメリカ の ジャズ ・ トランペット 奏者。","Theodore Curson","","アメリカ合衆国 ペンシルヴァニア州 フィラデルフィア","( 1935-06-03 ) 1935年 6月3日","( 2012-11-04 ) 2012年 11月4日 （77歳没）","ビバップ 、 ハードバップ 、 アヴァンギャルド・ジャズ","ミュージシャン","トランペット","1955年 - 2012年","プレスティッジ 、 アトランティック 、 フォンタナ 、Black Lion、Old Town、Interplay、 アリスタ 、Inner City、Chiaroscuro","チャールズ・ミンガス 、スピリット・オブ・ライフ・アンサンブル","","https://ja.wikipedia.org/wiki/テッド・カーソン","Category_アメリカ合衆国のジャズ・トランペット奏者","https://ja.wikipedia.org/wiki/Category:アメリカ合衆国のジャズ・トランペット奏者"
"ディジー・ガレスピー"," ディジー・ガレスピー （ Dizzy Gillespie 、本名：ジョン･バークス・ガレスピー、John Birks Gillespie、 1917年 10月21日 - 1993年 1月6日 ）は、 アフリカ系アメリカ人 の ジャズ ミュージシャン。 トランペット 奏者でバンドリーダー、作曲家。","ジョン・バークス・ガレスピー","","アメリカ合衆国 サウスカロライナ州 チーロー","1917年 10月21日","( 1993-01-06 ) 1993年 1月6日 （75歳没）","ビバップ, アフロ・キューバン・ジャズ, ボーカル・ジャズ","ジャズトランペット奏者","トランペット","1935年 - 1993年","パブロ・レコード, ヴァーヴ・レコード, 他","","","https://ja.wikipedia.org/wiki/ディジー・ガレスピー","Category_アメリカ合衆国のジャズ・トランペット奏者","https://ja.wikipedia.org/wiki/Category:アメリカ合衆国のジャズ・トランペット奏者"
"ラッセル・ガン"," ラッセル・ガン （ Russell Gunn 、 1971年 10月20日 - 、 シカゴ 生まれ）は、 アメリカ のコンテンポラリー・ ジャズ ・トランペッターである   。","","","アメリカ合衆国 イリノイ州 シカゴ","( 1971-10-20 ) 1971年 10月20日 （49歳）","","ジャズ","ミュージシャン","トランペット","1994年 -","","","","https://ja.wikipedia.org/wiki/ラッセル・ガン","Category_アメリカ合衆国のジャズ・トランペット奏者","https://ja.wikipedia.org/wiki/Category:アメリカ合衆国のジャズ・トランペット奏者"
"バック・クレイトン"," バック・クレイトン （ Buck Clayton 、 1911年 11月12日 - 1991年 12月8日 ）は、 アメリカ ・ カンザス州 パーソンズ出身の ジャズ ・ トランペット 奏者。","Wilbur Dorsey Clayton","","アメリカ合衆国 カンザス州 パーソンズ","1911年 11月12日","( 1991-12-08 ) 1991年 12月8日 （80歳没）","スウィング, メインストリーム・ジャズ","トランペッター 、バンドリーダー、 作曲家 、 編曲家","トランペット","","","","","https://ja.wikipedia.org/wiki/バック・クレイトン","Category_アメリカ合衆国のジャズ・トランペット奏者","https://ja.wikipedia.org/wiki/Category:アメリカ合衆国のジャズ・トランペット奏者"
"ジョー・ゴードン (ジャズ・ミュージシャン)"," ジョー・ゴードン （ Joe Gordon 、 1928年 5月15日 - 1963年 11月4日 ）は、 アメリカ の ジャズ ・ トランペット 奏者 。","Joseph Henry Gordon","","アメリカ合衆国 マサチューセッツ州 ボストン","( 1928-05-15 ) 1928年 5月15日","( 1963-11-04 ) 1963年 11月4日 （35歳没）","ジャズ","ミュージシャン","トランペット","","","","","https://ja.wikipedia.org/wiki/ジョー・ゴードン_(ジャズ・ミュージシャン)","Category_アメリカ合衆国のジャズ・トランペット奏者","https://ja.wikipedia.org/wiki/Category:アメリカ合衆国のジャズ・トランペット奏者"
"オーネット・コールマン"," オーネット・コールマン （ Ornette Coleman 、 1930年 3月19日  - 2015年 6月11日 ）は、 アメリカ合衆国 テキサス州 フォートワース 生まれの ジャズ ・ サックス 奏者。 アルトサックス の他、 トランペット や ヴァイオリン もこなす。 フリージャズ の先駆者である  。","","","アメリカ合衆国 テキサス州 フォートワース","( 1930-03-19 ) 1930年 3月19日","( 2015-06-11 ) 2015年 6月11日 （85歳没）","ジャズ 、 フリー・ジャズ","サックス奏者、 作曲家","サクソフォーン 、 トランペット 、 ヴァイオリン","1958年 - 2015年","コンテンポラリー・レコード 、 アトランティック・レコード 、 ESPディスク・レコード 、 ブルーノート 、 インパルス!レコード 、 フライング・ダッチマン・レコード 、 コロムビア・レコード 、 ヴァーヴ・レコード","プライム・タイム （ 英語版 ）","","https://ja.wikipedia.org/wiki/オーネット・コールマン","Category_アメリカ合衆国のジャズ・トランペット奏者","https://ja.wikipedia.org/wiki/Category:アメリカ合衆国のジャズ・トランペット奏者"
"アルトゥーロ・サンドヴァル"," アルトゥーロ・サンドヴァル （Arturo Sandoval、 1949年 11月6日 - ）は、 キューバ 出身の ジャズ ・ トランペット 奏者。","","","キューバ アルテミサ","( 1949-11-06 ) 1949年 11月6日 （71歳）,   キューバ アルテミサ","","ジャズ 、 クラシック","音楽家、作曲家","トランペット 、 ピアノ","1977年 – 現在","","ディジー・ガレスピー, チャーリー・パーカー, クリフォード・ブラウン, アリシア・キーズ","","https://ja.wikipedia.org/wiki/アルトゥーロ・サンドヴァル","Category_アメリカ合衆国のジャズ・トランペット奏者","https://ja.wikipedia.org/wiki/Category:アメリカ合衆国のジャズ・トランペット奏者"
"ハリー・ジェイムス"," ハリー・ハーグ・ジェイムス （Harry Haag James、 1916年 3月15日 ～ 1983年 7月5日 ）は、 アメリカ合衆国 の ジャズ ・ミュージシャン、 トランペット 奏者、 ビッグ・バンド ・リーダーである。1930年代から1970年代にかけて、アメリカを中心に活動し、 スウィング・ジャズ ・スタイルによる華麗で甘美なトランペット演奏でジャズ、ポピュラー音楽界で人気を得た。1983年に、リンパ腺癌のため67歳で死去。","Harry Haag James","","アメリカ合衆国 ジョージア州 オールバニ","1916年 3月15日, ジョージア州 オールバニ","( 1983-07-05 ) 1983年 7月5日 （67歳没）, ネバダ州 ラスベガス","ジャズ","バンドリーダー","トランペット","1936-1983","コロムビア・レコード, キャピトル・レコード, MGM","","","https://ja.wikipedia.org/wiki/ハリー・ジェイムス","Category_アメリカ合衆国のジャズ・トランペット奏者","https://ja.wikipedia.org/wiki/Category:アメリカ合衆国のジャズ・トランペット奏者"
"ウディ・ショウ"," ウディ・ショウ （ Woody Shaw 、 1944年 12月24日 - 1989年 5月10日 ）は、 アメリカ合衆国 の ジャズ ・ミュージシャン（ トランペット 奏者）。","Woody Herman Shaw II","","アメリカ合衆国 ニュージャージー州","( 1944-12-24 ) 1944年 12月24日","( 1989-05-10 ) 1989年 5月10日 （44歳没）","ジャズ 、 ハード・バップ","","トランペット","","コロムビア・レコード, ミューズ・レコード, エレクトラ・レコード, ブルーノート・レコード","","","https://ja.wikipedia.org/wiki/ウディ・ショウ","Category_アメリカ合衆国のジャズ・トランペット奏者","https://ja.wikipedia.org/wiki/Category:アメリカ合衆国のジャズ・トランペット奏者"
"サド・ジョーンズ"," サド・ジョーンズ （Thad Jones, 1923年 3月28日 - 1986年 8月21日 ）は、 アメリカ の ジャズ トランペット 奏者、 作曲家 、 編曲家 、 ビッグバンド リーダー。","Thaddeus Joseph Jones","","アメリカ合衆国 ミシガン州 ポンティアック","( 1923-03-28 ) 1923年 3月28日","( 1986-08-21 ) 1986年 8月21日 （63歳没） デンマーク、コペンハーゲン","ジャズ ハードバップ","","トランペット","","","メル・ルイス","","https://ja.wikipedia.org/wiki/サド・ジョーンズ","Category_アメリカ合衆国のジャズ・トランペット奏者","https://ja.wikipedia.org/wiki/Category:アメリカ合衆国のジャズ・トランペット奏者"
"ジョー・スミス (トランペット奏者)"," ジョー・\"フォックス\"・スミス （Joe \"Fox\" Smith、 1902年 6月28日 – 1937年 12月2日 ）は、 アメリカ合衆国 の ジャズ ・ トランペット 奏者。","","","","","","","","","","","","","https://ja.wikipedia.org/wiki/ジョー・スミス_(トランペット奏者)","Category_アメリカ合衆国のジャズ・トランペット奏者","https://ja.wikipedia.org/wiki/Category:アメリカ合衆国のジャズ・トランペット奏者"
"ルイ・スミス"," ルイ・スミス （ Louis Smith 、 1931年 5月20日 - 2016年 8月20日 、 テネシー州 メンフィス  -）は、 アメリカ の ジャズ ・ トランペット 奏者である。","","","アメリカ合衆国 テネシー州 メンフィス","( 1931-05-20 ) 1931年 5月20日","( 2016-08-20 ) 2016年 8月20日 （85歳没）","ジャズ","ミュージシャン","トランペット","","","","","https://ja.wikipedia.org/wiki/ルイ・スミス","Category_アメリカ合衆国のジャズ・トランペット奏者","https://ja.wikipedia.org/wiki/Category:アメリカ合衆国のジャズ・トランペット奏者"
"ワダダ・レオ・スミス"," ワダダ・レオ・スミス  （ Wadada Leo Smith 、 1941年 12月18日 - ）は、アメリカ人のトランペッターにして作曲家であり、主に前衛派ジャズとフリー・インプロヴィゼーションの分野で活動している  。2012年5月22日にリリースされたアルバム『Ten Freedom Summers』によって、2013年の ピューリッツァー賞 音楽部門 におけるファイナリスト3人のうちの1人となった  。","Leo Smith","Ishmael Wadada Leo Smith","アメリカ合衆国, ミシシッピー州 リーランド","( 1941-12-18 ) 1941年 12月18日 （79歳）","","アヴァンギャルド・ジャズ、フリー・インプロヴィゼーション","音楽家 、 作曲家","トランペット","","","クリエイティヴ・コンストラクション・カンパニー, New Dalta Ahkri","","https://ja.wikipedia.org/wiki/ワダダ・レオ・スミス","Category_アメリカ合衆国のジャズ・トランペット奏者","https://ja.wikipedia.org/wiki/Category:アメリカ合衆国のジャズ・トランペット奏者"
"ドン・スリート"," ドン・スリート （ Donald Clayborn \" Don \" Sleet 、 1938年 11月27日 – 1986年 12月31日 ）は、 アメリカ合衆国 出身の ジャズ ・ トランペット 奏者。 ダウン・ビート 紙で「傑出している (outstanding)」と評され  たミュージシャンだったが、 薬物乱用 のためそのキャリアは短く、生涯で残したリーダー作はアルバム1枚のみだった。","Donald Clayborn Sleet","","フォートウェイン 、 インディアナ州 、 アメリカ合衆国","( 1938-11-27 ) 1938年 11月27日","1986年 12月31日 (1986-12-31) （48歳）, ハリウッド 、 カリフォルニア州 、 アメリカ合衆国","","ミュージシャン、バンドリーダー","トランペット","1954年 - 1964年","パシフィック・ジャズ・レコード 、 リバーサイド・レコード","","","https://ja.wikipedia.org/wiki/ドン・スリート","Category_アメリカ合衆国のジャズ・トランペット奏者","https://ja.wikipedia.org/wiki/Category:アメリカ合衆国のジャズ・トランペット奏者"
"オル・ダラ"," オル・ダラ （ Olu Dara 、 1941年 1月12日 - ）は、 アメリカ のコルネット奏者、ギタリスト、歌手。息子はラッパーの ナズ 。","Charles Jones III","","アメリカ合衆国 ミシシッピ州 ナチェズ","( 1941-01-12 ) 1941年 1月12日 （80歳）","","ジャズ","ミュージシャン、ソングライター","ボーカル、ギター、コルネット","1964年 -","アトランティック・レコード","ナズ 、ブレイヴハーツ、AZ","","https://ja.wikipedia.org/wiki/オル・ダラ","Category_アメリカ合衆国のジャズ・トランペット奏者","https://ja.wikipedia.org/wiki/Category:アメリカ合衆国のジャズ・トランペット奏者"
"トミー・タレンタイン"," トミー・タレンタイン または トミー・タレンティン （ Tommy Turrentine 【 IPA:   】, 1928年 4月22日 アメリカ合衆国 ペンシルヴァニア州 ピッツバーグ – 1997年 5月15日 ）は アメリカ合衆国 の ジャズ ・ トランペッター 。成功したサクソフォン奏者 スタンリー・タレンタイン の長兄で、本名はトマス・ウォルター・タルンティーン・ジュニア（ Thomas Walter Turrentine, Jr. ）という。","","","アメリカ合衆国 ペンシルヴァニア州 ピッツバーグ","( 1928-04-22 ) 1928年 4月22日","( 1997-05-15 ) 1997年 5月15日 （69歳没）","ハード・バップ","","トランペット","","","","","https://ja.wikipedia.org/wiki/トミー・タレンタイン","Category_アメリカ合衆国のジャズ・トランペット奏者","https://ja.wikipedia.org/wiki/Category:アメリカ合衆国のジャズ・トランペット奏者"
"ビル・チェイス"," ビル・チェイス （Bill Chase、 1934年 10月20日 - 1974年 8月9日 ）は、 アメリカ の トランペッター であり、ジャズロックバンド「 チェイス 」のリーダー。","ウィリアム・エドワード・キアイーズ","","米国 マサチューセッツ州 スクアンタム","( 1934-10-20 ) 1934年 10月20日, 米国 マサチューセッツ州 スクアンタム","1974年 8月9日 (1974-08-09) （39歳）, ミネソタ州 ジャクソン","ジャズロック 、 スイング","ミュージシャン","トランペット","","","チェイス (バンド)","","https://ja.wikipedia.org/wiki/ビル・チェイス","Category_アメリカ合衆国のジャズ・トランペット奏者","https://ja.wikipedia.org/wiki/Category:アメリカ合衆国のジャズ・トランペット奏者"
"ドン・チェリー"," ドン・チェリー （Don Cherry、 1936年 11月18日 - 1995年 10月19日 ）は、 アメリカ 、 オクラホマ州 オクラホマシティ 出身の ジャズ ・ トランペット 、 コルネット 奏者。","","","アメリカ合衆国 オクラホマ州 オクラホマシティ","( 1936-11-18 ) 1936年 11月18日","( 1995-10-19 ) 1995年 10月19日 （58歳没）","フリー・ジャズ","ジャズ・ミュージシャン","コルネット 、 トランペット 、ポケット・トランペット、ピアノ","","","","","https://ja.wikipedia.org/wiki/ドン・チェリー","Category_アメリカ合衆国のジャズ・トランペット奏者","https://ja.wikipedia.org/wiki/Category:アメリカ合衆国のジャズ・トランペット奏者"
"マイルス・デイヴィス"," マイルス・デューイ・デイヴィス3世 （Miles Dewey Davis III、 1926年 5月26日 - 1991年 9月28日 ）は、 アメリカ の ジャズ トランペット 奏者、作曲家、編曲家。アルバム『ウォーキン』『 カインド・オブ・ブルー 』『 ビッチェズ・ブリュー 』など多くの作品で知られている。日本には彼を「 モダン・ジャズの帝王 」      と呼ぶジャズ・ファンやジャズ評論家もいる。いわゆるジャズの巨人の  一人。 クール・ジャズ 、 ハード・バップ 、 モード・ジャズ 、エレクトリック・ジャズ、 クロスオーバー 、ヒップホップ・ジャズなど、時代に応じて様々な音楽性を見せ、ジャズ界を牽引した。","Miles Dewey Davis III","","アメリカ合衆国, イリノイ州 オールトン","1926年 5月26日","( 1991-09-28 ) 1991年 9月28日 （65歳没）, アメリカ合衆国, カリフォルニア州 サンタモニカ","ジャズ 、 ビバップ 、 クール・ジャズ 、エレクトリック・ジャズ、クロスオーバー","ジャズ ・ミュージシャン、 作曲家 、編曲家","トランペット 、 フリューゲルホーン 、 オルガン","1944年 - 1991年","プレスティッジ・レコード, コロムビア・レコード, ワーナー・ブラザース （現 ワーナー・ミュージック・グループ ）","","","https://ja.wikipedia.org/wiki/マイルス・デイヴィス","Category_アメリカ合衆国のジャズ・トランペット奏者","https://ja.wikipedia.org/wiki/Category:アメリカ合衆国のジャズ・トランペット奏者"
"クラーク・テリー"," クラーク・テリー （Clark Terry, 1920年 12月14日 - 2015年 2月21日 ）は アメリカ合衆国 の ジャズ トランペット ・ フリューゲルホルン 奏者。ジャズでのキャリアは60年以上を持つ。","","","アメリカ合衆国 ミズーリ州 セントルイス","1920年 12月14日","( 2015-02-21 ) 2015年 2月21日 （94歳没）","","","トランペット ・ フリューゲルホルン","","","","","https://ja.wikipedia.org/wiki/クラーク・テリー","Category_アメリカ合衆国のジャズ・トランペット奏者","https://ja.wikipedia.org/wiki/Category:アメリカ合衆国のジャズ・トランペット奏者"
"ジム・ドゥヴォラック"," ジム・ドゥヴォラック （ Jim Dvorak 、1948年12月16日 - 、 ニューヨーク 生）は、 アメリカ のジャズ・トランペッターである。","James Peter Dvorak","","アメリカ合衆国, ニューヨーク","( 1948-12-16 ) 1948年 12月16日 （72歳）","","ジャズ, カンタベリー・ロック, ジャズ・ロック","ミュージシャン","トランペット","","","イン・カフーツ","","https://ja.wikipedia.org/wiki/ジム・ドゥヴォラック","Category_アメリカ合衆国のジャズ・トランペット奏者","https://ja.wikipedia.org/wiki/Category:アメリカ合衆国のジャズ・トランペット奏者"
"ケニー・ドーハム"," ケニー・ドーハム （Kenny Dorham、本名：McKinley Howard Dorham 、 1924年 8月30日 - 1972年 12月5日 ）は、 テキサス州 フェアフィールド出身の ジャズ ・ トランペット 奏者。 ビバップ の有名トランペッターの一人。","","","アメリカ合衆国 テキサス州 フェアフィールド","( 1924-08-30 ) 1924年 8月30日","( 1972-12-05 ) 1972年 12月5日 （48歳没）","ビバップ 、 ハードバップ 、ラテン・ジャズ、アフロ・キューバン・ジャズ、ボサノヴァ、ボサ・ジャズ","","トランペット","","ブルー・ノート 、 プレスティッジ","","","https://ja.wikipedia.org/wiki/ケニー・ドーハム","Category_アメリカ合衆国のジャズ・トランペット奏者","https://ja.wikipedia.org/wiki/Category:アメリカ合衆国のジャズ・トランペット奏者"
"ロイ・ハーグローヴ"," ロイ・ハーグローヴ （ Roy Hargrove 、 1969年 10月16日 - 2018年 11月2日  ）は、 アメリカ合衆国 のジャズ・ トランペット 奏者である。 テキサス州 ウェーコ 生まれ。","Roy Anthony Hargrove","","アメリカ合衆国 テキサス州 ウェーコ","( 1969-10-16 ) 1969年 10月16日, アメリカ合衆国 テキサス州 ウェーコ","( 2018-11-02 ) 2018年 11月2日 （49歳没）, アメリカ合衆国 ニューヨーク州 ニューヨーク ","ジャズ 、 ラテンジャズ 、 M-BASE 、 ソウル","トランペット奏者、作曲家、音楽家","トランペット、フリューゲルホルン、ボーカル","1987年 - 2018年","Groovin' High、Emarcy、Verve、RCA Novus","The Jazz Futures、The Jazz Networks、Crisol、 ジョニー・グリフィン 、 ジョー・ヘンダーソン 、 ウィントン・マルサリス 、デヴィッド・\"ファットヘッド\"・ニューマン","","https://ja.wikipedia.org/wiki/ロイ・ハーグローヴ","Category_アメリカ合衆国のジャズ・トランペット奏者","https://ja.wikipedia.org/wiki/Category:アメリカ合衆国のジャズ・トランペット奏者"
"ドナルド・バード"," ドナルド・バード （ Donald Byrd 、 1932年 12月9日 - 2013年 2月4日 ）は、 アメリカ合衆国 ミシガン州 デトロイト市 出身の ジャズ ・ トランペット 奏者。","Donaldson Toussaint L'Ouverture Byrd II","","アメリカ合衆国 ミシガン州 デトロイト市","( 1932-12-09 ) 1932年 12月9日","( 2013-02-04 ) 2013年 2月4日 （80歳没）","ジャズ 、 ファンク 、 ジャズ・ファンク 、 ソウル 、 R&B","ミュージシャン","トランペット、フリューゲルホルン、ボーカル","1954年 - 2013年","ブルーノート 、 プレスティッジ 、 ヴァーヴ 、 コロムビア 、Transition","ペッパー・アダムス 、 ジジ・グライス 、 ジャッキー・マクリーン 、 ハンク・モブレー 、 デクスター・ゴードン 、 ブラックバーズ","","https://ja.wikipedia.org/wiki/ドナルド・バード","Category_アメリカ合衆国のジャズ・トランペット奏者","https://ja.wikipedia.org/wiki/Category:アメリカ合衆国のジャズ・トランペット奏者"
"フィリップ・ハーパー (ジャズ・トランペット奏者)"," フィリップ・ハーパー （Philip Harper、 1965年 5月10日 - ）は、 アメリカ合衆国 メリーランド州 ボルチモア 出身の ジャズ ・ トランペット 奏者。","","","メリーランド州 ボルチモア","( 1965-05-10 ) 1965年 5月10日 （56歳）, アメリカ合衆国, メリーランド州 ボルチモア","","ジャズ","音楽家","トランペット","1990年 – 現在","ヴァーヴ・レコード, Muse Records","ザ・ハーパー・ブラザーズ, アート・ブレイキー, チャールズ・ミンガス","","https://ja.wikipedia.org/wiki/フィリップ・ハーパー_(ジャズ・トランペット奏者)","Category_アメリカ合衆国のジャズ・トランペット奏者","https://ja.wikipedia.org/wiki/Category:アメリカ合衆国のジャズ・トランペット奏者"
"スティーヴン・バーンスタイン"," スティーヴン・バーンスタイン （ Steven Bernstein 、1961年10月8日 - ）は、アメリカのトランペッター、スライド・トランペッター、アレンジャー/作曲家、ニューヨーク出身のバンド・リーダーである。彼は ラウンジ・リザーズ 、 セックス・モブ 、Spanish Fly、Millennial Territory Orchestraによる作品で最も有名である     。セックス・モブによる2006年のCD『Sexotica』は グラミー賞 にノミネートされた。","","","アメリカ合衆国","( 1961-10-08 ) 1961年 10月8日 （59歳）","","ジャズ","ミュージシャン","トランペット","","ツァディク, インパルス","セックス・モブ, Millennial Territory Orchestra, The Hot 9, ヘンリー・バトラー","","https://ja.wikipedia.org/wiki/スティーヴン・バーンスタイン","Category_アメリカ合衆国のジャズ・トランペット奏者","https://ja.wikipedia.org/wiki/Category:アメリカ合衆国のジャズ・トランペット奏者"
"ビックス・バイダーベック"," レオン・ビスマルク \" ビックス \" バイダーベック ( 1903年 3月10日 – 1931年 8月6日 )は アメリカ の実在した ジャズ ・ コルネット 奏者、 ピアニスト 、 作曲家 。","","","","","","","","","","","","","https://ja.wikipedia.org/wiki/ビックス・バイダーベック","Category_アメリカ合衆国のジャズ・トランペット奏者","https://ja.wikipedia.org/wiki/Category:アメリカ合衆国のジャズ・トランペット奏者"
"ボビー・ハケット"," ロバート·レオ·\"ボビー\"·ハケット （ Robert Leo ″Bobby″ Hackett , 1915年 1月31日 - 1976年 6月7日 ）は アイルランド系アメリカ人 のジャズ・トランペット、コルネット、ギター奏者。","","","","","","","","","","","","","https://ja.wikipedia.org/wiki/ボビー・ハケット","Category_アメリカ合衆国のジャズ・トランペット奏者","https://ja.wikipedia.org/wiki/Category:アメリカ合衆国のジャズ・トランペット奏者"
"フレディ・ハバード"," フレディ・ハバード  （ Freddie Hubbard 、 1938年 4月7日 - 2008年 12月29日 ）は、 アメリカ ・ インディアナポリス 生まれの ジャズ トランペット 奏者。","Frederick Dewayne Hubbard","","アメリカ合衆国 インディアナ州 インディアナポリス","( 1938-04-07 ) 1938年 4月7日","2008年 12月29日 (2008-12-29) （70歳） カリフォルニア州 シャーマンオークス","ハード・バップ 、 新主流派 、 フリー・ジャズ 、 フリー・バップ 、 フュージョン","ミュージシャン 、 バンドリーダー 、 作曲家","トランペット 、 フリューゲルホルン 、 コルネット 、 フレンチホルン 、 メロフォン","1958年 - 2008年","アトランティック・レコード, コロムビア・レコード, CTIレコード, ブルーノート・レコード","ハービー・ハンコック, ウェイン・ショーター, オーネット・コールマン","","https://ja.wikipedia.org/wiki/フレディ・ハバード","Category_アメリカ合衆国のジャズ・トランペット奏者","https://ja.wikipedia.org/wiki/Category:アメリカ合衆国のジャズ・トランペット奏者"
"ライオネル・ファーボス"," ライオネル・ファーボス （ Lionel Ferbos 、 1911年 7月17日 - 2014年 7月19日  ）は アメリカ合衆国 のジャズトランペット奏者。","","","","( 1911-07-17 ) 1911年 7月17日","( 2014-07-19 ) 2014年 7月19日 （103歳没）","","","","","","","","https://ja.wikipedia.org/wiki/ライオネル・ファーボス","Category_アメリカ合衆国のジャズ・トランペット奏者","https://ja.wikipedia.org/wiki/Category:アメリカ合衆国のジャズ・トランペット奏者"
"アート・ファーマー"," アート・ファーマー （ Art Farmer 、 1928年 8月21日 - 1999年 10月4日 ）は、 アメリカ の ジャズ ・ トランペット 奏者、 フリューゲルホルン 奏者。","Arthur Stewart Farmer","","アメリカ合衆国 アイオワ州 カウンシル・グラフ","1928年 8月21日","( 1999-10-04 ) 1999年 10月4日 （71歳没）","ジャズ ハードバップ","","トランペット 、 フリューゲルホルン","","プレスティッジ・レコード, アーゴ, マーキュリー・レコード, アトランティック・レコード, CTIレコード","ベニー・ゴルソン 、 ジム・ホール 、 シダー・ウォルトン","","https://ja.wikipedia.org/wiki/アート・ファーマー","Category_アメリカ合衆国のジャズ・トランペット奏者","https://ja.wikipedia.org/wiki/Category:アメリカ合衆国のジャズ・トランペット奏者"
"クリフォード・ブラウン"," クリフォード・ブラウン （Clifford Brown、 1930年 10月30日 - 1956年 6月26日 ）は、 アメリカ の ジャズ ･ トランペット 奏者。 ハード・バップ 期初期のプレイヤーであり、生前「ブラウニー」の愛称で親しまれていた。録音作品で言えば実質的には5年にも満たない短い活動期間ながら、類稀なる優れた演奏を数多く残したことでジャズの歴史にその名を刻んでいる。","Clifford Benjamin Brown","","アメリカ合衆国 デラウェア州 ウィルミントン","1930年 10月30日","( 1956-06-26 ) 1956年 6月26日 （25歳没）","ジャズ 、 ビバップ 、 ハードバップ","ジャズ・トランペット奏者、作曲家、編曲家","トランペット","1949年 - 1956年","ブルーノート, エマーシー・レコード","アート・ブレイキー 、 マックス・ローチ 、 ルー・ドナルドソン 、 J・J・ジョンソン 、etc.","","https://ja.wikipedia.org/wiki/クリフォード・ブラウン","Category_アメリカ合衆国のジャズ・トランペット奏者","https://ja.wikipedia.org/wiki/Category:アメリカ合衆国のジャズ・トランペット奏者"
"テレンス・ブランチャード"," テレンス・ブランチャード （ Terence Blanchard 、 1962年 3月13日  - ）は アメリカ合衆国 の ジャズ ・ トランペット 奏者、バンドリーダー、 作曲家 。奏者としての活動に加えて、 映画音楽 の作曲も多く、特に スパイク・リー の監督作品の サウンドトラック を多数制作してきた  。","","","アメリカ合衆国 ルイジアナ州 ニューオーリンズ","( 1962-03-13 ) 1962年 3月13日 （59歳）","","ジャズ 、 映画音楽","トランペット奏者、 作曲家 、バンドリーダー","トランペット","1980年 -","コンコード・レコード, コロムビア・レコード, ソニー・クラシカル, ブルーノート・レコード","アート・ブレイキー 、 ドナルド・ハリソン 、 スパイク・リー 、E-コレクティヴ他","","https://ja.wikipedia.org/wiki/テレンス・ブランチャード","Category_アメリカ合衆国のジャズ・トランペット奏者","https://ja.wikipedia.org/wiki/Category:アメリカ合衆国のジャズ・トランペット奏者"
"ボブ・ブルックマイヤー"," ボブ・ブルックマイヤー  （ Bob Brookmeyer 、本名：Robert Edward Brookmeyer、 1929年 12月19日 - 2011年 12月15日 ）は、 アメリカ合衆国 の トロンボーン 奏者、 ピアニスト 、 編曲家 、 作曲家 。","Robert Edward Brookmeyer","","アメリカ合衆国 ミズーリ州 カンザスシティ","( 1929-12-19 ) 1929年 12月19日","( 2011-12-15 ) 2011年 12月15日 （81歳没）","メインストリーム・ジャズ 、 クール・ジャズ 、 ウエストコースト・ジャズ 、ポスト・バップ","ミュージシャン、作曲家、編曲家、教育者","トロンボーン 、 ピアノ","","インパルス! 、メインストリーム、 RCA 、 ヴァーヴ","ゲイリー・バートン 、 ビル・エヴァンス 、 スタン・ゲッツ 、 ジミー・ジュフリー 、 ジム・ホール 、ゲイリー・マクファーランド、 ジェリー・マリガン 、 ラロ・シフリン 、 クラーク・テリー 、 サド・ジョーンズ / メル・ルイス・ジャズ・オーケストラ 、 クロード・ソーンヒル 、 ズート・シムズ","","https://ja.wikipedia.org/wiki/ボブ・ブルックマイヤー","Category_アメリカ合衆国のジャズ・トランペット奏者","https://ja.wikipedia.org/wiki/Category:アメリカ合衆国のジャズ・トランペット奏者"
"ランディ・ブレッカー"," ランディ・ブレッカー （ Randy Brecker 、 1945年 11月27日 - 、 ペンシルベニア州 フィラデルフィア 生まれ）は、 アメリカ合衆国 の トランペット ・ フリューゲルホルン 奏者。","Randal Edward Brecker","","アメリカ合衆国 ペンシルベニア州 フィラデルフィア","1945年 11月27日, アメリカ合衆国 ペンシルベニア州 フィラデルフィア","","ジャズ, ロック, リズム・アンド・ブルース","","トランペット, フリューゲルホルン","","アリスタ・レコード, パスポート・レコード, GRPレコード ほか","マイケル・ブレッカー, ブレッカー・ブラザーズ, ブラッド・スウェット・アンド・ティアーズ","","https://ja.wikipedia.org/wiki/ランディ・ブレッカー","Category_アメリカ合衆国のジャズ・トランペット奏者","https://ja.wikipedia.org/wiki/Category:アメリカ合衆国のジャズ・トランペット奏者"
"チェット・ベイカー"," チェット・ベイカー （ Chet Baker 、本名 Chesney Henry Baker Jr. 、 1929年 12月23日 - 1988年 5月13日 ）は、 ジャズ ミュージシャン 。 ウエストコースト・ジャズ の代表的 トランペット奏者 であり、 ヴォーカリスト でもある。","チェスニー・ヘンリー・ベイカー・ジュニア","","アメリカ合衆国 オクラホマ州 イェール","1929年 12月23日","( 1988-05-13 ) 1988年 5月13日 （58歳没）","ウエストコースト・ジャズ","トランペッター 、 ヴォーカリスト","トランペット 、 ヴォーカル","","パシフィック・ジャズ・レコード 、 リバーサイド・レコード 、ライムライト・レコード、 プレスティッジ・レコード 、 CTIレコード 、スティープルチェイス・レコード、エンヤ・レコード","ジェリー・マリガン","","https://ja.wikipedia.org/wiki/チェット・ベイカー","Category_アメリカ合衆国のジャズ・トランペット奏者","https://ja.wikipedia.org/wiki/Category:アメリカ合衆国のジャズ・トランペット奏者"
"グラハム・ヘインズ"," グラハム・ヘインズ （ Graham Haynes 、 1960年 9月16日 - 、 ニューヨーク州 ブルックリン 生まれ）は、アメリカのコルネット奏者、トランペッター、作曲家である。ジャズ・ドラマーの ロイ・ヘインズ の息子である  グラハムは、 ニュージャズ での仕事で知られ、ヒップホップやエレクトロニック・ミュージックの要素をジャズと融合させている。","","","アメリカ合衆国 ニューヨーク州 ブルックリン","( 1960-09-16 ) 1960年 9月16日 （60歳）","","ジャズ 、 M-BASE 、 ヒップホップ・ミュージック 、 ドラムンベース 、 ニュージャズ","ミュージシャン 、 作曲家 、バンドリーダー","トランペット 、 コルネット","","","","","https://ja.wikipedia.org/wiki/グラハム・ヘインズ","Category_アメリカ合衆国のジャズ・トランペット奏者","https://ja.wikipedia.org/wiki/Category:アメリカ合衆国のジャズ・トランペット奏者"
"クリス・ボッティ"," クリス・ボッティ （Chris Botti, 1962年 10月12日 - ）は、 アメリカ オレゴン州 ポートランド 生まれ、 コーバリス 育ちの フュージョン 界の トランペット 奏者。","Christopher Stephen Botti","","オレゴン州 ポートランド","( 1962-10-12 ) 1962年 10月12日 （58歳）, アメリカ合衆国, オレゴン州 ポートランド","","ジャズ 、 スムーズジャズ 、 フュージョン","","トランペット","","","","","https://ja.wikipedia.org/wiki/クリス・ボッティ","Category_アメリカ合衆国のジャズ・トランペット奏者","https://ja.wikipedia.org/wiki/Category:アメリカ合衆国のジャズ・トランペット奏者"
"ハワード・マギー"," ハワード・マギー （Howard McGhee、 1918年 3月6日生まれ、1987年7月17日ニューヨークで死去）は ディジー・ガレスピー 、ファッツ・ナヴァロ、アイドリース・シュリーマンなどと並んで ビバップ の最初のトランペット奏者の一人。","","","","","","","","","","","","","https://ja.wikipedia.org/wiki/ハワード・マギー","Category_アメリカ合衆国のジャズ・トランペット奏者","https://ja.wikipedia.org/wiki/Category:アメリカ合衆国のジャズ・トランペット奏者"
"ウィントン・マルサリス"," ウィントン・マルサリス （Wynton Learson Marsalis、 1961年 10月18日 - ）は アメリカ の トランペット 奏者、 作曲家 。","Wynton Learson Marsalis","","ルイジアナ州 ニューオリンズ","( 1961-10-18 ) 1961年 10月18日 （59歳）, アメリカ合衆国, ルイジアナ州 ニューオリンズ","","クラシック 、 ジャズ, ポスト・バップ、ディキシーランド･ジャズ","作曲家 、 教師, トランペット 奏者","トランペット","1980年 – 現在","ソニー・レコーズ, ソニー・クラシカル(～2004), EMI ミュージック(2004～)","イギリス室内管弦楽団","","https://ja.wikipedia.org/wiki/ウィントン・マルサリス","Category_アメリカ合衆国のジャズ・トランペット奏者","https://ja.wikipedia.org/wiki/Category:アメリカ合衆国のジャズ・トランペット奏者"
"ブルー・ミッチェル"," ブルー・ミッチェル （ Blue Mitchell 、 1930年 3月13日 – 1979年 5月21日 ）は、 アメリカ合衆国 の ジャズ ・ トランペット 奏者。伸びのあるクリアーな 音色 で ハード・バップ 期には人気を集めた。 バンドリーダー や サイドマン として、 リバーサイド や ブルー・ノート 、 メインストリーム といったレーベルに多くの録音を遺した  。","Richard Allen Mitchell","","アメリカ合衆国 フロリダ州 マイアミ","( 1930-03-13 ) 1930年 3月13日","1979年 5月21日 (1979-05-21) （49歳）, カリフォルニア州 ロサンジェルス","ジャズ （ ハード・バップ 、 ソウル・ジャズ 、 ジャズ・ロック ）","音楽家","トランペット","1952年 - 1979年","リバーサイド 、 ブルーノート 、 RCA 、 メインストリーム","ポール・ウィリアムズ （ 英語版 ）, アール・ボスティック, チャック・ウィリス, ホレス・シルヴァー, キャノンボール・アダレー","","https://ja.wikipedia.org/wiki/ブルー・ミッチェル","Category_アメリカ合衆国のジャズ・トランペット奏者","https://ja.wikipedia.org/wiki/Category:アメリカ合衆国のジャズ・トランペット奏者"
"リー・モーガン"," リー・モーガン （ 英語 : Edward Lee Morgan , 1938年 7月10日 - 1972年 2月19日 ）は、 ジャズ の トランペット 奏者。 アメリカ合衆国 ペンシルベニア州 フィラデルフィア 生まれ。","Edward Lee Morgan","","アメリカ合衆国 ペンシルベニア州 フィラデルフィア","( 1938-07-10 ) 1938年 7月10日","( 1972-02-19 ) 1972年 2月19日 （33歳没）","ハード・バップ 、 ファンキー・ジャズ 、ソウル・ジャズ、 ビバップ","トランペット奏者、 作曲家","トランペット 、 フリューゲルホルン","1956年 - 1972年","ブルー・ノート","アート・ブレイキー","","https://ja.wikipedia.org/wiki/リー・モーガン","Category_アメリカ合衆国のジャズ・トランペット奏者","https://ja.wikipedia.org/wiki/Category:アメリカ合衆国のジャズ・トランペット奏者"
"ニック・ラロッカ"," ドミニク・ジェームス\"ニック\"ラロッカ （ Dominic James \"Nick\" LaRocca 、 1889年 4月11日 - 1961年 2月22日 ）は、 アメリカ合衆国 の ジャズ 創成期の コルネット 奏者・ トランペッター で オリジナル・ディキシーランド・ジャズ・バンド の首領。","","","","","","","","","","","","","https://ja.wikipedia.org/wiki/ニック・ラロッカ","Category_アメリカ合衆国のジャズ・トランペット奏者","https://ja.wikipedia.org/wiki/Category:アメリカ合衆国のジャズ・トランペット奏者"
"ディジー・リース"," ディジー・リース （ 英 : Dizzy Reece 、 1931年 1月5日 - ）は、 ジャマイカ 出身の ジャズ ・ トランペッター 。 ビバップ 、 ハード・バップ ・ジャズの ジャンル で演奏や 作曲 を手懸け、 音色 や作風の特徴的なことで知られる。","Alphonso Son Reece","","ジャマイカ キングストン","( 1931-01-05 ) 1931年 1月5日 （90歳）","","ビバップ 、 ハード・バップ","トランペット奏者","トランペット","","","","","https://ja.wikipedia.org/wiki/ディジー・リース","Category_アメリカ合衆国のジャズ・トランペット奏者","https://ja.wikipedia.org/wiki/Category:アメリカ合衆国のジャズ・トランペット奏者"
"ブッカー・リトル"," ブッカー・リトル・ジュニア （Booker Little, Jr., 1938年 4月2日 - 1961年 10月5日 ）は、 テネシー州 メンフィス に生まれ、 ニューヨーク州 ニューヨーク市 で亡くなった アメリカ合衆国 の ジャズ ・ トランペット 奏者で 作曲家 。","ブッカー・リトルJr.","","アメリカ合衆国","1938年 4月2日, テネシー州 メンフィス","( 1961-10-05 ) 1961年 10月5日 （23歳没）, ニューヨーク市","ハード・バップ, アバンギャルド・ジャズ","","トランペット","","","ジョニー・グリフィン, エリック・ドルフィー","","https://ja.wikipedia.org/wiki/ブッカー・リトル","Category_アメリカ合衆国のジャズ・トランペット奏者","https://ja.wikipedia.org/wiki/Category:アメリカ合衆国のジャズ・トランペット奏者"
"ウォレス・ルーニー"," ウォレス・ルーニー （ Wallace Roney 、 1960年 5月25日 - 2020年 3月31日 ）は、 アメリカ合衆国 の ジャズ （ ハード・バップ 、ポスト・バップ）・トランペッターである   。","","","アメリカ合衆国 ペンシルベニア州 フィラデルフィア","( 1960-05-25 ) 1960年 5月25日","( 2020-03-31 ) 2020年 3月31日 （59歳没）","ジャズ","ミュージシャン","トランペット","1975年 - 2020年","","マイルス・デイヴィス, クラーク・テリー, ディジー・ガレスピー","","https://ja.wikipedia.org/wiki/ウォレス・ルーニー","Category_アメリカ合衆国のジャズ・トランペット奏者","https://ja.wikipedia.org/wiki/Category:アメリカ合衆国のジャズ・トランペット奏者"
"アメリカ合衆国のトランペット奏者"," アメリカ合衆国 の トランペット 奏者に関するカテゴリ","","","","","","","","","","","","","https://ja.wikipedia.org/wiki/Category:アメリカ合衆国のトランペット奏者","Category_アメリカ合衆国のジャズ・トランペット奏者","https://ja.wikipedia.org/wiki/Category:アメリカ合衆国のジャズ・トランペット奏者"
"アメリカ合衆国のジャズ・ミュージシャン"," このカテゴリには下位カテゴリ 19 件が含まれており、そのうち以下の 19 件を表示しています。","","","","","","","","","","","","","https://ja.wikipedia.org/wiki/Category:アメリカ合衆国のジャズ・ミュージシャン","Category_アメリカ合衆国のジャズ・トランペット奏者","https://ja.wikipedia.org/wiki/Category:アメリカ合衆国のジャズ・トランペット奏者"
"各国のジャズ・トランペット奏者"," このカテゴリには下位カテゴリ 4 件が含まれており、そのうち以下の 4 件を表示しています。","","","","","","","","","","","","","https://ja.wikipedia.org/wiki/Category:各国のジャズ・トランペット奏者","Category_アメリカ合衆国のジャズ・トランペット奏者","https://ja.wikipedia.org/wiki/Category:アメリカ合衆国のジャズ・トランペット奏者"
