﻿"タイトル","コメント","出生名","別名","出身地","生誕","死没","ジャンル","職業","担当楽器","活動期間","レーベル","共同作業者","メンバー","URL","親リストタイトル","親リストURL"
"東一声"," 無声映画 時代の 帝国キネマ 専属のアトラクション演歌師として活躍していた  。大正時代に流行した 書生節 『春の名残り』のメロディを取った『ラインの流れ』とジャズ小唄『酒場の桜』を1928年（昭和3年）に、 名古屋 のアサヒレコード（ツル印レコード）で発売してヒットし、その後も続々と映画小唄やジャズ小唄を吹き込んだ。1930年代後半に引退をして、戦後は地元の京都で音楽教室を開いていた。1950年（昭和25年）に死去。享年64。","","","日本 京都府","1886年 4月9日","( 1950-08-17 ) 1950年 8月17日 （64歳没）","流行歌, ジャズソング","歌手, 演歌師, 活動弁士","","1910年代 - 1930年代","アサヒレコード, ヒコーキレコード","","","https://ja.wikipedia.org/wiki/東一声","Category_日本のジャズ歌手","https://ja.wikipedia.org/wiki/Category:日本のジャズ歌手"
"石野見幸"," 石野 見幸 （いしの みゆき、 1972年 3月1日 - 2007年 11月8日 ）は、関西を中心に活動した、 兵庫県 出身の ジャズ 歌手。","","","","","","","","","","","","","https://ja.wikipedia.org/wiki/石野見幸","Category_日本のジャズ歌手","https://ja.wikipedia.org/wiki/Category:日本のジャズ歌手"
"伊藤素道"," 伊藤 素道 （いとう もとみち、 1928年 4月13日  - 2003年 8月7日 ）は、 第二次世界大戦 後の時期に、 1948年 結成のリリオ・リズム・ボーイズ、 1952年 以降には、リリオ・リズム・エアーズと称したグループを率い、おもに ハワイアン や ジャズ 、ポップスなどの洋楽をレパートリーとした 日本 の 歌手   。","","","","","","","","","","","","","https://ja.wikipedia.org/wiki/伊藤素道","Category_日本のジャズ歌手","https://ja.wikipedia.org/wiki/Category:日本のジャズ歌手"
"内海一郎"," 内海 一郎 （うつみ いちろう、 1898年 （明治31年） 5月7日 - 1972年 （昭和47年））は、昭和初期に活躍した日本の 歌手 、 舞台演出家 。 東京府 （現： 東京都 ）出身。","","","","","","","","","","","","","https://ja.wikipedia.org/wiki/内海一郎","Category_日本のジャズ歌手","https://ja.wikipedia.org/wiki/Category:日本のジャズ歌手"
"笈田敏夫"," 笈田 敏夫 （おいだ としお、 1925年 （ 大正 14年） 2月21日 - 2003年 （ 平成 15年） 9月2日 ）は昭和期のジャズ歌手。戦後を代表するジャズ歌手として活躍した。愛称は「ゲソ」。 ドイツ ベルリン 生まれ。","","","","","","","","","","","","","https://ja.wikipedia.org/wiki/笈田敏夫","Category_日本のジャズ歌手","https://ja.wikipedia.org/wiki/Category:日本のジャズ歌手"
"尾崎紀世彦"," バレエダンサー の両親のもと、現在の 東京都 渋谷区 に男3人兄弟の次男として生まれ  、小学校入学時より 神奈川県 茅ヶ崎市 で育つ。父、繁（芸名：藤田繁）と兄の彰彦（芸名：藤田彰彦）は クラシック・バレエ のダンサー・演出家     、母：礼子は 日劇ダンシングチーム の一期生。父方の祖父は イギリス人 のHenry Buckingham Lucas  、本人は日英クォーターである。","尾崎 紀世彦","キヨ、キーヨ","日本 神奈川県 茅ヶ崎市","( 1943-01-01 ) 1943年 1月1日, 日本 東京都 渋谷区","( 2012-05-30 ) 2012年 5月30日 （69歳没）, 東京都 港区","ポピュラーソング","歌手","ボーカル, ギター, ウクレレ","1960年 - 2012年","フィリップス, （ 日本ビクター ）, 日本フォノグラム, ビクター音楽産業, 日本コロムビア, アルファレコード, CBS・ソニー, 東芝EMI","ジミー時田, ザ・ワンダース, 村上司, 筒美京平, 猪俣猛, 前田憲男, 阿久悠","","https://ja.wikipedia.org/wiki/尾崎紀世彦","Category_日本のジャズ歌手","https://ja.wikipedia.org/wiki/Category:日本のジャズ歌手"
"ティーブ・釜萢"," アメリカのカリフォルニア州ロサンゼルス市郊外で 洋服 店を営む 日本人 の両親のもと、1911年に 日系アメリカ人 2世として生まれた。その後音楽に親しみ、 ギター や バンジョー などの 楽器 を習得し、演奏を行うようになる。","釜萢 正","","アメリカ合衆国 カリフォルニア州 ロサンゼルス市","( 1911-05-07 ) 1911年 5月7日","( 1980-03-10 ) 1980年 3月10日 （68歳没）","ジャズ","ジャズ ・ シンガー 、 ジャズ ・ ミュージシャン","ボーカル 、 ギター","1930年代 - 1980年","","森山久、 石井好子 、 かまやつひろし 、 細野晴臣","","https://ja.wikipedia.org/wiki/ティーブ・釜萢","Category_日本のジャズ歌手","https://ja.wikipedia.org/wiki/Category:日本のジャズ歌手"
"バートン・クレーン"," ニューヨーク州 バッファロー で牧師の家に生まれる。 1920年 プリンストン大学 を中退後、建設会社勤務を経て経済関係のジャーナリストを志し、新聞界に入る。  ニュージャージー州 エリザベス のエリザベス・タイムズ紙、 アソシエイテッド・プレス の フィラデルフィア 支局を経て、 1925年 （大正15年）秋、 ジャパン・アドバタイザー 紙の記者兼 ニューヨーク・タイムズ 、 ウォールストリート・ジャーナル の東京特派員として来日した。","","","アメリカ合衆国 ニューヨーク州 バッファロー","1901年 1月23日","( 1963-02-03 ) 1963年 2月3日 （62歳没）","ジャズソング","歌手, ジャーナリスト","","1931年 - 1936年","コロムビア, テイチク","","","https://ja.wikipedia.org/wiki/バートン・クレーン","Category_日本のジャズ歌手","https://ja.wikipedia.org/wiki/Category:日本のジャズ歌手"
"河野ヨシユキ"," 神奈川県 横浜市 出身。 童謡 歌手（ ボーイソプラノ ）として、1954年に11歳で 日本コロムビア よりレコードデビューした。","","","神奈川県 横浜市","( 1943-02-25 ) 1943年 2月25日 （81歳）","","童謡 、 ジャズ","歌手","","1954年 - 現在","日本コロムビア","","","https://ja.wikipedia.org/wiki/河野ヨシユキ","Category_日本のジャズ歌手","https://ja.wikipedia.org/wiki/Category:日本のジャズ歌手"
"小林桂"," 小林 桂 （こばやし けい、 1979年 5月9日 - ）は日本の男性 ジャズ ・ ボーカリスト 。 東京都 出身。","","","","","","","","","","","","","https://ja.wikipedia.org/wiki/小林桂","Category_日本のジャズ歌手","https://ja.wikipedia.org/wiki/Category:日本のジャズ歌手"
"レイモンド・コンデ"," レイモンド・コンデ （Raymond Conde、 1916年 1月23日 - 2003年 12月23日 ）は、日本で活躍した フィリピン人 のジャズ・ クラリネット 奏者、ジャズ・シンガー。日本へ 帰化 後は 吉場レイモンド  とも。","","","","","","","","","","","","","https://ja.wikipedia.org/wiki/レイモンド・コンデ","Category_日本のジャズ歌手","https://ja.wikipedia.org/wiki/Category:日本のジャズ歌手"
"酒井俊"," 1976年 、 六本木 のジャズクラブ「Misty」に出演し音楽活動を始める。","","","","","","ジャズ, ブルース","歌手","","1976年 -","トリオレコード （ 1977年 - 1979年 ）, 東芝EMI （ 1991年 ）, BMGファンハウス （ 2003年 ）","","","https://ja.wikipedia.org/wiki/酒井俊","Category_日本のジャズ歌手","https://ja.wikipedia.org/wiki/Category:日本のジャズ歌手"
"三遊亭圓雀 (5代目)"," 東京都 世田谷区 出身。 都立烏山工業高校 卒業後の 1968年 2月に 四代目三遊亭圓馬 に入門、前座名「はる馬」を名乗る。","柳本 （ やなぎもと ） 修 （ おさむ ）","","日本 ・ 東京都 世田谷区","1949年 3月22日","","","","","1968年 - 2016年","","","","https://ja.wikipedia.org/wiki/三遊亭圓雀_(5代目)","Category_日本のジャズ歌手","https://ja.wikipedia.org/wiki/Category:日本のジャズ歌手"
"ジェームス滝"," ジェームス滝 （ジェームスたき、 1944年 - 2023年 12月 ）は、元 グループ・サウンズ ミュージシャン 。本名：相良直嗣。別名：滝良二。","","","","","","","","","","","","","https://ja.wikipedia.org/wiki/ジェームス滝","Category_日本のジャズ歌手","https://ja.wikipedia.org/wiki/Category:日本のジャズ歌手"
"高岩遼"," SANABAGUN. 、 THE THROTTLE のフロントマン  、SWINGERZの座長を務めている。2013年から2016年12月までの約3年の間にSANABAGUN.、THE THROTTLE、SWINGERZのプロジェクトで行った 路上ライブ の回数は4,000回を超える  。","","","日本","","","ジャズ, ヒップホップ, ロックンロール, ミクスチャー・ロック, パンク・ロック, ソウル, ブルース","","","2015年 -","ユニバーサル ミュージック （2018年）, オフィス高岩（2023年 - ）","Yaffle","","https://ja.wikipedia.org/wiki/高岩遼","Category_日本のジャズ歌手","https://ja.wikipedia.org/wiki/Category:日本のジャズ歌手"
"高島忠夫"," 兵庫県  武庫郡 御影町 （現在の 神戸市  東灘区 御影 ）で、姉妹弟のいる4人姉弟の長男として出生。祖父は大地主で不動産収入があり、そのため父は琵琶師匠を自称していたが弟子もおらず、生涯定職につくことのない 有閑階級 の家庭であった  。成績は優秀で 神戸一中 に進学。水泳部に所属した。同じクラスに作家の 小松左京 と 國弘正雄 がいた  。小松とは、一緒にバンドを組んでいたこともある仲  。","髙嶋 忠夫（読み同じ）","","","( 1930-07-27 ) 1930年 7月27日","","舞台・テレビドラマ・映画","俳優 ・ タレント ・ 司会者 ・映画解説者","","1951年 - 2013年","","","","https://ja.wikipedia.org/wiki/高島忠夫","Category_日本のジャズ歌手","https://ja.wikipedia.org/wiki/Category:日本のジャズ歌手"
"武井義明"," 武井 義明 （たけい よしあき、 1934年 （ 昭和 9年）1月24日 - 1994年 （ 平成 6年）8月2日）は、日本の ジャズ シンガー 。","","","","","","","","","","","","","https://ja.wikipedia.org/wiki/武井義明","Category_日本のジャズ歌手","https://ja.wikipedia.org/wiki/Category:日本のジャズ歌手"
"ディック・ミネ"," 東京帝国大学 卒の厳格な教育者・ 三根円次郎 を父に持ち、 日光東照宮 の 宮司 申橋氏の娘を母に持つミネは、 1908年 （明治41年） 10月5日 、 徳島県 に生まれた。幼少期から、音楽好きだった母親の所有していた西洋音楽のレコードに興味を持つ。父親の転勤の影響で、 新潟県 にも転居したことがあったが、上京後、 立教大学 に入学。","三根徳一 （みねとくいち）","三根 耕一, 佐伯 秀夫","日本 徳島県 徳島市","1908年 10月5日","( 1991-06-10 ) 1991年 6月10日 （82歳没）","ジャズ ・ ブルース ・ 流行歌 ・ 歌謡曲","歌手 、 俳優","","1934年 - 1990年","テイチク","","","https://ja.wikipedia.org/wiki/ディック・ミネ","Category_日本のジャズ歌手","https://ja.wikipedia.org/wiki/Category:日本のジャズ歌手"
"デニー白川"," 1942年神戸に生まれる。 湊川神社 の近くで育った  。","","","日本, 兵庫県 神戸市","1942年 ?? 月 ?? 日","","","","","1960年 -","日本コロムビア","","","https://ja.wikipedia.org/wiki/デニー白川","Category_日本のジャズ歌手","https://ja.wikipedia.org/wiki/Category:日本のジャズ歌手"
"寺泉憲"," 劇団雲 、 演劇集団 円 を経て  、『 ただいま放課後 』での広岡大助（チョロ先生）役でブレイク。","寺泉 哲章 （てらいずみ のりあき）","","","( 1947-10-08 ) 1947年 10月8日 （76歳）","","テレビドラマ ・ 映画 ・ 舞台","俳優 、 歌手","","","","","","https://ja.wikipedia.org/wiki/寺泉憲","Category_日本のジャズ歌手","https://ja.wikipedia.org/wiki/Category:日本のジャズ歌手"
"TOKU"," 父親の影響で音楽に親しみ、中学時代では吹奏楽部で コルネット を担当。 新潟明訓高校 、 東京国際大学 時代は ロック 、 ポップス のコピーバンドをしていた。大学在学中に アメリカ合衆国 に語学留学。","馬場督之","","日本 ・ 三条市 、 新潟県","( 1973-02-20 ) 1973年 2月20日 （51歳）","","ジャズ","歌手 、 フリューゲルホルン 奏者","フリューゲルホルン","2000年 -","ソニー・ミュージック","","","https://ja.wikipedia.org/wiki/TOKU","Category_日本のジャズ歌手","https://ja.wikipedia.org/wiki/Category:日本のジャズ歌手"
"仲光甫"," 血液型O・身長180cm。父が 日系アメリカ人 、母が 日本人  。 神奈川県 横浜市 生まれ  。私立 聖光学院高等学校 卒。ステージネームである“Steve”は ミドルネーム  。 慶應義塾大学 文学部在学中は、 ワグネル・ソサィエティー男声合唱団 において学生指揮者を務めた。また2003年に行われた第3回はこね学生音楽祭において、有志で結成したアンサンブル“ACT”を指揮し最優秀賞を受賞した  。指揮法を 北村協一 に師事  。低音から、得意とするファルセットまで、その声域の広さは驚異的  。","","","日本 神奈川県 横浜市","( 1982-03-13 ) 1982年 3月13日 （42歳）","","クラシック音楽, ジャズ, ポップス","歌手, 合唱指揮者","","","","Jammin'Zeb （ジャミン・ゼブ）","","https://ja.wikipedia.org/wiki/仲光甫","Category_日本のジャズ歌手","https://ja.wikipedia.org/wiki/Category:日本のジャズ歌手"
"長谷川顕"," 長谷川 顕 （はせがわ けん、生年不明 - 1985年 （昭和60年） 3月20日 ）は、戦前から戦後にかけてに活躍した日本の 歌手 、 サックス 演奏者。別名： 伊藤 英二 。","","","","","","","","","","","","","https://ja.wikipedia.org/wiki/長谷川顕","Category_日本のジャズ歌手","https://ja.wikipedia.org/wiki/Category:日本のジャズ歌手"
"旗照夫"," 旗 照夫 （はた てるお、 1933年 12月2日  - 2019年 12月8日  ）は、日本の ジャズ・シンガー 。本名：中山照男  。","","","","","","","","","","","","","https://ja.wikipedia.org/wiki/旗照夫","Category_日本のジャズ歌手","https://ja.wikipedia.org/wiki/Category:日本のジャズ歌手"
"二村定一"," 下関の料亭「海月」の経営者・二村貞衛と、義太夫芸妓・林トキの子として生まれる。トキは貞衛の愛人であり、貞衛には正妻との間に長男がいる。","林 貞一","","日本 山口県 下関市","( 1900-06-13 ) 1900年 6月13日","( 1948-09-12 ) 1948年 9月12日 （48歳没）","ジャズ 、 歌謡曲 、 歌劇 、 コミックソング","歌手 、 ボードビリアン 、 俳優","","1920年 - 1948年","ビクター, コロムビア","","","https://ja.wikipedia.org/wiki/二村定一","Category_日本のジャズ歌手","https://ja.wikipedia.org/wiki/Category:日本のジャズ歌手"
"フランキー堺"," 鹿児島県 鹿児島市 出身  。本名は 堺 正俊 （ さかい まさとし ） 。 慶應義塾大学法学部 卒業。","堺 正俊 （ さかい まさとし ）","","","( 1929-02-13 ) 1929年 2月13日","","","俳優, コメディアン, ドラマー","","1955年 - 1996年","","","","https://ja.wikipedia.org/wiki/フランキー堺","Category_日本のジャズ歌手","https://ja.wikipedia.org/wiki/Category:日本のジャズ歌手"
"フランク永井"," 本名は永井 清人（ながい きよと）。「魅惑の低音」と称された独特の豊かな低音を武器に、師である作曲家の 吉田正 （ 吉メロ ）とともに都会的で ジャズ テイスト溢れる ムード歌謡 のジャンルを切り開き、数多くの ヒット曲 を世に送った。","永井 清人","","日本 ・ 宮城県 志田郡 松山町 （現・ 大崎市 ）","1932年 3月18日","( 2008-10-27 ) 2008年 10月27日 （76歳没）","","歌手","","1955年 - 1985年","ビクターエンタテインメント","","","https://ja.wikipedia.org/wiki/フランク永井","Category_日本のジャズ歌手","https://ja.wikipedia.org/wiki/Category:日本のジャズ歌手"
"丸山繁雄"," 丸山 繁雄 （まるやま しげお、 1951年 6月22日 - ）は、 ジャズ ボーカリスト である。","","","","","","","","","","","","","https://ja.wikipedia.org/wiki/丸山繁雄","Category_日本のジャズ歌手","https://ja.wikipedia.org/wiki/Category:日本のジャズ歌手"
"柳澤愼一"," 旧芸名は 柳沢 真一 、 柳澤 真一 。","","","","( 1932-12-19 ) 1932年 12月19日","","映画, テレビドラマ, アテレコ","ジャズ 歌手, 俳優, 声優, 福祉 活動家, ボードビリアン, 作詞家","","1950年代 - 2010年代","","","","https://ja.wikipedia.org/wiki/柳澤愼一","Category_日本のジャズ歌手","https://ja.wikipedia.org/wiki/Category:日本のジャズ歌手"
"山崎唯"," 当初は 声楽家 を目指し、 国立音楽大学 声楽科を卒業  。だが ジャズ や ナット・キング・コール に傾倒してゆき、『渡辺晋とシックス・ジョーズ』の ピアニスト としてデビュー。日本で最初のピアノの弾き語りを始める  。","山崎 宰一, やまざき ただかず","","","( 1933-05-29 ) 1933年 5月29日","","","","","1950年代 - 1990年","","","","https://ja.wikipedia.org/wiki/山崎唯","Category_日本のジャズ歌手","https://ja.wikipedia.org/wiki/Category:日本のジャズ歌手"
