﻿"タイトル","コメント","出生名","別名","出身地","生誕","死没","ジャンル","職業","担当楽器","活動期間","レーベル","共同作業者","メンバー","URL","親リストタイトル","親リストURL"
"北村英治"," 北村 英治 （きたむら えいじ、 1929年 4月8日 - ）は、 東京府 出身の ジャズ クラリネット 奏者。","","","日本 東京都","( 1929-04-08 ) 1929年 4月8日 （92歳）","","ジャズ","クラリネット 奏者、 作曲家 、 バンドマスター","クラリネット","1951年 -","コンコード・レコード 他","","","https://ja.wikipedia.org/wiki/北村英治","Category_日本のジャズ・クラリネット奏者","https://ja.wikipedia.org/wiki/Category:日本のジャズ・クラリネット奏者"
"京建輔"," 京 建輔 （きょう けんすけ、 1937年 8月26日 - ）は、日本の 作曲家 、 編曲家 、 クラリネット 奏者。","安野 健三 ","","日本 京都府","( 1937-08-26 ) 1937年 8月26日 （83歳）","","","作曲家 、 編曲家 、演奏家","クラリネット","1974年 -","","","","https://ja.wikipedia.org/wiki/京建輔","Category_日本のジャズ・クラリネット奏者","https://ja.wikipedia.org/wiki/Category:日本のジャズ・クラリネット奏者"
"鈴木章治"," 鈴木 章治 （すずき しょうじ、 1932年 8月16日 - 1995年 9月10日 ）は、日本の ジャズ ・ クラリネット 奏者。 神奈川県 横浜市 生まれ。父の 三郎 は ヴァイオリン 奏者、兄の 敏夫 は ピアノ 奏者、弟の 康一 と正男は サックス もクラリネットも演奏した。","鈴木 章治","","日本 、 神奈川県 横浜市","( 1932-08-16 ) 1932年 8月16日, 日本 、 神奈川県 横浜市","( 1995-09-10 ) 1995年 9月10日 （63歳没）, 日本","スウィング・ジャズ","クラリネット 奏者","クラリネット","1947年 - 1995年","","ピーナッツ・ハッコー, 鈴木章治とリズム・エース, 南部三郎, 秋満義孝, 原田イサム, 鈴木敏夫 (ミュージシャン), 鈴木康一, 鈴木正男, 三木鶏郎楽団, ジョージ川口, 小野満, 東松二郎とアズマニアンズ, 東松二郎, 南里文雄とホット・ペッパーズ, 南里文雄, 池田操のリズム・キングス, 池田操","","https://ja.wikipedia.org/wiki/鈴木章治","Category_日本のジャズ・クラリネット奏者","https://ja.wikipedia.org/wiki/Category:日本のジャズ・クラリネット奏者"
"藤家虹二"," 藤家 虹二 （ふじか こうじ、本名：藤家 光嗣（ふじか こうし）、 1933年 9月2日 - 2011年 10月24日  ）は、 広島県 福山市 出身の日本の ジャズ クラリネット 奏者。","","","","","","","","","","","","","https://ja.wikipedia.org/wiki/藤家虹二","Category_日本のジャズ・クラリネット奏者","https://ja.wikipedia.org/wiki/Category:日本のジャズ・クラリネット奏者"
"松平恒和"," 松平 恒和 （まつだいら つねかず、 1946年 （ 昭和 21年） 12月15日  - ）は、日本の 実業家 。 会津松平家 分家当主の 松平一郎 （ 松平恒雄 長男）とその妻 松平豊子 （ 徳川家正 長女）の三男。 徳川宗家 第18代当主 徳川恒孝 は実兄。","","","","( 1946-12-15 ) 1946年 12月15日 （74歳）","","","実業家 、 早稲田大学 客員教授 、国際人材創出支援センター理事長、 ジャズ クラリネット 奏者","","","","","","https://ja.wikipedia.org/wiki/松平恒和","Category_日本のジャズ・クラリネット奏者","https://ja.wikipedia.org/wiki/Category:日本のジャズ・クラリネット奏者"
"安田伸"," 安田 伸 （やすだ しん、 1932年 9月19日 - 1996年 11月5日 ）は、日本の サックス 奏者、 コメディアン 、 俳優 、 作曲家 。本名、安田 秀峰（やすだ ひでみね）。愛称はヤッさん。","安田 秀峰","","","( 1932-09-19 ) 1932年 9月19日","","サックス 奏者, コメディアン, 俳優, 作曲家","","","1953年 - 1996年","","","","https://ja.wikipedia.org/wiki/安田伸","Category_日本のジャズ・クラリネット奏者","https://ja.wikipedia.org/wiki/Category:日本のジャズ・クラリネット奏者"
"日本のクラリネット奏者"," 日本の クラリネット 奏者に関するカテゴリ。","","","","","","","","","","","","","https://ja.wikipedia.org/wiki/Category:日本のクラリネット奏者","Category_日本のジャズ・クラリネット奏者","https://ja.wikipedia.org/wiki/Category:日本のジャズ・クラリネット奏者"
"日本のジャズ・ミュージシャン"," 日本 の ジャズ ミュージシャン に関するカテゴリ。","","","","","","","","","","","","","https://ja.wikipedia.org/wiki/Category:日本のジャズ・ミュージシャン","Category_日本のジャズ・クラリネット奏者","https://ja.wikipedia.org/wiki/Category:日本のジャズ・クラリネット奏者"
"各国のジャズ・クラリネット奏者"," このカテゴリには下位カテゴリ 5 件が含まれており、そのうち以下の 5 件を表示しています。","","","","","","","","","","","","","https://ja.wikipedia.org/wiki/Category:各国のジャズ・クラリネット奏者","Category_日本のジャズ・クラリネット奏者","https://ja.wikipedia.org/wiki/Category:日本のジャズ・クラリネット奏者"
