﻿"タイトル","コメント","出生名","別名","出身地","生誕","死没","ジャンル","職業","担当楽器","活動期間","レーベル","共同作業者","メンバー","URL","親リストタイトル","親リストURL"
"ユンナ"," ユンナ （ 윤하 、 1988年 4月29日 - ）は、 韓国 ソウル 出身の 女性歌手 。 日本 と韓国の両国で活動している。本名は コ・ユナ （ 高潤荷 ・ 고윤하 ）。所属レコード会社は韓国ではロエン・エンターテインメント（旧・ソウルレコード）、日本では SISTUS RECORDS 。","コ・ユナ","ユナ","  大韓民国 ソウル特別市 道峰区","( 1988-04-29 ) 1988年 4月29日 （33歳）","","ポップス 、 ロック 、 K-POP 、 J-POP","歌手 、 女優","ボーカル 、 ピアノ","2004年 -","LOENエンターテインメント, SISTUS RECORDS","","","https://ja.wikipedia.org/wiki/ユンナ","Category_日本の女性ポップ歌手_ゆんな","https://ja.wikipedia.org/w/index.php?title=Category:日本の女性ポップ歌手&pagefrom=ゆんな\nユンナ#mw-pages"
"Yoko*"," Yoko* （ようこ、 1987年 4月8日  - ）は、 日本 の女性 シンガーソングライター 。","","","日本 ・ 鹿児島県 志布志市","( 1987-04-08 ) 1987年 4月8日 （34歳） ","","J-POP","シンガーソングライター","","2015年 -","VANILLA SKY MUSIC, Plum-Hills","石塚\"ISSY\"浩之 ・ 平田みずほ","","https://ja.wikipedia.org/wiki/Yoko*","Category_日本の女性ポップ歌手_ゆんな","https://ja.wikipedia.org/w/index.php?title=Category:日本の女性ポップ歌手&pagefrom=ゆんな\nユンナ#mw-pages"
"YOKO Black. Stone"," YOKO Black. Stone (ヨーコ・ブラック・ストーン)は、 日本 の 女性 作曲家 、 音楽プロデューサー 、 シンガーソングライター 。本名は 石黒 洋子 （いしぐろ ようこ）。 大阪府 出身。旧所属 レーベル は Styling Records 、 GIZA studio 。のちに自主レーベルPiZA Studioを主宰した。現在は音楽学校で ボーカル講師 としても活動している。","石黒 洋子","Yoko Ishiguro, Yoko B. Stone, Yoko Blaqstone, 島津蓮","日本 大阪府","","","R&B 、 J-POP","作曲家, シンガーソングライター, ボーカル講師, 音楽プロデューサー","ボーカル","1997年 -","Styling Records, GIZA studio","倉木麻衣, 滴草由実, 小泉ニロ, 笠原智緒, Keith Bazzle","","https://ja.wikipedia.org/wiki/YOKO_Black._Stone","Category_日本の女性ポップ歌手_ゆんな","https://ja.wikipedia.org/w/index.php?title=Category:日本の女性ポップ歌手&pagefrom=ゆんな\nユンナ#mw-pages"
"YOHKO"," YOHKO （ヨーコ、 1993年 2月7日 -  ）は、 日本 の 女性 シンガーソングライター 。","","","日本 ・ 奈良県","( 1993-02-07 ) 1993年 2月7日 （28歳）","","J-POP 、 アニメソング","シンガーソングライター","","2013年 -","FlyingDog","","","https://ja.wikipedia.org/wiki/YOHKO","Category_日本の女性ポップ歌手_ゆんな","https://ja.wikipedia.org/w/index.php?title=Category:日本の女性ポップ歌手&pagefrom=ゆんな\nユンナ#mw-pages"
"横山ルリカ"," 横山 ルリカ （よこやま ルリカ、 1991年 9月27日 - ）は、 日本 の 女性タレント 、 キャスター 、 ポップシンガー 。本名同じ。 神奈川県 出身。 明治学院大学 卒。 プロダクション尾木 所属。","","","日本 ・ 神奈川県 横浜市 ","( 1991-09-27 ) 1991年 9月27日 （29歳）","","","タレント, キャスター","","2003年 - 現在, Doll's Vox（ 2005年 - 2006年 ）, アイドリング!!!（ 2006年 10月 - 2015年 10月）","","","","https://ja.wikipedia.org/wiki/横山ルリカ","Category_日本の女性ポップ歌手_ゆんな","https://ja.wikipedia.org/w/index.php?title=Category:日本の女性ポップ歌手&pagefrom=ゆんな\nユンナ#mw-pages"
"吉岡聖恵"," 吉岡 聖恵 （よしおか きよえ、 1984年 2月29日 - ）は 日本 の 女性 歌手 。 いきものがかり のメインボーカル担当。 神奈川県 厚木市 出身。 神奈川県立海老名高等学校 、 昭和音楽大学短期大学部 卒業。身長165cm。","","","日本 神奈川県 厚木市","( 1984-02-29 ) 1984年 2月29日 （37歳）, 日本 静岡県 静岡市","","J-POP","ボーカリスト, シンガーソングライター, ラジオパーソナリティ","ボーカル, ギター","1999年 -","","いきものがかり","","https://ja.wikipedia.org/wiki/吉岡聖恵","Category_日本の女性ポップ歌手_ゆんな","https://ja.wikipedia.org/w/index.php?title=Category:日本の女性ポップ歌手&pagefrom=ゆんな\nユンナ#mw-pages"
"吉岡忍 (歌手)"," 吉岡 忍 （よしおか しのぶ、 1970年 12月20日 - ） 血液型 O型は、 青森県 出身の女性 シンガー である。","","","日本 青森県","( 1970-12-20 ) 1970年 12月20日 （50歳）","","J-POP, 渋谷系","","","","","","","https://ja.wikipedia.org/wiki/吉岡忍_(歌手)","Category_日本の女性ポップ歌手_ゆんな","https://ja.wikipedia.org/w/index.php?title=Category:日本の女性ポップ歌手&pagefrom=ゆんな\nユンナ#mw-pages"
"YOSHIKA"," YOSHIKA （ヨシカ、 1983年 12月20日 - ）は、 日本 の女性 シンガーソングライター である。 グランドファンク 所属。","","","日本 神奈川県 横浜市","( 1983-12-20 ) 1983年 12月20日 （37歳）, 日本 神奈川県 横浜市","","J-POP","シンガーソングライター","","2002年 - 2006年, 2008年 -","Red Alert Records, （ 2002年 - 2004年 ）, Atlantic Japan, （ 2005年 - 2006年 ）, Grand Trax（ 2008年 - ）","","","https://ja.wikipedia.org/wiki/YOSHIKA","Category_日本の女性ポップ歌手_ゆんな","https://ja.wikipedia.org/w/index.php?title=Category:日本の女性ポップ歌手&pagefrom=ゆんな\nユンナ#mw-pages"
"吉河順央"," 吉河 順央 （よしかわ すなお、 1月8日  - ）は、 日本 の 女性歌手 、 アイドル 。元 DEARSTAGE Inc. 所属及び『 STAR☆ANIS 』の元メンバーで、現在は フリーランス で活動中。 東京都 出身  。 血液型 はA型  。身長153cm  。愛称は「すぅちゃん」「すぅぴよ」。","","","日本 東京都","1月8日","","","","","","","","","https://ja.wikipedia.org/wiki/吉河順央","Category_日本の女性ポップ歌手_ゆんな","https://ja.wikipedia.org/w/index.php?title=Category:日本の女性ポップ歌手&pagefrom=ゆんな\nユンナ#mw-pages"
"吉川千愛"," 吉川 千愛 （よしかわ ちあき、 1994年 4月2日 - ）は、 日本 の元 女性タレント および アイドル 。 福岡県 福岡市 （ 博多 ）出身。現: IQプロジェクト（ジョブ・ネット） 所属スタッフ。","","","日本, 福岡県 福岡市 （ 博多 ） ","1994年 4月2日","","","","","","","","","https://ja.wikipedia.org/wiki/吉川千愛","Category_日本の女性ポップ歌手_ゆんな","https://ja.wikipedia.org/w/index.php?title=Category:日本の女性ポップ歌手&pagefrom=ゆんな\nユンナ#mw-pages"
"吉澤百那"," 吉澤 百那 （よしざわ　もな、 1992年 9月29日 - ）は、 日本 の DJ ・ 歌手 ・ ダンサー ・ モデル 。女性5人組のDJ&ダンスヴォーカルユニット Carat のメンバー。DJを担当している。 福井県 出身。 ユニオンエンタテインメント 所属。","","Mona","日本 ・ 福井県","( 1992 -09-29 ) 1992年 9月29日 （28歳）","","J-POP","DJ, 歌手, ダンサー, モデル","DJ 、 ボーカル","2012年 8月 -","ユニオンミュージックジャパン, フォーライフミュージックエンタテイメント","","","https://ja.wikipedia.org/wiki/吉澤百那","Category_日本の女性ポップ歌手_ゆんな","https://ja.wikipedia.org/w/index.php?title=Category:日本の女性ポップ歌手&pagefrom=ゆんな\nユンナ#mw-pages"
"吉田このみ"," 吉田 このみ （よしだ このみ、 1987年 9月1日 - ）は、 日本 の シンガーソングライター 。","","吉この","日本 ・ 大阪府 摂津市","( 1987-09-01 ) 1987年 9月1日 （33歳）","","J-POP","歌手","アコースティックギター","2009年 -","YGKレーベル（ よしもとアール・アンド・シー ）","","","https://ja.wikipedia.org/wiki/吉田このみ","Category_日本の女性ポップ歌手_ゆんな","https://ja.wikipedia.org/w/index.php?title=Category:日本の女性ポップ歌手&pagefrom=ゆんな\nユンナ#mw-pages"
"吉田知加"," 吉田 知加 （よしだ ちか、 1979年 9月11日 - ）は、 ビーインググループ の レーベル ・ GIZA studio に所属していた 日本 の シンガーソングライター  。身長165cm  。","","","日本 京都府","( 1979-09-11 ) 1979年 9月11日 （41歳）","","J-POP 、 ロック 、 70年代 フォークロック 、70年代 フォークソング 、70年代 歌謡曲    ","歌手 、 作詞家 、 作曲家","ボーカル 、 ギター","2000年 - 2002年","GIZA studio","napoleon dynamite , 三好誠 （ rumania montevideo ）  , 小澤正澄 （ PAMELAH ） , 古井弘人 （ GARNET CROW ） , 綿貫正顕 （WAXX）, 北浦正尚 （ cocott ）, 寺地秀行","","https://ja.wikipedia.org/wiki/吉田知加","Category_日本の女性ポップ歌手_ゆんな","https://ja.wikipedia.org/w/index.php?title=Category:日本の女性ポップ歌手&pagefrom=ゆんな\nユンナ#mw-pages"
"吉田朋代 (シンガーソングライター)"," 吉田朋代 （よしだ ともよ、 1972年 4月12日 - ）は、 日本 の女性 シンガーソングライター 。","","","日本 岩手県 盛岡市","( 1972-04-12 ) 1972年 4月12日 （49歳）","","J-POP","歌手 、 作詞家","","1994年 - 現在","PONY CANYON （ 1994年 - 1997年 ）, avex ideak （1997年 - 1999年 ）","東京サンセットボーイズ、東京サンセットガールズ","","https://ja.wikipedia.org/wiki/吉田朋代_(シンガーソングライター)","Category_日本の女性ポップ歌手_ゆんな","https://ja.wikipedia.org/w/index.php?title=Category:日本の女性ポップ歌手&pagefrom=ゆんな\nユンナ#mw-pages"
"吉田茉以"," 吉田茉以 （よしだ まい、 1990年 10月30日 - ）は 日本 の 歌手 、 ファッションモデル 、 タレント 。","","mai","日本","","","J-POP","シンガー","","","音倉レコード（2009年 - ）","戸倉弘智","","https://ja.wikipedia.org/wiki/吉田茉以","Category_日本の女性ポップ歌手_ゆんな","https://ja.wikipedia.org/w/index.php?title=Category:日本の女性ポップ歌手&pagefrom=ゆんな\nユンナ#mw-pages"
"吉田美奈子"," 吉田 美奈子 （よしだ みなこ、 1953年 4月7日 - ）は、 日本 の女性 歌手 、 音楽家 、 作詞家 、 作曲家 、 編曲家 、 プロデューサー 。兄はレコーディング・エンジニアの 吉田保 。","吉田 美奈子","","日本 、 埼玉県 さいたま市, （旧・埼玉県 大宮市 ）","( 1953-04-07 ) 1953年 4月7日 （68歳）","","J-POP, ソウル, ファンク, シティ・ポップ","シンガーソングライター, ミュージシャン, 音楽プロデューサー, 作詞家, 作曲家, 編曲家","ボーカル, ピアノ","1969年  ( 1969 ) -","SHOWBOAT ⁄ TRIO, （1970年 - 1974年）, RCA ⁄ RVC, （1975年 - 1977年）, ALFA, （1978年 - 1983年）, MECATONE ⁄ 創美企画, （1989年 - 1991年）, MCAビクター, （1994年 - 1998年）, avex io, （2002年 - 2006年）","","","https://ja.wikipedia.org/wiki/吉田美奈子","Category_日本の女性ポップ歌手_ゆんな","https://ja.wikipedia.org/w/index.php?title=Category:日本の女性ポップ歌手&pagefrom=ゆんな\nユンナ#mw-pages"
"吉田美和"," 吉田 美和 （よしだ みわ、 1965年 5月6日 - ）は、日本の シンガーソングライター 、 作詞家 、 作曲家 。音楽グループ DREAMS COME TRUE （ドリカム）の ボーカル で、同グループの楽曲の全ての作詞と数多くの作曲を手がけている。 北海道 中川郡 池田町 出身  。 血液型 A型。一人称は「おいら」「あっし」","吉田 美和","MIWA, 観音崎すみれ, 岡リーナ","日本 北海道 中川郡 池田町","( 1965-05-06 ) 1965年 5月6日 （56歳）","","J-POP","シンガーソングライター","ボーカル","DREAMS COME TRUE （ 1988年 - 現在）, 吉田美和 （ソロ）（ 1995年 、 2003年 ）, FUNK THE PEANUTS （ 1995年 - 1999年 、 2014年 、 2016年 、 2019年 ）","DREAMS COME TRUE, エピック・ソニー・レコード （ 1988年 - 1997年 ）, 東芝EMI ・Virgin/D.C.T.（ 1997年 - 2002年 ）, DCT records （ 2002年 - ）, ユニバーサルJ （ 2003年 - 2006年 ）, NAYUTAWAVE RECORDS （ 2007年 - ）, 吉田美和 （ソロ）, エピック・ソニー・レコード（ 1995年 ）, DCT records（ 2003年 ）, FUNK THE PEANUTS, エピック・ソニー・レコード（ 1995年 - 1997年 ）, 東芝EMI・Virgin/D.C.T.（1999年）","DREAMS COME TRUE","","https://ja.wikipedia.org/wiki/吉田美和","Category_日本の女性ポップ歌手_ゆんな","https://ja.wikipedia.org/w/index.php?title=Category:日本の女性ポップ歌手&pagefrom=ゆんな\nユンナ#mw-pages"
"吉中美樹"," 吉中 美樹 （よしなか みき、 1965年 9月12日 - ）は、 神奈川県 横浜市 出身の 女性 シンガーソングライター 、 ピアニスト である。1988年から 斉藤由貴 、 崎谷健次郎 らのコンサート・バック・ ヴォーカリスト を務め、スタジオ・ミュージシャンとして 柿原朱美 らのアルバム制作の音楽活動をし、1994年にアルバム『My Cup of Tea』でシンガーソングライターとしてデビューした。","吉中 美樹","","日本 ・ 神奈川県 横浜市","( 1965-09-12 ) 1965年 9月12日 （55歳）","","J-POP, ポピュラーミュージック, R&B, ロック, クラシック","シンガーソングライター, ピアニスト","","1987年 （Miki-Pooh）-, 1988年 （ スタジオ・ミュージシャン ）-, 1994年 （ シンガーソングライター ）-","MIDI Records","斉藤由貴 、 崎谷健次郎 、, 柿原朱美 、 亀田誠治","","https://ja.wikipedia.org/wiki/吉中美樹","Category_日本の女性ポップ歌手_ゆんな","https://ja.wikipedia.org/w/index.php?title=Category:日本の女性ポップ歌手&pagefrom=ゆんな\nユンナ#mw-pages"
"吉野千代乃"," 吉野 千代乃 （よしの ちよの、 1962年 3月9日 - ）は 1980年代 から 1990年代 にかけて活動した 千葉県 出身の女性 シンガー である。 千葉県立長生高等学校 、 法政大学 文学部 英文科卒業後、1986年に アルファレコード よりデビュー。","","","日本 ・ 千葉県","( 1962-03-09 ) 1962年 3月9日 （59歳）","","シティ・ポップ","歌手","","1986年 -","アルファレコード, ( 1986年 - 1992年 ), 東芝EMI ／TMファクトリー, ( 1993年 - 1994年 ), The Super Standards, ( 2011年 ), ユーキャン, ( 2018年 )","松井五郎","","https://ja.wikipedia.org/wiki/吉野千代乃","Category_日本の女性ポップ歌手_ゆんな","https://ja.wikipedia.org/w/index.php?title=Category:日本の女性ポップ歌手&pagefrom=ゆんな\nユンナ#mw-pages"
"吉野なお"," 吉野 なお （よしの なお、 1992年 1月24日 - ）は、日本のアイドル・歌手・作詞家。Yoshino Lano.代表。 東京理科大学 基礎工学部生物工学科中退。目黒川女学館、 ブラックDPGシャドウ の元メンバー。","非公開","","","( 1992-01-24 ) 1992年 1月24日 （29歳）","","","アイドル 、 歌手","","2010年12月-","","","","https://ja.wikipedia.org/wiki/吉野なお","Category_日本の女性ポップ歌手_ゆんな","https://ja.wikipedia.org/w/index.php?title=Category:日本の女性ポップ歌手&pagefrom=ゆんな\nユンナ#mw-pages"
"吉村由美"," 吉村 由美 （よしむら ゆみ、 1975年 1月30日 - ）は、 日本 の 歌手 である。 大阪府 寝屋川市 出身。 血液型 は A型 。身長161cm。 北米 では「スー（Sue、スーザン（Susan）の略）」とも。ポップデュオ「 PUFFY 」のメンバー。","","スー（Sue）","日本 ・ 大阪府 寝屋川市","( 1975-01-30 ) 1975年 1月30日 （46歳）","","J-POP","歌手","","1996年 - 現在","","PUFFY","","https://ja.wikipedia.org/wiki/吉村由美","Category_日本の女性ポップ歌手_ゆんな","https://ja.wikipedia.org/w/index.php?title=Category:日本の女性ポップ歌手&pagefrom=ゆんな\nユンナ#mw-pages"
"吉村綾花"," 吉村 綾花 （よしむら あやか、 1990年 9月22日 - ）は、日本の 歌手 、 SweetS の元メンバー。 大阪府 出身。","","AYA","大阪府 大阪市","( 1990-09-22 ) 1990年 9月22日 （30歳）","","J-POP","シンガーソングライター","歌 、 作詞 、 作曲 、 ピアノ","","Kool Groove Records","","","https://ja.wikipedia.org/wiki/吉村綾花","Category_日本の女性ポップ歌手_ゆんな","https://ja.wikipedia.org/w/index.php?title=Category:日本の女性ポップ歌手&pagefrom=ゆんな\nユンナ#mw-pages"
"Yozuca*"," yozuca* （ヨズカ、 3月21日  - ）は、 日本 の 女性 シンガーソングライター 、 作詞家 、 作曲家 。","","","日本 ・ 熊本県 ","3月21日 ","","J-POP, アニメソング, ゲームソング","シンガーソングライター, 作詞家, 作曲家","ボーカル","","Lantis","","","https://ja.wikipedia.org/wiki/Yozuca*","Category_日本の女性ポップ歌手_ゆんな","https://ja.wikipedia.org/w/index.php?title=Category:日本の女性ポップ歌手&pagefrom=ゆんな\nユンナ#mw-pages"
"米倉千尋"," 米倉 千尋 （よねくら ちひろ、 1972年 8月19日 - ）は、 日本 の 女性シンガーソングライター 。 神奈川県 横浜市 出身。 ハイウェイスター 所属。 東海大学付属相模高等学校 、 東海大学 文学部 文明学科 ヨーロッパ 専攻 西欧 課程出身。 血液型 はA型。愛称は ちっひー 。","","","日本 、 神奈川県 横浜市","( 1972-08-19 ) 1972年 8月19日 （48歳）","","J-POP, アニメソング, ゲームソング","シンガーソングライター","ボーカル","1996年 -","","","","https://ja.wikipedia.org/wiki/米倉千尋","Category_日本の女性ポップ歌手_ゆんな","https://ja.wikipedia.org/w/index.php?title=Category:日本の女性ポップ歌手&pagefrom=ゆんな\nユンナ#mw-pages"
"米村裕美"," 米村 裕美 （よねむら ひろみ、 1966年 1月7日 - ）は、 日本 の シンガーソングライター 、 作曲家 。血液型はO型。 神奈川県 横浜市 生まれ。 日本大学 芸術学部 卒業。","","","","","","","","","","","","","https://ja.wikipedia.org/wiki/米村裕美","Category_日本の女性ポップ歌手_ゆんな","https://ja.wikipedia.org/w/index.php?title=Category:日本の女性ポップ歌手&pagefrom=ゆんな\nユンナ#mw-pages"
"米屋純"," 米屋 純 （よねや じゅん、 1973年 4月10日 - ）は、 日本 の 歌手 。","","","日本 福岡県","( 1973-04-10 ) 1973年 4月10日 （48歳）","","J-POP","","","","","","","https://ja.wikipedia.org/wiki/米屋純","Category_日本の女性ポップ歌手_ゆんな","https://ja.wikipedia.org/w/index.php?title=Category:日本の女性ポップ歌手&pagefrom=ゆんな\nユンナ#mw-pages"
"より子"," より子 （よりこ、 1984年 5月13日 - ）は、 日本 の 女性 シンガーソングライター 。本名：高野頼子（たかの よりこ）  。所属レーベルは Virgin Music 身長153cm。血液型O型。 栃木県 宇都宮市 出身、 東京都 大田区 育ち・在住。","高野頼子","","東京都 大田区","( 1984-05-13 ) 1984年 5月13日 （37歳）, 栃木県 宇都宮市","","J-POP","シンガーソングライター","ピアノ ・ キーボード ・ ドラム ・ ギター 等","2000年 - 2003年 、 2004年 -","HARMONY RECORDS （ 2002年 - 2004年）, EMI Music Japan, （2004年 - ）, PURE MUSIC （2004年 - ）, RESERVOIR RECORDS （2004年 - 2007年 ）, Virgin Music （2007年 - ）","中村太知, DAITA, NAOTO","","https://ja.wikipedia.org/wiki/より子","Category_日本の女性ポップ歌手_ゆんな","https://ja.wikipedia.org/w/index.php?title=Category:日本の女性ポップ歌手&pagefrom=ゆんな\nユンナ#mw-pages"
"Larval Stage Planning"," Larval Stage Planning （ラーバル・ステージ・プランニング）は、 日本 の 女性ボーカルユニット 。現在は 2009年 から 2019年 まで音楽制作集団「 I've 」所属の ボーカリスト として活動していた 桐島愛里 によるソロプロジェクト。所属 レコード会社 は Lantis 。略称は LSP 。","","LSP","日本","","","J-POP, ゲームソング, アニメソング","","","2010年 -","Lantis （ 2011年 - ）, I've （ 2010年 - 2019年 ）","","桐島愛里","https://ja.wikipedia.org/wiki/Larval_Stage_Planning","Category_日本の女性ポップ歌手_ゆんな","https://ja.wikipedia.org/w/index.php?title=Category:日本の女性ポップ歌手&pagefrom=ゆんな\nユンナ#mw-pages"
"LOVE (歌手)"," LOVE （ラヴ、 1983年 3月14日 - ）は、 日本 の 女性 シンガーソングライター 。 大阪府 高槻市 出身。千里国際学園中等部・高等部（SIS）卒業。本名： 中村蕗子 （なかむら ふきこ）。所属事務所はKafkino。","中村 蕗子, （なかむら ふきこ）","Fukko","日本 ・ 大阪府 高槻市","( 1983-03-14 ) 1983年 3月14日 （38歳）","","J-POP","シンガーソングライター","アコースティックギター","1998年 （ソロデビューは 2006年 ） -","","","","https://ja.wikipedia.org/wiki/LOVE_(歌手)","Category_日本の女性ポップ歌手_ゆんな","https://ja.wikipedia.org/w/index.php?title=Category:日本の女性ポップ歌手&pagefrom=ゆんな\nユンナ#mw-pages"
"LOVERSSOUL"," LOVERSSOUL （ラヴァーズソウル）は、 2008年 に結成された 日本 の 音楽ユニット 。 2012年 からは 北海道 札幌市 を拠点に活動する 女性シンガーソングライター の CHIHIRO によるソロ・プロジェクトとなっている。略称は ラバソ 。","","","日本","","","J-POP 、 ロック","","","2008年 -","HARAJUKU RECORDS","シライシ紗トリ （プロデューサー）, 林憲一（レコーディング・エンジニア）","CHIHIRO（ ボーカル ・ ギター ）","https://ja.wikipedia.org/wiki/LOVERSSOUL","Category_日本の女性ポップ歌手_ゆんな","https://ja.wikipedia.org/w/index.php?title=Category:日本の女性ポップ歌手&pagefrom=ゆんな\nユンナ#mw-pages"
"RAJIE"," RAJIE （ラジ、 1956年 7月9日 - ）は 日本 の女性 歌手 である。本名は 本田 淳子 （旧姓：相馬）。","相馬 淳子","","","( 1956-07-09 ) 1956年 7月9日 （64歳）","","J-POP","歌手","ボーカル","1973年 -","CBS・ソニー (1977年 - 1981年), 東芝EMI/EASTWORLD (1984年 - 1985年)","ROW / ポニーテール (1973年 - 1975年)","","https://ja.wikipedia.org/wiki/RAJIE","Category_日本の女性ポップ歌手_ゆんな","https://ja.wikipedia.org/w/index.php?title=Category:日本の女性ポップ歌手&pagefrom=ゆんな\nユンナ#mw-pages"
"ラブリーサマーちゃん"," ラブリーサマーちゃん （ 1995年 7月29日 - ）は、 日本 の女性 シンガーソングライター 。本名、 今泉 愛夏 （いまいずみ あいか）。 東京都 出身。愛称はラブサマちゃんなど  。キャッチコピーは「可愛くてかっこいいピチピチロックギャル」  。所属 レーベル は 日本コロムビア 。","今泉愛夏 ","","日本 東京都 ","( 1995-07-29 ) 1995年 7月29日 （25歳） ","","ロック, ポップス ( J-POP )","ミュージシャン","ボーカル, ギター, ベース, 打ち込み, ピアノ, シンセサイザー","2013年 - ","Bubbly Summer, SPEEDSTAR RECORDS （ ビクターエンタテインメント ）（ 2016年 - 2018年）, フリー （2019年 - 2020年）, 日本コロムビア （2020年 - ）","THEラブリーサマーズ","","https://ja.wikipedia.org/wiki/ラブリーサマーちゃん","Category_日本の女性ポップ歌手_ゆんな","https://ja.wikipedia.org/w/index.php?title=Category:日本の女性ポップ歌手&pagefrom=ゆんな\nユンナ#mw-pages"
"RAMJA"," RAMJA は、日本の女性歌手。2004年シングル『月と遊泳』でメジャーデビュー。 約10年のブランクを経て、新たに活動を再開。","","","","","","","","","","","","","https://ja.wikipedia.org/wiki/RAMJA","Category_日本の女性ポップ歌手_ゆんな","https://ja.wikipedia.org/w/index.php?title=Category:日本の女性ポップ歌手&pagefrom=ゆんな\nユンナ#mw-pages"
"RAN (シンガー)"," RAN（ラン） は、ZEAL PRODUCTION所属の実力派女性シンガー。","","","日本 - 27 大阪","","","J-POP 　","","","","","","","https://ja.wikipedia.org/wiki/RAN_(シンガー)","Category_日本の女性ポップ歌手_ゆんな","https://ja.wikipedia.org/w/index.php?title=Category:日本の女性ポップ歌手&pagefrom=ゆんな\nユンナ#mw-pages"
"蘭華"," 蘭華 （らんか、 9月28日  ）は、 日本 の女性 シンガーソングライター 。 作詞家 ・ 作曲家 。 出雲 観光大使。 温泉ソムリエ 。 大分県 中津市 出身。","","Ranka","大分県 中津市","9月28日","","J-POP 、 歌謡曲","歌手 、 シンガーソングライター, 作詞・作曲家, ラジオDJ","","2015年 -","avex trax （2015年）, ポニーキャニオン （2016年）, 日本コロムビア （2018年）, ほか","","","https://ja.wikipedia.org/wiki/蘭華","Category_日本の女性ポップ歌手_ゆんな","https://ja.wikipedia.org/w/index.php?title=Category:日本の女性ポップ歌手&pagefrom=ゆんな\nユンナ#mw-pages"
"Lia"," Lia （リア）は、 日本 の女性 歌手 。 東京都 出身、現在は 香港 在住  。所属事務所は 1st PLACE 。","","","日本 ・ 東京都","","","J-POP, ゲーム, アニメ","歌手, シンガーソングライター","ボーカル","2001年 -","queens label","","","https://ja.wikipedia.org/wiki/Lia","Category_日本の女性ポップ歌手_ゆんな","https://ja.wikipedia.org/w/index.php?title=Category:日本の女性ポップ歌手&pagefrom=ゆんな\nユンナ#mw-pages"
"璃杏"," 璃杏 （りあん、 2月20日 - ）は、 日本 の 女性歌手 。 大阪府 出身。血液型はA型。","","りあん","日本 、 大阪府","","","J-POP 、 ゲームソング","歌手 、 作詞家","ボーカル","1999年 -","","","","https://ja.wikipedia.org/wiki/璃杏","Category_日本の女性ポップ歌手_ゆんな","https://ja.wikipedia.org/w/index.php?title=Category:日本の女性ポップ歌手&pagefrom=ゆんな\nユンナ#mw-pages"
"Lee"," Lee （リー、 1998年 10月9日  - ）は、 日本 の アイドル ・ タレント である。 千葉県 出身  。 ケイダッシュステージ 所属。","","","日本 ・ 千葉県","1998年 10月9日","","アイドル","","","","","","","https://ja.wikipedia.org/wiki/Lee","Category_日本の女性ポップ歌手_ゆんな","https://ja.wikipedia.org/w/index.php?title=Category:日本の女性ポップ歌手&pagefrom=ゆんな\nユンナ#mw-pages"
"Rieco"," rieco （りえこ、 10月11日 - ）は、 日本 の シンガーソングライター 。性別は 女性 。 福岡県 出身。 レコードレーベル は、 Future RECORDS 、 日本コロムビア 。","","リエコ","福岡県","","","J-POP","シンガーソングライター","","2012年 -","Future RECORDS 、 日本コロムビア 　　　","","","https://ja.wikipedia.org/wiki/Rieco","Category_日本の女性ポップ歌手_ゆんな","https://ja.wikipedia.org/w/index.php?title=Category:日本の女性ポップ歌手&pagefrom=ゆんな\nユンナ#mw-pages"
"Rie fu"," Rie fu （リエ フゥ、 1985年 1月11日 - ）は、 日本 の シンガーソングライター 、 画家 。本名：舩越里恵（ふなこし りえ）。 東京都 出身。 青山学院高等部 を経て ロンドン芸術大学 セントラル・セント・マーチンズ 卒業。","舩越里恵","りえ、リエフ","東京都","( 1985-01-11 ) 1985年 1月11日 （36歳）","","J-POP , ロック","シンガーソングライター, 作詞家 、 作曲家","アコースティックギター, ピアノ, キーボード","2004年 -","Palm Beach, （ 2004年 ～ 2008年 ）, gr8! records （2008年～ 2012年 ）, Rie fu inc.（2012年～）","Ikoman, 上田禎, 松岡モトキ","","https://ja.wikipedia.org/wiki/Rie_fu","Category_日本の女性ポップ歌手_ゆんな","https://ja.wikipedia.org/w/index.php?title=Category:日本の女性ポップ歌手&pagefrom=ゆんな\nユンナ#mw-pages"
"IRUMA RIOKA"," IRUMA RIOKA (りおか いるま、生年非公開、 9月6日 ) は日本のバンドHollow Mellowのボーカル。作曲家。所属事務所はLIVE LAB.。","","","","9月6日","","J-POP","シンガーソングライター","","2008年 -","","NEMU","","https://ja.wikipedia.org/wiki/IRUMA_RIOKA","Category_日本の女性ポップ歌手_ゆんな","https://ja.wikipedia.org/w/index.php?title=Category:日本の女性ポップ歌手&pagefrom=ゆんな\nユンナ#mw-pages"
"りおん"," りおん は、 日本 の シンガーソングライター 。歌い手として ニコニコ動画 、 アニソン での活動を主に活動。りおんぬ、おんぬが主な愛称。","","りおんぬ、おんぬ","（自称）","7月6日 （自称）","","","","ボーカル","","","","","https://ja.wikipedia.org/wiki/りおん","Category_日本の女性ポップ歌手_ゆんな","https://ja.wikipedia.org/w/index.php?title=Category:日本の女性ポップ歌手&pagefrom=ゆんな\nユンナ#mw-pages"
"Ricarope"," Ricarope （リカロープ）は、 日本 の女性 シンガーソングライター 、 歌手 。 東京都 世田谷区 生まれ  。 CM 歌手 としても活動中。","","","","2月12日","","J-POP, ピアノポップ","","ボーカル 、 ピアノ","2002年 -","LD&K Records （ 2002年 - 2007年 ）, C'est-bon! label（ 2009年 - ）","","","https://ja.wikipedia.org/wiki/Ricarope","Category_日本の女性ポップ歌手_ゆんな","https://ja.wikipedia.org/w/index.php?title=Category:日本の女性ポップ歌手&pagefrom=ゆんな\nユンナ#mw-pages"
"LiSA"," LiSA （リサ、 1987年 〈昭和62年〉 6月24日   - ）は、 日本 の 女性歌手 。 岐阜県 関市 出身   。現所属レーベルは SACRA MUSIC 、オリジナルブランドは「YAEVA MUSiC」  、事務所は ソニー・ミュージックアーティスツ 。血液型は B型  。本名(出生名)は 織部 里沙 （おりべ りさ）  。夫は 声優 ・ 歌手 の 鈴木達央 。","織部 里沙","","日本 ・ 岐阜県 関市  ","( 1987-06-24 ) 1987年 6月24日 （34歳） ","","ポップ・ロック , J-POP , ロック , ポップ・パンク , アニメソング ","歌手, シンガーソングライター","ボーカル, ギター","2005年 -","アニプレックス （2011年 - 2017年3月）, SACRA MUSIC （2017年4月 - ）","","","https://ja.wikipedia.org/wiki/LiSA","Category_日本の女性ポップ歌手_ゆんな","https://ja.wikipedia.org/w/index.php?title=Category:日本の女性ポップ歌手&pagefrom=ゆんな\nユンナ#mw-pages"
"LISA (歌手)"," LISA （リサ、 1974年 10月26日 - ）は、 日本 の 歌手 で、 m-flo のメンバーである。本名、 成田 エリザベス サクラ （なりたエリザベスサクラ）。 東京都 出身。 LDH 所属。旧名はUNIKAやCHICA COLOMBIANAなど。 rhythm zone から、5枚の オリジナルアルバム をリリースしている。血液型O型。","成田・エリザベスサクラ","UNIKA、CHICA COLOMBIANA, m-flo のゴッド姉ちゃん","東京都","( 1974-10-26 ) 1974年 10月26日 （46歳）","","J-POP 、 R&B","歌手","","1993年 -","rhythm zone （ 1999年 - ）","m-flo","","https://ja.wikipedia.org/wiki/LISA_(歌手)","Category_日本の女性ポップ歌手_ゆんな","https://ja.wikipedia.org/w/index.php?title=Category:日本の女性ポップ歌手&pagefrom=ゆんな\nユンナ#mw-pages"
"麗灑"," 麗灑 （りさ、 1962年 12月7日 - ）は、 東京都 出身の元 歌手 である。本名： 磯野恭江（いその やすえ）。 東京都立永福高等学校 卒業。中型二輪免許保持。","","","","","","","","","","","","","https://ja.wikipedia.org/wiki/麗灑","Category_日本の女性ポップ歌手_ゆんな","https://ja.wikipedia.org/w/index.php?title=Category:日本の女性ポップ歌手&pagefrom=ゆんな\nユンナ#mw-pages"
"LISAGO"," LISAGO（呉 梨沙） （リサゴー、 1973年 5月6日  - ）は 愛知県 名古屋市 出身  の 作詞家 、 作曲家 、レコーディングディレクター、 シンガーソングライター 。作詞家としての活動においては、「森村メラ」及び「田代奈々」は ペンネーム である。2005年から ハロー!プロジェクト のアイドル、ユニットに歌詞を提供している。森村メラの由来は ジム・モリソン と当時の恋人 パメラ・カーソン をドッキングさせたものだという。また、 美勇伝 の『曖昧ミーMIND』ではコーラスを担当している。","","森村メラ, 田代奈々","日本 愛知県 名古屋市 、 台湾人 3世","( 1973-05-06 ) 1973年 5月6日 （48歳）","","ポップ・ミュージック, ロック","シンガーソングライター, 作詞家, 作曲家","","1995年 -","","","","https://ja.wikipedia.org/wiki/LISAGO","Category_日本の女性ポップ歌手_ゆんな","https://ja.wikipedia.org/w/index.php?title=Category:日本の女性ポップ歌手&pagefrom=ゆんな\nユンナ#mw-pages"
"律月ひかる"," 律月 ひかる （りつき ひかる、 2001年 7月31日 - ）は、 日本 の アイドル であり、女性アイドルグループ いぎなり東北産 のメンバー。 秋田県 出身。","","","日本 秋田県","2001年 7月31日","","","","","","","","","https://ja.wikipedia.org/wiki/律月ひかる","Category_日本の女性ポップ歌手_ゆんな","https://ja.wikipedia.org/w/index.php?title=Category:日本の女性ポップ歌手&pagefrom=ゆんな\nユンナ#mw-pages"
"Lina (歌手)"," Lina （リナ、 1977年 2月26日 - ）は、 日本 の 歌手 。 MAX のメンバー。本名、 松田 律子 （まつだ りつこ）。 沖縄県 那覇市 出身。","松田 律子（まつだ りつこ）","","日本 ・ 沖縄県","( 1977-02-26 ) 1977年 2月26日 （44歳）","","J-POP","歌手 、 ファッションモデル","歌","1994年 -","","MAX","","https://ja.wikipedia.org/wiki/Lina_(歌手)","Category_日本の女性ポップ歌手_ゆんな","https://ja.wikipedia.org/w/index.php?title=Category:日本の女性ポップ歌手&pagefrom=ゆんな\nユンナ#mw-pages"
"RINA (歌手)"," RINA （りな、 7月30日 - ）は、 日本 の 女性歌手 。 北海道 出身。音楽制作集団「 I've 」のボーカリストの1人。","","","日本 ・ 北海道 ","7月30日 ","","J-POP, トランス, ダンス・ポップ, ゲームソング, アニメソング","歌手, 作詞家","ボーカル","2014年 -","I've","高瀬一矢 （作曲・編曲）, C.G mix （作曲・編曲）, NAMI （作曲・編曲）, 中沢伴行 （作曲・編曲）","","https://ja.wikipedia.org/wiki/RINA_(歌手)","Category_日本の女性ポップ歌手_ゆんな","https://ja.wikipedia.org/w/index.php?title=Category:日本の女性ポップ歌手&pagefrom=ゆんな\nユンナ#mw-pages"
"リナチックステイト"," リナチックステイト （ RinaticState 、 1996年 7月24日 -）は、日本の ソロ アイドル 。 山梨県 八代町 出身。愛称は「りなさーん」。血液型B型。所属レーベルは タワーレコード のアイドル専門レーベル 箱レコォズ 。所属事務所は クロスアイデア 。","","りなさーん","日本 、 山梨県 八代町","( 1996-07-24 ) 1996年 7月24日 （24歳）","","J-POP （ アイドル ）","","","2014年 9月 -","箱レコォズ, （2016年- ）","大生耕三","","https://ja.wikipedia.org/wiki/リナチックステイト","Category_日本の女性ポップ歌手_ゆんな","https://ja.wikipedia.org/w/index.php?title=Category:日本の女性ポップ歌手&pagefrom=ゆんな\nユンナ#mw-pages"
"Rinaachang"," rinaachang （りなちゃん）は、 日本 の 歌手 である。","","","日本 , 茨城県","","","J-POP","歌手","","2008年 10月 - 2013年 12月18日, 2017年 4月14日 -","アップフロントワークス, ( 2011年 - 2013年 )","","","https://ja.wikipedia.org/wiki/Rinaachang","Category_日本の女性ポップ歌手_ゆんな","https://ja.wikipedia.org/w/index.php?title=Category:日本の女性ポップ歌手&pagefrom=ゆんな\nユンナ#mw-pages"
"リナン"," リナン （ 9月20日 - ）は、日本の女性 シンガーソングライター 。旧名 エスターリナ 。 沖縄県 生まれ。","仲里 利奈","","日本 沖縄県","9月20日","","J-POP","シンガーソングライター","ギター 、 ピアノ 、 キーボード","","tokiola records、他","","","https://ja.wikipedia.org/wiki/リナン","Category_日本の女性ポップ歌手_ゆんな","https://ja.wikipedia.org/w/index.php?title=Category:日本の女性ポップ歌手&pagefrom=ゆんな\nユンナ#mw-pages"
"Rino"," rino （りの、 9月19日 - ）は、 日本 の 女性 シンガーソングライター 、 作詞家 、 作曲家 。 愛媛県 出身。 音楽ユニット 「 CooRie 」の ボーカル 。 乙女座 。 血液型 は B型 。 Lantis ・Peak A Soul+所属。","","","日本 ・ 愛媛県","9月19日","","J-POP, アニメソング, ゲームソング","シンガーソングライター, 作詞家, 作曲家","ボーカル","","Lantis","CooRie","","https://ja.wikipedia.org/wiki/Rino","Category_日本の女性ポップ歌手_ゆんな","https://ja.wikipedia.org/w/index.php?title=Category:日本の女性ポップ歌手&pagefrom=ゆんな\nユンナ#mw-pages"
"Rihwa"," Rihwa （リファ、本名： 朴 梨華 （パク・リファ、박 리화）、 1989年 10月4日  - ）は、女性 シンガーソングライター 、 YouTuber 。","","","日本 北海道 札幌市","( 1989-10-04 ) 1989年 10月4日 （31歳）","","J-POP","シンガーソングライター","歌 、 アコースティック・ギター","2010年 -","トイズファクトリー （ 2012年 - 2019年 ）, QUINTE RECORDS（2019年 - ）","","","https://ja.wikipedia.org/wiki/Rihwa","Category_日本の女性ポップ歌手_ゆんな","https://ja.wikipedia.org/w/index.php?title=Category:日本の女性ポップ歌手&pagefrom=ゆんな\nユンナ#mw-pages"
"RIMI"," ","","","","","","","","","","","","","https://ja.wikipedia.org/wiki/RIMI","Category_日本の女性ポップ歌手_ゆんな","https://ja.wikipedia.org/w/index.php?title=Category:日本の女性ポップ歌手&pagefrom=ゆんな\nユンナ#mw-pages"
"Riya"," riya （りや、 2月18日 - ）は、 日本 の 女性シンガーソングライター 、 作詞家 。 音楽ユニット 「 eufonius 」のボーカリスト。 福岡県 出身。 血液型 はAB型。","","","日本 ・ 福岡県","2月18日","","J-POP, アニメソング, ゲームソング","シンガーソングライター, 作詞家","ボーカル","2005年 -","","eufonius","","https://ja.wikipedia.org/wiki/Riya","Category_日本の女性ポップ歌手_ゆんな","https://ja.wikipedia.org/w/index.php?title=Category:日本の女性ポップ歌手&pagefrom=ゆんな\nユンナ#mw-pages"
"綾菓"," 綾菓 （りょうか、 2月11日 - ） は、 日本 の 通訳 、 翻訳家 、 歌手 、 作詞家 。ローマ字表記は「 RyoRca 」。かつては「 りお☆るか 」と表記していた。","","りお☆るか","  シンガポール","2月11日","","J-POP / ゲーム主題歌 / テクノポップ","通訳 、 翻訳家 、 歌手 、 作詞家","ボーカル","","綾菓処 ／ リサレコ","来兎 （作曲・編曲）, Manack （作曲・編曲）、 真優","","https://ja.wikipedia.org/wiki/綾菓","Category_日本の女性ポップ歌手_ゆんな","https://ja.wikipedia.org/w/index.php?title=Category:日本の女性ポップ歌手&pagefrom=ゆんな\nユンナ#mw-pages"
"Ryoko (シンガーソングライター)"," Ryoko （リョウコ  、 1997年 （ 平成 9年） 12月12日 - ）は、日本の シンガーソングライター 、 音楽プロデューサー 。ガールズバンド「 ЯeaL 」のメンバー。ソロプロジェクト「 名無（Namu） 」としても活動している。所属レーベルは ソニー・ミュージックレーベルズ 内の SME Records 。","","名無（Namu）","日本 ・ 大阪府 堺市","( 1997-12-12 ) 1997年 12月12日 （23歳）","","J-POP, エモ, ポップ・ロック, アニメソング","シンガーソングライター, 音楽プロデューサー, ボカロP, 映像作家","ボーカル, ギター","2012年 -","SME Records, （2016年 - ）","ЯeaL","","https://ja.wikipedia.org/wiki/Ryoko_(シンガーソングライター)","Category_日本の女性ポップ歌手_ゆんな","https://ja.wikipedia.org/w/index.php?title=Category:日本の女性ポップ歌手&pagefrom=ゆんな\nユンナ#mw-pages"
"RIRI"," RIRI （リリ、 1999年 11月5日 - ）は、 日本 の 女性 歌手  。 群馬県 出身  。","","","日本 、 群馬県","( 1999-11-05 ) 1999年 11月5日 （21歳）","","J-POP 、 R&B","歌手 、 作詞家 、 作曲家","","2016年 -","サンバフリー, （2016年 – 2017年）, onenation, （2018年 - 2019）","デーモン・シャープ 、 ブライアン・ソコ","","https://ja.wikipedia.org/wiki/RIRI","Category_日本の女性ポップ歌手_ゆんな","https://ja.wikipedia.org/w/index.php?title=Category:日本の女性ポップ歌手&pagefrom=ゆんな\nユンナ#mw-pages"
"りりィ"," りりィ （Lily、 1952年 2月17日 - 2016年 11月11日 ）は、 日本 の元 シンガーソングライター ・ 女優 。本名： 鎌田 小恵子 （かまた さえこ）  。 福岡県 出身。元 アルファエージェンシー 所属。音楽業のほか女優としても活躍し、 ドラマ ・ 映画 ・ CM に多数出演した。","鎌田 小恵子","","日本 ・ 福岡県 福岡市","( 1952-02-17 ) 1952年 2月17日","( 2016-11-11 ) 2016年 11月11日 （64歳没）","フォーク 、 J-POP","シンガーソングライター 、 女優","歌 、 ベース","1972年 - 2016年","東芝EMI, ビクターインビテーション, BMG JAPAN, コロムビア","","","https://ja.wikipedia.org/wiki/りりィ","Category_日本の女性ポップ歌手_ゆんな","https://ja.wikipedia.org/w/index.php?title=Category:日本の女性ポップ歌手&pagefrom=ゆんな\nユンナ#mw-pages"
"Riryka"," Riryka （りりか、1月15日 - ）は、 日本 の 女性 シンガーソングライター 。","","広田 由佳 （ ひろた ゆか ）  、, みるくくるみ","日本 ・ 北海道 札幌市","1月15日","","J-POP 、 ゲームソング 、 アニメソング","シンガーソングライター 、 作詞家 、 作曲家","ボーカル","1994年  -","ランティス, Star Rose label","Angel Note","","https://ja.wikipedia.org/wiki/Riryka","Category_日本の女性ポップ歌手_ゆんな","https://ja.wikipedia.org/w/index.php?title=Category:日本の女性ポップ歌手&pagefrom=ゆんな\nユンナ#mw-pages"
"里々佳"," 里々佳 （りりか、 1995年 3月11日  - ）は、 日本 の女性 モデル 、 グラビアアイドル 、 タレント 、 女優  。 鹿児島県 出身。 ソニー・ミュージックアーティスツ 所属。","","","日本 ・ 鹿児島県","1995年 3月11日","","","","","","","","","https://ja.wikipedia.org/wiki/里々佳","Category_日本の女性ポップ歌手_ゆんな","https://ja.wikipedia.org/w/index.php?title=Category:日本の女性ポップ歌手&pagefrom=ゆんな\nユンナ#mw-pages"
"LiLiCo"," LiLiCo （リリコ、 1970年 11月16日 - ）は、 日本 の タレント 、 歌手 、 映画 コメンテーター 、 プロレスラー である。所属 事務所 はプランチャイム。旧芸名はLILIKO（リリコ）。 スウェーデン ストックホルム 出身。夫は歌謡グループ 純烈 のメンバーで俳優の 小田井涼平  。","","","","( 1970-11-16 ) 1970年 11月16日 （50歳）","","","タレント 、 映画 コメンテーター","","1992年 -","","","","https://ja.wikipedia.org/wiki/LiLiCo","Category_日本の女性ポップ歌手_ゆんな","https://ja.wikipedia.org/w/index.php?title=Category:日本の女性ポップ歌手&pagefrom=ゆんな\nユンナ#mw-pages"
"RIRIKO"," RIRIKO （りりこ、 1995年 5月27日  - ）は、 日本 の 女性シンガーソングライター 、 作詞家 、 作曲家 。 東京都 出身。","","","日本 ・ 東京都","( 1995-05-27 ) 1995年 5月27日 （26歳）","","J-POP, アニメソング","シンガーソングライター, 作詞家, 作曲家","ボーカル, ギター","","ランティス","","","https://ja.wikipedia.org/wiki/RIRIKO","Category_日本の女性ポップ歌手_ゆんな","https://ja.wikipedia.org/w/index.php?title=Category:日本の女性ポップ歌手&pagefrom=ゆんな\nユンナ#mw-pages"
"凛 (歌手)"," 凛 （りん、 1980年 10月23日 -）は、 日本 の 女性歌手 、 作詞家 。","末永 真己","","日本 ・ 宮城県 仙台市","( 1980-10-23 ) 1980年 10月23日 （40歳）","","J-POP","歌手 、 作詞家","","","Lantis 、 スマイルカンパニー","島崎貴光","","https://ja.wikipedia.org/wiki/凛_(歌手)","Category_日本の女性ポップ歌手_ゆんな","https://ja.wikipedia.org/w/index.php?title=Category:日本の女性ポップ歌手&pagefrom=ゆんな\nユンナ#mw-pages"
"リンコスター"," リンコスター （rincostarr、 1994年 8月26日 - ）は、 日本 の 歌手 、 グラビアアイドル 。元inkeyoops（ 『インキーウップス』 ）メンバーである。 大阪府 高槻市 出身  。","","","日本 ・ 大阪府 高槻市","1994年 8月26日","","","","","","","","","https://ja.wikipedia.org/wiki/リンコスター","Category_日本の女性ポップ歌手_ゆんな","https://ja.wikipedia.org/w/index.php?title=Category:日本の女性ポップ歌手&pagefrom=ゆんな\nユンナ#mw-pages"
"アン・ルイス"," アン・ルイス （Ann Lewis、本名： アン・リンダ・ルイス 、 1956年 6月5日 - ）は、 日本 の 歌手 。 兵庫県 神戸市 出身。 ロサンゼルス 在住。","Ann Linda Lewis, アン・リンダ・ルイス","","日本 ・ 兵庫県 神戸市","( 1956-06-05 ) 1956年 6月5日 （65歳）, 日本 ・ 兵庫県 神戸市","","ロック 、 J-POP","歌手","歌","1971年 - 1981年, 1982年 - 1999年, 2005年 - 2013年","ソニー・ミュージックダイレクト, ビクターエンタテインメント","","","https://ja.wikipedia.org/wiki/アン・ルイス","Category_日本の女性ポップ歌手_ゆんな","https://ja.wikipedia.org/w/index.php?title=Category:日本の女性ポップ歌手&pagefrom=ゆんな\nユンナ#mw-pages"
"ルー・フィン・チャウ"," ルー・フィン・チャウ （劉瓊珠、Lưu Quỳnh Châu、 1966年 3月23日 - ）は中国系ベトナム人の難民として日本に来た元 アイドル 歌手 。本名は劉琼珠。 ベトナム 、サイゴン市（現 ホーチミン市 ）出身。","劉瓊珠","","","( 1966-03-23 ) 1966年 3月23日 （55歳）","","歌謡曲","歌手","","1982-1983","","","","https://ja.wikipedia.org/wiki/ルー・フィン・チャウ","Category_日本の女性ポップ歌手_ゆんな","https://ja.wikipedia.org/w/index.php?title=Category:日本の女性ポップ歌手&pagefrom=ゆんな\nユンナ#mw-pages"
"Lucy (歌手)"," Lucy （ルーシー、 1988年 5月13日 - ）は、 日本 の 女性歌手 。元 LAZYgunsBRISKY の ボーカル 。 福島県 いわき市 出身。 血液型 は O型 。","非公開","","日本 福島県 いわき市","( 1988-05-13 ) 1988年 5月13日 （33歳）","","ロック J-POP","歌手 、 作詞家","ボーカル","2006年 -","TOPAZ RECORD","LAZYgunsBRISKY, BORZOIQ","","https://ja.wikipedia.org/wiki/Lucy_(歌手)","Category_日本の女性ポップ歌手_ゆんな","https://ja.wikipedia.org/w/index.php?title=Category:日本の女性ポップ歌手&pagefrom=ゆんな\nユンナ#mw-pages"
"Luna (1984年生のシンガーソングライター)"," Luna （ルナ、 1984年 4月14日 - ）は、 小説家 、 歌手 、 ミュージシャン 、 音楽プロデューサー でもあるという日本のマルチアーティスト。別名義に 月姫 （つきひめ）。「月姫」は本名であるが、本名では「るな」と読み、その英語表記（英語での本名）がLunaである。","","月姫（つきひめ）, 姫","日本 ・ 北海道, イギリス ・ ブラッドフォード","( 1984-04-14 ) 1984年 4月14日 （37歳）","","ハードロック, ロック, ケルト音楽, J-POP","シンガーソングライター, ミュージシャン, ギタリスト, 音楽プロデューサー, アーティスト, モデル, 小説家","ギター","","ユニバーサルミュージック","山角由希, 田多準司","","https://ja.wikipedia.org/wiki/Luna_(1984年生のシンガーソングライター)","Category_日本の女性ポップ歌手_ゆんな","https://ja.wikipedia.org/w/index.php?title=Category:日本の女性ポップ歌手&pagefrom=ゆんな\nユンナ#mw-pages"
"LUNA (1986年生のシンガーソングライター)"," LUNA （ルナ、 1986年 4月3日 - ）は、 日本 の シンガーソングライター 。所属 事務所 は未定。 山梨県 富士吉田市 出身。愛称は「ルナっち」。","","瀧口春奈","日本 ・ 山梨県 富士吉田市","","","ポップス","","","2006年 -","日本コロムビア","","","https://ja.wikipedia.org/wiki/LUNA_(1986年生のシンガーソングライター)","Category_日本の女性ポップ歌手_ゆんな","https://ja.wikipedia.org/w/index.php?title=Category:日本の女性ポップ歌手&pagefrom=ゆんな\nユンナ#mw-pages"
"Lunakate"," Lunakate (ルナケイト) は日本の女性 シンガーソングライター 。 北海道 札幌市 出身。","","","日本 北海道札幌","","","J-POP, ロック","シンガーソングライター","歌 、 ギター 、 キーボード 等","2010年 -","ポニーキャニオン, （ 2010年 ～ 2013年 ）","","","https://ja.wikipedia.org/wiki/Lunakate","Category_日本の女性ポップ歌手_ゆんな","https://ja.wikipedia.org/w/index.php?title=Category:日本の女性ポップ歌手&pagefrom=ゆんな\nユンナ#mw-pages"
"LUHICA"," LUHICA （ルヒカ、 1996年 6月30日  - ）は、 日本 の 歌手 。","","","神奈川県","( 1996-06-30 ) 1996年 6月30日 （25歳）","","J-POP","歌手","歌","2013年 -","ソニー・ミュージックレコーズ （2013年 - ）","秋元康","","https://ja.wikipedia.org/wiki/LUHICA","Category_日本の女性ポップ歌手_ゆんな","https://ja.wikipedia.org/w/index.php?title=Category:日本の女性ポップ歌手&pagefrom=ゆんな\nユンナ#mw-pages"
"ルミカ (女性シンガー)"," ルミカ （るみか、 1986年 5月31日 - ）は、日本の女性 シンガー である。","","","群馬県","( 1986-05-31 ) 1986年 5月31日 （35歳）","","J-POP","シンガー","","2009年 （メジャーデビュー）〜","avex","","","https://ja.wikipedia.org/wiki/ルミカ_(女性シンガー)","Category_日本の女性ポップ歌手_ゆんな","https://ja.wikipedia.org/w/index.php?title=Category:日本の女性ポップ歌手&pagefrom=ゆんな\nユンナ#mw-pages"
"ルルティア"," ルルティア は、 日本 の 女性 シンガーソングライター ・ 作曲家 。英語表記は RURUTIA 。","","","","","","J-POP","シンガーソングライター, 作曲家","","2001年 - 2011年, 2012年 - 2015年, 2019年 -","東芝EMI （2001年 - 2005年）EXPRESS（2001年 - 2004年）, Capitol Music （2005年）, PHOERIX RECORDS（2005年 - 2014年）, スタジオエイエス（2015年）","佐藤鷹, うどんタイマーP","","https://ja.wikipedia.org/wiki/ルルティア","Category_日本の女性ポップ歌手_ゆんな","https://ja.wikipedia.org/w/index.php?title=Category:日本の女性ポップ歌手&pagefrom=ゆんな\nユンナ#mw-pages"
"Ray (歌手)"," Ray （レイ、 1990年 10月14日 - ）は、 日本 の元 女性 歌手 、 作詞家 。 北海道 小樽市 出生、同県 札幌市 出身。 血液型 はO型。かつての所属 芸能事務所 は 一二三 。かつての所属 レコード会社 兼 レーベル は NBCユニバーサル・エンターテイメントジャパン 。かつての公式 ファンクラブ は「 にくきゅう・れい・すくーる 」。","","","日本 ・北海道 札幌市","( 1990-10-14 ) 1990年 10月14日 （30歳）, 日本 ・ 北海道 小樽市","","J-POP, ポップ, アニメソング","ミュージシャン, 歌手, 作詞家","ボーカル","2012年 - 2017年","NBCユニバーサル・エンターテイメントジャパン, （2012年 - 2017年）, ワーナー・ブラザース ホームエンターテイメント, （2012年）","I've","","https://ja.wikipedia.org/wiki/Ray_(歌手)","Category_日本の女性ポップ歌手_ゆんな","https://ja.wikipedia.org/w/index.php?title=Category:日本の女性ポップ歌手&pagefrom=ゆんな\nユンナ#mw-pages"
"Rei (シンガーソングライター)"," Rei （レイ、 1993年 2月5日 - ）は、 日本 の シンガーソングライター ・ ギタリスト  。","非公開","","日本 ・ 兵庫県 伊丹市 ","( 1993-02-05 ) 1993年 2月5日 （28歳）","","J-POP, ブルース, ロック, オールド・ロック, クラシック音楽 ","シンガーソングライター, ギタリスト","ボーカル, ギター, ブルースハープ など","2011年 -","ENNDISC, （2014年10月 - ）, Reiny Records, AWDR/LR2 , （2015年11月 - 2018年7月）, Reiny Records , （2018年7月 - ）","長岡亮介","","https://ja.wikipedia.org/wiki/Rei_(シンガーソングライター)","Category_日本の女性ポップ歌手_ゆんな","https://ja.wikipedia.org/w/index.php?title=Category:日本の女性ポップ歌手&pagefrom=ゆんな\nユンナ#mw-pages"
"れい"," れい （大石麗子、おおいしれいこ）は、 ウクレレ 弾き語り の女性 シンガーソングライター である。","大石 麗子（おおいし れいこ）","","","日本","","J-POP","シンガーソングライター","ヴォーカル 、 ウクレレ","2004年 -","Coriolis Records( 2004年 - 2006年 ), rei-music( 2007年 - 2010年 ), BounDEE(バウンディ)( 2010年 -)","","","https://ja.wikipedia.org/wiki/れい","Category_日本の女性ポップ歌手_ゆんな","https://ja.wikipedia.org/w/index.php?title=Category:日本の女性ポップ歌手&pagefrom=ゆんな\nユンナ#mw-pages"
"Leika"," Leika （れいか、 12月19日 - ）は、 日本 の ミュージシャン 、 シンガーソングライター 、 モデル 。 2012年 12月 に、アーティスト名を 赤川れいか （あかがわれいか）から Leika に 改名 。本名は @media screen{.mw-parser-output .fix-domain{border-bottom:dashed 1px}} 上野麗華（うえの れいか）  。 山形県 鶴岡市 出身。やまがた特命観光・ つや姫 大使。鶴岡ふるさと 観光大使 。","上野麗華（うえのれいか）","","日本 ・ 山形県 鶴岡市","","","J-POP","歌手","歌","","ユニバーサルミュージック NYA Records","","","https://ja.wikipedia.org/wiki/Leika","Category_日本の女性ポップ歌手_ゆんな","https://ja.wikipedia.org/w/index.php?title=Category:日本の女性ポップ歌手&pagefrom=ゆんな\nユンナ#mw-pages"
"Raychell"," Raychell （れいちぇる、 1月13日 - ）は、 日本 及び タイ   の 女性 歌手 、 ベーシスト 、 声優 、 女優 。 エースクルー・エンタテインメント 所属。","","","","","","J-POP 、 アニメソング","歌手 、 声優 、 女優","ベース","2010年 -","avex","SHAZNA, RAISE A SUILEN","","https://ja.wikipedia.org/wiki/Raychell","Category_日本の女性ポップ歌手_ゆんな","https://ja.wikipedia.org/w/index.php?title=Category:日本の女性ポップ歌手&pagefrom=ゆんな\nユンナ#mw-pages"
"Reina (歌手)"," Reina （レイナ、 1978年 1月6日 - ）は、 日本 の 歌手 。 MAX のメンバー。本名（旧姓）・ 宮内 玲奈 （みやうち れいな）。 沖縄県 那覇市 出身。","宮内 玲奈（みやうち れいな）","","日本 ・ 沖縄県","( 1978-01-06 ) 1978年 1月6日 （43歳）","","J-POP","歌手","歌","1994年 - 2011年, 2017年 -","","MAX","","https://ja.wikipedia.org/wiki/Reina_(歌手)","Category_日本の女性ポップ歌手_ゆんな","https://ja.wikipedia.org/w/index.php?title=Category:日本の女性ポップ歌手&pagefrom=ゆんな\nユンナ#mw-pages"
"麗美"," 麗美 （れいみ、 REIMY 、 1965年 1月6日 - ）は、 日本 の シンガーソングライター 。本名、 堀川 麗美 。 沖縄県 宜野湾市 出身。","堀川 麗美","REMEDIOS","日本 、 沖縄県 宜野湾市","( 1965-01-06 ) 1965年 1月6日 （56歳）","","J-POP, ドラマ音楽, 映画音楽, CM音楽","シンガーソングライター, 作詞家, 作曲家","歌","1984年 -","","","","https://ja.wikipedia.org/wiki/麗美","Category_日本の女性ポップ歌手_ゆんな","https://ja.wikipedia.org/w/index.php?title=Category:日本の女性ポップ歌手&pagefrom=ゆんな\nユンナ#mw-pages"
"ReoNa"," ReoNa （レオナ、 1998年  10月20日  - ）は、 日本 の 女性 歌手 である。 鹿児島県 奄美大島 出身。所属レーベルは SACRA MUSIC  。所属事務所はLIVE LAB.。「 絶望系アニソンシンガー 」「 ハロー、アンハッピー 」を掲げて活動している  。","","","日本 ・ 鹿児島県 奄美大島","( 1998-10-20 ) 1998年 10月20日 （22歳）  ","","J-POP, アニメソング","歌手","ボーカル, ギター","2018年 -","SACRA MUSIC ","毛蟹, ハヤシケイ, 傘村トータ","","https://ja.wikipedia.org/wiki/ReoNa","Category_日本の女性ポップ歌手_ゆんな","https://ja.wikipedia.org/w/index.php?title=Category:日本の女性ポップ歌手&pagefrom=ゆんな\nユンナ#mw-pages"
"Leola"," Leola （レオラ、 3月14日 - ）は、 日本 の 歌手 。所属事務所は LDH JAPAN 。レーベルは ワンネイション 。アーティスト名は、ハワイ語でLeoは声、laは太陽という意味    。","","","日本 ・ 熊本県","3月14日","","J-POP","歌手","ボーカル, ギター","2016年 -","ワンネイション","","","https://ja.wikipedia.org/wiki/Leola","Category_日本の女性ポップ歌手_ゆんな","https://ja.wikipedia.org/w/index.php?title=Category:日本の女性ポップ歌手&pagefrom=ゆんな\nユンナ#mw-pages"
"麗音"," この記事には 複数の問題があります 。 改善 や ノートページ での議論にご協力ください。","","","","","","","","","","","","","https://ja.wikipedia.org/wiki/麗音","Category_日本の女性ポップ歌手_ゆんな","https://ja.wikipedia.org/w/index.php?title=Category:日本の女性ポップ歌手&pagefrom=ゆんな\nユンナ#mw-pages"
"Lefty Hand Cream"," Lefty Hand Cream （レフティーハンドクリーム）は、 日本 の 女性 YouTube アーティスト、 歌手 。血液型A型。身長158cm。本名と年齢、顔写真は非公開。 Showtitle 所属。","","","日本 、 関東","1月18日","","J-POP","シンガーソングライター","ボーカル, ギター, ピアノ （ 打ち込み 用）","2014年 -","441 recordings（ 2018年 ）, ユニバーサルシグマ, （ 2020年 - ）","","","https://ja.wikipedia.org/wiki/Lefty_Hand_Cream","Category_日本の女性ポップ歌手_ゆんな","https://ja.wikipedia.org/w/index.php?title=Category:日本の女性ポップ歌手&pagefrom=ゆんな\nユンナ#mw-pages"
"れみふぁ"," れみふぁ （ 2000年 11月21日 - ）は、日本の女性 シンガーソングライター 、 歌手 である。","","","日本 ・ 東京都","( 2000-11-21 ) 2000年 11月21日 （20歳）","","J-POP","シンガーソングライター","ボーカル, ギター","2016年 -","MME Music","","","https://ja.wikipedia.org/wiki/れみふぁ","Category_日本の女性ポップ歌手_ゆんな","https://ja.wikipedia.org/w/index.php?title=Category:日本の女性ポップ歌手&pagefrom=ゆんな\nユンナ#mw-pages"
"れをる"," れをる （Reol、 1993年 11月9日 - ）は、 日本 の 女性 シンガーソングライター 、マルチクリエイター  。所属 レコードレーベル は ビクターエンタテインメント の社内レーベル・ CONNECTONE 。","","れをる","日本 ・ 長野県","( 1993-11-09 ) 1993年 11月9日 （27歳）","","","歌手, シンガーソングライター","ボーカル, エレクトリック・ギター, アコースティック・ギター, 鍵盤ハーモニカ, トランペット ","2015年 -","ビクターエンタテインメント, （2015年）, トイズファクトリー （ユニットREOL）, （2016年 - 2017年）, CONNECTONE, （2018年 - ）","REOL","","https://ja.wikipedia.org/wiki/れをる","Category_日本の女性ポップ歌手_ゆんな","https://ja.wikipedia.org/w/index.php?title=Category:日本の女性ポップ歌手&pagefrom=ゆんな\nユンナ#mw-pages"
"蓮花 (歌手)"," 蓮花 （れんか）は、 日本 の 女性歌手 。 ビーイング 所属。","","","","","","J-POP 、 アニメソング","歌手, 作詞家, ラジオパーソナリティー","ボーカル","2015年 -　 2021年","Being, （ 2015年 - 2021年 ）","古井弘人","","https://ja.wikipedia.org/wiki/蓮花_(歌手)","Category_日本の女性ポップ歌手_ゆんな","https://ja.wikipedia.org/w/index.php?title=Category:日本の女性ポップ歌手&pagefrom=ゆんな\nユンナ#mw-pages"
"ROCO (シンガーソングライター)"," ROCO （ろこ、 11月22日 生）は、 日本 の 女性 シンガーソングライター 。ワールドアパート有限会社所属。本名非公開。","","","日本","11月22日 -","","J-POP, ジャズ","シンガーソングライター","","","apart. RECORDS","","","https://ja.wikipedia.org/wiki/ROCO_(シンガーソングライター)","Category_日本の女性ポップ歌手_ゆんな","https://ja.wikipedia.org/w/index.php?title=Category:日本の女性ポップ歌手&pagefrom=ゆんな\nユンナ#mw-pages"
"六子"," 六子 （ろこ、 1984年 11月22日  - ）は、 山陰地方 を拠点に活動している 日本 の女性 シンガーソングライター 。 ミュージア 所属。","土江 六子","","日本 ・ 島根県 松江市","( 1984-11-22 ) 1984年 11月22日 （36歳）","","J-POP","","","1999年 - 2005年頃 : ロッカ, 2006年3月 - 2008年 : 六子（デュオ）, 2008年8月 - : 六子（ソロシンガー）","ミュージア","下問晶子 （1999年 - 2005年頃）, 母里由美子 （2005年頃 - ）, 松村多嘉代 （2011年 - ）, 辺見康孝 （2011年 - ）, 金崎圭介","","https://ja.wikipedia.org/wiki/六子","Category_日本の女性ポップ歌手_ゆんな","https://ja.wikipedia.org/w/index.php?title=Category:日本の女性ポップ歌手&pagefrom=ゆんな\nユンナ#mw-pages"
"ロザリーナ"," ロザリーナ は、ソニー・ミュージックレーベルズ所属の 日本 の 女性 シンガーソングライター 。プロフィール詳細は非公開。","","","","","","J-POP, ポップ, アニメソング, トラップ, エレクトロニック・ダンス・ミュージック","シンガーソングライター, ミュージシャン","ボーカル, ギター","","ソニー・ミュージックレーベルズ","","","https://ja.wikipedia.org/wiki/ロザリーナ","Category_日本の女性ポップ歌手_ゆんな","https://ja.wikipedia.org/w/index.php?title=Category:日本の女性ポップ歌手&pagefrom=ゆんな\nユンナ#mw-pages"
"スージー・ロッソ"," スージー・ロッソ （ 1997年 - ）は、日本の 歌手 。 FRAME 所属。身長168㎝  。","","","","1997年","","J-POP","歌手","","2017年-","FRAME","","","https://ja.wikipedia.org/wiki/スージー・ロッソ","Category_日本の女性ポップ歌手_ゆんな","https://ja.wikipedia.org/w/index.php?title=Category:日本の女性ポップ歌手&pagefrom=ゆんな\nユンナ#mw-pages"
"Romi (歌手)"," Romi （ろみ、 1970年 10月20日  - ）は、 日本 の 歌手 、 作詞家 、 女優 。 東京都 世田谷区 出身。身長165cm、B83-W59-H85cm  、 血液型 はO型。デビュー当時の名前は 成田路実 。","","","","","","","","","","","","","https://ja.wikipedia.org/wiki/Romi_(歌手)","Category_日本の女性ポップ歌手_ゆんな","https://ja.wikipedia.org/w/index.php?title=Category:日本の女性ポップ歌手&pagefrom=ゆんな\nユンナ#mw-pages"
"ロミ・山田"," ロミ・山田 （ロミ・やまだ、 1933年 8月8日 - ）は、 日本 の 女優 ・ 歌手 。本名は山田ひろみ。 朝鮮 の 京城 生まれ、 兵庫県 育ち。 小林聖心女子学院 （初等科から高等科）、 国立音楽大学 声楽科卒業。","","","","","","","","","","","","","https://ja.wikipedia.org/wiki/ロミ・山田","Category_日本の女性ポップ歌手_ゆんな","https://ja.wikipedia.org/w/index.php?title=Category:日本の女性ポップ歌手&pagefrom=ゆんな\nユンナ#mw-pages"
"我妻三輪子"," 我妻 三輪子 （わがつま みわこ、 1991年 2月11日  - ）は、 日本 の 女優 、 ファッションモデル 、 歌手 、 タレント 、 作詞家 。 浅井企画 所属。","","","日本 ・ 東京都","1991年 2月11日","","","","","","","","","https://ja.wikipedia.org/wiki/我妻三輪子","Category_日本の女性ポップ歌手_ゆんな","https://ja.wikipedia.org/w/index.php?title=Category:日本の女性ポップ歌手&pagefrom=ゆんな\nユンナ#mw-pages"
"Wakana (歌手)"," Wakana （わかな、 1984年 12月10日 - ）は、 日本 の 女性 歌手 。 福岡県 出身。 ボーカルユニット 「 Kalafina 」の元メンバーとして活動していた。 スペースクラフトプロデュース 所属。身長159cm。ソロアーティストとしての所属レーベルは ビクターエンタテイメント 。","大滝若奈","WAKANA, わーちゃん, 鮫神","日本 ・ 福岡県","( 1984-12-10 ) 1984年 12月10日 （36歳）","","J-POP, アニメソング","","ボーカル","","JVCケンウッド・ビクターエンタテインメント (2019年-)","武部聡志, Kalafina, 梶浦由記, 他","","https://ja.wikipedia.org/wiki/Wakana_(歌手)","Category_日本の女性ポップ歌手_ゆんな","https://ja.wikipedia.org/w/index.php?title=Category:日本の女性ポップ歌手&pagefrom=ゆんな\nユンナ#mw-pages"
"若林志穂"," 若林 志穂 （わかばやし しほ、 1971年 9月6日 - ）は、 日本 の元 女優 。本名同じ。 東京都 新宿区 出身  。板橋区志村二中卒業。デビュー当時は市川晃一事務所、その後 太田プロダクション や サンミュージックブレーン に所属していた。","若林 志穂","","","( 1971-09-06 ) 1971年 9月6日 （49歳）","","テレビドラマ・映画・舞台","元 女優","","1984年 - 2009年","","","","https://ja.wikipedia.org/wiki/若林志穂","Category_日本の女性ポップ歌手_ゆんな","https://ja.wikipedia.org/w/index.php?title=Category:日本の女性ポップ歌手&pagefrom=ゆんな\nユンナ#mw-pages"
"若林愛"," 若林 愛 （わかばやし まな、 1986年 7月26日 - ）は、 日本 の 歌手 、 作詞家 、 作曲家 。 MANA meets Blue Bajou ボーカリスト 、元 PLIME メンバー。 東京都 八王子市 出身。","","Mana , Mana W. , 50,000ManaByte , 30,000ManaByte ","日本 東京都 八王子市","( 1986-07-26 ) 1986年 7月26日 （34歳）","","J-POP","ボーカリスト, シンガーソングライター, 作詞家, 作曲家, 放送作家, タレント","ボーカル, コーラス, ギター, キーボード","2004年 -","chiquita banana（2005）, 徳間ジャパンコミュニケーションズ （2006）, a.e.records（2009）, ユニオンミュージックジャパン （2009 - ）","池田彩, 浅野ケン, 青山紳一郎, MANA meets Blue Bajou, PLIME, etc.","","https://ja.wikipedia.org/wiki/若林愛","Category_日本の女性ポップ歌手_ゆんな","https://ja.wikipedia.org/w/index.php?title=Category:日本の女性ポップ歌手&pagefrom=ゆんな\nユンナ#mw-pages"
"脇あかり"," 脇 あかり （わき あかり、 1998年 1月24日 - ）は、 日本 の 歌手 。 女性アイドルグループ 「 東京パフォーマンスドール 」のメンバー。","","","日本 ・ 大分県","1998年 1月24日","","","","","","","","","https://ja.wikipedia.org/wiki/脇あかり","Category_日本の女性ポップ歌手_ゆんな","https://ja.wikipedia.org/w/index.php?title=Category:日本の女性ポップ歌手&pagefrom=ゆんな\nユンナ#mw-pages"
"和氣あず未"," 和氣 あず未 （わき あずみ、 1994年   9月8日  - ）は、 日本 の 女性 声優 、 歌手 。 東京俳優生活協同組合 所属。 東京都 出身。","和氣 あず未 ","","日本 ・ 東京都","( 1994-09-08 ) 1994年 9月8日 （26歳）","","J-POP","声優 、 歌手","","2020年 -","コロムビア","","","https://ja.wikipedia.org/wiki/和氣あず未","Category_日本の女性ポップ歌手_ゆんな","https://ja.wikipedia.org/w/index.php?title=Category:日本の女性ポップ歌手&pagefrom=ゆんな\nユンナ#mw-pages"
"脇田もなり"," 脇田 もなり （わきた もなり、 1995年 1月28日 - ）は、 日本 の女性 歌手 。血液型Ａ型","脇田 もなり","","日本 ・ 長崎県 五島列島","( 1995-01-28 ) 1995年 1月28日 （26歳）","","J-POP","歌手","","2016年 -","VIVID SOUND","","","https://ja.wikipedia.org/wiki/脇田もなり","Category_日本の女性ポップ歌手_ゆんな","https://ja.wikipedia.org/w/index.php?title=Category:日本の女性ポップ歌手&pagefrom=ゆんな\nユンナ#mw-pages"
"分島花音"," 分島 花音 （わけしま かのん、 1988年 6月28日 - ）は、 日本 の 女性シンガーソングライター 、 チェリスト 、 作詞家 、 作曲家 、 イラストレーター 。","","","日本","( 1988-06-28 ) 1988年 6月28日 （33歳）","","オルタナティヴ・ミュージック, J-POP , アニメソング, クラシック音楽, ジャズ, ヴィジュアルロリータ系 ","シンガーソングライター, チェリスト, 作詞家, 作曲家, イラストレーター, 衣裳デザイナー","ボーカル, チェロ","2008年 -","デフスターレコーズ, → ワーナー・ブラザース・ホームエンターテイメント, →TRANSIENT RECORDS","Mana （2ndアルバムまで）","","https://ja.wikipedia.org/wiki/分島花音","Category_日本の女性ポップ歌手_ゆんな","https://ja.wikipedia.org/w/index.php?title=Category:日本の女性ポップ歌手&pagefrom=ゆんな\nユンナ#mw-pages"
"鷲尾伶菜"," 鷲尾 伶菜 （わしお れいな、 1994年 1月20日 - ）は、 日本 の 歌手 。 Flower 、 E-girls の元メンバー。","","伶 ","日本 ・ 佐賀県 唐津市","( 1994-01-20 ) 1994年 1月20日 （27歳）","","J-POP","歌手","","2011年 -","Sony Music Associated Records","Flower, E-girls","","https://ja.wikipedia.org/wiki/鷲尾伶菜","Category_日本の女性ポップ歌手_ゆんな","https://ja.wikipedia.org/w/index.php?title=Category:日本の女性ポップ歌手&pagefrom=ゆんな\nユンナ#mw-pages"
"和島あみ"," 和島 あみ （わじま あみ、 1998年 12月29日  - ）は、 日本 の 女性 歌手 。 北海道 倶知安町 出身  。身長154cm。 血液型 はB型。","","","日本 ・ 北海道 倶知安町","( 1998-12-29 ) 1998年 12月29日 （22歳）","","J-POP 、 アニメソング","歌手","","2016年 -","ポニーキャニオン","","","https://ja.wikipedia.org/wiki/和島あみ","Category_日本の女性ポップ歌手_ゆんな","https://ja.wikipedia.org/w/index.php?title=Category:日本の女性ポップ歌手&pagefrom=ゆんな\nユンナ#mw-pages"
"和田アキ子"," 和田 アキ子 （わだ アキこ、 1950年 〈昭和25年〉 4月10日 - ）は、 日本 の 歌手 、 タレント 、 司会者 、 ラジオパーソナリティ 。所属 芸能事務所 は株式会社 ホリプロ 。 ユニバーサルミュージック 所属。","金 福子（ 김복자 ）, Kim Bokja","金海 福子（帰化前の 通名 ）, 和田 現子（帰化後の 旧姓 ）, （わだ あきこ）, 飯塚 現子（再婚後の本名）, （いいづか あきこ）","日本 大阪府 大阪市 天王寺区 舟橋町","( 1950-04-10 ) 1950年 4月10日 （71歳）","","R&B 、 ソウル 、 歌謡曲 、 ジャズ 、 J-POP","歌手 、 タレント 、 司会者 、 ラジオパーソナリティ 、 実業家","","1968年 -","RCAレコード （ 1968年 - 1974年 ）, RVC （ 1975年 - 1978年 ）, ワーナー・パイオニア （ 1979年 - 1991年 ）, ワーナーミュージック・ジャパン （1991年 - 2001年 ）, テイチクレコード （2001年 - 2006年 ）, ユニオンレコード （ 2007年 - 2021年 ）, ユニバーサルミュージック （2021年 - ）","","","https://ja.wikipedia.org/wiki/和田アキ子","Category_日本の女性ポップ歌手_ゆんな","https://ja.wikipedia.org/w/index.php?title=Category:日本の女性ポップ歌手&pagefrom=ゆんな\nユンナ#mw-pages"
"渡瀬マキ"," 渡瀬 マキ （わたせ マキ、 1969年 2月22日 - ）は、 日本 の 歌手 、 タレント 。 1986年 に芸能界デビュー、 1987年 に アイドル歌手 としてデビュー。 1988年 に結成（ 2002年 に一時解散したのち 2014年 に本格再始動）されたバンド「 LINDBERG 」のボーカルとして知られる。 アップフロントクリエイト （ アップフロントグループ ）所属。","渡瀬 麻紀（わたせ まき）","","三重県 鳥羽市","( 1969-02-22 ) 1969年 2月22日 （52歳）","","J-POP","歌手, 作詞家, タレント","","","","LINDBERG, 佐藤準, 月光恵亮, 上田ケンジ","","https://ja.wikipedia.org/wiki/渡瀬マキ","Category_日本の女性ポップ歌手_ゆんな","https://ja.wikipedia.org/w/index.php?title=Category:日本の女性ポップ歌手&pagefrom=ゆんな\nユンナ#mw-pages"
"渡辺あゆ香"," 渡辺 あゆ香 （わたなべ あゆか、 5月12日 - ）は、 日本 の 女性シンガーソングライター 。 千葉県 君津市 出身。","","","日本 ・ 千葉県 君津市","","","J-POP 、 アニメソング","シンガーソングライター, ラジオパーソナリティ, リポーター","","2012年 -","","","","https://ja.wikipedia.org/wiki/渡辺あゆ香","Category_日本の女性ポップ歌手_ゆんな","https://ja.wikipedia.org/w/index.php?title=Category:日本の女性ポップ歌手&pagefrom=ゆんな\nユンナ#mw-pages"
"渡辺典子"," 渡辺 典子 （わたなべ のりこ、 1965年 7月22日   - ）は、 日本 の 女優 、歌手。福岡県 北九州市 出生   、 大分県 大分市 出身   。","渡辺典子","","日本 ・ 大分県 大分市","( 1965-07-22 ) 1965年 7月22日 （55歳）","","映画 ・ テレビドラマ","女優 、歌手","","1982年 -","","","","https://ja.wikipedia.org/wiki/渡辺典子","Category_日本の女性ポップ歌手_ゆんな","https://ja.wikipedia.org/w/index.php?title=Category:日本の女性ポップ歌手&pagefrom=ゆんな\nユンナ#mw-pages"
"渡辺真知子"," 渡辺 真知子 （わたなべ まちこ、 1956年 10月23日  - ）は、 日本 の シンガーソングライター 、 タレント 、 女優 。本名： 渡邉 真知子 （読み同じ）。 神奈川県 横須賀市 出身  。 緑ヶ丘女子高等学校   、 洗足学園短期大学 音楽科 卒業  。","渡邉 真知子","","日本 ・ 神奈川県 横須賀市 ","( 1956-10-23 ) 1956年 10月23日 （64歳）","","ニューミュージック, J-POP, ジャズ","シンガーソングライター, 歌手, 作曲家, 女優, タレント","","1977年 -","ソニー・ミュージックダイレクト","船山基紀 （ 編曲 ）","","https://ja.wikipedia.org/wiki/渡辺真知子","Category_日本の女性ポップ歌手_ゆんな","https://ja.wikipedia.org/w/index.php?title=Category:日本の女性ポップ歌手&pagefrom=ゆんな\nユンナ#mw-pages"
"渡辺美里"," 渡辺 美里 （わたなべ みさと、 1966年 7月12日 - ）は、 日本 の 歌手 ・ 作詞家 ・ シンガーソングライター である。本名同じ。 東京都 出身。出生地は 京都府 相楽郡 精華町 。 身長 は158cm（公称）。所属事務所はHeartland（1983年 - 1995年） → アンティノスマネージメント（1995年 - 2004年3月） → ブルーワンミュージック （2004年5月 - 2006年3月） → ニューカム （2006年4月 - 2007年5月14日） → ララマハロ（2007年5月15日 - 、自身の個人事務所）。","渡辺 美里","MISATO, misato","東京都","( 1966-07-12 ) 1966年 7月12日 （54歳）","","ニューミュージック, J-POP, ロック","歌手","","1985年 -","エピックレコードジャパン","小坂洋二, （ 1985 - 1999 ）, 有賀啓雄, （ 2000 - 2007 ）","","https://ja.wikipedia.org/wiki/渡辺美里","Category_日本の女性ポップ歌手_ゆんな","https://ja.wikipedia.org/w/index.php?title=Category:日本の女性ポップ歌手&pagefrom=ゆんな\nユンナ#mw-pages"
"渡辺美奈代"," 渡辺 美奈代 （わたなべ みなよ、 1969年 9月28日  - ）は、 日本 の 女優 、 歌手 、 タレント 。 おニャン子クラブ 会員番号29番  。","","","日本 , 愛知県  西春日井郡 西春町 （現・ 北名古屋市 ） ","( 1969-09-28 ) 1969年 9月28日 （51歳） ","","アイドル 歌謡曲","女優 、 歌手","ボーカル","1985年 - 現在","CBSソニー","","","https://ja.wikipedia.org/wiki/渡辺美奈代","Category_日本の女性ポップ歌手_ゆんな","https://ja.wikipedia.org/w/index.php?title=Category:日本の女性ポップ歌手&pagefrom=ゆんな\nユンナ#mw-pages"
"渡部やえ"," 渡部 やえ （わたなべ やえ、 1991年 12月3日 - ）は、 日本 の 歌手 、 タレント 、 女優 、 モデル 。 兵庫県 宝塚市 出身。 ハートアッププロダクション 所属。 愛称 は「弁天娘」や「やえちゃん」などで「 女子高生 美人 演歌歌手 」として多数の メディア に取り上げられた。 ","","","日本 ・ 兵庫県 宝塚市","1991年 12月3日","","","","","","","","","https://ja.wikipedia.org/wiki/渡部やえ","Category_日本の女性ポップ歌手_ゆんな","https://ja.wikipedia.org/w/index.php?title=Category:日本の女性ポップ歌手&pagefrom=ゆんな\nユンナ#mw-pages"
"渡部優衣"," 渡部 優衣 （わたなべ ゆい、 1988年 12月4日  - ）は、 日本 の 女性 声優 、 タレント 、 歌手 。 ダンデライオン 所属  。 大阪府 箕面市 出身   。","","","","( 1988-12-04 ) 1988年 12月4日 （32歳）","","J-POP","声優 、 タレント 、 歌手","","2010年 -","徳間ジャパンコミュニケーションズ","","","https://ja.wikipedia.org/wiki/渡部優衣","Category_日本の女性ポップ歌手_ゆんな","https://ja.wikipedia.org/w/index.php?title=Category:日本の女性ポップ歌手&pagefrom=ゆんな\nユンナ#mw-pages"
"ヲタみん"," ヲタみん （ 1987年 4月20日 - ）は 日本 の女性 歌手 。","","","日本","( 1987-04-20 ) 1987年 4月20日 （34歳）","","J-POP, アニメソング, ゲームソング","歌手","ボーカル","2008年 -","ティームエンタテインメント, ユープライム・ミュージック, ハングリー・ハート","","","https://ja.wikipedia.org/wiki/ヲタみん","Category_日本の女性ポップ歌手_ゆんな","https://ja.wikipedia.org/w/index.php?title=Category:日本の女性ポップ歌手&pagefrom=ゆんな\nユンナ#mw-pages"
"日本のポップ歌手"," 日本の ポップ 歌手に関するカテゴリ。","","","","","","","","","","","","","https://ja.wikipedia.org/wiki/Category:日本のポップ歌手","Category_日本の女性ポップ歌手_ゆんな","https://ja.wikipedia.org/w/index.php?title=Category:日本の女性ポップ歌手&pagefrom=ゆんな\nユンナ#mw-pages"
"日本の女性歌手"," 日本 の女性 歌手 に関するカテゴリ。","","","","","","","","","","","","","https://ja.wikipedia.org/wiki/Category:日本の女性歌手","Category_日本の女性ポップ歌手_ゆんな","https://ja.wikipedia.org/w/index.php?title=Category:日本の女性ポップ歌手&pagefrom=ゆんな\nユンナ#mw-pages"
"各国の女性ポップ歌手"," このカテゴリには下位カテゴリ 5 件が含まれており、そのうち以下の 5 件を表示しています。","","","","","","","","","","","","","https://ja.wikipedia.org/wiki/Category:各国の女性ポップ歌手","Category_日本の女性ポップ歌手_ゆんな","https://ja.wikipedia.org/w/index.php?title=Category:日本の女性ポップ歌手&pagefrom=ゆんな\nユンナ#mw-pages"
