﻿"タイトル","コメント","出生名","別名","出身地","生誕","死没","ジャンル","職業","担当楽器","活動期間","レーベル","共同作業者","メンバー","URL","親リストタイトル","親リストURL"
"Pages_in_category","","","","","","","","","","","","","","","Category_Australian jazz singers","https://en.wikipedia.org/wiki/Category:Australian_jazz_singers"
"Kristin Berardi"," She won the International Vocal Competition of the Montreux Jazz Festival in 2006.","","","Australia","1981, Koumala, Queensland , Australia","","Jazz","","","","","","","https://en.wikipedia.org/wiki/Kristin_Berardi","Category_Australian jazz singers","https://en.wikipedia.org/wiki/Category:Australian_jazz_singers"
"Kerrie Biddell"," Born in Kings Cross, New South Wales , the only child of Irish-Catholic parents Kathleen, a jazz pianist and Dan, a solicitors clerk who also played piano. Biddell was sent to St Vincent's Convent in Potts Point at the age of six, soon after her father left her mother.  In 1962, Biddell suffered a collapsed lung and rheumatoid arthritis , the latter of which affected her piano playing. She decided to become a singer, and, in 1967, sang for Dusty Springfield on backing vocals.  Impressed, Springfield suggested she become a lead singer. ","Kerrie Agnes Biddell","","New South Wales","( 1947-02-08 ) 8 February 1947, Kings Cross, New South Wales","5 September 2014 (2014-09-05) (aged 67)","Jazz","","","1967–2001","","","","https://en.wikipedia.org/wiki/Kerrie_Biddell","Category_Australian jazz singers","https://en.wikipedia.org/wiki/Category:Australian_jazz_singers"
"Andrew Bisset"," Andrew Bisset wrote Black Roots White Flowers – A History of Jazz in Australia (11 November 1979), which traces Australian jazz influences and performances from 1918 and the early days of visiting African American vaudeville shows and jazz teas at the Tivoli, through to the year of its publication.   According to The Canberra Times ' Michael Foster it is \"the first serious study of jazz in Australia.\"  As a follow-up, Bisset presented a ten-part series on ABC Radio National in 1987, History of Australian Jazz up to World War Two .","","","Canberra , Australian Capital Territory, Australia","( 1953-01-20 ) 20 January 1953","14 April 2005 (2005-04-14) (aged 52)","","Author, music educator, singer","","","","","","https://en.wikipedia.org/wiki/Andrew_Bisset","Category_Australian jazz singers","https://en.wikipedia.org/wiki/Category:Australian_jazz_singers"
"Sophia Brous"," Sophia Brous (born 1985   ) is an artist, performance-maker, musician and curator based in New York and Melbourne, Australia. ","","","","","","","","","","","","","https://en.wikipedia.org/wiki/Sophia_Brous","Category_Australian jazz singers","https://en.wikipedia.org/wiki/Category:Australian_jazz_singers"
"Donna Burke"," Burke graduated from Edith Cowan University . Her education included \"operatic voice, speech and drama\"  and she received classical voice training for ten years. ","","","Australia","Melbourne , Victoria , Australia ","","Pop, jazz","","","1987–present","Dag Music","","","https://en.wikipedia.org/wiki/Donna_Burke","Category_Australian jazz singers","https://en.wikipedia.org/wiki/Category:Australian_jazz_singers"
"Kate Ceberano"," Catherine Yvette  Ceberano was born in Melbourne , Australia, to an American father of Filipino descent  and an Australian mother. Her father is karate master Tino Ceberano , from Hawaii .  Her maternal forebears were some of the earliest settlers and government officials in South Australia, Victoria and Tasmania. ","Catherine Yvette Ceberano","","Australia","( 1966-11-17 ) 17 November 1966 (age 57), Melbourne , Victoria , Australia","","Pop , rock , soul , jazz","","","1983–present","Sony , ABC","","","https://en.wikipedia.org/wiki/Kate_Ceberano","Category_Australian jazz singers","https://en.wikipedia.org/wiki/Category:Australian_jazz_singers"
"Jacki Cooper"," Jacqueline Anne \"Jacki\" Cooper was born in Slough , Berkshire. She moved to Adelaide in 1989 and attended Dover Gardens TAFE College. After receiving her Certificate of Commercial Music (Performance), she completed a Bachelor of Music in jazz performance at the University of Adelaide in 1993. On the advice of a tutor, Schmoe Elhay, she travelled to San Francisco to study at the Stanford Jazz Workshop at Stanford University , California. While studying, Cooper met jazz composer David Dallwitz and joined his Dixieland band. Dallwitz was an influential mentor, teaching her much about early jazz. ","Jacqueline Anne Cooper","","Adelaide , South Australia, Australia","Slough , Berkshire, United Kingdom","","Jazz","Singer-songwriter, teacher","","1990–present","Independent","","","https://en.wikipedia.org/wiki/Jacki_Cooper","Category_Australian jazz singers","https://en.wikipedia.org/wiki/Category:Australian_jazz_singers"
"Su Cruickshank"," Cruickshank was born in Newcastle, New South Wales , the eldest of four children. She grew up in the suburb of Adamstown in a musical family. Her father played double bass and her paternal grandmother had been a singer. ","Susan Cruickshank","","Australia","( 1946-08-31 ) 31 August 1946, Newcastle, New South Wales , Australia","8 December 2009 (2009-12-08) (aged 63), Newcastle, New South Wales, Australia","Jazz","","","1970s–2009","","","","https://en.wikipedia.org/wiki/Su_Cruickshank","Category_Australian jazz singers","https://en.wikipedia.org/wiki/Category:Australian_jazz_singers"
"Judith Durham"," The group became the first Australian pop music group to achieve major chart and sales success in the United Kingdom and the United States and have sold over 50 million records worldwide. Durham left the group in mid-1968 to pursue her solo career. In 1993, Durham began to make sporadic recordings and performances with the Seekers, though she remained primarily a solo performer. On 1 July 2015, she was named Victorian of the Year for her services to music and a range of charities.","Judith Mavis Cock","","Australia","( 1943-07-03 ) 3 July 1943, Essendon, Victoria , Australia","5 August 2022 (2022-08-05) (aged 79), Prahran , Victoria, Australia","Folk, jazz","","Vocals, piano, tambourine","1961–2022","Columbia , A&M , Pye , EMI , Decca","","","https://en.wikipedia.org/wiki/Judith_Durham","Category_Australian jazz singers","https://en.wikipedia.org/wiki/Category:Australian_jazz_singers"
"Bettie Fisher"," Bettie Fisher ( c.  1939 – 12 May 1976) was an Australian Aboriginal musician and theatre manager of the Jerrinja people.","","","","","","","","","","","","","https://en.wikipedia.org/wiki/Bettie_Fisher","Category_Australian jazz singers","https://en.wikipedia.org/wiki/Category:Australian_jazz_singers"
"Mark Harris (jazz musician)"," Harris is a member of ARIA Music Awards winning, gypsy fusion band Monsieur Camembert .   He also is a member of Baby et Lulu and The Tango Saloon .","","Buzz the Bandleader","Sydney , Australia","June 3, 1975, Ottawa, Canada","","Jazz , world , Gypsy , Children's","Instrumentalist, vocalist, composer","","1996-Present","","","","https://en.wikipedia.org/wiki/Mark_Harris_(jazz_musician)","Category_Australian jazz singers","https://en.wikipedia.org/wiki/Category:Australian_jazz_singers"
"Vince Jones"," Vincent Hugh Jones was born on 24 March 1954 in Paisley , Scotland.  He is the second eldest of four children to John Jones and Mary (née Docherty); the family moved to Australia in April 1964 and lived in Wollongong ;   where Jones attended Corrimal High School .  He attributes his love of jazz to hearing Miles Davis's album Sketches of Spain , when he was about 14 and taught himself to play the trumpet. Jones began his career in 1974 in New South Wales as a bebop trumpet player on the club and jazz circuit. ","Vincent Hugh Jones","","Wollongong , New South Wales, Australia","( 1954-03-24 ) 24 March 1954 (age 70), Paisley , Scotland, United Kingdom","","Jazz","","","1974–present","","","","https://en.wikipedia.org/wiki/Vince_Jones","Category_Australian jazz singers","https://en.wikipedia.org/wiki/Category:Australian_jazz_singers"
"Trudy Kerr"," Trudy Kerr's first gigs were in Brisbane clubs in 1980, at the age of 17, after she completed secondary schooling.   Initially performing cover versions of adult contemporary music she adopted a jazz style after hearing Chaka Khan on the album, Echoes of an Era (January 1982).  Kerr performed along the east coast of Australia and toured East Asia.  In 1990 she moved to the United Kingdom to continue her music career.  She completed a postgraduate jazz course at the Guildhall School of Music during 1994 to 1995.  In 1995 Kerr met Geoff Gascoyne, a fellow jazz musician who plays various bass guitars (double bass, acoustic bass, electric bass) and is a sometime backing vocalist.  The couple married in January 2002,  and reside in Beckenham . In 1995 she started regularly appearing at Ronnie Scott's Jazz Club in London, including supporting Monty Alexander , which led to recording sessions in April 1997.  ","","","Brisbane, Queensland, Australia","( 1963-01-03 ) 3 January 1963 (age 61)","","Jazz, adult contemporary","Musician, teacher, radio presenter, label owner","","1982–present","Jazzizit","","","https://en.wikipedia.org/wiki/Trudy_Kerr","Category_Australian jazz singers","https://en.wikipedia.org/wiki/Category:Australian_jazz_singers"
"Grace Knight"," Since Eurogliders disbanded in 1989, Knight has had a successful career as a jazz singer.   Knight made a cameo appearance in the 1990 TV series Come In Spinner  and sang on its soundtrack , Come in Spinner ,  recorded with jazz artist Vince Jones ,  which peaked at No. 4 on the Australian Recording Industry Association (ARIA) albums charts .  This launched a new career for Knight, with her first solo album, Stormy Weather ,  which peaked at No. 16 in 1991.  Other solo albums followed,  Gracious in 1993, Live in 1996 and Zeitgeist in 2000. Eurogliders briefly reformed with Lynch and Knight in 2005 to release two additional albums by 2007. Knight returned to her solo career and released Willow in 2008.","Grace Ethel Knight","","England","( 1955-12-23 ) 23 December 1955 (age 68), Manchester , England","","Indie pop, new wave, jazz","","","1976–present","CBS, Mercury, PolyGram, Universal, MGM, Sony, Columbia, Deluxe","","","https://en.wikipedia.org/wiki/Grace_Knight","Category_Australian jazz singers","https://en.wikipedia.org/wiki/Category:Australian_jazz_singers"
"Georgia Lee (singer)"," Georgia Lee was born as Ramer Lyra \"Dulcie\" Pitt on 22 February 1921, her father, Douglas Pitt jnr ( ca. 1877–1926) was of Jamaican , Scottish and Loyalty Islander descent and her mother, Myra Kemple-Hopkin's heritage was Afghani , Australian Aboriginal , Torres Strait Islander and Scottish.    Her father, a fisherman, was a strong swimmer: he swam 25 miles (40 km) from a sinking lugger to shore during a cyclone off Cooktown in 1894.   Lee grew up in a musical family, her sisters Sophie and Heather were also singers, while her brothers Arthur and Walter were musicians.    She had no formal musical training, but \"learns her songs by ear.\" ","Ramer Lyra Dulcie Pitt","","Australia","( 1921-02-22 ) 22 February 1921, Cairns , Queensland, Australia","23 April 2010 (2010-04-23) (aged 89), Cairns , Queensland, Australia","Pop , jazz, blues","Singer, actress","","","","","","https://en.wikipedia.org/wiki/Georgia_Lee_(singer)","Category_Australian jazz singers","https://en.wikipedia.org/wiki/Category:Australian_jazz_singers"
"Sarah Maclaine"," In 1997 she started performing on Good Morning Australia , hosted by Bert Newton . She sang on the show regularly until it stopped airing in 2006, appearing approximately eighty times over that period. As well as Good Morning Australia she has also appeared and sung on other television shows such as Hey Hey it's Saturday ; Denise Drysdale's \"Denise\" morning programme  ; The Good Friday Appeal ; the AFL's Brownlow Medal . She has also featured in a number of television commercials .  ","","","","","","","Vocalist, Singer, songwriter","","","","","","https://en.wikipedia.org/wiki/Sarah_Maclaine","Category_Australian jazz singers","https://en.wikipedia.org/wiki/Category:Australian_jazz_singers"
"Andrea McEwan"," After attending MacRobertson Girls' High School in Melbourne, McEwan started acting, appearing in several television series including Ocean Girl and Funky Squad . In 1991 she was nominated for a Gladys Moncrieff Award for Outstanding New Talent by the Music Theatre Guild of Victoria after her performance in Annie . She has also appeared several times in the soap opera Neighbours . Her first role as Sonia came in 1989, then in 1991 she played Sarah Livingston , followed by Nicole Cahill in 1995. She played Penny Watts in 2002. ","","","Australia","( 1978-10-09 ) October 9, 1978 (age 46), Melbourne, Australia","","Jazz , folk-pop","Actress, singer, songwriter, musician","","1989–present","Dramatico","","","https://en.wikipedia.org/wiki/Andrea_McEwan","Category_Australian jazz singers","https://en.wikipedia.org/wiki/Category:Australian_jazz_singers"
"Sarah McKenzie"," The ARIA Music Awards is an annual awards ceremony that recognises excellence, innovation, and achievement across all genres of the music of Australia .","","","Australia","6th November 1987","","Jazz","","","","","","","https://en.wikipedia.org/wiki/Sarah_McKenzie","Category_Australian jazz singers","https://en.wikipedia.org/wiki/Category:Australian_jazz_singers"
"Chris McNulty"," Chris McNulty (born 1953) is Australian-born jazz vocalist. ","","","","","","","","","","","","","https://en.wikipedia.org/wiki/Chris_McNulty","Category_Australian jazz singers","https://en.wikipedia.org/wiki/Category:Australian_jazz_singers"
"Michelle Nicolle"," The ARIA Music Awards is an annual awards ceremony that recognises excellence, innovation, and achievement across all genres of Australian music . It commenced in 1987. .mw-parser-output .awards-table td:last-child{text-align:center}","","","Australia","","","Jazz","","","","","","","https://en.wikipedia.org/wiki/Michelle_Nicolle","Category_Australian jazz singers","https://en.wikipedia.org/wiki/Category:Australian_jazz_singers"
"Nicki Parrott"," Parrott took piano lessons when she was four years old, then learned flute. When she was fifteen, she started playing double bass, and after graduating from high school she studied at the New South Wales Conservatorium of Music in Sydney, Australia. While in school, she performed with Australian musicians Dale Barlow and Mike Nock and with American musicians Chuck Findley and Bobby Shew . ","","","Australia","1970, Newcastle, New South Wales , Australia","","Jazz","Musician, vocalist","","2000–present","Venus , Arbors","","","https://en.wikipedia.org/wiki/Nicki_Parrott","Category_Australian jazz singers","https://en.wikipedia.org/wiki/Category:Australian_jazz_singers"
"Emma Pask"," Pask grew up in the Sutherland Shire of Sydney in the suburb of Como. She attended Como Public School and Kirrawee High School . ","","","Australia","Sydney, Australia","","Jazz","Vocalist, actor","","1994–present","Morrison , Rajon Music Group","","","https://en.wikipedia.org/wiki/Emma_Pask","Category_Australian jazz singers","https://en.wikipedia.org/wiki/Category:Australian_jazz_singers"
"Rachael Price"," Price was born in Australia and raised in Hendersonville, Tennessee . When she was nine, she performed with The Voices of Bahá, a Bahá’í choir directed by her dad, Tom Price.  At twelve, she was a soloist. The choir toured in India, Europe, South America, Central America, the Caribbean, and Australia. Price has said that she had a large personality as a child and accepted every opportunity to sing. ","","","Australia","( 1985-08-30 ) August 30, 1985 (age 39), Sydney , Australia ","","Jazz , blues , alternative rock , Americana","","","2004–present","Claire Vision, Signature Sounds , Nonesuch","","","https://en.wikipedia.org/wiki/Rachael_Price","Category_Australian jazz singers","https://en.wikipedia.org/wiki/Category:Australian_jazz_singers"
"Steven Rossitto"," ","","","Australia","1993 or 1994 (age 30–31) ","","Jazz","","","","","","","https://en.wikipedia.org/wiki/Steven_Rossitto","Category_Australian jazz singers","https://en.wikipedia.org/wiki/Category:Australian_jazz_singers"
"Shelley Scown"," Shelley Scown is an Australian singer, musician and educator who has contributed widely to the Australian and Indigenous music industry. ","","","","","","","","","","","","","https://en.wikipedia.org/wiki/Shelley_Scown","Category_Australian jazz singers","https://en.wikipedia.org/wiki/Category:Australian_jazz_singers"
"Janet Seidel"," Seidel studied at the Elder Conservatorium at the University of Adelaide (BMusic, 1973–1976).","","","Australia","( 1955-05-28 ) 28 May 1955, Cummins , South Australia , Australia","7 August 2017 (aged 62), Sydney , New South Wales , Australia","Jazz , traditional pop","Singer, musician, educator","","1974–2017","La Brava","","","https://en.wikipedia.org/wiki/Janet_Seidel","Category_Australian jazz singers","https://en.wikipedia.org/wiki/Category:Australian_jazz_singers"
"June Smith (jazz singer)"," June Robinson was born in Edinburgh, Scotland on 9 June 1930. Her mother was a singer and pianist and her father was a saxophonist.  At 16, she officially began her performing career as a singer and trumpeter with the girls' band of Blanche Coleman . Three years later she became a member of \"Britain’s most famous all female swing band, Ivy Benson and Her All Girl Orchestra,\"  performing in British music halls and during several overseas tours, including North Africa, to entertain the armed forces.  Bands like Benson's were formed during World War II when most male musicians were called up for combat duty. ","","","Scotland","June Robinson, 9 June 1930, Edinburgh , Scotland","6 May 2016  ( 2016-05-07 ) (aged 85), Australia","","Jazz musician, singer","","","","","","https://en.wikipedia.org/wiki/June_Smith_(jazz_singer)","Category_Australian jazz singers","https://en.wikipedia.org/wiki/Category:Australian_jazz_singers"
"Christine Sullivan"," Christine Sullivan (born in Hobart , Tasmania ) is an Australian singer.","","","","","","","","","","","","","https://en.wikipedia.org/wiki/Christine_Sullivan","Category_Australian jazz singers","https://en.wikipedia.org/wiki/Category:Australian_jazz_singers"
"Monica Trapaga"," Trapaga was born in 1965 and grew up in Wahroonga, New South Wales , as the youngest child of a Spanish-Chinese father, Nestor Juan Trápaga, and a Spanish-American mother, Margot (born 1935, née Esteban).    Her older siblings were all born in Manila , Philippines: Juan Ignacio (later known as Ignatius Jones ), Luis Miguel and Rocio Maria Trápaga – the family had relocated to Sydney by March 1963.   In November 1991 she described her \"fairly crazy Latin family. I grew up surrounded by music – everything from jazz and Latin to opera and classical. My father had an interest in jazz, particularly Afro-Cuban jazz.\" ","","","Australia","1965 (age 58–59), Wahroonga, New South Wales , Australia","","Jazz , children's music","Singer, TV presenter, writer","","1985–present","rooArt / PolyGram","","","https://en.wikipedia.org/wiki/Monica_Trapaga","Category_Australian jazz singers","https://en.wikipedia.org/wiki/Category:Australian_jazz_singers"
"Joanna Wallfisch"," Joanna Wallfisch (born 1985  in London ) is a British-Australian singer-songwriter and jazz singer.","","","","","","","","","","","","","https://en.wikipedia.org/wiki/Joanna_Wallfisch","Category_Australian jazz singers","https://en.wikipedia.org/wiki/Category:Australian_jazz_singers"
