﻿"タイトル","コメント","出生名","別名","出身地","生誕","死没","ジャンル","職業","担当楽器","活動期間","レーベル","共同作業者","メンバー","URL","親リストタイトル","親リストURL"
"Inhaltsverzeichnis:","","","","","","","","","","","","","","","Kategorie_Jazz-Pianist","https://de.wikipedia.org/wiki/Kategorie:Jazz-Pianist"
"Jazz-Piano"," Der Begriff Jazz-Piano bezeichnet die Rolle des Klaviers im Jazz , insbesondere die im Laufe der Jazzgeschichte entstandenen spezifischen Spiel- und Satztechniken.","","","","","","","","","","","","","https://de.wikipedia.org/wiki/Jazz-Piano","Kategorie_Jazz-Pianist","https://de.wikipedia.org/wiki/Kategorie:Jazz-Pianist"
"Irving Aaronson"," Irving A. Aaronson (* 7. Februar 1895 in New York City ; † 10. März 1963 in Hollywood ) war ein US-amerikanischer Jazz -Pianist und Bandleader.","","","","","","","","","","","","","https://de.wikipedia.org/wiki/Irving_Aaronson","Kategorie_Jazz-Pianist","https://de.wikipedia.org/wiki/Kategorie:Jazz-Pianist"
"Michael Abene"," Michael Abene (* 2. Juli 1942 in Brooklyn , New York City ) ist ein US-amerikanischer Jazz - Pianist , Arrangeur, Komponist , Musikpädagoge und Produzent. Von 2004 bis 2014 war er Chefdirigent der WDR Big Band .","","","","","","","","","","","","","https://de.wikipedia.org/wiki/Michael_Abene","Kategorie_Jazz-Pianist","https://de.wikipedia.org/wiki/Kategorie:Jazz-Pianist"
"Don Abney"," John Donald „Don“ Abney (* 10. März 1923 in Baltimore , Maryland ; † 20. Januar 2000 in Los Angeles , Kalifornien ), war ein US-amerikanischer Jazz-Pianist .","","","","","","","","","","","","","https://de.wikipedia.org/wiki/Don_Abney","Kategorie_Jazz-Pianist","https://de.wikipedia.org/wiki/Kategorie:Jazz-Pianist"
"Chris Abrahams"," Christopher Robert Lionel Abrahams (* 9. April 1961 in Oamaru  , Neuseeland ) ist ein australischer Filmkomponist , Pianist und Keyboarder , der vor allem im Modern Jazz und der Improvisationsmusik hervorgetreten ist.","","","","","","","","","","","","","https://de.wikipedia.org/wiki/Chris_Abrahams","Kategorie_Jazz-Pianist","https://de.wikipedia.org/wiki/Kategorie:Jazz-Pianist"
"Muhal Richard Abrams"," Muhal Richard Abrams (* 19. September 1930 in Chicago , Illinois ; † 29. Oktober 2017   ) war ein US-amerikanischer Jazzpianist , - klarinettist und Komponist .","","","","","","","","","","","","","https://de.wikipedia.org/wiki/Muhal_Richard_Abrams","Kategorie_Jazz-Pianist","https://de.wikipedia.org/wiki/Kategorie:Jazz-Pianist"
"Johnny Acea"," John „Johnny“ Adriano Acea (* 11. Oktober 1917 in Philadelphia , Pennsylvania ; † 25. Juli 1963 in Philadelphia, Pennsylvania) war ein amerikanischer Jazzpianist .","","","","","","","","","","","","","https://de.wikipedia.org/wiki/Johnny_Acea","Kategorie_Jazz-Pianist","https://de.wikipedia.org/wiki/Kategorie:Jazz-Pianist"
"Bob Acri"," Bob Acri oder Robert R. Acri (* 1918 in Chicago , Illinois ; † 25. Juli 2013 in Evanston , Illinois  ) war ein US-amerikanischer Jazzpianist .","","","","","","","","","","","","","https://de.wikipedia.org/wiki/Bob_Acri","Kategorie_Jazz-Pianist","https://de.wikipedia.org/wiki/Kategorie:Jazz-Pianist"
"Beegie Adair"," Beegie Adair (*  11. Dezember 1937 als Bobbe Gorin Long in Barren County , Kentucky ) ist eine US-amerikanische Jazzpianistin .","","","","","","","","","","","","","https://de.wikipedia.org/wiki/Beegie_Adair","Kategorie_Jazz-Pianist","https://de.wikipedia.org/wiki/Kategorie:Jazz-Pianist"
"Christoph Adams"," Christoph Adams (* 19. April 1965 in Wittlich ) ist ein deutscher Jazzpianist .","","","","","","","","","","","","","https://de.wikipedia.org/wiki/Christoph_Adams","Kategorie_Jazz-Pianist","https://de.wikipedia.org/wiki/Kategorie:Jazz-Pianist"
"Nat Adderley junior"," Nat Adderley junior (* 23. Mai 1955 in Quincy , Florida ) ist ein US-amerikanischer Arrangeur , Komponist und Pianist in Bereich der Pop- , R&B und Jazzmusik .","","","","","","","","","","","","","https://de.wikipedia.org/wiki/Nat_Adderley_junior","Kategorie_Jazz-Pianist","https://de.wikipedia.org/wiki/Kategorie:Jazz-Pianist"
"Stefan Aeby"," Stefan Aeby (* 3. Juli 1979 in Freiburg im Üechtland ) ist ein Schweizer Jazzmusiker (Piano, Komposition). ","","","","","","","","","","","","","https://de.wikipedia.org/wiki/Stefan_Aeby","Kategorie_Jazz-Pianist","https://de.wikipedia.org/wiki/Kategorie:Jazz-Pianist"
"Mervyn Africa"," Mervyn Africa (* 18. Oktober 1950 in District Six ) ist ein britischer Jazzmusiker ( Piano , Keyboards ) südafrikanischer Herkunft.","","","","","","","","","","","","","https://de.wikipedia.org/wiki/Mervyn_Africa","Kategorie_Jazz-Pianist","https://de.wikipedia.org/wiki/Kategorie:Jazz-Pianist"
"Rob Agerbeek"," Robbert Arris Jules „Rob“ Agerbeek (* 28. September 1937 in Batavia ) ist ein niederländischer Jazzpianist indonesischer Herkunft. Er gilt als einer der besten europäischen Jazzpianisten seiner Generation und beherrscht das ganze Spektrum vom Boogie Woogie über den Swing bis hin zum Hard Bop . ","","","","","","","","","","","","","https://de.wikipedia.org/wiki/Rob_Agerbeek","Kategorie_Jazz-Pianist","https://de.wikipedia.org/wiki/Kategorie:Jazz-Pianist"
"Sophie Agnel"," Sophie Agnel (* 1964 in Paris ) ist eine französische Pianistin des Creative Jazz und der Improvisationsmusik , die insbesondere für die von ihr erweiterten Klangmöglichkeiten auf dem präparierten Klavier bekannt ist. Daneben setzt sie aber auch Synthesizer ein.","","","","","","","","","","","","","https://de.wikipedia.org/wiki/Sophie_Agnel","Kategorie_Jazz-Pianist","https://de.wikipedia.org/wiki/Kategorie:Jazz-Pianist"
"Aloisio Milanez Aguiar"," Aloisio Milanez Aguiar (* 23. Juli 1943 in Rio de Janeiro ; † 8. Juni 2016 ebendort  ) war ein brasilianischer Jazzmusiker ( Piano , Keyboard , Komposition , auch Celesta, Marimba, Perkussion, Gesang).","","","","","","","","","","","","","https://de.wikipedia.org/wiki/Aloisio_Milanez_Aguiar","Kategorie_Jazz-Pianist","https://de.wikipedia.org/wiki/Kategorie:Jazz-Pianist"
"Ingo Ahmels"," Ingo Ahmels (* 1959 in Hamburg ) ist ein deutscher Musiker (Pianist, Komponist, Musikproduzent), bildender Künstler, Klanginstallateur sowie Publizist (Musikforscher, Dokumentarfilmer, Fachübersetzer, Textdichter) und Lehrer.","","","","","","","","","","","","","https://de.wikipedia.org/wiki/Ingo_Ahmels","Kategorie_Jazz-Pianist","https://de.wikipedia.org/wiki/Kategorie:Jazz-Pianist"
"Pentti Ahola (Musiker)"," Pentti Ahola (* 11. Januar 1929 in Helsinki ; † 30. Juni 2012 ebenda) war ein finnischer Jazzpianist (auch Akkordeon ).","","","","","","","","","","","","","https://de.wikipedia.org/wiki/Pentti_Ahola_(Musiker)","Kategorie_Jazz-Pianist","https://de.wikipedia.org/wiki/Kategorie:Jazz-Pianist"
"Olli Ahvenlahti"," Olli Ahvenlahti (* 6. August 1949 in Helsinki ) ist ein finnischer Jazz-Pianist , Dirigent und Komponist.","","","","","","","","","","","","","https://de.wikipedia.org/wiki/Olli_Ahvenlahti","Kategorie_Jazz-Pianist","https://de.wikipedia.org/wiki/Kategorie:Jazz-Pianist"
"Oskar Aichinger"," Oskar Aichinger (* 1956 in Vöcklabruck ) ist ein österreichischer Komponist und Pianist des Modern Creative Jazz .","","","","","","","","","","","","","https://de.wikipedia.org/wiki/Oskar_Aichinger","Kategorie_Jazz-Pianist","https://de.wikipedia.org/wiki/Kategorie:Jazz-Pianist"
"Kei Akagi"," Kei Akagi ( japanisch ケイ赤城 ; * 16. März 1953 in Sendai ) ist ein aus Japan stammender und in den Vereinigten Staaten lebender Jazz -Musiker (Piano und Keyboards) sowie Hochschullehrer.","","","","","","","","","","","","","https://de.wikipedia.org/wiki/Kei_Akagi","Kategorie_Jazz-Pianist","https://de.wikipedia.org/wiki/Kategorie:Jazz-Pianist"
"David Ake"," David Andrew Ake (* 11. Mai 1961 in New Haven , Connecticut ) ist ein US-amerikanischer Jazzmusiker ( Piano , Komposition ) und Musikwissenschaftler .","","","","","","","","","","","","","https://de.wikipedia.org/wiki/David_Ake","Kategorie_Jazz-Pianist","https://de.wikipedia.org/wiki/Kategorie:Jazz-Pianist"
"Shōji Aketagawa"," Shōji Aketagawa ( jap. 明田川 荘之 , Aketagawa Shōji ; * 23. Oktober 1950 in der Präfektur Tokio ) ist ein japanischer Jazzpianist .","","","","","","","","","","","","","https://de.wikipedia.org/wiki/Shōji_Aketagawa","Kategorie_Jazz-Pianist","https://de.wikipedia.org/wiki/Kategorie:Jazz-Pianist"
"Yoshitaka Akimitsu"," Yoshitaka Akimitsu ( jap. 秋満 義孝 , Akimitsu Yoshitaka ; * 19. August 1929 in der Präfektur Tokio )  ist ein japanischer Jazzmusiker (Piano), stilistisch der Swing-Tradition verbunden. ","","","","","","","","","","","","","https://de.wikipedia.org/wiki/Yoshitaka_Akimitsu","Kategorie_Jazz-Pianist","https://de.wikipedia.org/wiki/Kategorie:Jazz-Pianist"
"Toshiko Akiyoshi"," Toshiko Akiyoshi ( jap. 穐吉 敏子 bzw. 秋吉 敏子 ), bzw. 龝吉 敏子 , Akiyoshi Toshiko ; * 12. Dezember 1929 in Liaoyang (manchmal wird auch Dalian , China als Geburtsort genannt) ist eine japanische Jazz-Pianistin , Komponistin, Arrangeurin und Bigband -Leaderin.","","","","","","","","","","","","","https://de.wikipedia.org/wiki/Toshiko_Akiyoshi","Kategorie_Jazz-Pianist","https://de.wikipedia.org/wiki/Kategorie:Jazz-Pianist"
"Joe Albany"," Joseph „Joe“ Albany (* 24. Januar 1924 in Atlantic City als Joseph Albani  , New Jersey ; † 11. Januar 1988 in New York City ) war ein amerikanischer Jazz-Pianist des Bebop . Er spielte mit Charlie Parker und Lester Young .","","","","","","","","","","","","","https://de.wikipedia.org/wiki/Joe_Albany","Kategorie_Jazz-Pianist","https://de.wikipedia.org/wiki/Kategorie:Jazz-Pianist"
"Victor Alcántara"," Victor Alcántara (* 1975 in München ) ist ein deutscher Pianist, Sänger und Komponist peruanischer Abstammung, der sowohl in der Klassik als auch im Jazz beheimatet ist.","","","","","","","","","","","","","https://de.wikipedia.org/wiki/Victor_Alcántara","Kategorie_Jazz-Pianist","https://de.wikipedia.org/wiki/Kategorie:Jazz-Pianist"
"Bob Alcivar"," Bob Alcivar (* 8. Juli 1938 in Chicago ) ist ein US-amerikanischer Jazzpianist , Musikproduzent , Komponist und Arrangeur .","","","","","","","","","","","","","https://de.wikipedia.org/wiki/Bob_Alcivar","Kategorie_Jazz-Pianist","https://de.wikipedia.org/wiki/Kategorie:Jazz-Pianist"
"Jochen Aldinger"," Jochen Aldinger (* 6. Februar 1973 in Stuttgart ) ist ein deutscher Pianist , Hammond organist und Komponist .","","","","","","","","","","","","","https://de.wikipedia.org/wiki/Jochen_Aldinger","Kategorie_Jazz-Pianist","https://de.wikipedia.org/wiki/Kategorie:Jazz-Pianist"
"Tony Aless"," Tony Aless , eigentlich Anthony Alessandrini , (* 22. August 1921 in Garfield , New Jersey ; † 11. Januar 1988 in New York City ) war ein US-amerikanischer Jazz-Pianist . Er spielte mit Charlie Parker und Woody Herman .","","","","","","","","","","","","","https://de.wikipedia.org/wiki/Tony_Aless","Kategorie_Jazz-Pianist","https://de.wikipedia.org/wiki/Kategorie:Jazz-Pianist"
"Charlie Alexander"," Charlie Alexander (* 29. Mai 1890 in Cincinnati , Ohio ; † 4. Februar 1970 )  war ein US-amerikanischer Jazz-Pianist .","","","","","","","","","","","","","https://de.wikipedia.org/wiki/Charlie_Alexander","Kategorie_Jazz-Pianist","https://de.wikipedia.org/wiki/Kategorie:Jazz-Pianist"
"Joey Alexander"," Joey Alexander , eigentlich Josiah Alexander Sila (* 2003 in Denpasar , Bali ), ist ein indonesischer Jazzpianist. Er gilt als musikalisches Wunderkind. ","","","","","","","","","","","","","https://de.wikipedia.org/wiki/Joey_Alexander","Kategorie_Jazz-Pianist","https://de.wikipedia.org/wiki/Kategorie:Jazz-Pianist"
"Monty Alexander"," Monty Alexander , eigentlich Montgomery Bernard Alexander (* 6. Juni 1944 in Kingston , Jamaika ) ist Jazz-Pianist und Melodica -Spieler.","","","","","","","","","","","","","https://de.wikipedia.org/wiki/Monty_Alexander","Kategorie_Jazz-Pianist","https://de.wikipedia.org/wiki/Kategorie:Jazz-Pianist"
"Roland Alexander"," Roland E. Alexander (* 25. September 1935 in Boston ; † 14. Juni 2006 in Brooklyn , New York City ) war ein amerikanischer Musiker ( Tenor- und Sopransaxophon , Mundharmonika , Piano ) des Modern und des Creative Jazz .","","","","","","","","","","","","","https://de.wikipedia.org/wiki/Roland_Alexander","Kategorie_Jazz-Pianist","https://de.wikipedia.org/wiki/Kategorie:Jazz-Pianist"
"Geri Allen"," Geri Antoinette Allen (* 12. Juni 1957 in Detroit , Michigan ; † 27. Juni 2017 in Philadelphia , Pennsylvania  ) war eine US-amerikanische Jazz-Pianistin , Komponistin , Musikethnologin und Hochschullehrerin . Stilistisch war sie eigensinnig und zugleich sehr vielseitig: Sie „konnte berührend zart und elegant spielen, aber es gab auch die andere Geri Allen, die pointierte, oft gegenläufige Rhythmen“ und beeindruckende Grooves schuf  ","","","","","","","","","","","","","https://de.wikipedia.org/wiki/Geri_Allen","Kategorie_Jazz-Pianist","https://de.wikipedia.org/wiki/Kategorie:Jazz-Pianist"
"Johnny Allen (Musiker)"," John V. „Johnny“ Allen, Jr. (* 20. September 1917 in Uchee , Russell County , Alabama ; † 29. Januar 2014 in Detroit , Michigan  ) war ein US-amerikanischer Arrangeur und Jazzpianist , der durch seine Arbeit für die Label Motown und Stax Records bekannt wurde.","","","","","","","","","","","","","https://de.wikipedia.org/wiki/Johnny_Allen_(Musiker)","Kategorie_Jazz-Pianist","https://de.wikipedia.org/wiki/Kategorie:Jazz-Pianist"
"Sam Allen (Jazzpianist)"," Sam Allen (* 30. Januar 1909 in Middleport , Ohio ; † September 1963 in Kalifornien ) war ein US-amerikanischer Jazzpianist der Swingarä.","","","","","","","","","","","","","https://de.wikipedia.org/wiki/Sam_Allen_(Jazzpianist)","Kategorie_Jazz-Pianist","https://de.wikipedia.org/wiki/Kategorie:Jazz-Pianist"
"Tim Allhoff"," Tim Allhoff (* 1980 in Augsburg ) ist ein deutscher Jazz-Pianist und Komponist .","","","","","","","","","","","","","https://de.wikipedia.org/wiki/Tim_Allhoff","Kategorie_Jazz-Pianist","https://de.wikipedia.org/wiki/Kategorie:Jazz-Pianist"
"Mose Allison"," John Mose Allison Jr. (* 11. November 1927 in Tippo , Tallahatchie County , Mississippi ; † 15. November 2016 ebenda  ) war ein US-amerikanischer Jazzpianist und Sänger.","","","","","","","","","","","","","https://de.wikipedia.org/wiki/Mose_Allison","Kategorie_Jazz-Pianist","https://de.wikipedia.org/wiki/Kategorie:Jazz-Pianist"
"Karrin Allyson"," Karrin Allyson (eigentlich Karrin Allyson Schoonover ; * 27. Juli 1963 in Great Bend , Barton County , Kansas ) ist eine US-amerikanische Jazzsängerin , Pianistin und Songwriterin .","","","","","","","","","","","","","https://de.wikipedia.org/wiki/Karrin_Allyson","Kategorie_Jazz-Pianist","https://de.wikipedia.org/wiki/Kategorie:Jazz-Pianist"
"Fabian Almazan"," Fabian Almazan (* 16. April 1984 in Havanna ) ist ein kubanisch -US-amerikanischer Jazzpianist und Filmkomponist .","","","","","","","","","","","","","https://de.wikipedia.org/wiki/Fabian_Almazan","Kategorie_Jazz-Pianist","https://de.wikipedia.org/wiki/Kategorie:Jazz-Pianist"
"Michail Alperin"," Michail Jefimowitsch Alperin ( russisch Михаил Ефимович Альперин , auch Миша Альперин Mischa Alperin ; * 7. November 1956 in Kamenez-Podolski , Ukrainische SSR , Sowjetunion (heute: Kamjanez-Podilskyj, Ukraine ); † 11. Mai 2018 in Oslo , Norwegen  ) war ein Jazz-Pianist (gelegentlich auch Melodicaspieler ), der unter dem Namen Mikhail Alperin bzw. Misha Alperin bekannt war.","","","","","","","","","","","","","https://de.wikipedia.org/wiki/Michail_Alperin","Kategorie_Jazz-Pianist","https://de.wikipedia.org/wiki/Kategorie:Jazz-Pianist"
"Götz Alsmann"," Götz Alsmann (* 12. Juli 1957 in Münster ) ist ein deutscher Musiker , Multiinstrumentalist und Sänger . Er wurde als Moderator der WDR -Show Zimmer frei! bekannt.","","","","","","","","","","","","","https://de.wikipedia.org/wiki/Götz_Alsmann","Kategorie_Jazz-Pianist","https://de.wikipedia.org/wiki/Kategorie:Jazz-Pianist"
"Sebastian Altekamp"," Sebastian „Bosse“ Altekamp (* 22. Januar 1963 in Münster ) ist ein deutscher Jazzmusiker ( Piano , Komposition ).","","","","","","","","","","","","","https://de.wikipedia.org/wiki/Sebastian_Altekamp","Kategorie_Jazz-Pianist","https://de.wikipedia.org/wiki/Kategorie:Jazz-Pianist"
"Myriam Alter"," Myriam Alter (* 26. September 1945 in Brüssel )  ist eine belgische Jazzpianistin , die vor allem als Komponistin hervorgetreten ist.","","","","","","","","","","","","","https://de.wikipedia.org/wiki/Myriam_Alter","Kategorie_Jazz-Pianist","https://de.wikipedia.org/wiki/Kategorie:Jazz-Pianist"
"Mike Alterman"," Mike Alterman ist ein US-amerikanischer Jazzpianist , Keyboarder , Filmkomponist und Arrangeur .","","","","","","","","","","","","","https://de.wikipedia.org/wiki/Mike_Alterman","Kategorie_Jazz-Pianist","https://de.wikipedia.org/wiki/Kategorie:Jazz-Pianist"
"Hélio Alves"," Hélio Alves (* 1966 in São Paulo ) ist ein brasilianischer Jazzpianist .","","","","","","","","","","","","","https://de.wikipedia.org/wiki/Hélio_Alves","Kategorie_Jazz-Pianist","https://de.wikipedia.org/wiki/Kategorie:Jazz-Pianist"
"Cesarius Alvim"," Cesarius Alvim (* 28. April 1950 in Rio de Janeiro ) ist ein brasilianischer Jazzmusiker (Piano, Kontrabass, Schlagzeug). Als Komponist macht er häufig seine brasilianischen Wurzeln bewusst („Dança da Cobra“, „Escola de samba“).","","","","","","","","","","","","","https://de.wikipedia.org/wiki/Cesarius_Alvim","Kategorie_Jazz-Pianist","https://de.wikipedia.org/wiki/Kategorie:Jazz-Pianist"
"Jimmy Amadie"," James V. “Jimmy” Amadie Jr. (* 5. Januar 1937 ; † 10. Dezember 2013  in Bala Cynwyd , Pennsylvania ) war ein US-amerikanischer Jazzpianist und Musikpädagoge, der in der Musikszene von Philadelphia aktiv war.","","","","","","","","","","","","","https://de.wikipedia.org/wiki/Jimmy_Amadie","Kategorie_Jazz-Pianist","https://de.wikipedia.org/wiki/Kategorie:Jazz-Pianist"
"Albert Ammons"," Albert Ammons (* 1. März 1907 in Chicago , Illinois ; † 2. Dezember 1949 ebenda)  war ein US-amerikanischer Pianist, der hauptsächlich durch seine Boogie-Woogie -Interpretationen und Kompositionen bekannt wurde.","","","","","","","","","","","","","https://de.wikipedia.org/wiki/Albert_Ammons","Kategorie_Jazz-Pianist","https://de.wikipedia.org/wiki/Kategorie:Jazz-Pianist"
"Franck Amsallem"," Franck Amsallem (* 25. Oktober 1961 in Oran ) ist ein französischer Jazz - Pianist und Komponist .","","","","","","","","","","","","","https://de.wikipedia.org/wiki/Franck_Amsallem","Kategorie_Jazz-Pianist","https://de.wikipedia.org/wiki/Kategorie:Jazz-Pianist"
"Nikolas Anadolis"," Nikolas Anadolis ( griechisch Νικόλαος Αναδολής , * 1991 in Thessaloniki ) ist ein griechischer Jazzmusiker ( Piano , Komposition ).","","","","","","","","","","","","","https://de.wikipedia.org/wiki/Nikolas_Anadolis","Kategorie_Jazz-Pianist","https://de.wikipedia.org/wiki/Kategorie:Jazz-Pianist"
"Jacob Anderskov"," Jacob Anderskov (* 1975 ) ist ein dänischer Jazzpianist .","","","","","","","","","","","","","https://de.wikipedia.org/wiki/Jacob_Anderskov","Kategorie_Jazz-Pianist","https://de.wikipedia.org/wiki/Kategorie:Jazz-Pianist"
"Chris Anderson (Musiker)"," Chris Anderson (* 26. Februar 1926 in Chicago ; † 4. Februar 2008 in Manhattan , New York City ) war ein US-amerikanischer Jazz - Pianist .","","","","","","","","","","","","","https://de.wikipedia.org/wiki/Chris_Anderson_(Musiker)","Kategorie_Jazz-Pianist","https://de.wikipedia.org/wiki/Kategorie:Jazz-Pianist"
"Duke Anderson"," Howard „Duke“ Anderson war ein US-amerikanischer Jazz - und Rhythm & Blues -Musiker ( Piano , Arrangement, Komposition).","","","","","","","","","","","","","https://de.wikipedia.org/wiki/Duke_Anderson","Kategorie_Jazz-Pianist","https://de.wikipedia.org/wiki/Kategorie:Jazz-Pianist"
"Wes Anderson (Musiker)"," Wessell „Wes“ „Warmdaddy“ Anderson (* 27. November 1964  in Brooklyn ) ist ein US-amerikanischer Jazzmusiker ( Saxophone , Flöte , Piano ).","","","","","","","","","","","","","https://de.wikipedia.org/wiki/Wes_Anderson_(Musiker)","Kategorie_Jazz-Pianist","https://de.wikipedia.org/wiki/Kategorie:Jazz-Pianist"
"Claes Andersson"," Claes Johan Rudolf Andersson (* 30. Mai 1937 in Helsinki ; † 24. Juli 2019 ) war ein finnlandschwedischer Schriftsteller , Arzt, Politiker und Jazzmusiker .","","","","","","","","","","","","","https://de.wikipedia.org/wiki/Claes_Andersson","Kategorie_Jazz-Pianist","https://de.wikipedia.org/wiki/Kategorie:Jazz-Pianist"
"Yannis Anft"," Yannis Anft (* 1993 ) ist ein deutscher Jazzmusiker ( Piano , Komposition ). ","","","","","","","","","","","","","https://de.wikipedia.org/wiki/Yannis_Anft","Kategorie_Jazz-Pianist","https://de.wikipedia.org/wiki/Kategorie:Jazz-Pianist"
"Piero Angela"," Piero Angela (* 22. Dezember 1928 in Turin  ) ist ein italienischer Wissenschaftsjournalist , Fernsehmoderator und Buchautor .","","","","","","","","","","","","","https://de.wikipedia.org/wiki/Piero_Angela","Kategorie_Jazz-Pianist","https://de.wikipedia.org/wiki/Kategorie:Jazz-Pianist"
"Primo Angeli"," Primo Angeli (* 5. Mai 1906 in Mailand ; † 25. Oktober 2003 in München ) war ein italienischer Jazz - und Unterhaltungsmusiker ( Piano , Hammondorgel ).","","","","","","","","","","","","","https://de.wikipedia.org/wiki/Primo_Angeli","Kategorie_Jazz-Pianist","https://de.wikipedia.org/wiki/Kategorie:Jazz-Pianist"
"Pepe Angelillo"," José „Pepe“ Angelillo (* 19. September 1960 in Tandil ) ist ein argentinischer Jazzpianist , Arrangeur und Komponist .","","","","","","","","","","","","","https://de.wikipedia.org/wiki/Pepe_Angelillo","Kategorie_Jazz-Pianist","https://de.wikipedia.org/wiki/Kategorie:Jazz-Pianist"
"Antonis Anissegos"," Antonis Anissegos ( griechisch Αντώνης Ανισέγκος ; * 1970 in Thessaloniki ) ist ein griechischer Komponist und Pianist.","","","","","","","","","","","","","https://de.wikipedia.org/wiki/Antonis_Anissegos","Kategorie_Jazz-Pianist","https://de.wikipedia.org/wiki/Kategorie:Jazz-Pianist"
"Bill Anschell"," Bill Anschell (* in Seattle , Washington ) ist ein US-amerikanischer Jazzpianist , Komponist , Autor und Musikproduzent .","","","","","","","","","","","","","https://de.wikipedia.org/wiki/Bill_Anschell","Kategorie_Jazz-Pianist","https://de.wikipedia.org/wiki/Kategorie:Jazz-Pianist"
"Renato Anselmi (Musiker)"," Renato Vittorio Anselmi (* 23. August 1941 in Zürich ) ist ein Schweizer Jazzmusiker (Piano, Keyboards, Arrangement, Komposition).","","","","","","","","","","","","","https://de.wikipedia.org/wiki/Renato_Anselmi_(Musiker)","Kategorie_Jazz-Pianist","https://de.wikipedia.org/wiki/Kategorie:Jazz-Pianist"
"Bene Aperdannier"," Bene Aperdannier (* 1966 in Hamm ) ist ein deutscher Jazzmusiker (Piano, Komposition).","","","","","","","","","","","","","https://de.wikipedia.org/wiki/Bene_Aperdannier","Kategorie_Jazz-Pianist","https://de.wikipedia.org/wiki/Kategorie:Jazz-Pianist"
"Peter Apfelbaum"," Peter Apfelbaum (* 21. August 1960 in Berkeley , Kalifornien ) ist ein US-amerikanischer Pianist , Tenorsaxophonist , Schlagzeuger und Komponist des Modern Creative Jazz .","","","","","","","","","","","","","https://de.wikipedia.org/wiki/Peter_Apfelbaum","Kategorie_Jazz-Pianist","https://de.wikipedia.org/wiki/Kategorie:Jazz-Pianist"
"Kobi Arad"," Kobi Arad (* 2. Oktober 1981 in Haifa , Israel )  ist ein israelisch - US-amerikanischer Pianist und Musikkomponist der Fusionmusik .  Er wuchs in Haifa auf, absolvierte ein Musikstudium an der Universität Tel Aviv und lebt gegenwärtig in New York .  In seiner Musik vereint er verschiedene Stile, unter anderem Third Stream , Jazz , R&B , Hip-Hop und Elektromusik , wobei Improvisation bei einem Großteil seiner Arbeit im Mittelpunkt steht.  Seine Musik wurde bereits in mehreren Veröffentlichungen, darunter Ynet ,  Jazz Times  und All About Jazz  erwähnt. Arad hat mit anderen Musikern, wie z. B. Stevie Wonder und Cindy Blackman , zusammengearbeitet.  In New York, seinem momentanen Wohnsitz, ist er als Komponist, Arrangeur und auch vortragender Künstler tätig.","","","","","","","","","","","","","https://de.wikipedia.org/wiki/Kobi_Arad","Kategorie_Jazz-Pianist","https://de.wikipedia.org/wiki/Kategorie:Jazz-Pianist"
"Irene Aranda"," Irene Aranda (* 2. September 1980 in Jaén ) ist eine spanische Jazz-Pianistin , die auch im Bereich der Improvisierten Musik auftritt.","","","","","","","","","","","","","https://de.wikipedia.org/wiki/Irene_Aranda","Kategorie_Jazz-Pianist","https://de.wikipedia.org/wiki/Kategorie:Jazz-Pianist"
"Michael Arbenz"," Michael Arbenz (* 1975 in Basel ) ist ein Schweizer Musiker (Piano, Komposition), der vor allem im Jazz bekannt wurde.","","","","","","","","","","","","","https://de.wikipedia.org/wiki/Michael_Arbenz","Kategorie_Jazz-Pianist","https://de.wikipedia.org/wiki/Kategorie:Jazz-Pianist"
"Neil Ardley"," Neil Richard Ardley (* 26. Mai 1937 in Wallington ; † 23. Februar 2004 ) war ein englischer Jazzpianist und Komponist , der sich auch als Autor populärwissenschaftlicher Bücher und Lektor einen Namen machte.","","","","","","","","","","","","","https://de.wikipedia.org/wiki/Neil_Ardley","Kategorie_Jazz-Pianist","https://de.wikipedia.org/wiki/Kategorie:Jazz-Pianist"
"Maria Chiara Argirò"," Maria Chiara Argirò (* um 1990 in Rom ) ist eine italienische Jazzmusikerin ( Piano , auch Keyboard , Komposition ).","","","","","","","","","","","","","https://de.wikipedia.org/wiki/Maria_Chiara_Argirò","Kategorie_Jazz-Pianist","https://de.wikipedia.org/wiki/Kategorie:Jazz-Pianist"
"Ian Armit (Musiker)"," Ian Armit (* 11. April 1929 in Fife (Schottland) ; † 18. Februar 1992 in Zürich ) war ein britischer Blues - und Jazzpianist .","","","","","","","","","","","","","https://de.wikipedia.org/wiki/Ian_Armit_(Musiker)","Kategorie_Jazz-Pianist","https://de.wikipedia.org/wiki/Kategorie:Jazz-Pianist"
"Dennis Armitage"," Dennis Armitage (* 28. Mai 1928 in Leeds ; † 5. November 2005 in Zürich ) war ein britischer Jazz -Pianist, Saxophonist und Maler.","","","","","","","","","","","","","https://de.wikipedia.org/wiki/Dennis_Armitage","Kategorie_Jazz-Pianist","https://de.wikipedia.org/wiki/Kategorie:Jazz-Pianist"
"Joe Armon-Jones"," Joe Armon-Jones (* 1994 in Oxfordshire ) ist ein britischer Fusionmusiker ( Keyboards , Komposition ), der in der Jazz -, R&B - und Hip-Hop -Szene Londons eine aktive Stellung einnimmt. ","","","","","","","","","","","","","https://de.wikipedia.org/wiki/Joe_Armon-Jones","Kategorie_Jazz-Pianist","https://de.wikipedia.org/wiki/Kategorie:Jazz-Pianist"
"Walter Zuber Armstrong"," Walter Zuber Armstrong (* 9. September 1936 ; † 1. März 1998  ) war ein US-amerikanischer Jazz -Musiker ( Piano , Flöte , Bassklarinette ), Komponist , Arrangeur und Hochschullehrer.","","","","","","","","","","","","","https://de.wikipedia.org/wiki/Walter_Zuber_Armstrong","Kategorie_Jazz-Pianist","https://de.wikipedia.org/wiki/Kategorie:Jazz-Pianist"
"Bernhard Arndt"," Bernhard Arndt (* 30. November 1954 in Berlin ) ist ein deutscher Pianist (auch Keyboard und Live-Elektronik), der vor allem im Bereich des freien Jazz hervorgetreten ist.","","","","","","","","","","","","","https://de.wikipedia.org/wiki/Bernhard_Arndt","Kategorie_Jazz-Pianist","https://de.wikipedia.org/wiki/Kategorie:Jazz-Pianist"
"David Arner"," David Arner (* 4. November 1951 ) ist ein US-amerikanischer Jazzpianist (auch Perkussion, Cembalo), Komponist und Hochschullehrer .","","","","","","","","","","","","","https://de.wikipedia.org/wiki/David_Arner","Kategorie_Jazz-Pianist","https://de.wikipedia.org/wiki/Kategorie:Jazz-Pianist"
"Dag Arnesen"," Dag Syver Arnesen (* 3. Mai 1950 in Bergen , Norwegen ) ist ein norwegischer Jazz-Pianist mit einem Dutzend Alben unter eigenem Namen.  ","","","","","","","","","","","","","https://de.wikipedia.org/wiki/Dag_Arnesen","Kategorie_Jazz-Pianist","https://de.wikipedia.org/wiki/Kategorie:Jazz-Pianist"
"Hubert Arnold"," Hubert E. „Tex“ Arnold (* 2. März 1945 in Temple , Texas ; † 22. August 2019 in Atlantic City , New Jersey  ) war ein US-amerikanischer Jazzmusiker ( Piano , Arrangement , Komposition ), der sich vor allem als Begleitmusiker in der New Yorker Cabaret -Szene hervortat.","","","","","","","","","","","","","https://de.wikipedia.org/wiki/Hubert_Arnold","Kategorie_Jazz-Pianist","https://de.wikipedia.org/wiki/Kategorie:Jazz-Pianist"
"John Arnold (Musiker)"," John Arnold (* um 1900; † nach 1932) war ein US-amerikanischer Blues - und Jazzpianist , der in der Musikszene von St. Louis aktiv war. ","","","","","","","","","","","","","https://de.wikipedia.org/wiki/John_Arnold_(Musiker)","Kategorie_Jazz-Pianist","https://de.wikipedia.org/wiki/Kategorie:Jazz-Pianist"
"Ben Aronov"," Ben Aronov (auch Benny Aronov , * 16. Oktober 1932 in Gary , Indiana ;  † 3. Mai 2015 in Aix-en-Provence  ) war ein US-amerikanischer Jazzpianist , der sich u. a. auch als Keyboarder und Arrangeur betätigte. ","","","","","","","","","","","","","https://de.wikipedia.org/wiki/Ben_Aronov","Kategorie_Jazz-Pianist","https://de.wikipedia.org/wiki/Kategorie:Jazz-Pianist"
"John Arpin"," John Arpin (* 3. Dezember 1936 in Port McNicoll, Ontario ; † 8. November 2007 ) war ein kanadischer Komponist , Pianist , Musiker , Arrangeur und Entertainer .","","","","","","","","","","","","","https://de.wikipedia.org/wiki/John_Arpin","Kategorie_Jazz-Pianist","https://de.wikipedia.org/wiki/Kategorie:Jazz-Pianist"
"Lynne Arriale"," Lynne Arriale (* 29. Mai 1957 in Milwaukee , Wisconsin ) ist eine US-amerikanische Jazz - Pianistin und Hochschullehrerin.","","","","","","","","","","","","","https://de.wikipedia.org/wiki/Lynne_Arriale","Kategorie_Jazz-Pianist","https://de.wikipedia.org/wiki/Kategorie:Jazz-Pianist"
"Georges Arvanitas"," Georges Arvanitas (* 13. Juni 1931 in Marseille ; † 25. September 2005 in der Region Paris  ) war ein französischer Jazz-Pianist und Hammond-Orgel -Spieler.","","","","","","","","","","","","","https://de.wikipedia.org/wiki/Georges_Arvanitas","Kategorie_Jazz-Pianist","https://de.wikipedia.org/wiki/Kategorie:Jazz-Pianist"
"Stephan Aschböck"," Stephan Aschböck (* 1956 in Mittersill , Salzburg ) ist ein österreichischer Jazz ­musiker (Piano, Keyboard, Electronic) und Komponist.","","","","","","","","","","","","","https://de.wikipedia.org/wiki/Stephan_Aschböck","Kategorie_Jazz-Pianist","https://de.wikipedia.org/wiki/Kategorie:Jazz-Pianist"
"Kenneth Ascher"," Kenneth Lee „Ken“ Ascher , auch Kenny Ascher (* 26. Oktober 1944 in Washington, D.C. ) ist ein US-amerikanischer Pianist und Keyboarder im Jazz und in der Popmusik als Arrangeur, Texter und Songwriter im Bereich der Filmmusik .","","","","","","","","","","","","","https://de.wikipedia.org/wiki/Kenneth_Ascher","Kategorie_Jazz-Pianist","https://de.wikipedia.org/wiki/Kategorie:Jazz-Pianist"
"Marvin Ash"," Marvin Ash (* 4. Oktober 1914 in Lamar als Marvin E. Ashbaugh ; † 21. August 1974 in Los Angeles ) war ein amerikanischer Jazzmusiker , der als vorzüglicher Interpret des Stride-Piano gilt.","","","","","","","","","","","","","https://de.wikipedia.org/wiki/Marvin_Ash","Kategorie_Jazz-Pianist","https://de.wikipedia.org/wiki/Kategorie:Jazz-Pianist"
"Paul Ash"," Paul Ash (* 11. Februar 1891 in Deutschland ; † 13. Juli 1958 in New York City ) war ein US-amerikanischer Violinist , Pianist , Komponist und Bigband -Leader im Bereich des Jazz und der Populären Musik . Er wurde The Rajah Of Rhythm genannt.","","","","","","","","","","","","","https://de.wikipedia.org/wiki/Paul_Ash","Kategorie_Jazz-Pianist","https://de.wikipedia.org/wiki/Kategorie:Jazz-Pianist"
"Steve Ash"," Steve Ash (* 1. März 1957 in Pittsburgh ) ist ein US-amerikanischer Musiker ( Piano , Komposition ) des Modern Jazz . ","","","","","","","","","","","","","https://de.wikipedia.org/wiki/Steve_Ash","Kategorie_Jazz-Pianist","https://de.wikipedia.org/wiki/Kategorie:Jazz-Pianist"
"Ehud Asherie"," Ehud Asherie (* 20. Dezember 1979 in Israel ) ist ein US-amerikanischer Jazzmusiker ( Piano , Orgel ).","","","","","","","","","","","","","https://de.wikipedia.org/wiki/Ehud_Asherie","Kategorie_Jazz-Pianist","https://de.wikipedia.org/wiki/Kategorie:Jazz-Pianist"
"Robin Aspland"," Robin Michael Aspland (* 6. Dezember 1961 in Leeds ) ist ein britischer Jazz-Pianist und Keyboarder ( Fender Rhodes , Hammond B3 , Clavinet usw.), der gelegentlich auch Schlagzeug spielt.","","","","","","","","","","","","","https://de.wikipedia.org/wiki/Robin_Aspland","Kategorie_Jazz-Pianist","https://de.wikipedia.org/wiki/Kategorie:Jazz-Pianist"
"Pascal Auberson"," Pascal Auberson (* 21. April 1952 in Lausanne ) ist ein Schweizer Sänger , Perkussionist und Pianist .","","","","","","","","","","","","","https://de.wikipedia.org/wiki/Pascal_Auberson","Kategorie_Jazz-Pianist","https://de.wikipedia.org/wiki/Kategorie:Jazz-Pianist"
"Pierre Audétat"," Pierre Audétat (* 8. Juni 1968 in Lausanne ) ist ein Schweizer Fusion - und Jazzmusiker ( Keyboards , Komposition ), der auch als Remixer hervorgetreten ist.","","","","","","","","","","","","","https://de.wikipedia.org/wiki/Pierre_Audétat","Kategorie_Jazz-Pianist","https://de.wikipedia.org/wiki/Kategorie:Jazz-Pianist"
"Pepsi Auer"," Josef „Pepsi“ Auer (* 14. Juni 1928 in München ; † 29. März 2013 ebenda  ) war ein deutscher Jazzmusiker (Pianist, zunächst Vibraphonist).","","","","","","","","","","","","","https://de.wikipedia.org/wiki/Pepsi_Auer","Kategorie_Jazz-Pianist","https://de.wikipedia.org/wiki/Kategorie:Jazz-Pianist"
"Humbert Augustynowicz"," „Sir“ Humbert Augustynowicz (* 1935 ) ist ein österreichischer Jazzpianist . ","","","","","","","","","","","","","https://de.wikipedia.org/wiki/Humbert_Augustynowicz","Kategorie_Jazz-Pianist","https://de.wikipedia.org/wiki/Kategorie:Jazz-Pianist"
"Giacomo Aula"," Giacomo Aula (* 28. März 1967 in Lagonegro , Potenza ) ist ein italienischer Jazz-Pianist .","","","","","","","","","","","","","https://de.wikipedia.org/wiki/Giacomo_Aula","Kategorie_Jazz-Pianist","https://de.wikipedia.org/wiki/Kategorie:Jazz-Pianist"
"Lovie Austin"," Lovie Austin (* 19. September 1887 in Chattanooga , Tennessee , als Cora Calhoun ; † 10. Juli 1972 in Chicago ) war eine US-amerikanische Blues - und Jazz - Pianistin , Arrangeurin und Komponistin während der klassischen Blues-Ära der 1920er Jahre.","","","","","","","","","","","","","https://de.wikipedia.org/wiki/Lovie_Austin","Kategorie_Jazz-Pianist","https://de.wikipedia.org/wiki/Kategorie:Jazz-Pianist"
"Bobby Avey"," Bobby Avey (* 1985 in Pennsylvania ) ist ein US-amerikanischer Jazzpianist , Komponist und Arrangeur .","","","","","","","","","","","","","https://de.wikipedia.org/wiki/Bobby_Avey","Kategorie_Jazz-Pianist","https://de.wikipedia.org/wiki/Kategorie:Jazz-Pianist"
"Yonathan Avishai"," Yonathan Avishai (* 29. März 1977 in Tel Aviv ) ist ein israelischer Jazzmusiker ( Piano , Komposition ).  „Sein Sound und seine Spielweise sind auf eine eigene Art radikal. Er setzt dort Pausen, wo man sie nicht vermutet.“ ","","","","","","","","","","","","","https://de.wikipedia.org/wiki/Yonathan_Avishai","Kategorie_Jazz-Pianist","https://de.wikipedia.org/wiki/Kategorie:Jazz-Pianist"
"Franck Avitabile"," Franck Avitabile (* 24. November 1971 in Lyon ) ist ein französischer Jazz-Pianist .","","","","","","","","","","","","","https://de.wikipedia.org/wiki/Franck_Avitabile","Kategorie_Jazz-Pianist","https://de.wikipedia.org/wiki/Kategorie:Jazz-Pianist"
"Slavko Avsenik junior"," Slavko Avsenik, Jr. (* 9. April 1958 in Ljubljana ) ist ein slowenischer Komponist , Jazzmusiker (Piano, Synthesizer) und Musikproduzent .","","","","","","","","","","","","","https://de.wikipedia.org/wiki/Slavko_Avsenik_junior","Kategorie_Jazz-Pianist","https://de.wikipedia.org/wiki/Kategorie:Jazz-Pianist"
"Bent Axen"," Bent Axen (* 12. August 1925 in Kopenhagen ; † 20. Mai 2010 in Mindebog ) war ein dänischer Jazzpianist , Theater- und Filmkomponist.","","","","","","","","","","","","","https://de.wikipedia.org/wiki/Bent_Axen","Kategorie_Jazz-Pianist","https://de.wikipedia.org/wiki/Kategorie:Jazz-Pianist"
"Chie Ayado"," Chie Ayado ( jap. 綾戸 智恵 bzw. als Künstlername 綾戸 智絵 , beides Ayado Chie ; * 10. September 1957 in Ōsaka ) ist eine japanische Jazzsängerin und -Pianistin.","","","","","","","","","","","","","https://de.wikipedia.org/wiki/Chie_Ayado","Kategorie_Jazz-Pianist","https://de.wikipedia.org/wiki/Kategorie:Jazz-Pianist"
"Nelson Ayres"," Nelson Ayres (* 14. Januar 1947 in São Paulo als Nelson Luís Ayres de Almeida Freitas ) ist ein brasilianischer Pianist und Komponist , der mit amerikanischen Jazzmusikern und Künstlern der Música Popular Brasileira aufgetreten ist.","","","","","","","","","","","","","https://de.wikipedia.org/wiki/Nelson_Ayres","Kategorie_Jazz-Pianist","https://de.wikipedia.org/wiki/Kategorie:Jazz-Pianist"
"David Azarian"," David Azarian (* 12. März 1952 in Jerewan ; † 29. März 2003 in Stoneham , Massachusetts )  war ein aus Armenien stammender Jazzpianist , der ab Ende der 1980er Jahre in den Vereinigten Staaten arbeitete.","","","","","","","","","","","","","https://de.wikipedia.org/wiki/David_Azarian","Kategorie_Jazz-Pianist","https://de.wikipedia.org/wiki/Kategorie:Jazz-Pianist"
"Christian Azzi"," Christian Azzi (* 1. Dezember 1926 in Paris ;  † 21. November 2020 ebenda) war ein französischer Jazzpianist . ","","","","","","","","","","","","","https://de.wikipedia.org/wiki/Christian_Azzi","Kategorie_Jazz-Pianist","https://de.wikipedia.org/wiki/Kategorie:Jazz-Pianist"
"Fanny Azzuro"," Fanny Azzuro (* 1986 in Saint-Rémy-de-Provence ) ist eine französische Pianistin.","","","","","","","","","","","","","https://de.wikipedia.org/wiki/Fanny_Azzuro","Kategorie_Jazz-Pianist","https://de.wikipedia.org/wiki/Kategorie:Jazz-Pianist"
"Rafiq Babajew"," Rafiq Babajew , auch Rafiq Farzi, englische Transkription Rafig Babayev, (* 31. März 1937 in Baku ; † 19. März 1994 ebenda) war ein aserbaidschanischer Pianist , Arrangeur, Bandleader und Komponist des Jazz .","","","","","","","","","","","","","https://de.wikipedia.org/wiki/Rafiq_Babajew","Kategorie_Jazz-Pianist","https://de.wikipedia.org/wiki/Kategorie:Jazz-Pianist"
"Roman Babik"," Roman Babik (* 1981 in Remscheid ) ist ein deutscher Jazzmusiker (Piano, Arrangement).","","","","","","","","","","","","","https://de.wikipedia.org/wiki/Roman_Babik","Kategorie_Jazz-Pianist","https://de.wikipedia.org/wiki/Kategorie:Jazz-Pianist"
"Ludwig Babinski"," Ludwig Babinski (* 29. Juni 1909 in Wien ; † 14. Oktober 1990 dortselbst; auch Ludwig Babinsky ) war ein österreichischer Orchesterleiter , Komponist , Arrangeur , Jazzpianist auf dem Gebiet der gehobenen Unterhaltungsmusik .","","","","","","","","","","","","","https://de.wikipedia.org/wiki/Ludwig_Babinski","Kategorie_Jazz-Pianist","https://de.wikipedia.org/wiki/Kategorie:Jazz-Pianist"
"Luis Bacalov"," Luis Enríquez Bacalov (* 30. August 1933 in Buenos Aires ; † 15. November 2017 in Rom  ) war ein Oscar -ausgezeichneter argentinischer Pianist  und Komponist, der insbesondere als Filmkomponist bekannt wurde.","","","","","","","","","","","","","https://de.wikipedia.org/wiki/Luis_Bacalov","Kategorie_Jazz-Pianist","https://de.wikipedia.org/wiki/Kategorie:Jazz-Pianist"
"Esther Bächlin"," Esther Bächlin (* 27. Juni 1965 in Basel )  ist eine Schweizer Jazzmusikerin (Piano, Gesang, Komposition).","","","","","","","","","","","","","https://de.wikipedia.org/wiki/Esther_Bächlin","Kategorie_Jazz-Pianist","https://de.wikipedia.org/wiki/Kategorie:Jazz-Pianist"
"Denis Badault"," Denis Badault (* 24. Mai 1958 in Versailles ) ist ein französischer Jazzpianist und Komponist .","","","","","","","","","","","","","https://de.wikipedia.org/wiki/Denis_Badault","Kategorie_Jazz-Pianist","https://de.wikipedia.org/wiki/Kategorie:Jazz-Pianist"
"Eddie Baker (Musiker)"," Edward „Eddie“ Baker Jr (* 13. Oktober 1927 in Chicago , Illinois ; † 31. Juli 2018 ) war ein US-amerikanischer Jazzmusiker ( Piano , auch Komposition ).","","","","","","","","","","","","","https://de.wikipedia.org/wiki/Eddie_Baker_(Musiker)","Kategorie_Jazz-Pianist","https://de.wikipedia.org/wiki/Kategorie:Jazz-Pianist"
"Edythe Baker"," Edythe Baker (* 25. August 1899 in Girard , Kansas ; † 15. August 1971 in Orange County , Kalifornien  ) war eine amerikanische Jazzpianistin des frühen Jazz und Tänzerin , die vor allem durch ihre Pianorollen in Erinnerung geblieben ist.","","","","","","","","","","","","","https://de.wikipedia.org/wiki/Edythe_Baker","Kategorie_Jazz-Pianist","https://de.wikipedia.org/wiki/Kategorie:Jazz-Pianist"
"Jim Baker (Musiker)"," Jim Baker (* 1950 in Chicago ) ist ein US-amerikanischer Jazz - und Improvisationsmusiker ( Piano , Synthesizer und Keyboards ( ARP 2600 )).","","","","","","","","","","","","","https://de.wikipedia.org/wiki/Jim_Baker_(Musiker)","Kategorie_Jazz-Pianist","https://de.wikipedia.org/wiki/Kategorie:Jazz-Pianist"
"Cor Bakker"," Cor Bakker (* 19. August 1961 in Landsmeer ) ist ein niederländischer Pianist der Unterhaltungsmusik (Pop, Jazz) sowie Radio- und Fernseh-Moderator.","","","","","","","","","","","","","https://de.wikipedia.org/wiki/Cor_Bakker","Kategorie_Jazz-Pianist","https://de.wikipedia.org/wiki/Kategorie:Jazz-Pianist"
"Burt Bales"," Burt Bales (* 20. April 1917 in Stevensville ; † 26. Oktober 1989 in San Francisco ) war ein US-amerikanischer Jazz - Stride Pianist .","","","","","","","","","","","","","https://de.wikipedia.org/wiki/Burt_Bales","Kategorie_Jazz-Pianist","https://de.wikipedia.org/wiki/Kategorie:Jazz-Pianist"
"Jon Balke"," Jon Balke (* 7. Juni 1955 in Furnes ) ist ein norwegischer Jazz-Pianist .","","","","","","","","","","","","","https://de.wikipedia.org/wiki/Jon_Balke","Kategorie_Jazz-Pianist","https://de.wikipedia.org/wiki/Kategorie:Jazz-Pianist"
"Ronnie Ball"," Ronald „Ronnie“ Ball (* 22. Dezember 1927 in Birmingham , England ; † 1984 in New York City ) war ein britischer Jazz-Pianist des Cool Jazz . Er spielte mit Lennie Tristano , Art Pepper und Lee Konitz .","","","","","","","","","","","","","https://de.wikipedia.org/wiki/Ronnie_Ball","Kategorie_Jazz-Pianist","https://de.wikipedia.org/wiki/Kategorie:Jazz-Pianist"
"Johannes von Ballestrem"," Johannes von Ballestrem (* 1990 in Bonn ) ist ein deutscher Jazzmusiker ( Piano , Komposition , auch Gitarre ).","","","","","","","","","","","","","https://de.wikipedia.org/wiki/Johannes_von_Ballestrem","Kategorie_Jazz-Pianist","https://de.wikipedia.org/wiki/Kategorie:Jazz-Pianist"
"Tal Balshai"," Tal Balshai (* 1969 in Israel ) ist ein israelischer Pianist, Komponist und Arrangeur in den Bereichen Jazz und Klassik.","","","","","","","","","","","","","https://de.wikipedia.org/wiki/Tal_Balshai","Kategorie_Jazz-Pianist","https://de.wikipedia.org/wiki/Kategorie:Jazz-Pianist"
"Dirk Balthaus"," Dirk Balthaus (* 5. Juli 1965 in Oberhausen ) ist ein deutscher Jazzpianist und Komponist .","","","","","","","","","","","","","https://de.wikipedia.org/wiki/Dirk_Balthaus","Kategorie_Jazz-Pianist","https://de.wikipedia.org/wiki/Kategorie:Jazz-Pianist"
"Lucian Ban"," Lucian Ban (* 1969 in Cluj-Napoca ) ist ein rumänischer Jazzpianist und Komponist .","","","","","","","","","","","","","https://de.wikipedia.org/wiki/Lucian_Ban","Kategorie_Jazz-Pianist","https://de.wikipedia.org/wiki/Kategorie:Jazz-Pianist"
"Charlie Banacos"," Charlie Banacos (* 11. August 1946 in Lowell (Massachusetts) ; † 8. Dezember 2009  ) war ein amerikanischer Jazzpianist , der vor allem als Musikpädagoge und Autor von Fernkursen hervorgetreten ist.","","","","","","","","","","","","","https://de.wikipedia.org/wiki/Charlie_Banacos","Kategorie_Jazz-Pianist","https://de.wikipedia.org/wiki/Kategorie:Jazz-Pianist"
"Claus-Dieter Bandorf"," Claus-Dieter Bandorf (* 1973 in Schweinfurt ) ist ein deutscher Jazz -Pianist und Korrepetitor.","","","","","","","","","","","","","https://de.wikipedia.org/wiki/Claus-Dieter_Bandorf","Kategorie_Jazz-Pianist","https://de.wikipedia.org/wiki/Kategorie:Jazz-Pianist"
"Louis Banks"," Louis Banks (* 11. Februar 1941 in Darjeeling , Indien , als Dambar Bahadur Budaprithi , auch Louiz Banks ) ist ein indischer Jazzmusiker ( Piano , Gesang ), der auch als Filmkomponist und Musikproduzent hervorgetreten ist. Aufgrund seiner Bedeutung wurde er auch als „Pate des indischen Jazz“ bezeichnet.  ","","","","","","","","","","","","","https://de.wikipedia.org/wiki/Louis_Banks","Kategorie_Jazz-Pianist","https://de.wikipedia.org/wiki/Kategorie:Jazz-Pianist"
"Tommy Banks (Politiker)"," Thomas Benjamin Banks (* 17. Dezember 1936 in Calgary , Alberta ; † 25. Januar 2018  ) war ein kanadischer Politiker (Mitglied des Senats von 2000 bis 2011), der zunächst als Jazzpianist tätig war und lange Fernsehshows als Musiker hatte. Auch wirkte er als Dirigent .","","","","","","","","","","","","","https://de.wikipedia.org/wiki/Tommy_Banks_(Politiker)","Kategorie_Jazz-Pianist","https://de.wikipedia.org/wiki/Kategorie:Jazz-Pianist"
"Maria Baptist"," Maria Baptist (* 30. August 1971 in Berlin ) ist eine deutsche Musikerin des Modern Jazz (Pianistin, Komponistin, Dirigentin) und Professorin.","","","","","","","","","","","","","https://de.wikipedia.org/wiki/Maria_Baptist","Kategorie_Jazz-Pianist","https://de.wikipedia.org/wiki/Kategorie:Jazz-Pianist"
"Wilbert Baranco"," Wilbert Baranco (* 15. April 1909 in Baton Rouge , Louisiana ; † 23. Oktober 1983 in El Cerrito , Kalifornien ) war ein US-amerikanischer Jazz - Pianist und Sänger.","","","","","","","","","","","","","https://de.wikipedia.org/wiki/Wilbert_Baranco","Kategorie_Jazz-Pianist","https://de.wikipedia.org/wiki/Kategorie:Jazz-Pianist"
"Patricia Barber"," Patricia L. Barber (* 8. November 1955 in Chicago , Illinois ) ist eine US-amerikanische Jazzsängerin , Pianistin , Komponistin , Songwriterin und Bandleaderin .","","","","","","","","","","","","","https://de.wikipedia.org/wiki/Patricia_Barber","Kategorie_Jazz-Pianist","https://de.wikipedia.org/wiki/Kategorie:Jazz-Pianist"
"Jan-Andrea Bard"," Jan-Andrea «Janto» Bard (* 1981 in Pfäffikon ZH ) ist ein Schweizer Jazzmusiker ( Piano , Komposition ).","","","","","","","","","","","","","https://de.wikipedia.org/wiki/Jan-Andrea_Bard","Kategorie_Jazz-Pianist","https://de.wikipedia.org/wiki/Kategorie:Jazz-Pianist"
"Rob Bargad"," Robert Carl Bargad (* 7. September 1962 in Boston ) ist ein US-amerikanischer Jazzmusiker ( Piano , Orgel , Arrangement ), der sich auch als Musikproduzent , Pädagoge und Songwriter betätigte.","","","","","","","","","","","","","https://de.wikipedia.org/wiki/Rob_Bargad","Kategorie_Jazz-Pianist","https://de.wikipedia.org/wiki/Kategorie:Jazz-Pianist"
"Ian Bargh"," Ian Martin Bargh (* 8. Januar 1935 in Prestwick , Schottland ; † 2. Januar 2012 in Toronto  ) war ein schottisch - kanadischer Jazzpianist .","","","","","","","","","","","","","https://de.wikipedia.org/wiki/Ian_Bargh","Kategorie_Jazz-Pianist","https://de.wikipedia.org/wiki/Kategorie:Jazz-Pianist"
"Roy Bargy"," Roy Bargy (* 31. Juli 1894 in Newaygo , Michigan ; † 16. Januar 1974 in Vista , Kalifornien ) war ein US-amerikanischer Ragtime - und Jazzpianist , Komponist und Bandleader .","","","","","","","","","","","","","https://de.wikipedia.org/wiki/Roy_Bargy","Kategorie_Jazz-Pianist","https://de.wikipedia.org/wiki/Kategorie:Jazz-Pianist"
"Dan Barker"," Dan Barker (* 25. Juni 1949 ) ist ein US-amerikanischer Bürgerrechtler, Musiker, Komponist und Autor. Bekanntheit erlangte er durch seinen Einsatz für die Trennung von Religion und Staat .","","","","","","","","","","","","","https://de.wikipedia.org/wiki/Dan_Barker","Kategorie_Jazz-Pianist","https://de.wikipedia.org/wiki/Kategorie:Jazz-Pianist"
"Stan Barker"," Stan Barker (* 24. Mai 1926 in Clitheroe ; † 2. Juli 1997 ) war ein britischer Jazzpianist .","","","","","","","","","","","","","https://de.wikipedia.org/wiki/Stan_Barker","Kategorie_Jazz-Pianist","https://de.wikipedia.org/wiki/Kategorie:Jazz-Pianist"
"Jeff Barnhart"," Jeff Barnhart (* um 1970) ist ein US-amerikanischer Ragtime - und Jazzpianist (auch Gesang ) des Traditional und Mainstream Jazz .","","","","","","","","","","","","","https://de.wikipedia.org/wiki/Jeff_Barnhart","Kategorie_Jazz-Pianist","https://de.wikipedia.org/wiki/Kategorie:Jazz-Pianist"
"Darren Barrett"," Darren Barrett (* 19. Juni 1967 in Manchester  ) ist ein kanadischer Jazztrompeter (auch Piano , Schlagzeug ).","","","","","","","","","","","","","https://de.wikipedia.org/wiki/Darren_Barrett","Kategorie_Jazz-Pianist","https://de.wikipedia.org/wiki/Kategorie:Jazz-Pianist"
"Sweet Emma Barrett"," Emma Barrett , genannt Sweet Emma (* 25. März 1897 in New Orleans ; † 28. Januar 1983 ebenda) war eine US-amerikanische Pianistin und Sängerin des New Orleans Jazz . Sie wurde auch Bell Gal (Glockenmädchen) genannt nach einer Weihnachts-Haube mit Glöckchen, die sie bei Auftritten trug. ","","","","","","","","","","","","","https://de.wikipedia.org/wiki/Sweet_Emma_Barrett","Kategorie_Jazz-Pianist","https://de.wikipedia.org/wiki/Kategorie:Jazz-Pianist"
"Farid Barron"," Farid Barron (* 23. April 1971 in Philadelphia , Pennsylvania ) ist ein amerikanischer Jazzpianist .","","","","","","","","","","","","","https://de.wikipedia.org/wiki/Farid_Barron","Kategorie_Jazz-Pianist","https://de.wikipedia.org/wiki/Kategorie:Jazz-Pianist"
"Kenny Barron"," Kenny Barron (* 9. Juni 1943 in Philadelphia , Pennsylvania ) ist ein US-amerikanischer Jazz-Pianist und Komponist .","","","","","","","","","","","","","https://de.wikipedia.org/wiki/Kenny_Barron","Kategorie_Jazz-Pianist","https://de.wikipedia.org/wiki/Kategorie:Jazz-Pianist"
"Kristina Barta"," Kristina Barta (* 23. Januar 1987 in Prag als Kristýna Bártová ) ist eine tschechische Jazzmusikerin ( Piano , Komposition ). ","","","","","","","","","","","","","https://de.wikipedia.org/wiki/Kristina_Barta","Kategorie_Jazz-Pianist","https://de.wikipedia.org/wiki/Kategorie:Jazz-Pianist"
"Bruce Barth"," Bruce Barth (* 7. September 1958 in Pasadena , Kalifornien ) ist ein US-amerikanischer Jazz - Pianist und Keyboarder.","","","","","","","","","","","","","https://de.wikipedia.org/wiki/Bruce_Barth","Kategorie_Jazz-Pianist","https://de.wikipedia.org/wiki/Kategorie:Jazz-Pianist"
"Czesław Bartkowski"," Czesław Bartkowski (* 19. April 1943 in Litzmannstadt ) ist ein polnischer Schlagzeuger des Modern Jazz .","","","","","","","","","","","","","https://de.wikipedia.org/wiki/Czesław_Bartkowski","Kategorie_Jazz-Pianist","https://de.wikipedia.org/wiki/Kategorie:Jazz-Pianist"
"Bob Barton"," Robert „Bob“ Barton (* 28. Juli 1947 in Birmingham ) ist ein britischer Jazzpianist . ","","","","","","","","","","","","","https://de.wikipedia.org/wiki/Bob_Barton","Kategorie_Jazz-Pianist","https://de.wikipedia.org/wiki/Kategorie:Jazz-Pianist"
"Nik Bärtsch"," Nik Bärtsch (* 3. August 1971 in Zürich ) ist ein Schweizer Pianist , Komponist , Musikproduzent  und Autor aus Zürich.","","","","","","","","","","","","","https://de.wikipedia.org/wiki/Nik_Bärtsch","Kategorie_Jazz-Pianist","https://de.wikipedia.org/wiki/Kategorie:Jazz-Pianist"
"Philippe Bas (Musiker)"," Philippe Bas (* 5. Juli 1953 in Paris ; † 9. Dezember 2011 ebenda) war ein französischer Stride - und Jazzpianist .","","","","","","","","","","","","","https://de.wikipedia.org/wiki/Philippe_Bas_(Musiker)","Kategorie_Jazz-Pianist","https://de.wikipedia.org/wiki/Kategorie:Jazz-Pianist"
"Count Basie"," Count Basie , geboren als William Allen Basie (* 21. August 1904 in Red Bank , New Jersey ; † 26. April 1984 in Hollywood , Florida ) war ein US-amerikanischer Jazz-Pianist , Organist , Komponist und einer der bedeutendsten Bandleader des Swing .","","","","","","","","","","","","","https://de.wikipedia.org/wiki/Count_Basie","Kategorie_Jazz-Pianist","https://de.wikipedia.org/wiki/Kategorie:Jazz-Pianist"
"Dave Bass"," Dave Bass (* 21. Juni 1950 ) ist ein US-amerikanischer Jurist und Jazzpianist .","","","","","","","","","","","","","https://de.wikipedia.org/wiki/Dave_Bass","Kategorie_Jazz-Pianist","https://de.wikipedia.org/wiki/Kategorie:Jazz-Pianist"
"Charles Bateman"," Charles „Charlie“ Bateman (* 1922 in Youngstown ; † 24. Januar 2004 in Orlando , Florida  ) war ein US-amerikanischer Jazzpianist .","","","","","","","","","","","","","https://de.wikipedia.org/wiki/Charles_Bateman","Kategorie_Jazz-Pianist","https://de.wikipedia.org/wiki/Kategorie:Jazz-Pianist"
"Django Bates"," Leon „Django“ Bates (* 2. Oktober 1960 in Beckenham , England ) ist ein britischer Musiker ( Piano , Keyboards , Tenorhorn ), Komponist und Bandleader des Modern Creative Jazz .","","","","","","","","","","","","","https://de.wikipedia.org/wiki/Django_Bates","Kategorie_Jazz-Pianist","https://de.wikipedia.org/wiki/Kategorie:Jazz-Pianist"
"Alvin Batiste"," Alvin Batiste (* 7. November 1932 in New Orleans ; † 6. Mai 2007 ebenda) war ein US-amerikanischer Jazz - Klarinettist , Saxophonist , Pianist, Komponist und Hochschullehrer.","","","","","","","","","","","","","https://de.wikipedia.org/wiki/Alvin_Batiste","Kategorie_Jazz-Pianist","https://de.wikipedia.org/wiki/Kategorie:Jazz-Pianist"
"Jon Batiste"," Jonathan Michael „Jon“ Batiste (geb. 11. November 1986 in Kenner , Louisiana ) ist ein US-amerikanischer Musiker. Er ist musikalischer Leiter der Late Show with Stephen Colbert .","","","","","","","","","","","","","https://de.wikipedia.org/wiki/Jon_Batiste","Kategorie_Jazz-Pianist","https://de.wikipedia.org/wiki/Kategorie:Jazz-Pianist"
"Heinz Bätjer"," Carlo-Heinz Bätjer (* 1907 ; † 1983 ) war ein deutscher Jazz - und Unterhaltungsmusiker ( Piano , auch Orgel ) und Bandleader .","","","","","","","","","","","","","https://de.wikipedia.org/wiki/Heinz_Bätjer","Kategorie_Jazz-Pianist","https://de.wikipedia.org/wiki/Kategorie:Jazz-Pianist"
"Stefano Battaglia"," Stefano Battaglia (* 31. August 1965 in Mailand ) ist ein italienischer Pianist und Komponist des Modern Jazz .","","","","","","","","","","","","","https://de.wikipedia.org/wiki/Stefano_Battaglia","Kategorie_Jazz-Pianist","https://de.wikipedia.org/wiki/Kategorie:Jazz-Pianist"
"Christoph Baumann (Musiker)"," Christoph Baumann (* 26. Juni 1954 in Baden AG ) ist ein Schweizer Pianist des Modern Jazz und der freien Improvisationsmusik .","","","","","","","","","","","","","https://de.wikipedia.org/wiki/Christoph_Baumann_(Musiker)","Kategorie_Jazz-Pianist","https://de.wikipedia.org/wiki/Kategorie:Jazz-Pianist"
"Mick Baumeister"," Mick Baumeister (* 28. Juni 1958 in Schwäbisch Gmünd ) ist ein deutscher Jazzpianist und Komponist.","","","","","","","","","","","","","https://de.wikipedia.org/wiki/Mick_Baumeister","Kategorie_Jazz-Pianist","https://de.wikipedia.org/wiki/Kategorie:Jazz-Pianist"
"Walter Baumgartner (Komponist)"," Walter Baumgartner (* 16. November 1904 in Sevelen SG ; † 3. Oktober 1997 in Zollikerberg ; gebürtig Walter Ernst Baumgartner ) war ein schweizerischer Komponist und Jazzmusiker ( Pianist , Posaunist ).","","","","","","","","","","","","","https://de.wikipedia.org/wiki/Walter_Baumgartner_(Komponist)","Kategorie_Jazz-Pianist","https://de.wikipedia.org/wiki/Kategorie:Jazz-Pianist"
"Tony Bauwens"," Tony Bauwens (* 5. Juni 1936 in Ronse ; † 17. Februar 2009 ) war ein belgischer Jazzmusiker ( Piano , Komposition ).","","","","","","","","","","","","","https://de.wikipedia.org/wiki/Tony_Bauwens","Kategorie_Jazz-Pianist","https://de.wikipedia.org/wiki/Kategorie:Jazz-Pianist"
"Eddie Beal"," Eddie Beal (* 13. Juni 1910 in Redlands , Kalifornien ; † 15. Dezember 1984 in Los Angeles ) war ein US-amerikanischer Jazz - und Rhythm & Bluesmusiker ( Piano , Arrangement ) und Songwriter .","","","","","","","","","","","","","https://de.wikipedia.org/wiki/Eddie_Beal","Kategorie_Jazz-Pianist","https://de.wikipedia.org/wiki/Kategorie:Jazz-Pianist"
"Floyd Bean"," Floyd Bean (* 30. August 1904 in Ladora , Iowa ; † 14. März 1974 in Cedar Rapids , Iowa) war ein US-amerikanischer Jazzpianist , Arrangeur und Komponist .","","","","","","","","","","","","","https://de.wikipedia.org/wiki/Floyd_Bean","Kategorie_Jazz-Pianist","https://de.wikipedia.org/wiki/Kategorie:Jazz-Pianist"
"Emily Bear"," Emily Jordan Bear (* 30. August 2001 in Rockford , Illinois ) ist eine US-amerikanische Komponistin , Pianistin , Songwriterin und Sängerin . Als Wunderkind trat sie am 3. Oktober 2007 und in der Folgezeit weitere 5 Mal in der Ellen-DeGeneres-Show auf. Nach über neun Jahren war sie im Juni 2019 erneut Gast der Show. Am 24. März 2008 spielte sie im Weißen Haus auf Einladung von George W. Bush . Sie konzertierte mehrfach in der Carnegie Hall (2010,2011,2019) und der Hollywood Bowl (2011,2017,2018,2019), dem Montreux Jazz Festival (2011/2013) und bei den Jazzopen Stuttgart 2015 als „Artist in Residence“. Ihr Studio-Album Diversity wurde 2013 von ihrem Mentor Quincy Jones produziert.     Die im Januar 2017 unter ihrem eigenen Label erschienene EP Into the Blue, welche sie zusammen mit ihrem Jazz Trio aufgenommen hatte, widmete sie Quincy Jones. Beide Veröffentlichungen erreichten Top 10 Platzierungen in den Billboard Jazz Charts. Die ASCAP würdigte ihre Kompositionen mit zwei Morton Gould Young Composer Awards und mit zwei Herb Alpert Young Jazz Composer Awards. Im November/Dezember 2017 trat sie bei Night of the Proms als Klassik Headliner in den Niederlanden, in Belgien, in Deutschland und Luxemburg auf. Sie ist damit die jüngste musikalische Interpretin in der Geschichte der Konzertreihe. Für den im März 2019 im Auftrag von Warner Bros. Entertainment erschienenen Film Nancy Drew and the Hidden Staircase schrieb sie sowohl den Titelsong als auch einen Song für den Abspann. Bei beiden Songs war sie auch die Sängerin.","","","","","","","","","","","","","https://de.wikipedia.org/wiki/Emily_Bear","Kategorie_Jazz-Pianist","https://de.wikipedia.org/wiki/Kategorie:Jazz-Pianist"
"Jim Beard"," James Arthur „Jim“ Beard (* 26. August 1960 in Philadelphia ) ist ein amerikanischer Fusionmusiker (Pianist), Komponist , Arrangeur und Musikproduzent .","","","","","","","","","","","","","https://de.wikipedia.org/wiki/Jim_Beard","Kategorie_Jazz-Pianist","https://de.wikipedia.org/wiki/Kategorie:Jazz-Pianist"
"John Beasley (Musiker)"," John Beasley (* 28. September 1960 in Shreveport  ) ist ein amerikanischer Jazzpianist und Komponist, der für so unterschiedliche Musiker wie Sérgio Mendes , Freddie Hubbard , Miles Davis , Steely Dan , Chaka Khan , James Brown , Spice Girls , Ry Cooder , John Patitucci , Queen Latifah , Lee Ritenour und Ivan Lins tätig war.","","","","","","","","","","","","","https://de.wikipedia.org/wiki/John_Beasley_(Musiker)","Kategorie_Jazz-Pianist","https://de.wikipedia.org/wiki/Kategorie:Jazz-Pianist"
"Søren Bebe"," Søren Bebe (* 5. Dezember 1975 in Odense ) ist ein dänischer Jazzpianist und Komponist .","","","","","","","","","","","","","https://de.wikipedia.org/wiki/Søren_Bebe","Kategorie_Jazz-Pianist","https://de.wikipedia.org/wiki/Kategorie:Jazz-Pianist"
"Patrick Bebelaar"," Patrick Josef Bebelaar (* 6. März 1971 in Trier ) ist ein deutscher Musiker und Komponist . Er hat sich als „origineller Pianist zwischen Jazz und Klassik profiliert.“ ","","","","","","","","","","","","","https://de.wikipedia.org/wiki/Patrick_Bebelaar","Kategorie_Jazz-Pianist","https://de.wikipedia.org/wiki/Kategorie:Jazz-Pianist"
"Erich Becht"," Erich Becht (* 20. Januar 1926 in Frankfurt am Main ; † 21. Juni 2017 in Buchholz  ) war ein deutscher Jazz - und Unterhaltungsmusiker (Piano, Arrangement, Orchesterleiter), Produzent und Schlagerkomponist. Er arbeitete auch unter dem Pseudonym Georg Schatz und gemeinsam mit Wolfgang Neukirchner unter dem Sammelpseudonym Adolf von Kleebsattel  .","","","","","","","","","","","","","https://de.wikipedia.org/wiki/Erich_Becht","Kategorie_Jazz-Pianist","https://de.wikipedia.org/wiki/Kategorie:Jazz-Pianist"
"Gordon Beck"," Gordon James Beck (* 16. September 1936 in London ; † 6. November 2011  ) war ein britischer Jazzmusiker ( Piano sowie Komposition ).","","","","","","","","","","","","","https://de.wikipedia.org/wiki/Gordon_Beck","Kategorie_Jazz-Pianist","https://de.wikipedia.org/wiki/Kategorie:Jazz-Pianist"
"Michael Beck (Jazzmusiker)"," Michael Beck (* 1968 ) ist ein Schweizer Jazz-Pianist .","","","","","","","","","","","","","https://de.wikipedia.org/wiki/Michael_Beck_(Jazzmusiker)","Kategorie_Jazz-Pianist","https://de.wikipedia.org/wiki/Kategorie:Jazz-Pianist"
"Pia Beck"," Pieternella „Pia“ Beck (* 18. September 1925 in Den Haag ; † 26. November 2009 in Torremolinos , Spanien ) war eine niederländische Jazz - Pianistin und Sängerin .","","","","","","","","","","","","","https://de.wikipedia.org/wiki/Pia_Beck","Kategorie_Jazz-Pianist","https://de.wikipedia.org/wiki/Kategorie:Jazz-Pianist"
"Irene Becker (Musikerin)"," Irene Becker (* 30. März 1951 in Aalborg ) ist eine dänische Jazzmusikerin (Keyboards, Komposition).","","","","","","","","","","","","","https://de.wikipedia.org/wiki/Irene_Becker_(Musikerin)","Kategorie_Jazz-Pianist","https://de.wikipedia.org/wiki/Kategorie:Jazz-Pianist"
"Markus Becker (Jazzmusiker)"," Markus Johannes Becker (* 24. Mai 1956 in Offenbach am Main ) ist ein deutscher Pianist des Modern Jazz , der sich zunehmend auch der neuen Improvisationsmusik zuwendet.","","","","","","","","","","","","","https://de.wikipedia.org/wiki/Markus_Becker_(Jazzmusiker)","Kategorie_Jazz-Pianist","https://de.wikipedia.org/wiki/Kategorie:Jazz-Pianist"
"Stephan Becker (Jazzpianist)"," Stephan Becker (* um 1972) ist ein deutscher Jazzpianist und -komponist.","","","","","","","","","","","","","https://de.wikipedia.org/wiki/Stephan_Becker_(Jazzpianist)","Kategorie_Jazz-Pianist","https://de.wikipedia.org/wiki/Kategorie:Jazz-Pianist"
"Tobias Becker (Jazzmusiker)"," Tobias Becker (* 6. November 1984 in Böblingen ) ist ein deutscher Jazzmusiker , Pianist , Komponist und Arrangeur .","","","","","","","","","","","","","https://de.wikipedia.org/wiki/Tobias_Becker_(Jazzmusiker)","Kategorie_Jazz-Pianist","https://de.wikipedia.org/wiki/Kategorie:Jazz-Pianist"
"David Bee"," David Bee (eigentlich Ernest Jean Craps ; * 1903 in Brüssel ; † 1992  ) war ein belgischer Jazzmusiker ( Saxophon , Klarinette , Harfe , Piano ), Arrangeur , Komponist und Bandleader .","","","","","","","","","","","","","https://de.wikipedia.org/wiki/David_Bee","Kategorie_Jazz-Pianist","https://de.wikipedia.org/wiki/Kategorie:Jazz-Pianist"
"Peter Beets"," Peter Beets (* 12. Juni 1971 in Den Haag ) ist ein niederländischer Jazz-Pianist und Komponist.","","","","","","","","","","","","","https://de.wikipedia.org/wiki/Peter_Beets","Kategorie_Jazz-Pianist","https://de.wikipedia.org/wiki/Kategorie:Jazz-Pianist"
"Dahveed Behroozi"," Dahveed Behroozi (* 1981 in Kalifornien ) ist ein US-amerikanischer Jazzmusiker ( Piano , Komposition ).","","","","","","","","","","","","","https://de.wikipedia.org/wiki/Dahveed_Behroozi","Kategorie_Jazz-Pianist","https://de.wikipedia.org/wiki/Kategorie:Jazz-Pianist"
"Hartmut Behrsing"," Hartmut Behrsing (* 8. August 1941 in Posen ) ist ein deutscher Posaunist und Pianist im Bereich der Klassik und des Jazz, der auch als Filmkomponist hervorgetreten ist. Er gilt als einer der Wegbereiter des Oldtime Jazz in der DDR .","","","","","","","","","","","","","https://de.wikipedia.org/wiki/Hartmut_Behrsing","Kategorie_Jazz-Pianist","https://de.wikipedia.org/wiki/Kategorie:Jazz-Pianist"
"Chris Beier"," Chris Beier (* 5. Mai 1953 in Trier ) ist ein deutscher Jazzmusiker ( Pianist und Komponist ) und Hochschullehrer.","","","","","","","","","","","","","https://de.wikipedia.org/wiki/Chris_Beier","Kategorie_Jazz-Pianist","https://de.wikipedia.org/wiki/Kategorie:Jazz-Pianist"
"Richie Beirach"," Richard Alan Beirach (* 23. Mai 1947 in Brooklyn ) ist ein US-amerikanischer Jazzpianist und - komponist .","","","","","","","","","","","","","https://de.wikipedia.org/wiki/Richie_Beirach","Kategorie_Jazz-Pianist","https://de.wikipedia.org/wiki/Kategorie:Jazz-Pianist"
"Aaron Bell"," Samuel Aaron Bell (* 24. April 1922 in Muskogee, Oklahoma ; † 28. Juli 2003 in New York City ) war ein amerikanischer Jazz - Bassist und Pianist des Swing .","","","","","","","","","","","","","https://de.wikipedia.org/wiki/Aaron_Bell","Kategorie_Jazz-Pianist","https://de.wikipedia.org/wiki/Kategorie:Jazz-Pianist"
"Bill Bell (Pianist)"," William „Bill“ Bell Jr. (* 12. Juli 1936 in East Moline , Illinois ; † 18. März 2017 in Oakland , Kalifornien )  war ein US-amerikanischer Jazzmusiker ( Piano , Arrangement , Komposition, auch Keyboard ) und Musikpädagoge , der im Raum San Francisco als The Jazz Professor bekannt war.","","","","","","","","","","","","","https://de.wikipedia.org/wiki/Bill_Bell_(Pianist)","Kategorie_Jazz-Pianist","https://de.wikipedia.org/wiki/Kategorie:Jazz-Pianist"
"Graeme Bell (Jazzmusiker)"," Graeme Emerson Bell AO MBE (* 7. September 1914 in Richmond , Victoria ; † 13. Juni 2012 in Sydney  ) war ein australischer Jazzpianist , Komponist und Bandleader des Dixieland Jazz .","","","","","","","","","","","","","https://de.wikipedia.org/wiki/Graeme_Bell_(Jazzmusiker)","Kategorie_Jazz-Pianist","https://de.wikipedia.org/wiki/Kategorie:Jazz-Pianist"
"Iris Bell"," Iris Bell (* 21. Juli 1934 in Charleston , West Virginia ; † 19. April 2008 in Buckhannon , West Virginia) war eine US-amerikanische Rhythm & Blues -, Soul - und Jazzmusikerin ( Piano , Gesang, Songwriting ).","","","","","","","","","","","","","https://de.wikipedia.org/wiki/Iris_Bell","Kategorie_Jazz-Pianist","https://de.wikipedia.org/wiki/Kategorie:Jazz-Pianist"
"Simon Below"," Simon Below (* 1995 in Xanten ) ist ein deutscher Jazzmusiker ( Piano , Komposition ).","","","","","","","","","","","","","https://de.wikipedia.org/wiki/Simon_Below","Kategorie_Jazz-Pianist","https://de.wikipedia.org/wiki/Kategorie:Jazz-Pianist"
"Andrew Bemkey"," Andrew Bemkey (* 6. August 1974 in Libertyville , Illinois ) ist ein US-amerikanischer Jazzmusiker ( Piano , Bassklarinette , auch Klarinette , Gitarre , Perkussion).","","","","","","","","","","","","","https://de.wikipedia.org/wiki/Andrew_Bemkey","Kategorie_Jazz-Pianist","https://de.wikipedia.org/wiki/Kategorie:Jazz-Pianist"
"Vince Benedetti"," Vincent „Vince“ Benedetti (* 7. März 1941 in Teaneck , New Jersey ) ist ein amerikanischer Jazzpianist , der gelegentlich auch Posaune spielt. ","","","","","","","","","","","","","https://de.wikipedia.org/wiki/Vince_Benedetti","Kategorie_Jazz-Pianist","https://de.wikipedia.org/wiki/Kategorie:Jazz-Pianist"
"Marco Benevento"," Marco Benevento (* 22. Juli 1977 in Livingston , New Jersey ) ist ein US-amerikanischer Musiker ( Piano , Keyboard , Hammond-Orgel , Wurlitzer Electric Piano , Mellotron ) und Komponist, der in seiner Musik Jazz , Independent Rock und experimentelle Post-Rock Einflüsses verbindet.","","","","","","","","","","","","","https://de.wikipedia.org/wiki/Marco_Benevento","Kategorie_Jazz-Pianist","https://de.wikipedia.org/wiki/Kategorie:Jazz-Pianist"
"David Benoit"," David Benoit (* 9. Mai 1953 in Bakersfield , Kalifornien ) ist ein US-amerikanischer Jazz -Pianist, Komponist und Dirigent.","","","","","","","","","","","","","https://de.wikipedia.org/wiki/David_Benoit","Kategorie_Jazz-Pianist","https://de.wikipedia.org/wiki/Kategorie:Jazz-Pianist"
"Sammy Benskin"," Samuel „Sammy“ Benskin (* 27. September 1922 in der Bronx , New York City ; † 26. August 1992 in Teaneck , New Jersey ) war ein US-amerikanischer Jazz - und Rhythm and Blues - Pianist .","","","","","","","","","","","","","https://de.wikipedia.org/wiki/Sammy_Benskin","Kategorie_Jazz-Pianist","https://de.wikipedia.org/wiki/Kategorie:Jazz-Pianist"
"Adrian Bentzon"," Christopher Adrian Ernst Weis Bentzon (* 2. Juni 1929 ; † 1. Januar 2013  ) war ein dänischer Jazzpianist , Bandleader , Musikpädagoge und Komponist ; er galt als einer der herausragenden dänischen Musiker des Hot Jazz .","","","","","","","","","","","","","https://de.wikipedia.org/wiki/Adrian_Bentzon","Kategorie_Jazz-Pianist","https://de.wikipedia.org/wiki/Kategorie:Jazz-Pianist"
"Steve Beresford"," Steve Beresford (* 6. März 1950 in Wellington (Shropshire) ) ist ein britischer Jazzpianist und Komponist, der auch Trompete , Euphonium , Kontrabass und weitere Instrumente spielt.","","","","","","","","","","","","","https://de.wikipedia.org/wiki/Steve_Beresford","Kategorie_Jazz-Pianist","https://de.wikipedia.org/wiki/Kategorie:Jazz-Pianist"
"Shelly Berg"," Shelton Glen „Shelly“ Berg (* 18. August 1955 in Cleveland , Ohio ) ist ein US-amerikanischer Jazzpianist , Arrangeur und Hochschullehrer.","","","","","","","","","","","","","https://de.wikipedia.org/wiki/Shelly_Berg","Kategorie_Jazz-Pianist","https://de.wikipedia.org/wiki/Kategorie:Jazz-Pianist"
"Karl Berger (Musiker)"," Karlhanns „Karl“ Berger (* 30. März 1935 in Heidelberg ) ist ein deutscher Jazz - Vibraphonist und Pianist . Karl Berger zählt mit Albert Mangelsdorff , Gunter Hampel und Peter Brötzmann zu den herausragenden Musikern und stilprägenden Leitfiguren der ersten Generation des westdeutschen Free Jazz . Mit seinem 1973 gegründeten Creative Music Studio in Woodstock förderte er die Auseinandersetzung des Jazz mit internationalen Musikkulturen und prägte dadurch die Spielweise vieler US-Jazzmusiker. ","","","","","","","","","","","","","https://de.wikipedia.org/wiki/Karl_Berger_(Musiker)","Kategorie_Jazz-Pianist","https://de.wikipedia.org/wiki/Kategorie:Jazz-Pianist"
"Borah Bergman"," Borah Bergman (* 13. Dezember 1933  in Brooklyn , New York City ; † 18. Oktober 2012 in New York City  ) war ein US-amerikanischer Jazzpianist . Neben Cecil Taylor wurde er Wolf Kampmann zufolge in den 1980er Jahren „zur zweiten tragenden Säule des amerikanischen Free-Jazz -Pianos.“","","","","","","","","","","","","","https://de.wikipedia.org/wiki/Borah_Bergman","Kategorie_Jazz-Pianist","https://de.wikipedia.org/wiki/Kategorie:Jazz-Pianist"
"Hubert Bergmann"," Hubert Bergmann (* 1961 ) ist ein deutscher Pianist im Bereich des Free Jazz und der improvisierten Musik .","","","","","","","","","","","","","https://de.wikipedia.org/wiki/Hubert_Bergmann","Kategorie_Jazz-Pianist","https://de.wikipedia.org/wiki/Kategorie:Jazz-Pianist"
"David Berkman"," David Berkman (* 28. Dezember 1958 in Cleveland ) ist ein US-amerikanischer Pianist , Arrangeur und Komponist des Modern Jazz .","","","","","","","","","","","","","https://de.wikipedia.org/wiki/David_Berkman","Kategorie_Jazz-Pianist","https://de.wikipedia.org/wiki/Kategorie:Jazz-Pianist"
"Ben Berlin"," Ben Berlin (eigentlich Hermann Biek , geboren 23. September 1896 in Tallinn ; gestorben 1944 ) war ein estnischer Jazz - und Unterhaltungsmusiker ( Piano , Komposition , Arrangement ) und Bandleader .","","","","","","","","","","","","","https://de.wikipedia.org/wiki/Ben_Berlin","Kategorie_Jazz-Pianist","https://de.wikipedia.org/wiki/Kategorie:Jazz-Pianist"
"Pianist"," In diese Kategorie bitte nur Personen eintragen, die als Pianist bekannt geworden sind und sich keiner der vorhandenen Unterkategorien zuordnen lassen.","","","","","","","","","","","","","https://de.wikipedia.org/wiki/Kategorie:Pianist","Kategorie_Jazz-Pianist","https://de.wikipedia.org/wiki/Kategorie:Jazz-Pianist"
"Jazz-Musiker"," Musiker (ausschließlich Berufsmusiker), deren Schaffen einen Schwerpunkt im Jazz hat, finden sich in dieser Kategorie, sowie, teils noch ohne Enzyklopädie-Eintrag, in der Liste von Jazzmusikern .","","","","","","","","","","","","","https://de.wikipedia.org/wiki/Kategorie:Jazz-Musiker","Kategorie_Jazz-Pianist","https://de.wikipedia.org/wiki/Kategorie:Jazz-Pianist"
