﻿"タイトル","コメント","出生名","別名","出身地","生誕","死没","ジャンル","職業","担当楽器","活動期間","レーベル","共同作業者","メンバー","URL","親リストタイトル","親リストURL"
"A","","","","","","","","","","","","","","","List of jazz vibraphonists","https://en.wikipedia.org/wiki/List_of_jazz_vibraphonists"
"Jason Adasiewicz"," Jason was born in Wichita, Kansas in 1977, but raised in Crystal Lake, Illinois .  He studied jazz drums at DePaul University for three years.","","","U.S.","( 1977-10-14 ) October 14, 1977 (age 46), Wichita, Kansas , U.S.","","Jazz","Musician","","2000–present","482 Music, Cuneiform, Delmark","","","https://en.wikipedia.org/wiki/Jason_Adasiewicz","List of jazz vibraphonists","https://en.wikipedia.org/wiki/List_of_jazz_vibraphonists"
"Peter Appleyard"," He spent most of his life in the city of Toronto , where for many years he was a popular performer in nightclubs and hotels such as The Park Plaza, Stop 33, The 54th, The Chelsea Inn, and The Montreal Bistro. He also played and recorded with many of the city's orchestras and was featured on Canadian television and radio programs. He had his own very successful television show on CHCH Channel 11 that was recorded live from Albert’s Hall, ‘Peter Appleyard Presents’ that featured all the jazz greats from Blossom Dearie to Lionel Hampton. ","","","England","26 August 1928, Cleethorpes , Lincolnshire , England","17 July 2013 (2013-07-17) (aged 84), Rockwood, Ontario","Jazz","Musician","","","","","","https://en.wikipedia.org/wiki/Peter_Appleyard","List of jazz vibraphonists","https://en.wikipedia.org/wiki/List_of_jazz_vibraphonists"
"Mulatu Astatke"," Born in Jimma , Mulatu was musically trained in London, New York City, and Boston where he combined his jazz and Latin music interests with traditional Ethiopian music. Mulatu led his band while playing vibraphone and conga drums —instruments that he introduced into Ethiopian popular music—as well as other percussion instruments, keyboards, and organs. His albums focus primarily on instrumental music , and Mulatu appears on all three known albums of instrumentals that were released during the Ethiopian Golden Age in 1970s. ","","","Ethiopia )","( 1943-12-19 ) 19 December 1943 (age 79), Jimma , Kaffa Province , Ethiopian Empire (now Oromia Region , Ethiopia )","","Ethio-jazz","Musician, composer, arranger","","1963–present","","","","https://en.wikipedia.org/wiki/Mulatu_Astatke","List of jazz vibraphonists","https://en.wikipedia.org/wiki/List_of_jazz_vibraphonists"
"Vera Auer"," Vera Auer (later Vera Auer-Boucher ) (April 20, 1919, Vienna – August 2, 1996, New York City) was an Austrian jazz accordionist and vibraphonist . She was the niece of Leopold Auer .","","","","","","","","","","","","","https://en.wikipedia.org/wiki/Vera_Auer","List of jazz vibraphonists","https://en.wikipedia.org/wiki/List_of_jazz_vibraphonists"
"Roy Ayers"," Ayers was born on September 10, 1940, in Los Angeles. He grew up in a musical family, where his father played trombone and his mother played piano.   At the age of five, he was given his first pair of vibraphone mallets by Lionel Hampton . The area of Los Angeles that Ayers grew up in, South Park (later known as South Central ) was at the center of the Southern California Black music scene. The schools he attended (Wadsworth Elementary, Nevins Middle School, and Thomas Jefferson High School ) were all close to the famed Central Avenue , Los Angeles' equivalent of Harlem 's Lenox Avenue and Chicago's State Street .  During high school, Ayers sang in the church choir  and fronted a band named The Latin Lyrics, in which he played steel guitar and piano.  His high school, Thomas Jefferson High School , produced various talented musicians, such as Dexter Gordon . Ayers has three children: Roy Ayers Jr, Nabil Ayers , and Lauren Faith.","","","US","( 1940-09-10 ) September 10, 1940 (age 83), Los Angeles , California, US","","Post-bop, jazz-funk, acid jazz, soul","Musician, songwriter, film scorer","","1962–present","Atlantic, Polydor, Ichiban, Golden Mink, Nature Sounds, Columbia","","","https://en.wikipedia.org/wiki/Roy_Ayers","List of jazz vibraphonists","https://en.wikipedia.org/wiki/List_of_jazz_vibraphonists"
"B","","","","","","","","","","","","","","","List of jazz vibraphonists","https://en.wikipedia.org/wiki/List_of_jazz_vibraphonists"
"Gregg Bendian"," Born in Englewood, New Jersey , Bendian was raised in Fairview and Teaneck . Bendian began playing drums at the age of nine and studied under Gary Van Dyke of the New Jersey Percussion Ensemble. In high school, he began composing chamber music and studied with Noel DaCosta , Andrew Cyrille and Steve McCall . ","","","U.S.","( 1963-07-13 ) July 13, 1963 (age 60), Englewood, New Jersey , U.S.","","Jazz , jazz fusion , free jazz","","","","","","","https://en.wikipedia.org/wiki/Gregg_Bendian","List of jazz vibraphonists","https://en.wikipedia.org/wiki/List_of_jazz_vibraphonists"
"Karl Berger"," Berger was born on March 30, 1935, in Heidelberg .   He started playing classical piano when he was ten and worked in his early twenties at a club in his hometown.  He learned modern jazz from visiting American musicians, such as Don Ellis and Leo Wright . During the 1960s, he started playing vibraphone .  He studied musicology and sociology at the Free University of Berlin , achieving a doctoral degree in 1963 with a dissertation on music in Sowjet ideology.  He worked as a member of Don Cherry 's band in Paris.   When the band went to New York City to record Symphony for Improvisers , he recorded his debut album as a leader.  ","","","Germany","Karl Hans Berger, ( 1935-03-30 ) March 30, 1935, Heidelberg , Gau Baden, Germany","April 9, 2023 (2023-04-09) (aged 88), Albany, New York , U.S.","","","","","","","","https://en.wikipedia.org/wiki/Karl_Berger","List of jazz vibraphonists","https://en.wikipedia.org/wiki/List_of_jazz_vibraphonists"
"Øyvind Brandtsegg"," Brandtsegg studied music at the \"Sund folkehøgskole\" (Sund Folk High School) in Inderøy . He studied the vibraphone at the Norwegian University of Science and Technology (NTNU) and created a music software program called ImproSculpt,  which samples different tones from the environment (including via body sensors) at the same time the music is performed, processes them and generates ever-changing variations in real time. He plays an instrument called the Marimba Lumina, a MIDI -based marimba which allows the players movements affect the sound.","","","Norway","( 1971-02-16 ) 16 February 1971 (age 52), Steinkjer , Nord-Trøndelag","","Jazz","Musician, composer","","","","","","https://en.wikipedia.org/wiki/Øyvind_Brandtsegg","List of jazz vibraphonists","https://en.wikipedia.org/wiki/List_of_jazz_vibraphonists"
"Alan Branscombe"," Branscombe was born in Wallasey , Cheshire (now Merseyside ), in 1936. His father and grandfather were also professional musicians. He played drums with Victor Feldman in a talent show as a child. He began on alto sax at age six, and played in the army with Jeff Clyne in 1954–56. He toured and recorded with Vic Ash in 1958, recorded with Tony Kinsey in 1959, and toured Japan with Stanley Black in 1960. He worked with John Dankworth as pianist and vibraphonist intermittently between 1960 and 1972, including in the 1963 film The Servant . He joined Harry South 's band at Ronnie Scott 's club in the mid-1960s, and played as a sideman with Tubby Hayes (1964), Stan Tracey (1966–68), Paul Gonsalves (1969), Ben Webster (1965, 1970), and Albert Nicholas (1973). Branscombe toured in Europe with Stan Getz in 1970, and played with the Lamb-Premru group around 1971. ","Alan Branscombe","","England","( 1936-06-04 ) 4 June 1936, Wallasey , England","27 October 1986 (1986-10-27) (aged 50), London, England","Jazz","Musician","","1954-1986","","","","https://en.wikipedia.org/wiki/Alan_Branscombe","List of jazz vibraphonists","https://en.wikipedia.org/wiki/List_of_jazz_vibraphonists"
"Jack Brokensha"," John Joseph \"Jack\" Brokensha (5 January 1926 – 28 October 2010) was an Australian-born American jazz vibraphonist , known for his work with the Australian Jazz Quartet and Motown Records .","","","","","","","","","","","","","https://en.wikipedia.org/wiki/Jack_Brokensha","List of jazz vibraphonists","https://en.wikipedia.org/wiki/List_of_jazz_vibraphonists"
"Larry Bunker"," Born in Long Beach, California , Bunker was a central figure on the West Coast jazz scene, one of the relatively few who actually were from the region. In the 1950s and 1960s he appeared at Howard Rumsey 's Lighthouse in Hermosa Beach , and performed with Shorty Rogers and His Giants and others. At first he played primarily drums , but increasingly he focused on vibraphone and was later highly regarded for his playing of timpani and various percussion instruments.","Lawrence Benjamin Bunker","","U.S.","( 1928-11-04 ) November 4, 1928, Long Beach, California , U.S.","March 8, 2005 (2005-03-08) (aged 76), Los Angeles , California, U.S.","Jazz","Musician","","","","","","https://en.wikipedia.org/wiki/Larry_Bunker","List of jazz vibraphonists","https://en.wikipedia.org/wiki/List_of_jazz_vibraphonists"
"Gary Burton"," Burton was born in Anderson , Indiana, United States.  Beginning music at six years old, he mostly taught himself to play marimba and vibraphone.  He began studying piano at age sixteen while finishing high school at Princeton Community High School in Princeton , Indiana (1956–60). He has cited jazz pianist Bill Evans as the inspiration for his approach to the vibraphone . ","","","U.S.","( 1943-01-23 ) January 23, 1943 (age 80), Anderson, Indiana , U.S.","","Jazz, fusion","Musician","","1960–2017","RCA, Atlantic, ECM, Concord, Mack Avenue","","","https://en.wikipedia.org/wiki/Gary_Burton","List of jazz vibraphonists","https://en.wikipedia.org/wiki/List_of_jazz_vibraphonists"
"C","","","","","","","","","","","","","","","List of jazz vibraphonists","https://en.wikipedia.org/wiki/List_of_jazz_vibraphonists"
"Mike Carr"," Mike Carr was born on 7 December 1937 in South Shields , County Durham , England. ","","","England","( 1937-12-07 ) 7 December 1937, South Shields , County Durham , England","22 September 2017 (2017-09-22) (aged 79)","","Jazz organist, pianist and vibraphonist","","","","","","https://en.wikipedia.org/wiki/Mike_Carr_(musician)","List of jazz vibraphonists","https://en.wikipedia.org/wiki/List_of_jazz_vibraphonists"
"Bryan Carrott"," Bryan Carrott is an American jazz musician playing vibraphone and marimba .","","","","","","","","","","","","","https://en.wikipedia.org/wiki/Bryan_Carrott","List of jazz vibraphonists","https://en.wikipedia.org/wiki/List_of_jazz_vibraphonists"
"Joe Chambers"," He has also taught, including at the New School for Jazz and Contemporary Music in New York City, where he leads the Outlaw Band.     In 2008, he was hired to be the Thomas S. Kenan Distinguished Professor of Jazz in the Department of Music at the University of North Carolina Wilmington . ","","","U.S.","( 1942-06-25 ) June 25, 1942 (age 81), Stoneacre, Virginia, U.S.","","Jazz","Musician, composer","","1963–present","Muse , Finite , Baystate , Blue Note , Savant","","","https://en.wikipedia.org/wiki/Joe_Chambers","List of jazz vibraphonists","https://en.wikipedia.org/wiki/List_of_jazz_vibraphonists"
"Teddy Charles"," Born Theodore Charles Cohen in Chicopee Falls, Massachusetts , United States,  he studied at the Juilliard School of Music as a percussionist.  Later he began to record and made personal appearances as Teddy Cohen with bands  as a vibraphonist, writing, arranging, and producing records. In 1951, he changed his last name to Charles.","Theodore Charles Cohen","","U.S.","( 1928-04-13 ) April 13, 1928, Chicopee Falls, Massachusetts , U.S.","April 16, 2012 (2012-04-16) (aged 84), Riverhead, New York","Jazz","Musician, record producer, arranger","","","Prestige , Atlantic , Jubilee , Bethlehem , Columbia , Warwick , Soul Note , Smalls","","","https://en.wikipedia.org/wiki/Teddy_Charles","List of jazz vibraphonists","https://en.wikipedia.org/wiki/List_of_jazz_vibraphonists"
"Warren Chiasson"," Chiasson was born in Nova Scotia and moved to New York City in 1959. He played with George Shearing from 1959 to 1961 and then split off to form his own group, though he did also play with Chet Baker and Tal Farlow . He played vibes in New York through the 1960s and spent four years playing percussion for the Broadway musical Hair . In 1972 he played with Shearing again and also released a record under his own name. In the mid-1970s he toured with Roberta Flack . He had a long-running duo with Chuck Wayne .","","","Canada","( 1934-04-17 ) April 17, 1934 (age 89), Chéticamp , Nova Scotia , Canada","","Jazz","Musician","","1959–present","","","","https://en.wikipedia.org/wiki/Warren_Chiasson","List of jazz vibraphonists","https://en.wikipedia.org/wiki/List_of_jazz_vibraphonists"
"John Cocuzzi"," John Cocuzzi (born 1964) is an American jazz , blues , and swing musician who specializes in the vibraphone and piano, as well as drums.  His primary influences on vibraphone are Lionel Hampton and Red Norvo , while his piano playing is influenced by piano greats from both the jazz and blues worlds.","","","","","","","","","","","","","https://en.wikipedia.org/wiki/John_Cocuzzi","List of jazz vibraphonists","https://en.wikipedia.org/wiki/List_of_jazz_vibraphonists"
"Tom Collier"," Tom Collier is a multi-instrumental percussionist and vibraphonist ,  with a career in music spanning more than fifty years. He has performed and recorded as a session musician with many important jazz, classical, and popular artists. He has also performed and recorded with his own jazz group and has released solo albums. He joined the faculty at the University of Washington in 1980.","","","","","","","","","","","","","https://en.wikipedia.org/wiki/Tom_Collier_(musician)","List of jazz vibraphonists","https://en.wikipedia.org/wiki/List_of_jazz_vibraphonists"
"Paolo Conte"," Conte was born in Asti , Piedmont . His parents were avid jazz fans and Conte and his younger brother Giorgio spent their formative years listening to a lot of early jazz and blues recordings. After obtaining a law degree at the University of Parma , Conte started working as an assistant solicitor with his father, simultaneously pursuing his musical studies. He learned to play the trombone, the vibraphone and the piano,  and formed a jazz band with his brother on guitar. Conte's skill for composing music and original arrangements was noted by music producer Lilli Greco, who paired Conte with lyricist Vito Pallavicini . They wrote songs for Adriano Celentano (\" Azzurro \", 1968), Caterina Caselli (\"Insieme a te non ci sto più\", 1968), Fausto Leali (\"Deborah\", 1968) and Enzo Jannacci (\"Messico e nuvole\", 1970). In 1974 Conte recorded his first album, Paolo Conte . The following year, he released another eponymous album. Following a series of well-received shows at Club Tenco in Sanremo in 1976 and the commercial success of his third album, 'Un gelato al limon', Conte concentrated almost exclusively on his solo career.","","","Italy","( 1937-01-06 ) 6 January 1937 (age 86), Asti , Piedmont , Italy","","Jazz, chanson","","","","","","","https://en.wikipedia.org/wiki/Paolo_Conte","List of jazz vibraphonists","https://en.wikipedia.org/wiki/List_of_jazz_vibraphonists"
"Eddie Costa"," Costa had an eight-year recording career, during which he appeared on more than 100 albums; five of these were under his own leadership. As a sideman, he appeared in orchestras led by Manny Albam , Gil Evans , Woody Herman and others; played in smaller groups led by musicians including Tal Farlow , Coleman Hawkins , Gunther Schuller , and Phil Woods ; and accompanied vocalists including Tony Bennett and Chris Connor . Costa died, aged 31, in a car accident in New York City.","Edwin James Costa","","United States","August 14, 1930, Atlas, Pennsylvania , United States","July 28, 1962 (1962-07-28) (aged 31), New York City , New York , United States","Jazz","Musician, composer, arranger","","Late 1940s–1962","Coral , Dot , Josie , Verve","","","https://en.wikipedia.org/wiki/Eddie_Costa","List of jazz vibraphonists","https://en.wikipedia.org/wiki/List_of_jazz_vibraphonists"
"Tony Crombie"," Born into London's East End Jewish community , Crombie was a self-taught musician who began playing the drums at the age of fourteen. He was one of a group of young men from the East End of London who ultimately formed the co-operative Club Eleven , bringing modern jazz to Britain. Having gone to New York with his friend Ronnie Scott in 1947, witnessing the playing of Charlie Parker and Dizzy Gillespie , he and like-minded musicians such as Johnny Dankworth , and Scott and Denis Rose , brought be-bop to the UK. This group of musicians were the ones called upon if and when modern jazz gigs were available. ","Anthony John Kronenberg","","England","( 1925-08-27 ) 27 August 1925, Bishopsgate , London, England","18 October 1999 (1999-10-18) (aged 74), Hampstead , London","Jazz","Musician","","","","","","https://en.wikipedia.org/wiki/Tony_Crombie","List of jazz vibraphonists","https://en.wikipedia.org/wiki/List_of_jazz_vibraphonists"
"D","","","","","","","","","","","","","","","List of jazz vibraphonists","https://en.wikipedia.org/wiki/List_of_jazz_vibraphonists"
"Manu Dibango"," Emmanuel \"Manu\" Dibango was born in Douala, Cameroon in 1933. His father, Michel Manfred N'Djoké Dibango,  was a civil servant. Son of a farmer, he met his wife travelling by pirogue to her residence, Douala.  Emmanuel's mother was a fashion designer, running her own small business.  Both her ethnic group, the Douala , and his, the Yabassi , viewed this union of different ethnic groups with some disdain.  Dibango had only a stepbrother from his father's previous marriage,  who was four years older than him.  In Cameroon, one's ethnicity is dictated by one's father, though Dibango wrote in his autobiography, Three Kilos of Coffee , that he had \"never been able to identify completely with either of  parents\". ","Emmanuel N'Djoké Dibango","","French Cameroon","( 1933-12-12 ) 12 December 1933, Douala , French Cameroon","24 March 2020 (2020-03-24) (aged 86), Melun , France","Makossa , African rumba , afrofunk / afrobeat , jazz ,  traditional","Musician, songwriter","","1961–2020","","","","https://en.wikipedia.org/wiki/Manu_Dibango","List of jazz vibraphonists","https://en.wikipedia.org/wiki/List_of_jazz_vibraphonists"
"Walt Dickerson"," Born in Philadelphia , Pennsylvania , United States,  Walt Dickerson graduated from Morgan State University in 1953 and after two years in the Army he settled in California .  There he started to gain attention by leading a group with Andrew Hill and Andrew Cyrille ,  but it was Dickerson's later period in New York City when he gained some further notice. For the Prestige label he recorded four albums.  In 1962 Down Beat named him the best new artist. ","Walter Roland Dickerson","","United States","( 1928-04-16 ) April 16, 1928, Philadelphia , Pennsylvania , United States","May 15, 2008 (2008-05-15) (aged 80)","Jazz","Musician","","","Prestige, SteepleChase","","","https://en.wikipedia.org/wiki/Walt_Dickerson","List of jazz vibraphonists","https://en.wikipedia.org/wiki/List_of_jazz_vibraphonists"
"Mike Dillon"," Dillon's love of playing percussion was born out of his love for the band Rush as a teenager.  He originally performed in the 80's with local Dallas and Denton favorites Ten Hands . In the 1990s he led Dallas-based Billy Goat , In the late 1990s, Billy Goat disbanded and he performed in the Kansas City-based Malachy Papers and the Austin-based Hairy Apes BMX (HABMX).","","","Texas / Kansas City / New Orleans","","","","","","","Hyena, Indie, Ropeadope","","","https://en.wikipedia.org/wiki/Mike_Dillon_(musician)","List of jazz vibraphonists","https://en.wikipedia.org/wiki/List_of_jazz_vibraphonists"
"Toby Driver"," Driver creates the majority of the album artwork associated with these bands, performs the lead vocals and several instruments, produces the albums, and has written and arranged the music for both bands. Although several members of motW continued on when the band dissolved and reformed as Kayo Dot in 2003, Driver is the only remaining member of the original line-up of Maudlin of the Well who is still consistently active with Kayo Dot.","","","U.S.","( 1978-09-29 ) September 29, 1978 (age 45), Meriden, Connecticut , U.S.","","Avant-garde , experimental","Musician, singer, songwriter","","","","","","https://en.wikipedia.org/wiki/Toby_Driver","List of jazz vibraphonists","https://en.wikipedia.org/wiki/List_of_jazz_vibraphonists"
"E","","","","","","","","","","","","","","","List of jazz vibraphonists","https://en.wikipedia.org/wiki/List_of_jazz_vibraphonists"
"Don Elliott"," Elliott played mellophone in his high school band and played trumpet for an army band. After studying at the University of Miami he added vibraphone to his instruments. He recorded with Terry Gibbs and Buddy Rich before forming his own band. From 1953 to 1960, he won the DownBeat Readers' Poll several times for \"miscellaneous instrument-mellophone.\"  ","Don Helfman ","","U.S.","( 1926-10-21 ) October 21, 1926, Somerville , New Jersey, U.S.","July 5, 1984 (1984-07-05) (aged 57), Weston , Connecticut","Jazz","Musician","","","","","","https://en.wikipedia.org/wiki/Don_Elliott","List of jazz vibraphonists","https://en.wikipedia.org/wiki/List_of_jazz_vibraphonists"
"Lars Erstrand"," Lars Erstrand (27 September 1936 Uppsala, Sweden – 11 March 2009) was a Swedish vibraphonist.","","","","","","","","","","","","","https://en.wikipedia.org/wiki/Lars_Erstrand","List of jazz vibraphonists","https://en.wikipedia.org/wiki/List_of_jazz_vibraphonists"
"F","","","","","","","","","","","","","","","List of jazz vibraphonists","https://en.wikipedia.org/wiki/List_of_jazz_vibraphonists"
"Victor Feldman"," Feldman was born in Edgware on 7 April 1934.  He caused a sensation as a musical prodigy when he was \"discovered\", aged seven. His family were all musical and his father founded the Feldman Swing Club in London in 1942 to showcase his talented sons.  Feldman performed from a young age: \"from 1941 to 1947 he played drums in a trio with his brothers; when he was nine he took up piano and when he was 14 started playing vibraphone\".  He featured in the films King Arthur Was a Gentleman (1942) and Theatre Royal (1943). In 1944, he was featured at a concert with Glenn Miller 's AAAF band, as \"Kid Krupa\" (in reference to drummer Gene Krupa ).  He also \"took a prominent role in the musical Piccadilly Hayride \" (1946–1948). ","Victor Stanley Feldman","","England","( 1934-04-07 ) 7 April 1934, Edgware , London, England","12 May 1987 (1987-05-12) (aged 53), Woodland Hills, California , United States","Jazz","Musician","","","","","","https://en.wikipedia.org/wiki/Victor_Feldman","List of jazz vibraphonists","https://en.wikipedia.org/wiki/List_of_jazz_vibraphonists"
"Brent Fischer"," Born Brent Sean Cecil Fischer (Cecil after his paternal grandfather), Fischer was the first of two children born to Clare and Zoe Ann Fischer (née Routsos) and the second of three born to Clare, including his son Lee by an earlier marriage.","Brent Sean Cecil Fischer","","U.S.","( 1964-07-13 ) July 13, 1964 (age 59), Los Angeles, California, U.S.","","Jazz , bossa nova , Afro-Cuban jazz , fusion , funk , classical , vocal , pop","Musician, composer, arranger","","1980–present","hr2 kultur , Clavo","","","https://en.wikipedia.org/wiki/Brent_Fischer","List of jazz vibraphonists","https://en.wikipedia.org/wiki/List_of_jazz_vibraphonists"
"Mike Freeman"," Freeman started learning drums at age six and began playing professionally at age thirteen. At twelve, he began playing the vibraphone, and by fifteen, he was a percussionist for the Omaha Symphony Orchestra under conductor Thomas Briccetti.  During his last year of high school, he began traveling to Chicago to study with renowned percussionist and veteran studio musician Bobby Christian.  He graduated from DePaul University with a Bachelor of Music composition in 1981. In New York, he studied with composer and arranger Hale Rood. ","","","U.S.","1959 (age 63–64), Omaha, Nebraska , U.S.","","Jazz, Latin jazz, salsa","Musician","","","","","","https://en.wikipedia.org/wiki/Mike_Freeman_(jazz_musician)","List of jazz vibraphonists","https://en.wikipedia.org/wiki/List_of_jazz_vibraphonists"
"David Friedman"," David Friedman (born March 10, 1944, New York , United States) is an American jazz percussionist. His primary instruments are vibraphone and marimba .","","","","","","","","","","","","","https://en.wikipedia.org/wiki/David_Friedman_(percussionist)","List of jazz vibraphonists","https://en.wikipedia.org/wiki/List_of_jazz_vibraphonists"
"G","","","","","","","","","","","","","","","List of jazz vibraphonists","https://en.wikipedia.org/wiki/List_of_jazz_vibraphonists"
"Terry Gibbs"," He has performed or recorded with Tommy Dorsey , Chubby Jackson ,  Buddy Rich , Woody Herman , Benny Goodman , Alice Coltrane , Louie Bellson , Charlie Shavers , Mel Tormé , Buddy DeFranco , and others. Gibbs also worked in film and TV studios in Los Angeles.","Julius Gubenko","","U.S.","( 1924-10-13 ) October 13, 1924 (age 99), Brooklyn New York, U.S.","","Jazz","Musician","","1946–present","Savoy , EmArcy , Verve , Contemporary , Mack Avenue , Whaling City Sound","","","https://en.wikipedia.org/wiki/Terry_Gibbs","List of jazz vibraphonists","https://en.wikipedia.org/wiki/List_of_jazz_vibraphonists"
"Tyree Glenn"," Tyree played trombone and vibraphone with local Texas bands before moving in the early 1930s to Washington, D.C., where he performed with several prominent bands of the swing era .  He played with Bob Young (1930), and then he joined Tommy Myles 's band (1934–36). After he left Myles, he moved to the West Coast , playing with groups headed by Charlie Echols (1936). Further, he played with Eddie Barefield (1936), Eddie Mallory 's band (1937) and Benny Carter (1937) and played with Cab Calloway from 1939 to 1946. ","","","Corsicana, Texas , US","( 1912-11-23 ) November 23, 1912","May 18, 1974 (1974-05-18) (aged 61)","Swing","Trombone player, studio musician","","","","","","https://en.wikipedia.org/wiki/Tyree_Glenn","List of jazz vibraphonists","https://en.wikipedia.org/wiki/List_of_jazz_vibraphonists"
"Tommy Gwaltney"," Thomas Oliver Gwaltney III  (February 28, 1921, in Norfolk, Virginia , United States  – February 11, 2003, in Virginia Beach, Virginia )  was an American jazz multi-instrumentalist and bandleader. He played clarinet, saxophone, and vibraphone. ","","","","","","","","","","","","","https://en.wikipedia.org/wiki/Tommy_Gwaltney","List of jazz vibraphonists","https://en.wikipedia.org/wiki/List_of_jazz_vibraphonists"
"H","","","","","","","","","","","","","","","List of jazz vibraphonists","https://en.wikipedia.org/wiki/List_of_jazz_vibraphonists"
"Ollie Halsall"," Halsall began his musical career in 1964 playing drums with various local bands such as Pete and the Pawnees, the Gunslingers, the Music Students and Rhythm and Blues Incorporated. In 1965 he taught himself to play the vibraphone and was invited to London to join fellow Southport musicians bassist Clive Griffiths and keyboardist 'Professor' Chris Holmes in pop rock outfit Take Five, which became Timebox . in 1967, Halsall took up guitar. They enlisted Mike Patto on vocals and drummer 'Admiral' John Halsey .","Peter John Halsall","","England","( 1949-03-14 ) 14 March 1949, Southport , Lancashire , England","29 May 1992 (1992-05-29) (aged 43), Madrid , Spain","Pop, rock, progressive rock, synth-pop","Musician, songwriter, singer","","1966–1992","Virgin, Epic","","","https://en.wikipedia.org/wiki/Ollie_Halsall","List of jazz vibraphonists","https://en.wikipedia.org/wiki/List_of_jazz_vibraphonists"
"Gunter Hampel"," ","","","Germany","( 1937-08-31 ) 31 August 1937 (age 86), Göttingen , Germany ","","Free jazz","Musician","","","Birth","","","https://en.wikipedia.org/wiki/Gunter_Hampel","List of jazz vibraphonists","https://en.wikipedia.org/wiki/List_of_jazz_vibraphonists"
"Lionel Hampton"," Lionel Hampton was born in 1908 in Louisville, Kentucky , and was raised by his mother. Shortly after he was born, he and his mother moved to her hometown of Birmingham, Alabama.    He spent his early childhood in Kenosha , Wisconsin , before he and his family moved to Chicago , Illinois , in 1916. As a youth, Hampton was a member of the Bud Billiken Club , an alternative to the Boy Scouts of America , which was off-limits because of racial segregation . ","Lionel Leo Hampton","","U.S.","( 1908-04-20 ) April 20, 1908, Louisville, Kentucky , U.S.","August 31, 2002 (2002-08-31) (aged 94), New York City, U.S.","Swing, big band, mainstream jazz, blues","Musician, composer","","1927–2002","Decca","","","https://en.wikipedia.org/wiki/Lionel_Hampton","List of jazz vibraphonists","https://en.wikipedia.org/wiki/List_of_jazz_vibraphonists"
"Hagood Hardy"," Hardy was born in Angola, Indiana . His mother was an American citizen. Hardy came to Canada as an infant settling in Brantford and grew up in Oakville, Ontario . He received a Bachelor of Arts degree from Trinity College, Toronto , and studied music privately in Toronto with Gordon Delamont . As a young man he participated in bebop jam sessions on Gerrard Street in Toronto.  In the 1960s he played vibraphone in the bands of Martin Denny , Gigi Gryce , Herbie Mann , and George Shearing .","","","United States","( 1937-02-26 ) February 26, 1937, Angola, Indiana , United States","January 1, 1997 (1997-01-01) (aged 59), Hamilton, Ontario , Canada","","Composer, arranger, vibraphonist, pianist, percussionist","","","","","","https://en.wikipedia.org/wiki/Hagood_Hardy","List of jazz vibraphonists","https://en.wikipedia.org/wiki/List_of_jazz_vibraphonists"
"Bob Harrington"," Robert Maxon Harrington (January 30, 1912, in Marshfield, Wisconsin – August 20, 1983, in Kona, Hawaii )   was an American jazz vibraphonist .","","","","","","","","","","","","","https://en.wikipedia.org/wiki/Bob_Harrington","List of jazz vibraphonists","https://en.wikipedia.org/wiki/List_of_jazz_vibraphonists"
"Stefon Harris"," A native of Albany, New York, Harris intended to work for the New York Philharmonic until he heard the music of Charlie Parker . During the 1990s he recorded with Charlie Hunter and Steve Turre as a session musician. He signed with Blue Note , which released his debut album, A Cloud of Red Dust (1998). His second album, Black Action Figure , was nominated for a Grammy Award. In 2001 he worked with pianist Jacky Terrasson at the Village Vanguard in New York City and recorded the album Kindred with him during the same year. His album The Grand Unification Theory (2003) won the Martin E. Segal Award from Jazz at Lincoln Center . ","Stefon DeLeon Harris","","U.S.","( 1973-03-23 ) March 23, 1973 (age 50), Albany, New York , U.S.","","Jazz, classical","Musician","","1996–present","Blue Note","","","https://en.wikipedia.org/wiki/Stefon_Harris","List of jazz vibraphonists","https://en.wikipedia.org/wiki/List_of_jazz_vibraphonists"
"Jim Hart"," From 1994–96, Hart attended Chetham's School of Music in Manchester . While a student there, he was a finalist in the BBC Young Musician of the Year competition  and also won the John Dankworth Prize for ‘most promising musician’ in the BBC Big Band of the Year competition. ","","","","","","","","","","","","","https://en.wikipedia.org/wiki/Jim_Hart_(musician)","List of jazz vibraphonists","https://en.wikipedia.org/wiki/List_of_jazz_vibraphonists"
"Tubby Hayes"," Hayes was born in St Pancras, London , England, and grew up in Raynes Park , south-west London.  His father was a BBC studio violinist who gave his son violin lessons from an early age.  By the age of ten, Hayes was playing the piano, and started on the tenor sax at 11. Dizzy Gillespie was an early influence: ","Edward Brian Hayes","","England","( 1935-01-30 ) 30 January 1935, St Pancras, London , England","8 June 1973 (1973-06-08) (aged 38), Hammersmith , London, England","Jazz","Musician","","1951–1973","","","","https://en.wikipedia.org/wiki/Tubby_Hayes","List of jazz vibraphonists","https://en.wikipedia.org/wiki/List_of_jazz_vibraphonists"
"Jay Hoggard"," Jay Hoggard was raised in a religious family. He was born in Washington, D.C. , but grew up in Mount Vernon, New York . His mother taught him how to play piano at a young age.  At the age of 15, he started to play the vibraphone. ","","","D.C.","( 1954-09-24 ) September 24, 1954 (age 69), Washington, D.C.","","Jazz","Musician","","","","","","https://en.wikipedia.org/wiki/Jay_Hoggard","List of jazz vibraphonists","https://en.wikipedia.org/wiki/List_of_jazz_vibraphonists"
"Hans Hulbækmo"," Hulbækmo studied music on the Jazz program at Trondheim Musikkonsevatorium , NTNU,  where he joined the acoustic jazz band \"Moskus\" together with fellow students, Fredrik Luhr Dietrichson (double bass) from Haugesund and Anja Lauvdal (piano) from Flekkefjord , at NTNU. Their debut album was Salmesykkel (2012)  Hulbækmo also played in \"Your Headlights Are On\" with an selftiteled debut album Your Headlights Are On (2011) and \"Snøskred\" debuting with the album Whiteout (2012), with Anja Lauvdal.","","","Norway","1989 (age 33–34), Tolga , Hedmark","","Jazz","Musician, composer","","","Dayladore Collective, Hubro Records, Nabovarsel","","","https://en.wikipedia.org/wiki/Hans_Hulbækmo","List of jazz vibraphonists","https://en.wikipedia.org/wiki/List_of_jazz_vibraphonists"
"Bobby Hutcherson"," Bobby Hutcherson was born in Los Angeles, California , to Eli, a master mason, and Esther, a hairdresser. Hutcherson was exposed to jazz by his brother Teddy, who listened to Art Blakey records in the family home with his friend Dexter Gordon . His older sister Peggy was a singer in Gerald Wilson 's orchestra. Hutcherson went on to record on a number of Gerald Wilson's Pacific Jazz recordings as well as play in his orchestra. Hutcherson's sister personally introduced Hutcherson to Eric Dolphy (her boyfriend at the time) and Billy Mitchell . Hutcherson was inspired to take up the vibraphone when at about the age of 12 he heard Milt Jackson with Thelonious Monk , Percy Heath , Kenny Clarke and Miles Davis playing \" Bemsha Swing \" on the Miles Davis All Stars, Volume 2 album (1954).  Still in his teens, Hutcherson began his professional career in the late 1950s working with tenor saxophonist Curtis Amy and trumpeter Carmell Jones , as well as with Dolphy and tenor saxophonist Charles Lloyd at Pandora's Box on the Sunset Strip .   ","","","U.S.","( 1941-01-27 ) January 27, 1941, Los Angeles, California, U.S.","August 15, 2016 (2016-08-15) (aged 75), Montara , California","Jazz fusion, hard bop, post-bop, avant-garde jazz, mainstream jazz, free jazz","Musician, composer","","1961–2016","","","","https://en.wikipedia.org/wiki/Bobby_Hutcherson","List of jazz vibraphonists","https://en.wikipedia.org/wiki/List_of_jazz_vibraphonists"
"Margie Hyams"," Hyams had her own trio and quartet (1940–1944) and played with Woody Herman (1944–1945) and Flip Phillips in the mid-1940s. She formed another trio with guitarists such as Tal Farlow , Mundell Lowe , and Billy Bauer from 1945 to 1948. She also arranged and sang with Charlie Ventura , and recorded with Mary Lou Williams . Hyams joined George Shearing from 1949 to 1950. ","","","","( 1920-08-09 ) August 9, 1920","June 14, 2012 (2012-06-14) (aged 91)","Jazz , modal jazz , third stream , cool jazz , post-bop","Musician, arranger","","1940–1970","","","","https://en.wikipedia.org/wiki/Margie_Hyams","List of jazz vibraphonists","https://en.wikipedia.org/wiki/List_of_jazz_vibraphonists"
"J","","","","","","","","","","","","","","","List of jazz vibraphonists","https://en.wikipedia.org/wiki/List_of_jazz_vibraphonists"
"Milt Jackson"," A very expressive player, Jackson differentiated himself from other vibraphonists in his attention to variations on harmonics and rhythm.  He was particularly fond of the twelve-bar blues at slow tempos. On occasion, Jackson also sang and played piano.","Milton Jackson","","U.S.","( 1923-01-01 ) January 1, 1923, Detroit, Michigan , U.S.","October 9, 1999 (1999-10-09) (aged 76), New York, New York , U.S.","Hard bop, Afro-Cuban jazz, modal jazz, mainstream jazz, post-bop","Musician, soloist, composer, bandleader","","","Impulse!, Atlantic, CTI, Prestige, Apple","","","https://en.wikipedia.org/wiki/Milt_Jackson","List of jazz vibraphonists","https://en.wikipedia.org/wiki/List_of_jazz_vibraphonists"
"Moe Jaffe"," Moe Jaffe (October 23, 1901 – December 2, 1972) was a songwriter and bandleader who composed more than 250 songs. He is best known for six: \"Collegiate\", \" The Gypsy in My Soul \", \" If I Had My Life to Live Over \", \" If You Are But a Dream \", \" Bell Bottom Trousers \", and \" I'm My Own Grandpa \".","","","","","","","","","","","","","https://en.wikipedia.org/wiki/Moe_Jaffe","List of jazz vibraphonists","https://en.wikipedia.org/wiki/List_of_jazz_vibraphonists"
"Khan Jamal"," Warren Robert Cheeseboro was born in Jacksonville, Florida , on July 23, 1946.  His father, Henry McCloud, worked as an entrepreneur; his mother, Willa Mae Cheeseboro, was a stride pianist . He was raised in Philadelphia , and began playing the vibraphone during the later part of his teenage years in the mid-1960s.   Jamal attended the Granoff School of Music and the Combs College of Music .  ","Warren Robert Cheeseboro","","U.S.","( 1946-07-23 ) July 23, 1946, Jacksonville, Florida , U.S.","January 10, 2022 (2022-01-10) (aged 75), Philadelphia , Pennsylvania , U.S.","Jazz","","","1960s–2022","SteepleChase","","","https://en.wikipedia.org/wiki/Khan_Jamal","List of jazz vibraphonists","https://en.wikipedia.org/wiki/List_of_jazz_vibraphonists"
"K","","","","","","","","","","","","","","","List of jazz vibraphonists","https://en.wikipedia.org/wiki/List_of_jazz_vibraphonists"
"Anthony Kerr"," Anthony Kerr is a British jazz vibraphone player, who has performed and recorded internationally with Georgie Fame , Charlie Watts , BBC Big Band , Robbie Williams , Joe Lovano , Jacqui Dankworth , and Courtney Pine . His compositions have been broadcast on BBC Radio .","","","","","","","","","","","","","https://en.wikipedia.org/wiki/Anthony_Kerr","List of jazz vibraphonists","https://en.wikipedia.org/wiki/List_of_jazz_vibraphonists"
"Ivar Kolve"," Kolve was born in Voss but since 1988 has lived in Bergen , where he was educated at the Bergen Musikkonservatorium .  With his own Trio Ivar Kolve Trio (established in 1996) Sébastien Dubé (bass) and Stein Inge Brækhus (drums), he has released a number of albums.","","","Norway","( 1967-03-31 ) March 31, 1967 (age 56), Voss , Hordaland","","Jazz","Musician, composer","","","","","","https://en.wikipedia.org/wiki/Ivar_Kolve","List of jazz vibraphonists","https://en.wikipedia.org/wiki/List_of_jazz_vibraphonists"
"Kathy Kelly"," From 2009 to 2019, her activism and writing focused on Afghanistan, Yemen, and Gaza, along with domestic protests against US drone policy. She has been arrested more than sixty times at home and abroad, and written of her experiences among targets of US military bombardment and inmates of US prisons .","","","US","December 10, 1952, Chicago, Illinois , US","","","","","","","","","https://en.wikipedia.org/wiki/Kathy_Kelly","List of jazz vibraphonists","https://en.wikipedia.org/wiki/List_of_jazz_vibraphonists"
"L","","","","","","","","","","","","","","","List of jazz vibraphonists","https://en.wikipedia.org/wiki/List_of_jazz_vibraphonists"
"Frits Landesbergen"," Frits Landesbergen (born 1961 in Voorschoten ) is a Dutch jazz drummer and vibraphonist . ","","","","","","","","","","","","","https://en.wikipedia.org/wiki/Frits_Landesbergen","List of jazz vibraphonists","https://en.wikipedia.org/wiki/List_of_jazz_vibraphonists"
"Bill Le Sage"," Le Sage was born in London on 20 January 1927.  His father, William (1899-1951) was a drummer and his two uncles were both musicians (George - trumpet, saxophone and Ernie - guitar).  He started playing the ukulele at the age of eight, and drums at fifteen.  He was self-taught as a pianist. ","William A. Le Sage","","England","( 1927-01-20 ) 20 January 1927, London, England","31 October 2001 (2001-10-31) (aged 74), Ealing , West London, England","Jazz","Musician, Bandleader, Arranger, Composer","","1945–2001","","","","https://en.wikipedia.org/wiki/Bill_Le_Sage","List of jazz vibraphonists","https://en.wikipedia.org/wiki/List_of_jazz_vibraphonists"
"Bob Leatherbarrow"," Leatherbarrow was born in Buffalo, New York.  During his career, Leatherbarrow has played with Rosemary Clooney , Natalie Cole , Peggy Lee , and Ernie Watts ,  His debut album as leader, Bumpin' in the Basement , was released in 1999. ","","","US","( 1955-05-03 ) May 3, 1955 (age 68), Buffalo, New York , US","","Jazz","Musician, composer","","","","","","https://en.wikipedia.org/wiki/Bob_Leatherbarrow","List of jazz vibraphonists","https://en.wikipedia.org/wiki/List_of_jazz_vibraphonists"
"Alan Lee"," Alan Lee (29 July 1936 – 7 August 2022) was an Australian bandleader, vibraphonist , guitarist, and percussionist. He was one of the first Australian jazz musicians to fuse classical music with jazz and to utilize Latin American rhythms in his music. He led several jazz bands in Melbourne and Sydney from late 1950s through the 1980s. His recorded albums include Gallery Concerts (1973, Cumquat Records 12–03), The Alan Lee Jazz Quartet (1973, Jazznote), Moomba Jazz ’76, Live from the Dallas Brooks Hall (1977, 44 Records 6357708), and Alan Lee and Friends: Jazz at the Hyde Park Hotel (1990, Request Records 1511) among others. ","","","","","","","","","","","","","https://en.wikipedia.org/wiki/Alan_Lee_(bandleader)","List of jazz vibraphonists","https://en.wikipedia.org/wiki/List_of_jazz_vibraphonists"
"Ulf Linde"," Ulf Harald Linde (15 April 1929 – 12 October 2013  ) was a Swedish art critic , writer , museum director and a member of the Swedish Academy .","","","","","","","","","","","","","https://en.wikipedia.org/wiki/Ulf_Linde","List of jazz vibraphonists","https://en.wikipedia.org/wiki/List_of_jazz_vibraphonists"
"Buzzy Linhart"," Linhart was born in Pittsburgh , Pennsylvania, and raised in Cleveland , Ohio. He began playing percussion for symphony at the age of seven, switching to vibraphone at ten. At fourteen he entered the Cleveland Music School Settlement. Because of this training he led bands all through school and at the age of 18 entered the U.S. Navy School of Music as a percussionist.","William Charles Linhart","","U.S.","( 1943-03-03 ) March 3, 1943, Pittsburgh, Pennsylvania , U.S.","February 13, 2020 (2020-02-13) (aged 76), Berkeley, California , U.S.","","Musician, actor","","","","","","https://en.wikipedia.org/wiki/Buzzy_Linhart","List of jazz vibraphonists","https://en.wikipedia.org/wiki/List_of_jazz_vibraphonists"
"Joe Locke"," A native of Palo Alto, California , Locke grew up in Rochester, New York .  His father taught music.  When Locke was eight years old he began learning drums and piano, then started on vibraphone five years later.   After playing in rock bands, he became attracted to jazz in his teen years  and attended the Eastman School of Music in Rochester. ","Joseph Paul Locke","","U.S.","( 1959-03-18 ) March 18, 1959 (age 64), Palo Alto, California, U.S.","","Jazz","Musician","","1981–present","SteepleChase , Milestone , Sharp Nine, Sirocco, Origin , Motema","","","https://en.wikipedia.org/wiki/Joe_Locke_(musician)","List of jazz vibraphonists","https://en.wikipedia.org/wiki/List_of_jazz_vibraphonists"
"Matthias Lupri"," Matthias Albrecht Lupri (born 29 October 1964 in Germany ) is a jazz musician who plays the vibraphone .  ","","","","","","","","","","","","","https://en.wikipedia.org/wiki/Matthias_Lupri","List of jazz vibraphonists","https://en.wikipedia.org/wiki/List_of_jazz_vibraphonists"
"Arthur Lyman"," Arthur Lyman was born on the island of Kauai in the U.S. territory of Hawaii, on February 2, 1932. He was the youngest of eight children of a Hawaiian mother and a father of Hawaiian, French, Belgian and Chinese descent. When Arthur's father, a riveter, lost his eyesight in an accident on Kauai, the family settled in Makiki , a subdistrict of Honolulu .  Arthur's father was very strict with him, each day after school locking him in a room with orders to play along to a stack of Benny Goodman records \"to learn what good music is.\"  \"I had a little toy marimba,\" Lyman later recalled, \"a sort of bass xylophone , and from those old 78 rpm disks I learned every note Lionel Hampton recorded with the Goodman group.\"  At age eight he made his public debut playing his toy marimba on the Listerine Amateur Hour on radio station KGMB , Honolulu, playing \" Twelfth Street Rag .\" \"I won a bottle of Listerine,\" he laughed.  Lyman joined his father and brother playing USO shows on the bases at Kaneohe and Pearl Harbor .  Over the next few years he became adept at the four- mallet style of playing which offers a greater range of chord-forming options. In fact he became good enough to turn professional at age 14 when he joined a group called the Gadabouts, playing vibes in the cool-jazz style then in vogue. \"I was working at Leroy's, a little nightclub down by Kakaako . I was making about $60 a week, working Monday to Saturday, from 9 to 2 in the morning, and then I'd go to school. So it was kind of tough.\" ","Arthur Lyman","","Hawaii","( 1932-02-02 ) February 2, 1932, Kauai , Hawaii","February 24, 2002 (2002-02-24) (aged 70), Honolulu , Hawaii","jazz , Hawaiian, exotica","Musician","","1948–2002","","","","https://en.wikipedia.org/wiki/Arthur_Lyman","List of jazz vibraphonists","https://en.wikipedia.org/wiki/List_of_jazz_vibraphonists"
"Johnny Lytle"," Johnny Dillard Lytle (October 13, 1932 in Springfield, Ohio – December 15, 1995 in Springfield)  was an American jazz drummer and vibraphonist.","","","","","","","","","","","","","https://en.wikipedia.org/wiki/Johnny_Lytle","List of jazz vibraphonists","https://en.wikipedia.org/wiki/List_of_jazz_vibraphonists"
"M","","","","","","","","","","","","","","","List of jazz vibraphonists","https://en.wikipedia.org/wiki/List_of_jazz_vibraphonists"
"Mike Mainieri"," Mainieri was born in The Bronx , New York , United States.  Mainieri was a pioneer in introducing an electronic vibraphone , known as a synth-vibe, and has recorded with such musicians as Buddy Rich , Wes Montgomery and Jeremy Steig .  He performed for a live album by Laura Nyro and was featured on several tracks from the Dire Straits album, Love Over Gold (1982),  as well as on \" Ride Across the River \" on the album Brothers in Arms (1985).  He performed on the albums Heads by Bob James , Heart to Heart by David Sanborn ,  and Tiger in the Rain by Michael Franks. ","Mike Mainieri","","United States","( 1938-07-04 ) July 4, 1938 (age 85), The Bronx , New York , United States","","Jazz , rock","Musician, composer, label owner","","1952–present","Elektra Musician , NYC","","","https://en.wikipedia.org/wiki/Mike_Mainieri","List of jazz vibraphonists","https://en.wikipedia.org/wiki/List_of_jazz_vibraphonists"
"Jason Marsalis"," Marsalis was born in New Orleans , Louisiana, the son of Dolores (née Ferdinand) and Ellis Louis Marsalis, Jr. , a pianist and music professor.  His brothers are Branford Marsalis , Wynton Marsalis , Ellis Marsalis III (1964), Delfeayo Marsalis , and Mboya Kenyatta (1971). Branford, Wynton, and Delfeayo are also jazz musicians.","","","U.S.","( 1977-03-04 ) March 4, 1977 (age 46), New Orleans , Louisiana , U.S.","","Jazz","Musician","","1990-present ","Basin Street","","","https://en.wikipedia.org/wiki/Jason_Marsalis","List of jazz vibraphonists","https://en.wikipedia.org/wiki/List_of_jazz_vibraphonists"
"George Masso"," Masso was born in Cranston, Rhode Island , United States.  Masso began learning to play the trumpet, but expanded his diversity by becoming competent on other instruments.  He was further inspired by hearing Lou McGarity playing trombone on Benny Goodman 's recording of \"Yours\". Masso secured a two year spell in the late 1940s in Jimmy Dorsey 's band, before finding the life of a professional jazz musician financially difficult, and Masso quit performing. He became a music teacher. ","","","U.S.","( 1926-11-17 ) November 17, 1926, Cranston , Rhode Island, U.S.","October 22, 2019 (2019-10-22) (aged 92)","Jazz","Musician","","","Sackville , Arbors , Nagel-Heyer","","","https://en.wikipedia.org/wiki/George_Masso","List of jazz vibraphonists","https://en.wikipedia.org/wiki/List_of_jazz_vibraphonists"
"Dan McCarthy"," McCarthy studied with Don Thompson at Humber College before moving to New York City in 2009. ","","","","","","Jazz","Instrumentalist","","","","","","https://en.wikipedia.org/wiki/Dan_McCarthy_(vibraphonist)","List of jazz vibraphonists","https://en.wikipedia.org/wiki/List_of_jazz_vibraphonists"
"Gary McFarland"," McFarland was born in Los Angeles , on October 23, 1933, but grew up in Grants Pass , Oregon.","Gary Ronald McFarland","","U.S.","( 1933-10-23 ) October 23, 1933, Los Angeles , California , U.S.","November 2, 1971 (1971-11-02) (aged 38), New York City","Jazz","Musician, composer, arranger","","1963–1971","Verve , Impulse! , Skye , Cobblestone , Buddah","","","https://en.wikipedia.org/wiki/Gary_McFarland","List of jazz vibraphonists","https://en.wikipedia.org/wiki/List_of_jazz_vibraphonists"
"Tony Miceli"," He is on the faculty of the University of the Arts ,  Temple University  and University of Southern Mississippi.  He also performs in jazz clubs, concert halls and festivals around the world. He has played jazz standards, jazz interpretations of classical music (a repertoire that includes Villa Lobos, Mozart, and Bach)  Led Zeppelin, Jimi Hendrix, and other rock musicians from the 1960s.","","","U.S.","( 1960-07-01 ) July 1, 1960 (age 63), Cincinnati, Ohio , U.S.","","Jazz","Musician, composer, educator","","1976-present","","","","https://en.wikipedia.org/wiki/Tony_Miceli","List of jazz vibraphonists","https://en.wikipedia.org/wiki/List_of_jazz_vibraphonists"
"Jerzy Milian"," In the years 1953–1955, Milian formed a quintet with Stanisław Chwiłkowski , Ryszard Czaplicki , Jerzy Piątek and Stanisław Lisek . In the years 1956–1958, he played vibraphone in a sextet with Krzysztof Komeda , and at the turn of 1959 and 1960 in the quintet of Jan \"Ptaszyn\" Wróblewski . He was the director and artistic director of the Orchestra of Polish Radio and Television Services Entertainment in Katowice and lecturer at the Poznan Academy of Music . He participated in many jazz festivals, including the annual Jazz Jamboree in Warsaw.","Jerzy Stanisław Milian","","Poland","( 1935-04-10 ) April 10, 1935, Poznan , Poland","March 7, 2018 (2018-03-07) (aged 82), Katowice","Jazz","Painter, composer, musician","","","","","","https://en.wikipedia.org/wiki/Jerzy_Milian","List of jazz vibraphonists","https://en.wikipedia.org/wiki/List_of_jazz_vibraphonists"
"Max Miller"," Miller was born in East Chicago, Indiana . At an early age he learned banjo and played it in the high school band. At sixteen he joined the Musicians Union and began to play professionally. In 1927 he switched to guitar, performing mostly dixieland with bands in Indiana and Michigan. He moved to Chicago in the early 1930s and worked as a drummer and string bassist. At this time he started experimenting with the vibraphone . He worked with bands around Chicago, playing guitar, piano, and vibes, including with pianist Frank Melrose and drummer Dave Tough . He went on tour as a guitarist and vibraphonist for the Vincent Lopez Orchestra with Betty Hutton as vocalist. In 1937, at age 26, he left Lopez to become musical director at WIND radio in Chicago, where he stayed for two years, performing 21 live shows a week, often his compositions.","Edward Maxwell Miller","","U.S.","( 1911-11-17 ) November 17, 1911, Chicago, Illinois, U.S.","November 13, 1985 (1985-11-13) (aged 73)","Jazz","Musician","","1927–70","Columbia, Life, Gold Seal","","","https://en.wikipedia.org/wiki/Max_Miller_(jazz_musician)","List of jazz vibraphonists","https://en.wikipedia.org/wiki/List_of_jazz_vibraphonists"
"Vincent Montana, Jr."," Montana was born in South Philadelphia, Pennsylvania , and grew up in an Italian-American neighborhood. He began playing drums as a child and soon took up other percussion instruments , including the glockenspiel and marimba . By the late 1940s, he regularly played in nightclubs with jazz musicians such as Charlie Parker , Sarah Vaughan , Clifford Brown and Red Garland . He then spent time as a musician in Las Vegas hotels, accompanying and arranging for Harry Belafonte , Louis Prima and others.  He returned to Philadelphia in the late 1950s, playing vibraphone on Frankie Avalon 's 1959 hit \" Venus \", as well as recordings by Chubby Checker , Bobby Rydell and others. Around the same time, he started to be featured regularly on the nationally syndicated TV talk show, The Mike Douglas Show .  ","Vincent Montana Jr.","","United States","( 1928-02-12 ) February 12, 1928, Philadelphia , Pennsylvania , United States","April 13, 2013 (2013-04-13) (aged 85), Cherry Hill, New Jersey , United States","Jazz , soul , disco","Percussionist , vibraphonist , arranger , bandleader , composer","","c.1950–2000s","Salsoul , Atlantic , Philly Sound Works","","","https://en.wikipedia.org/wiki/Vincent_Montana,_Jr.","List of jazz vibraphonists","https://en.wikipedia.org/wiki/List_of_jazz_vibraphonists"
"Buddy Montgomery"," Buddy and brother Monk formed The Mastersounds in the late 1950s and produced ten recordings. When The Mastersounds disbanded, Monk and Buddy joined their brother Wes on a number of Montgomery Brothers recordings, which were mostly arranged by Buddy. They toured together in 1968, and it was in the middle of that tour that Wes died. Buddy continued to compose, arrange, perform, produce, teach and record, producing nine recordings as a leader. ","Charles Montgomery","","United States","( 1930-01-30 ) January 30, 1930, Indianapolis, Indiana , United States","May 14, 2009 (2009-05-14) (aged 79), Palmdale, California , United States","Jazz","Musician","","","","","","https://en.wikipedia.org/wiki/Buddy_Montgomery","List of jazz vibraphonists","https://en.wikipedia.org/wiki/List_of_jazz_vibraphonists"
"Coati Mundi"," Hernandez is a first-generation Puerto Rican who grew up in Spanish Harlem , New York City . As a young teenager, the first band he played and recorded with was called Eddie Hernandez & his Orchestra.","Andy Hernandez","\"Sugar Coated\" Andy Hernandez","New York City, New York , U.S.","( 1950-01-03 ) January 3, 1950 (age 73)","","","Musician, Record producer","","1970s–present","ZE Records","","","https://en.wikipedia.org/wiki/Coati_Mundi_(musician)","List of jazz vibraphonists","https://en.wikipedia.org/wiki/List_of_jazz_vibraphonists"
"N","","","","","","","","","","","","","","","List of jazz vibraphonists","https://en.wikipedia.org/wiki/List_of_jazz_vibraphonists"
"Bobby Naughton"," Robert Naughton (June 25, 1944 – December 3, 2022)  was an American jazz vibraphonist and pianist.","","","","","","","","","","","","","https://en.wikipedia.org/wiki/Bobby_Naughton","List of jazz vibraphonists","https://en.wikipedia.org/wiki/List_of_jazz_vibraphonists"
"Steve Nelson"," Nelson graduated from Rutgers University with both master's and bachelor's degrees in music, and his teaching activities have included a position at Princeton University .  He has appeared at concerts and festivals worldwide and has made recordings as the leader of his own group. He has performed and recorded with Kenny Barron , Bobby Watson , Mulgrew Miller , David \"Fathead\" Newman , Johnny Griffin , and Jackie McLean .","","","Pennsylvania","( 1954-08-11 ) August 11, 1954 (age 69), Pittsburgh, Pennsylvania","","Jazz","Musician","","","Red , HighNote , Sunnyside , Criss Cross","","","https://en.wikipedia.org/wiki/Steve_Nelson_(vibraphonist)","List of jazz vibraphonists","https://en.wikipedia.org/wiki/List_of_jazz_vibraphonists"
"Kevin Norton"," Kevin Norton (born January 21, 1956) is an American percussionist and composer active in the New York City jazz and contemporary music scenes. He has performed and recorded with a diverse group of musicians, including Anthony Braxton , Paul Dunmall , Milt Hinton , Fred Frith , David Krakauer , Joëlle Léandre , Frode Gjerstad , Wilber Morris , James Emery , Bern Nix , and many others.  In 1999, he founded Barking Hoop Recordings , a record label dedicated to releasing new and original music. Kevin Norton has also spent summers at camp Encore/Coda in Maine teaching music theory classes and private percussion classes.  The label has released 11 CDs to date, which feature Norton's own groups as well as artists such as Anthony Braxton, Kevin O'Neil, Billy Stein, and the String Trio of New York .","","","","","","","","","","","","","https://en.wikipedia.org/wiki/Kevin_Norton","List of jazz vibraphonists","https://en.wikipedia.org/wiki/List_of_jazz_vibraphonists"
"Red Norvo"," Red Norvo was born in Beardstown, Illinois , United States.  His career began in Chicago with a band called \"The Collegians\" in 1925. He played with many other bands, including an all- marimba band on the vaudeville circuit, and the bands of Paul Whiteman , Benny Goodman , Charlie Barnet , and Woody Herman .  He recorded with Mildred Bailey (his wife from 1933 to 1942),  Billie Holiday , Dinah Shore and Frank Sinatra . Norvo and his wife were known as \"Mr. and Mrs. Swing.\"  He appeared as himself in the film Screaming Mimi (1958) and in Ocean's 11 , accompanying Dean Martin while he sang \" Ain't That a Kick in the Head? \"","Kenneth Norville","","U.S.","( 1908-03-31 ) March 31, 1908, Beardstown , Illinois, U.S.","April 6, 1999 (1999-04-06) (aged 91), Santa Monica, California , U.S.","Jazz","Musician, composer","","","","","","https://en.wikipedia.org/wiki/Red_Norvo","List of jazz vibraphonists","https://en.wikipedia.org/wiki/List_of_jazz_vibraphonists"
"P","","","","","","","","","","","","","","","List of jazz vibraphonists","https://en.wikipedia.org/wiki/List_of_jazz_vibraphonists"
"Cale Parks"," Michael Cale Parks , otherwise known as Cale Parks , is best known for his role as the multi-faceted drummer, percussionist, pianist and vibraphonist of the indie band Aloha on Polyvinyl Records .","","","","","","","","","","","","","https://en.wikipedia.org/wiki/Cale_Parks","List of jazz vibraphonists","https://en.wikipedia.org/wiki/List_of_jazz_vibraphonists"
"Bobby Paunetto"," Bobby \"Vince\" Paunetto (June 22, 1944 – August 10, 2010) was a vibraphonist and composer associated to Latin jazz and salsa. He did not start on vibraphone until age 17, but went on to befriend Cal Tjader and study at the Berklee College of Music from 1969 to 1973. He had at least three albums by 1976, and several other projects engineered and co-produced by his friend, Fred Weinberg. One of his albums \"Paunetto's Point\" became one of the first \" Quadraphonic \" (Surround sound) albums. Before becoming ill. In 1979 he was diagnosed with multiple sclerosis . Although he continued to compose after that his vibraphone career essentially ended after 1981.  Fred Ho referred to him, in his prime, as a leading innovator in fusing salsa music and jazz alongside Eddie Palmieri . ","","","","","","","","","","","","","https://en.wikipedia.org/wiki/Bobby_Paunetto","List of jazz vibraphonists","https://en.wikipedia.org/wiki/List_of_jazz_vibraphonists"
"Dave Pike"," He learned drums at the age of eight and was self-taught on vibraphone.  Pike made his recording debut with the Paul Bley Quartet in 1958.  He began putting an amplifier on his vibes, when working with flautist Herbie Mann in the early-1960s.  By the late-1960s, Pike's music became more exploratory, contributing a unique voice and new contexts that pushed the envelope in times remembered for their exploratory nature.  The Doors of Perception , released in 1970 for the Atlantic Records subsidiary Vortex Records , and produced by former boss Herbie Mann, explored ballads , modal territory, musique concrète , with free and lyrical improvisation, and included musicians including alto saxophonist Lee Konitz , bassist Chuck Israels and pianist Don Friedman . ","David Samuel Pike","","U.S.","( 1938-03-23 ) March 23, 1938, Detroit , Michigan , U.S.","October 3, 2015 (2015-10-03) (aged 77), Del Mar, California , U.S.","Brazilian jazz , Latin jazz , world","Musician, songwriter","","","Timeless , Criss Cross , Atlantic , MPS","","","https://en.wikipedia.org/wiki/Dave_Pike","List of jazz vibraphonists","https://en.wikipedia.org/wiki/List_of_jazz_vibraphonists"
"Werner Pirchner"," Werner Pirchner (13 February 1940 – 10 August 2001) was an Austrian composer and jazz musician.","","","","","","","","","","","","","https://en.wikipedia.org/wiki/Werner_Pirchner","List of jazz vibraphonists","https://en.wikipedia.org/wiki/List_of_jazz_vibraphonists"
"Paul Plimley"," Born in Vancouver , British Columbia , Plimley studied classical piano under Kum-Sing Lee at the University of British Columbia (1971–73). In 1978–79 he studied with Karl Berger and Cecil Taylor at the Creative Music Studio in Woodstock, NY . In 1977, he founded the New Orchestra Workshop (NOW), and he has been active in many of the ensembles associated with NOW, including the NOW Orchestra. ","","","Canada","( 1953-03-16 ) 16 March 1953, Vancouver , British Columbia , Canada","18 May 2022 (2022-05-18) (aged 69), Vancouver, British Columbia, Canada","Jazz","Instrumentalist","","","","","","https://en.wikipedia.org/wiki/Paul_Plimley","List of jazz vibraphonists","https://en.wikipedia.org/wiki/List_of_jazz_vibraphonists"
"Terry Pollard"," Terry Pollard (August 15, 1931 – December 16, 2009) was an American jazz pianist and vibraphonist active in the Detroit jazz scene of the 1940s and 1950s. She has been described as a \"major player who was inexplicably overlooked.\" ","","","","","","","","","","","","","https://en.wikipedia.org/wiki/Terry_Pollard","List of jazz vibraphonists","https://en.wikipedia.org/wiki/List_of_jazz_vibraphonists"
"Jože Privšek"," Privšek was born in Ljubljana. He studied music at the Ljubljana Intermediate Music School until 1955 and then for three years in the same city with the composer Lucijan Marija Škerjanc . He continued his studies at the Berklee College of Music in Boston in the United States with the professor Herb Pomeroy . He started his career as a pianist and a vibraphonist. In 1961, he took the post of the leader of the RTV Slovenia Big Band , which brought him the widest recognition, and retained it until 1995, and as the composer of numerous music works and arrangements of popular and jazz music. Privšek died in Ljubljana at the age of 61 years. ","Jože Privšek","Jeff Conway , Simon Gale","Kingdom of Yugoslavia","( 1937-03-19 ) 19 March 1937, Ljubljana , Drava Banovina , Kingdom of Yugoslavia","11 June 1998 (1998-06-11) (aged 61), Ljubljana, Slovenia","classical music , pop music , jazz music , film music","","piano , vibraphone","","","","","https://en.wikipedia.org/wiki/Jože_Privšek","List of jazz vibraphonists","https://en.wikipedia.org/wiki/List_of_jazz_vibraphonists"
"Tito Puente"," Puente and his music have appeared in films including The Mambo Kings and Fernando Trueba 's Calle 54 . He guest-starred on television shows, including Sesame Street and The Simpsons two-part episode \" Who Shot Mr. Burns? \".","Ernest Anthony Puente Jr.","","U.S.","( 1923-04-20 ) April 20, 1923, New York City , U.S.","June 1, 2000 (2000-06-01) (aged 77), New York City, U.S.","Latin jazz, Cuban jazz, mambo","Musician, songwriter, record producer","","1946–2000","Tico, Fania, Sony Discos, RMM, Concord Picante","","","https://en.wikipedia.org/wiki/Tito_Puente","List of jazz vibraphonists","https://en.wikipedia.org/wiki/List_of_jazz_vibraphonists"
"R","","","","","","","","","","","","","","","List of jazz vibraphonists","https://en.wikipedia.org/wiki/List_of_jazz_vibraphonists"
"Johnny Rae"," John Anthony Pompeo , better known as Johnny Rae (August 11, 1934 – September 4, 1993), was an American jazz drummer and vibraphonist .","","","","","","","","","","","","","https://en.wikipedia.org/wiki/Johnny_Rae","List of jazz vibraphonists","https://en.wikipedia.org/wiki/List_of_jazz_vibraphonists"
"Christos Rafalides"," Since moving to New York , Rafalides has performed with Randy Brecker , Victor Lewis , Chaka Khan , Joe Locke , Antonio Sánchez ,  Steve Hass ,  Donny McCaslin ,  Ronnie Cuber ,  Ravi Coltrane , Christian McBride , Wynton Marsalis ,   Mike Stern ,  and Ron Afif among many others.   Rafalides has toured extensively throughout the world both as a leader and guest soloist. Some highlights include performances with the Lincoln Center Jazz Orchestra and Wynton Marsalis , a tour with the Charles Mingus “Epitaph Band' featuring bassist Christian McBride and conductor Gunther Schuller , a recording with the Harmony Ensemble of NY of Henry Mancini ’s “ Peter Gunn ” featuring Lew Soloff , a tour through India and China with Dario Boente,  a guest faculty member at the Zeltsman Marimba Festival,   and an Artist Residency at the “Music Village” in Greece .  Christos has led his group 'Manhattan Vibes' at many of New York City's top venues including the Blue Note , the 55 Bar, the Jazz Standard , Smoke Jazz Club, Dizzy's Club Coca-Cola. ","Χρήστος Ραφαηλίδης (Christos Rafalides)","","Greece","( 1972-04-09 ) April 9, 1972 (age 51), Kozani, Greece","","Jazz","Musician","","Emarel Music","","","","https://en.wikipedia.org/wiki/Christos_Rafalides","List of jazz vibraphonists","https://en.wikipedia.org/wiki/List_of_jazz_vibraphonists"
"Gene Rains"," Gene Rains is a vibraphonist and leader of the Gene Rains Group , a jazz quartet from Hawaii that played a musical style known as Exotica . Rains' short career spanned the early to the mid-1960s and consisted of 4 LP recordings released on Decca Records and the Vocalion label. These LPs were released during the golden era of Hawaiian and Exotica music and the Tiki culture in the United States. The Gene Rains Group repertoire featured popular Hawaiian and Polynesian Island melodies as well as popular American tunes of the era.","","","","","","","","","","","","","https://en.wikipedia.org/wiki/Gene_Rains","List of jazz vibraphonists","https://en.wikipedia.org/wiki/List_of_jazz_vibraphonists"
"Louie Ramirez"," Louie Ramirez (February 24, 1938 – June 7, 1993)  was an American boogaloo , salsa and latin jazz percussionist, vibraphonist, band leader and composer. He co-wrote with Johnny Pacheco the 1961 hit \"El Güiro De Macorina\".  He has been called \"the Quincy Jones of Salsa.\"  ","","","","","","","","","","","","","https://en.wikipedia.org/wiki/Louie_Ramirez","List of jazz vibraphonists","https://en.wikipedia.org/wiki/List_of_jazz_vibraphonists"
"Chuck Redd"," Redd began touring and recording when he joined the Charlie Byrd Trio at the age of 21.  He also joined The Great Guitars ( Barney Kessel , Charlie Byrd , and Herb Ellis ).  To his credit are 25 European tours and six tours of Japan with the Barney Kessel Trio, Ken Peplowski , Terry Gibbs and Conte Candoli . ","","","","( 1958-09-10 ) September 10, 1958 (age 65)","","Jazz","Musician","","","Arbors","","","https://en.wikipedia.org/wiki/Chuck_Redd","List of jazz vibraphonists","https://en.wikipedia.org/wiki/List_of_jazz_vibraphonists"
"Emil Richards"," Richards began playing the xylophone aged six. In High School, he performed with the Hartford Symphony Orchestra . He studied with Al Lepak at the Hartt School of Music in Hartford, graduating in 1952. After being drafted, he belonged to an Army band in Japan and played with Toshiko Akiyoshi .   He cited Lionel Hampton as his first and biggest influence on vibraphone. ","Emilio Joseph Radocchia","","U.S.","( 1932-09-02 ) September 2, 1932, Hartford , Connecticut, U.S.","December 13, 2019 (2019-12-13) (aged 87)","Jazz , classical , rock","Musician, collector","","","","","","https://en.wikipedia.org/wiki/Emil_Richards","List of jazz vibraphonists","https://en.wikipedia.org/wiki/List_of_jazz_vibraphonists"
"Frank Ricotti"," Ricotti was born in London , England. His father was a drummer.  Bill Ashton , founder of the National Youth Jazz Orchestra (NYJO), was an early mentor.  As a teenager, Ricotti played vibraphone and learned composition and arranging in the NYJO, and later attended Trinity College of Music between 1967 and 1970. ","","","England","( 1949-01-31 ) 31 January 1949 (age 74), London , England","","Jazz","Vibraphonist","","","","","","https://en.wikipedia.org/wiki/Frank_Ricotti","List of jazz vibraphonists","https://en.wikipedia.org/wiki/List_of_jazz_vibraphonists"
"Orphy Robinson"," Robinson began his professional career with the band Savanna in the late 1970s.  During the mid- to late-1980s, he was a member of the Jazz Warriors with Courtney Pine ,   and worked with Mica Paris and Andy Sheppard . ","Orphy Everton Robinson","","England","( 1960-10-13 ) 13 October 1960 (age 63), London, England","","Jazz","Musician, composer, educator","","1980–present","Blue Note , Babel Label","","","https://en.wikipedia.org/wiki/Orphy_Robinson","List of jazz vibraphonists","https://en.wikipedia.org/wiki/List_of_jazz_vibraphonists"
"Joe Roland"," Joe Roland (May 17, 1920 – October 12, 2009) was an American jazz vibraphonist .","","","","","","","","","","","","","https://en.wikipedia.org/wiki/Joe_Roland","List of jazz vibraphonists","https://en.wikipedia.org/wiki/List_of_jazz_vibraphonists"
"Adrian Rollini"," Rollini was born in New York City on June 28, 1903 of French and Swiss extraction to Ferdinand Rollini and Adele (née Augenti) Rollini. The original family name had been changed to \"Rollini\" by his grandfather, after a move to Italy during one of Europe's many wars. (Some sources will date 1904, but his brother Arthur Rollini , as well as Social Security Administration records, cite the earlier year.) Arthur Rollini played tenor saxophone with Benny Goodman from 1934 to 1939 (and later with Will Bradley ). Growing up in Larchmont, New York , Adrian showed musical ability early on and began to take piano lessons on a miniature piano, at the age of two. At the age of four, he played a fifteen-minute recital at the Waldorf Astoria Hotel . Among the selections played were Chopin 's Minute Waltz —he was hailed as a child prodigy and was billed as \"Professor Adrian Rollini\". ","Adrian Francis Rollini","","U.S.","( 1903-06-28 ) June 28, 1903, New York City, U.S.","May 15, 1956 (1956-05-15) (aged 52), Homestead, Florida , U.S.","Jazz","Musician","","1922–1955","","","","https://en.wikipedia.org/wiki/Adrian_Rollini","List of jazz vibraphonists","https://en.wikipedia.org/wiki/List_of_jazz_vibraphonists"
"Jorge Rossy"," Jorge \" Jordi \" Rossy (born August 21, 1964) is a spanish jazz drummer , pianist and vibraphonist .","","","","","","","","","","","","","https://en.wikipedia.org/wiki/Jorge_Rossy","List of jazz vibraphonists","https://en.wikipedia.org/wiki/List_of_jazz_vibraphonists"
"Hal Russell"," Born in Detroit , Michigan , United States,  and raised in Chicago , Illinois , from the eighth grade, Russell began playing drums at age four, but majored in trumpet at college; he subsequently drummed in several big bands, including those of Woody Herman and Boyd Raeburn . ","Harold Russell Luttenbacher","","United States","( 1926-08-28 ) August 28, 1926, Detroit , Michigan , United States","September 5, 1992 (1992-09-05) (aged 66), La Grange, Illinois , United States","Jazz, Free jazz, Avant-garde jazz","Musician","","","Nessa Records , ECM Records , Silkheart Records","","","https://en.wikipedia.org/wiki/Hal_Russell","List of jazz vibraphonists","https://en.wikipedia.org/wiki/List_of_jazz_vibraphonists"
"S","","","","","","","","","","","","","","","List of jazz vibraphonists","https://en.wikipedia.org/wiki/List_of_jazz_vibraphonists"
"Fats Sadi"," \" Fats \" Sadi Pol Lallemand (23 October 1927, Andenne , Belgium – 20 February 2009, Huy ) was a Belgian jazz musician, vocalist, and composer who played vibraphone and percussion.  He chose the name \"Sadi\" because he disliked his last name, which means \"the German\" in French. He led a quartet and nonet and won the Belgian Golden Django for best French-speaking artist in 1996.","","","","","","","","","","","","","https://en.wikipedia.org/wiki/Fats_Sadi","List of jazz vibraphonists","https://en.wikipedia.org/wiki/List_of_jazz_vibraphonists"
"John Sangster"," John Grant Sangster  was born in 1928 in the Melbourne suburb of Sandringham as the only child of John Sangster (1896–1975), a clerk and World War II soldier, and Isabella Dunn (née Davidson, later Pringle) Sangster (1890–1946).   He attended primary schools in Sandringham and Vermont , and then Box Hill High School .  While at high school he taught himself to play trombone and, with a friend, Sid Bridle, formed a band. ","John Grant Sangster","Grant Sangster","Australia","( 1928-11-17 ) 17 November 1928, Melbourne, Victoria, Australia","26 October 1995 (1995-10-26) (aged 66), Brisbane, Queensland, Australia","Jazz","Musician","","1948–1980","","","","https://en.wikipedia.org/wiki/John_Sangster","List of jazz vibraphonists","https://en.wikipedia.org/wiki/List_of_jazz_vibraphonists"
"Pascal Schumacher"," Pascal Schumacher (born 12 March 1979 in Luxemburg )  is a Luxembourgish jazz musician, composer and percussionist who has founded a number of groups including the Pascal Schumacher Quartet.  He also plays and composes classical chamber music. ","","","","","","","","","","","","","https://en.wikipedia.org/wiki/Pascal_Schumacher","List of jazz vibraphonists","https://en.wikipedia.org/wiki/List_of_jazz_vibraphonists"
"Harry Sheppard"," Born in Worcester, Massachusetts ,  Sheppard received his first lesson at the age of eight from his brother. After serving in the Navy, he met his first wife, Betty Ann Miller, when she was 16, and he was 19. His first professional performance in New York was with the Sol Yaged Quintet. In 1954 Sheppard and his wife recorded vocals on the first cha-cha in English called \"Cha Cha Cha in Blue.\" Their marriage lasted into the 1960s.","","","U.S.","( 1928-04-01 ) April 1, 1928, Worcester, Massachusetts , U.S.","December 27, 2022 (2022-12-27) (aged 94)","Jazz","Musician","","","Justice","","","https://en.wikipedia.org/wiki/Harry_Sheppard_(musician)","List of jazz vibraphonists","https://en.wikipedia.org/wiki/List_of_jazz_vibraphonists"
"Mark Sherman"," Sherman has performed for some of the world's top orchestral conductors including Leonard Bernstein , Sir Georg Solti , Zubin Mehta and Herbert Von Karajan , in Jazz as a leader and sideman with Kenny Barron , Peggy Lee , Wynton Marsalis , Joe Lovano , Michael Brecker , Larry Coryell and many more. He worked in Broadway musicals, and has been one of the most in-demand studio musicians, appearing on more than two dozen film and Broadway soundtracks including The Lion King . He has worked as a sideman for pop artists Michael Bolton , Natalie Cole , and Michael McDonald .","","","U.S.","( 1957-04-17 ) April 17, 1957 (age 66), New York City, U.S.","","Jazz","Musician, composer","","","Miles High Records","","","https://en.wikipedia.org/wiki/Mark_Sherman_(musician)","List of jazz vibraphonists","https://en.wikipedia.org/wiki/List_of_jazz_vibraphonists"
"Charlie Shoemake"," His wife, Sandi Shoemake, is a jazz singer and sings on many of his albums. ","Charles Edward Shoemake","","U.S.","( 1937-07-27 ) July 27, 1937 (age 86), Houston , Texas, U.S.","","Jazz","Musician, educator","","1960s–present","Muse , Chase","","","https://en.wikipedia.org/wiki/Charlie_Shoemake","List of jazz vibraphonists","https://en.wikipedia.org/wiki/List_of_jazz_vibraphonists"
"T","","","","","","","","","","","","","","","List of jazz vibraphonists","https://en.wikipedia.org/wiki/List_of_jazz_vibraphonists"
"Jerry Tachoir"," Jerry Tachoir (born August 7, 1955) is a jazz vibraphone and marimba performer,  originally from McKeesport, Pennsylvania . Tachoir has performed at jazz festivals and concert halls and, as an artist and clinician for the Tama/Bergerault company, presented jazz improvisation clinics and mallet master classes at colleges and universities in North America and Europe.","","","","","","","","","","","","","https://en.wikipedia.org/wiki/Jerry_Tachoir","List of jazz vibraphonists","https://en.wikipedia.org/wiki/List_of_jazz_vibraphonists"
"Eldad Tarmu"," Eldad Tarmu is an American vibraphonist , composer, and music educator. Between 2005 and 2009 he was a professor of Jazz Studies at the Richard Oschanitzky Jazz and Pop School of Tibiscus University in Timișoara , Romania , where he led the Jazz Department. In 2006, he established a partnership with the American Cultural Center in Bucharest , aiming to strengthen cultural ties between Romania and the US and promote jazz as an American art form.  He resides in the New York area, where he performs regularly on the jazz and contemporary classical scene. ","","","","","","","","","","","","","https://en.wikipedia.org/wiki/Eldad_Tarmu","List of jazz vibraphonists","https://en.wikipedia.org/wiki/List_of_jazz_vibraphonists"
"Don Thompson"," One of Thompson's best-known musical associations was his membership in Paul Desmond's \"Toronto Quartet\" from 1974 to 1976, along with Ed Bickert and Jerry Fuller. Thompson also worked for several years in the 1970s and 1980s with guitarist Jim Hall . Thompson was also a member of Rob McConnell's Boss Brass for more than two decades starting in the late 1960s.","Donald Winston Thompson","","Toronto, Ontario, Canada","( 1940-01-18 ) 18 January 1940 (age 83), Powell River , British Columbia , Canada","","Jazz","Musician","","1960s–present","Concord, Jazz Alliance, Justin Time, Sackville, Brunswick, CBC","","","https://en.wikipedia.org/wiki/Don_Thompson_(musician)","List of jazz vibraphonists","https://en.wikipedia.org/wiki/List_of_jazz_vibraphonists"
"Cal Tjader"," Tjader played the vibraphone primarily, and was accomplished on the drums , bongos , congas , timbales , and the piano . He worked with many musicians from several cultures. He is often linked to the development of Latin rock and acid jazz . Although fusing Jazz with Latin music is often categorized as \"Latin Jazz\", Tjader's works swung freely between both styles. His Grammy award in 1980 for his album La Onda Va Bien capped off a career that spanned over 40 years. ","Callen Radcliffe Tjader Jr.","","San Mateo, California , U.S.","( 1925-07-16 ) July 16, 1925, St. Louis , Missouri, U.S.","May 5, 1982 (1982-05-05) (aged 56), Manila , Philippines","Jazz, Latin jazz, bebop, Afro jazz, beautiful music","Vibraphonist, composer, bandleader","","1948–1982","Fantasy, Verve, Skye, Concord","","","https://en.wikipedia.org/wiki/Cal_Tjader","List of jazz vibraphonists","https://en.wikipedia.org/wiki/List_of_jazz_vibraphonists"
"U","","","","","","","","","","","","","","","List of jazz vibraphonists","https://en.wikipedia.org/wiki/List_of_jazz_vibraphonists"
"Ruth Underwood"," Underwood began her music training in the classical tradition, studying both at Ithaca College under Warren Benson  and at Juilliard under Saul Goodman (timpani) and Morris Goldenberg (percussion).  Throughout 1967, she kept a regular attendance at the Garrick Theater in New York City when Frank Zappa and The Mothers of Invention were the resident band. This resulted in her association with Zappa, beginning in December 1967. ","Ruth Komanoff","","","( 1946-05-23 ) 23 May 1946 (age 77)","","Jazz-rock / rock","Musician , composer","","1967–1982","Philips Records , Bell Records , DiscReet Records","","","https://en.wikipedia.org/wiki/Ruth_Underwood","List of jazz vibraphonists","https://en.wikipedia.org/wiki/List_of_jazz_vibraphonists"
"V","","","","","","","","","","","","","","","List of jazz vibraphonists","https://en.wikipedia.org/wiki/List_of_jazz_vibraphonists"
"Tommy Vig"," Born to a musical family in Budapest, Tommy Vig was internationally recognized as a child prodigy by the age of 6, playing drums with his father, clarinetist Gyorgy Vig. He performed concerts in Budapest on State Radio, at the City Theatre, the Academy of Music , and the National Circus. At the age of 8, he made the album The World Champion Kid Drummer with Austrian jazz players in Vienna, including Hans Koller , Ernst Landl , and the Hot Club of Vienna for Elite Special. At the age of 9, his drumming won him the 1947 MGM-Jazz Competition in Budapest. As a result, he made several recordings with the Chappy's Mopex Big Band for His Master's Voice .","","","Budapest , Hungary","( 1938-07-14 ) 14 July 1938 (age 85)","","Jazz , classical","Musician, composer, arranger, bandleader","Vibraharp , drums , percussion , xylophone , marimba","1940s–present","Klasszikus Jazz, Milestone , Discovery , Tom Tom, Pannon Jazz, Dobre, Mortney, Take V, Luz","","","https://en.wikipedia.org/wiki/Tommy_Vig","List of jazz vibraphonists","https://en.wikipedia.org/wiki/List_of_jazz_vibraphonists"
"W","","","","","","","","","","","","","","","List of jazz vibraphonists","https://en.wikipedia.org/wiki/List_of_jazz_vibraphonists"
"Luigi Waites"," Luigi Waites was born Lewis Waites on July 10, 1927, in Omaha, Nebraska , to Ione Kelley and Sylvester Waites. Waites began playing drums at age twelve, and soon after began playing local nightclubs around Omaha. At the time the two local musicians unions were segregated .","Lewis Waites","","U.S.","( 1927-07-10 ) July 10, 1927, Omaha, Nebraska , U.S.","April 6, 2010 (2010-04-06) (aged 82), Omaha, Nebraska, U.S.","Jazz","Musician , Jazz percussionist , vibraphonist , music instructor","","1940–2010","","","","https://en.wikipedia.org/wiki/Luigi_Waites","List of jazz vibraphonists","https://en.wikipedia.org/wiki/List_of_jazz_vibraphonists"
"Bill Ware"," Ware played bass and piano early in his career, playing at the Harlem Jazzmobile . After spending several years playing Latin jazz , he formed his own Latin Jazz group, AM Sleep. He joined the Jazz Passengers in 1987, and in 1990 put together a group of sidemen as the Club Bird All-Stars, who accompanied him on a tour of Japan .  Alongside this, he played with Groove Collective and Steely Dan in the first half of the 1990s. Later in the decade he teamed up with fellow former Jazz Passengers, Brad Jones and E. J. Rodriguez , in the ensemble Vibes. His 2001 tribute to Duke Ellington was recorded with Marc Ribot on guitar. Deborah Harry guested on his 2002 effort Four . In the mid-2000s, Ware did several projects blending jazz with Western classical musicas well as 5 film scores (with fellow Jazz Passengers bandmate Roy Nathanson).","William Anthony Ware III","","","( 1959-01-28 ) January 28, 1959 (age 64)","","jazz","","","","","","","https://en.wikipedia.org/wiki/Bill_Ware","List of jazz vibraphonists","https://en.wikipedia.org/wiki/List_of_jazz_vibraphonists"
"Rob Waring"," Waring studied with Roland Kohloff , who had just become timpanist of the New York Philharmonic , while still in high school. Then he continued studies on percussion at the Juilliard School with Saul Goodman and Elden \"Buster\" Bailey (1974–79), and earned his Bachelor and Master of Music Degrees. During that period, he also took elective courses in composition with Stanley Wolfe , and studied jazz vibraphone in 1975 with Dave Samuels . He started a career as a freelance musician in New York, and worked in symphony orchestras, jazz groups, ensembles for new music, and an experimental ensemble for homemade instruments.","","","United States","( 1956-12-03 ) December 3, 1956 (age 67), Yonkers , New York, United States","","Contemporary music , jazz","Musician, composer","","","","","","https://en.wikipedia.org/wiki/Rob_Waring","List of jazz vibraphonists","https://en.wikipedia.org/wiki/List_of_jazz_vibraphonists"
"Dinah Washington"," Ruth Lee Jones was born in Tuscaloosa, Alabama , to Alice and Ollie Jones,  and moved to Chicago as a child. She became deeply involved in gospel music and played piano for the choir in St. Luke's Baptist Church while still in elementary school. She sang gospel music in church and played piano, directing her church choir in her teens and was a member of the Sallie Martin Gospel Singers.  When she joined the Sallie Martin group, she dropped out of Wendell Phillips High School . She sang lead with the first female gospel singers formed by Sallie Martin ,  who was co-founder of the Gospel Singers Convention. Her involvement with the gospel choir occurred after she won an amateur contest at Chicago's Regal Theater where she sang \"I Can't Face the Music\". ","Ruth Lee Jones","","Chicago , Illinois, U.S.","( 1924-08-29 ) August 29, 1924, Tuscaloosa , Alabama, U.S.","December 14, 1963 (1963-12-14) (aged 39), Detroit , Michigan, U.S.","Jazz, blues, R&B, gospel, traditional pop","Singer, musician","","1941–1963","Keynote, Mercury, EmArcy, Roulette","","","https://en.wikipedia.org/wiki/Dinah_Washington","List of jazz vibraphonists","https://en.wikipedia.org/wiki/List_of_jazz_vibraphonists"
"Julius Wechter"," Julius Wechter (May 10, 1935 – February 1, 1999) was an American musician and composer who played the marimba and vibraphone . He also played various percussion instruments. He composed the song \" Spanish Flea \" for Herb Alpert and was leader of the Baja Marimba Band .","","","","","","","","","","","","","https://en.wikipedia.org/wiki/Julius_Wechter","List of jazz vibraphonists","https://en.wikipedia.org/wiki/List_of_jazz_vibraphonists"
"James Westfall"," He began on violin at age 6 before moving to piano and then percussion. He became interested in vibraphone due in part to his grandfather. (Who learned the instrument during the great depression). He later moved to New Orleans where he attended the University of New Orleans . In New Orleans he studied under Terence Blanchard , Harold Battiste , Steve Masakowski and Ellis Marsalis Jr. Later he moved to Los Angeles, California where he was part of the Thelonious Monk Institute of Jazz . At present he lives in Nashville working as a studio musician.","","","Texas","1981, Houston, Texas","","Jazz, jazz fusion, rock","","","2003–present","Bionic","","","https://en.wikipedia.org/wiki/James_Westfall","List of jazz vibraphonists","https://en.wikipedia.org/wiki/List_of_jazz_vibraphonists"
"Lem Winchester"," Lemuel Winchester was born in Wilmington, Delaware. His parents were politician William J. Winchester and Alverta Winchester. ","Lemuel Winchester","","U.S.","March 19, 1928, Wilmington, Delaware , U.S.","January 13, 1961 (1961-01-13) (aged 32), Indianapolis, Indiana , U.S.","Jazz","","Vibraphone","1958-1961","Prestige Records","","","https://en.wikipedia.org/wiki/Lem_Winchester","List of jazz vibraphonists","https://en.wikipedia.org/wiki/List_of_jazz_vibraphonists"
"Warren Wolf"," Under the tutelage of his father, Warren Wolf Sr., Warren began his music studies at the age of three, learning the vibraphone, marimba, drums, and piano. A classically trained musician, he attended the Peabody Institute 's preparatory program for eight years. He attended high school at the Baltimore School for the Arts , from which he graduated in 1997, and subsequently attended the Berklee College of Music , where he studied under jazz vibraphonist Dave Samuels for seven of eight semesters, the remaining semester being spent receiving instruction from vibraphonist Ed Saindon. During his time at Berklee Wolf was an active member of Boston 's jazz scene, playing the vibraphone, drums, and piano, and with his friend, trumpeter Jason Palmer he co-led a group at Wally's Cafe , the legendary Boston jazz venue, where he worked as house drummer. He graduated from Berklee in 2001 and remained active on the Boston jazz scene as a local musician. In September 2003 Wolf became an instructor in the percussion department at Berklee, giving private lessons on the vibraphone and drums, as well as teaching a beginners' keyboard class for entering freshmen majoring in drum performance.","Warren Edward Wolf Jr.","","U.S.","( 1979-11-10 ) November 10, 1979 (age 44), Baltimore, Maryland , U.S.","","Jazz","Musician","","","Mack Avenue","","","https://en.wikipedia.org/wiki/Warren_Wolf_(musician)","List of jazz vibraphonists","https://en.wikipedia.org/wiki/List_of_jazz_vibraphonists"
"Kenny Wollesen"," Wollesen has recorded and toured with Tom Waits , Sean Lennon , Ron Sexsmith , Bill Frisell , Norah Jones , John Lurie , Myra Melford , Steven Bernstein , and John Zorn . He is a founding member of the New Klezmer Trio and a member of the Sex Mob and Himalayas groups. ","","","","( 1966-04-09 ) 9 April 1966 (age 57)","","Avant-garde jazz , classical , rock","Musician","","","Tzadik","","","https://en.wikipedia.org/wiki/Kenny_Wollesen","List of jazz vibraphonists","https://en.wikipedia.org/wiki/List_of_jazz_vibraphonists"
"Z","","","","","","","","","","","","","","","List of jazz vibraphonists","https://en.wikipedia.org/wiki/List_of_jazz_vibraphonists"
"Nancy Zeltsman"," Zeltsman was born in 1958 in Morristown, New Jersey .","","","United States","1958 (age 64–65), Morristown, New Jersey , United States","","","Soloist, professor","","","","","","https://en.wikipedia.org/wiki/Nancy_Zeltsman","List of jazz vibraphonists","https://en.wikipedia.org/wiki/List_of_jazz_vibraphonists"
