﻿"タイトル","コメント","出生名","別名","出身地","生誕","死没","ジャンル","職業","担当楽器","活動期間","レーベル","共同作業者","メンバー","URL","親リストタイトル","親リストURL"
"A–B","","","","","","","","","","","","","","","list of jazz trombonistss","https://en.wikipedia.org/wiki/List_of_jazz_trombonists"
"Ray Anderson","[(born 1952)] Ray Anderson (born October 16, 1952) is a jazz trombonist.  Trained by the Chicago Symphony trombonists, he is regarded as someone who pushes the limits of the instrument. He is a colleague of trombonist George Lewis . Anderson also plays sousaphone and sings.  He was frequently chosen in DownBeat magazine's Critics Poll as best trombonist throughout the late 1980s and early 1990s. ","","","U.S.","( 1952-10-16 ) October 16, 1952 (age 68), Chicago , Illinois, U.S.","","Jazz","Musician","Trombone, trumpet","1973–present","Enja","","","https://en.wikipedia.org/wiki/Ray_Anderson_(musician)","list of jazz trombonistss","https://en.wikipedia.org/wiki/List_of_jazz_trombonists"
"Troy Andrews","[(Trombone Shorty)] Troy Andrews (born January 2, 1986), also known by the stage name Trombone Shorty , is an American musician, producer, actor and philanthropist from New Orleans , Louisiana. He is best known as a trombone and trumpet player but also plays drums, organ, and tuba. He has worked with some of the biggest names in rock, pop, jazz , funk , and hip hop. Andrews is the younger brother of trumpeter and bandleader James Andrews and the grandson of singer and songwriter Jessie Hill . Other musical family members are cousins Glen David Andrews and the late Travis \"Trumpet Black\" Hill. Andrews began playing trombone at age four, and since 2009 has toured with his own band, Trombone Shorty & Orleans Avenue.","Troy Andrews","","U.S.","( 1986-01-02 ) January 2, 1986 (age 35), New Orleans, Louisiana , U.S.","","Jazz","Musician","Trombone, trumpet","","Verve Forecast Bluenote","","","https://en.wikipedia.org/wiki/Trombone_Shorty","list of jazz trombonistss","https://en.wikipedia.org/wiki/List_of_jazz_trombonists"
"Bill Hughes"," William Henry Hughes (March 28, 1930 – January 14, 2018) was an American jazz trombonist and bandleader. He spent most of his career with the Count Basie Orchestra and was the director of that ensemble until September 2010.","William Henry Hughes","","Washington, D.C., USA","( 1930-03-28 ) March 28, 1930, Dallas , Texas","January 14, 2018 (2018-01-14) (aged 87)","Jazz , swing , big band","Musician, bandleader","Trombone","1946–2010","","The Count Basie Orchestra","","https://en.wikipedia.org/wiki/Bill_Hughes_(musician)","list of jazz trombonistss","https://en.wikipedia.org/wiki/List_of_jazz_trombonists"
"Bill Harris","[(1916–1973)] Bill Harris (October 28, 1916 – August 21, 1973) was a jazz trombonist. ","Willard Palmer Harris","","U.S.","( 1916-10-28 ) October 28, 1916, Philadelphia, Pennsylvania, U.S.","August 21, 1973 (1973-08-21) (aged 56), Hallandale , Florida","Jazz","Musician","Trombone","1938–1960s","Mercury , EmArcy , Norgran , Dial , Capitol , Verve , Fantasy , Mode","Woody Herman","","https://en.wikipedia.org/wiki/Bill_Harris_(musician)","list of jazz trombonistss","https://en.wikipedia.org/wiki/List_of_jazz_trombonists"
"David Baker","[(1931–2016)] David Nathaniel Baker Jr. (December 21, 1931 – March 26, 2016) was an American jazz composer, conductor, and musician from Indianapolis , as well as a professor of jazz studies at the Indiana University Jacobs School of Music . Baker is best known as an educator and founder of the jazz studies program. From 1991 to 2012, he was conductor and musical and artistic director for the Smithsonian Jazz Masterworks Orchestra . He has more than 65 recordings, 70 books, and 400 articles to his credit.","David Nathaniel Baker Jr.","","U.S.","( 1931-12-21 ) December 21, 1931, Indianapolis, Indiana , U.S.","March 26, 2016 (2016-03-26) (aged 84), Bloomington, Indiana","Jazz , classical","Musician, composer, educator, author","Trombone, cello","1950s–2016","","","","https://en.wikipedia.org/wiki/David_Baker_(composer)","list of jazz trombonistss","https://en.wikipedia.org/wiki/List_of_jazz_trombonists"
"Bennie Green","[(1923–1977)] Bennie Green (April 16, 1923 – March 23, 1977) was an American jazz trombonist.","","","U.S.","( 1923-04-16 ) April 16, 1923, Chicago, Illinois , U.S.","March 23, 1977 (1977-03-23) (aged 53), San Diego, California","Jazz","Musician","Trombone","1950s–1960s","Prestige , Decca , Blue Note , Vee-Jay , Time , Bethlehem , Jazzland","Charlie Ventura , Earl Hines","","https://en.wikipedia.org/wiki/Bennie_Green","list of jazz trombonistss","https://en.wikipedia.org/wiki/List_of_jazz_trombonists"
"Charlie Green","[(1900–1936)] Charlie Green (1893 – November 27, 1935)   was an American jazz musician, who was born in Omaha, Nebraska , and died in New York City . He was one of the early jazz trombonists and the soloist in the Fletcher Henderson orchestra (joining slightly before Louis Armstrong ).","Charles Green","Long Boy; Big Green ","United States","1893  ( 1893 ), Omaha, Nebraska , United States","November 27, 1935 (1935-11-27) (aged 41–42), New York City , United States","Jazz","Musician","Trombone","","","","","https://en.wikipedia.org/wiki/Charlie_Green_(musician)","list of jazz trombonistss","https://en.wikipedia.org/wiki/List_of_jazz_trombonists"
"Dan Barrett","[(1955)] Dan Barrett (born December 14, 1955 in Pasadena, California ) is an American arranger , cornetist, and trombonist.","","","U.S.","( 1955-12-14 ) December 14, 1955 (age 65), Pasadena, California , U.S.","","Jazz","Musician","Cornet , trombone","","Arbors","John Sheridan , Howard Alden","","https://en.wikipedia.org/wiki/Dan_Barrett_(musician)","list of jazz trombonistss","https://en.wikipedia.org/wiki/List_of_jazz_trombonists"
"Chris Barber","[(born 1930)] Donald Christopher Barber OBE (17 April 1930 – 2 March 2021) was an English jazz musician, best known as a bandleader and trombonist . As well as scoring a UK top twenty trad jazz hit with \" Petite Fleur \" in 1959, he helped the careers of many musicians. These included the blues singer Ottilie Patterson , who was at one time his wife, and Lonnie Donegan , whose appearances with Barber triggered the skiffle craze of the mid-1950s and who had his first transatlantic hit, \" Rock Island Line \", while with Barber's band. He provided an audience for Donegan and, later, Alexis Korner , and sponsored African-American blues musicians to visit Britain, making Barber a significant figure in launching the British rhythm and blues and \" beat boom \" of the 1960s.","Donald Christopher Barber","","England","( 1930-04-17 ) 17 April 1930, Welwyn Garden City , Hertfordshire, England","2 March 2021 (2021-03-02) (aged 90)","Skiffle, ragtime, swing, blues, trad jazz, folk","Musician, songwriter, bandleader","Trombone , double bass","1950-2019","Decca, Tempo, Columbia (EMI), Pye, Lake","Lonnie Donegan, Ken Colyer","","https://en.wikipedia.org/wiki/Chris_Barber","list of jazz trombonistss","https://en.wikipedia.org/wiki/List_of_jazz_trombonists"
"Conny Bauer","[(born 1943)] Konrad \"Conny\" Bauer (born 4 July 1943) is a German free jazz trombonist . He is the brother of the trombonist Johannes Bauer .","Konrad Bauer","","Germany","( 1943-07-04 ) July 4, 1943 (age 77), Halle, Saxony-Anhalt , Germany","","Jazz","Trombonist","Trombone","","","","","https://en.wikipedia.org/wiki/Conny_Bauer","list of jazz trombonistss","https://en.wikipedia.org/wiki/List_of_jazz_trombonists"
"Johannes Bauer"," Johannes \"Hannes\" Bauer (22 July 1954 – 6 May 2016) was a German trombonist of improvised music and free jazz . He was the brother of the trombonist Conny Bauer . ","","","Germany","( 1954-07-22 ) July 22, 1954, Halle , Germany","May 6, 2016 (2016-05-06) (aged 61)","Free jazz","Trombonist","Trombone","","","","","https://en.wikipedia.org/wiki/Johannes_Bauer_(musician)","list of jazz trombonistss","https://en.wikipedia.org/wiki/List_of_jazz_trombonists"
"Eddie Bert","[(1922–2012)] Edward Joseph Bertolatus (May 16, 1922 – September 27, 2012), better known as Eddie Bert, was an American jazz trombonist.","Edward Joseph Bertolatus","","U.S.","( 1922-05-16 ) May 16, 1922, Yonkers, New York , U.S.","September 27, 2012 (2012-09-27) (aged 90), Danbury, Connecticut","Jazz , swing , avant-garde","Musician","Trombone","","","Thelonious Monk , Benny Goodman ,","","https://en.wikipedia.org/wiki/Eddie_Bert","list of jazz trombonistss","https://en.wikipedia.org/wiki/List_of_jazz_trombonists"
"Harold Betters","[(1928–2020)] Harold Betters (March 21, 1928 – October 11, 2020)  was an American jazz trombone player.","","","Pennsylvania","( 1928-03-21 ) March 21, 1928, Connellsville, Pennsylvania","October 11, 2020 (2020-10-11) (aged 92)","Jazz , funk , easy listening","Musician","Trombone","","","","","https://en.wikipedia.org/wiki/Harold_Betters","list of jazz trombonistss","https://en.wikipedia.org/wiki/List_of_jazz_trombonists"
"Jeb Bishop","[(born 1962)] Jeb Bishop (born 1962) is an American jazz trombone player.","","","","","","","","","","","","","https://en.wikipedia.org/wiki/Jeb_Bishop","list of jazz trombonistss","https://en.wikipedia.org/wiki/List_of_jazz_trombonists"
"Big Bill Bissonnette","[(1937–2018)] Big Bill Bissonnette (February 5, 1937 – June 26, 2018)  was an American jazz trombonist, drummer, and record producer.","","","","","","","","","","","","","https://en.wikipedia.org/wiki/Big_Bill_Bissonnette","list of jazz trombonistss","https://en.wikipedia.org/wiki/List_of_jazz_trombonists"
"Bert Boeren","[(born 1962)] Bert Boeren (born 1962) is a Dutch jazz trombonist and educator .","","","Netherlands","( 1962-03-11 ) 11 March 1962 (age 59), Vught , Netherlands","","Jazz","Trombonist , educator","Trombone","","","Jazz Orchestra of the Concertgebouw , Masters of Swing , and the Frits Landesbergen Baileo Big Band","","https://en.wikipedia.org/wiki/Bert_Boeren","list of jazz trombonistss","https://en.wikipedia.org/wiki/List_of_jazz_trombonists"
"Luis Bonilla","[(born 1965)] Luis Diego Bonilla (October 12, 1965) is an American jazz trombonist of Costa Rican descent. He is also a producer, composer, and educator. ","Luis Diego Bonilla","","U.S.","( 1965-10-12 ) October 12, 1965 (age 55), Los Angeles, California, U.S.","","Jazz , Afro-Cuban jazz , Latin jazz , R&B , pop","Musician, composer, record producer, educator","Trombone","1988–present","Candid , Planet Arts","Vanguard Jazz Orchestra , Lester Bowie , Dave Douglas , Phil Collins","","https://en.wikipedia.org/wiki/Luis_Bonilla","list of jazz trombonistss","https://en.wikipedia.org/wiki/List_of_jazz_trombonists"
"Richard B. Boone","[(1930–1999)] Richard Bently Boone (February 24, 1930 – February 8, 1999) was an American jazz trombonist and scat singer .","Richard Bently Boone","","U.S.","( 1930-02-24 ) February 24, 1930, Little Rock, Arkansas, U.S.","February 8, 1999 (1999-02-08) (aged 68), Copenhagen , Denmark","Jazz","Musician","Trombone","1950s–1990s","Nocturne, Polydor, Storyville","","","https://en.wikipedia.org/wiki/Richard_B._Boone","list of jazz trombonistss","https://en.wikipedia.org/wiki/List_of_jazz_trombonists"
"Tom Brantley","[(born 1970)] Tom Brantley (born 1970) is an American trombonist.","","","","","","","","","","","","","https://en.wikipedia.org/wiki/Tom_Brantley","list of jazz trombonistss","https://en.wikipedia.org/wiki/List_of_jazz_trombonists"
"Bob Brookmeyer","[(valve trombone, 1929–2011)] Robert Edward \" Bob \" Brookmeyer (December 19, 1929 – December 15, 2011) was an American jazz valve trombonist , pianist , arranger, and composer. Born in Kansas City, Missouri , Brookmeyer first gained widespread public attention as a member of Gerry Mulligan 's quartet  from 1954 to 1957. He later worked with Jimmy Giuffre ,  before rejoining Mulligan's Concert Jazz Band. He garnered 8 Grammy Award nominations during his lifetime.","Robert Edward Brookmeyer","","U.S.","( 1929-12-19 ) December 19, 1929, Kansas City , Missouri, U.S.","December 15, 2011 (2011-12-15) (aged 81), New London , New Hampshire, U.S. ","Mainstream jazz, Cool jazz, West Coast jazz, Post bop","Musician, composer, arranger, educator","Valve trombone , piano","","Impulse! , Mainstream , RCA , Verve","Gary Burton , Bill Evans , Stan Getz , Jimmy Giuffre , Jim Hall , Gary McFarland , Gerry Mulligan , Lalo Schifrin , Clark Terry , The Thad Jones/Mel Lewis Orchestra , Claude Thornhill , Zoot Sims","","https://en.wikipedia.org/wiki/Bob_Brookmeyer","list of jazz trombonistss","https://en.wikipedia.org/wiki/List_of_jazz_trombonists"
"Garnett Brown","[(born 1936)] Garnett Brown (born January 31, 1936) is a jazz trombonist who has worked with The Crusaders , Herbie Hancock , Lionel Hampton , Earth Wind and Fire and others.","","","U.S.","( 1936-01-31 ) January 31, 1936 (age 85), Memphis, Tennessee , U.S.","","Jazz","Trombonist","Trombone","1965-present","","The Crusaders , Herbie Hancock , Lionel Hampton , Earth Wind and Fire","","https://en.wikipedia.org/wiki/Garnett_Brown","list of jazz trombonistss","https://en.wikipedia.org/wiki/List_of_jazz_trombonists"
"Lawrence Brown","[(1907–1988)] Lawrence Brown (August 3, 1907 – September 5, 1988) was a jazz trombonist from California who achieved recognition with the Duke Ellington orchestra.  Brown worked throughout his career as a session musician , as well as recording his own solo efforts.","","","Kansas United States","( 1907-08-03 ) August 3, 1907, Kansas United States","September 5, 1988 (1988-09-05) (aged 81), Los Angeles, California, United States","Jazz","Musician, Composer","Trombone","1932–70","Clef Records , Impulse! Records","Duke Ellington , Johnny Hodges","","https://en.wikipedia.org/wiki/Lawrence_Brown_(jazz_trombonist)","list of jazz trombonistss","https://en.wikipedia.org/wiki/List_of_jazz_trombonists"
"Tom Brown","[(1888–1958)] Tom Brown (June 3, 1888 – March 25, 1958), sometimes known by the nickname Red Brown , was an early New Orleans dixieland jazz trombonist . He also played string bass professionally.","","","","","","","","","","","","","https://en.wikipedia.org/wiki/Tom_Brown_(trombonist)","list of jazz trombonistss","https://en.wikipedia.org/wiki/List_of_jazz_trombonists"
"George Brunies","[(1902–1974)] George Clarence Brunies (February 6, 1902 – November 19, 1974), a.k.a. Georg Brunis , was a jazz trombonist who was part of the dixieland revival . He was known as \"The King of the Tailgate Trombone\". ","George Clarence Brunies","","U.S.","( 1902-02-06 ) February 6, 1902, New Orleans, Louisiana, U.S.","November 19, 1974 (1974-11-19) (aged 72), Chicago, Illinois","Jazz , dixieland","Musician","Trombone","1920–1960","","New Orleans Rhythm Kings","","https://en.wikipedia.org/wiki/George_Brunies","list of jazz trombonistss","https://en.wikipedia.org/wiki/List_of_jazz_trombonists"
"Papa Bue","[(1930–2011)] Arne \"Papa\" Bue Jensen (8 May 1930 – 2 November 2011),  known as Papa Bue , was a Danish trombonist and bandleader , chiefly associated with the Dixieland jazz revival style of which he was considered an important proponent. He founded and led the Viking Jazz Band, which was active from 1956.   ","Arne Bue Jensen","","Denmark","( 1930-05-08 ) 8 May 1930, Copenhagen , Denmark","2 November 2011 (2011-11-02) (aged 81)","Jazz , Dixieland revival","Musician","Trombone","1949–2011","Storyville , Timeless , Music Mecca","","","https://en.wikipedia.org/wiki/Papa_Bue","list of jazz trombonistss","https://en.wikipedia.org/wiki/List_of_jazz_trombonists"
"C–F","","","","","","","","","","","","","","","list of jazz trombonistss","https://en.wikipedia.org/wiki/List_of_jazz_trombonists"
"Don Sebesky"," Don Sebesky (born December 10, 1937) is an American jazz trombonist , keyboardist and arranger .","Donald John Sebesky","","U.S.","( 1937-12-10 ) December 10, 1937 (age 83), Perth Amboy, New Jersey , U.S.","","Jazz , big band","Musician, arranger","Trombone, keyboards","1956–present","","Tommy Dorsey , Stan Kenton , Maynard Ferguson , Kai Winding , Claude Thornhill","","https://en.wikipedia.org/wiki/Don_Sebesky","list of jazz trombonistss","https://en.wikipedia.org/wiki/List_of_jazz_trombonists"
"Dick Shearer"," Richard Bruce Shearer (September 21, 1940 – September 20, 1997) was an American jazz trombonist.","","","","","","","","","","","","","https://en.wikipedia.org/wiki/Dick_Shearer","list of jazz trombonistss","https://en.wikipedia.org/wiki/List_of_jazz_trombonists"
"Gordon Campbell"," Gordon Muir Campbell , OC  OBC (born January 12, 1948) is a retired Canadian diplomat and politician who was the 35th Mayor of Vancouver from 1986 to 1993 and the 34th Premier of British Columbia from 2001 to 2011.","","","British Columbia","Gordon Muir Campbell, ( 1948-01-12 ) January 12, 1948 (age 73), Vancouver , British Columbia","","","","","","","","","https://en.wikipedia.org/wiki/Gordon_Campbell","list of jazz trombonistss","https://en.wikipedia.org/wiki/List_of_jazz_trombonists"
"Jimmy Cheatham","[(1924–2007)] James Rudolph Cheatham (June 18, 1924 – January 12, 2007)  was an American jazz trombonist and teacher who played with Duke Ellington , Lionel Hampton , and Ornette Coleman . ","James Rudolph Cheatham","","U.S.","( 1924-06-18 ) June 18, 1924, Birmingham, Alabama , U.S.","July 12, 2007 (2007-07-12) (aged 83), San Diego , California","Jazz","Musician","Trombone","1940s–2000s","","","","https://en.wikipedia.org/wiki/Jimmy_Cheatham","list of jazz trombonistss","https://en.wikipedia.org/wiki/List_of_jazz_trombonists"
"George Chisholm","[(1915–1997)] George Chisholm OBE (29 March 1915 – 6 December 1997) was a Scottish jazz trombonist and vocalist.","","","Scotland","29 March 1915, Glasgow , Scotland","6 December 1997 (aged 82), London , England","Jazz","","Trombone","1934-mid-1990s","","","","https://en.wikipedia.org/wiki/George_Chisholm_(musician)","list of jazz trombonistss","https://en.wikipedia.org/wiki/List_of_jazz_trombonists"
"Emile Christian","[(1895–1973)] Emile Joseph Christian (April 20, 1895 – December 3, 1973) (sometimes spelled Emil Christian ) was an early jazz trombonist ; he also played cornet and string bass . He also wrote a number of tunes, including \"Meet Me At the Green Goose\", \"Satanic Blues\", and \"Mardi Gras Parade\".","Emile Joseph Christian","Emil Christian","U.S.","( 1895-04-20 ) April 20, 1895, New Orleans , Louisiana , U.S.","December 3, 1973 (1973-12-03) (aged 78), New Orleans, Louisiana, U.S.","jazz","musician, composer","trombone , cornet , string bass","","","","","https://en.wikipedia.org/wiki/Emile_Christian","list of jazz trombonistss","https://en.wikipedia.org/wiki/List_of_jazz_trombonists"
"Jimmy Cleveland","[(1926–2008)] James Milton Cleveland (May 3, 1926 – August 23, 2008) was an American jazz trombonist born in Wartrace, Tennessee . ","James Milton Cleveland","","U.S.","( 1926-05-03 ) May 3, 1926, Wartrace, Tennessee , U.S.","August 23, 2008 (2008-08-23) (aged 82), Lynwood, California","Jazz","Musician","Trombone","1951–2008","EmArcy , Verve","Miles Davis","","https://en.wikipedia.org/wiki/Jimmy_Cleveland","list of jazz trombonistss","https://en.wikipedia.org/wiki/List_of_jazz_trombonists"
"Marty Cook","[(born 1947)] Marty Cook (born May 1947) is an American jazz trombonist.","","","","","","","","","","","","","https://en.wikipedia.org/wiki/Marty_Cook","list of jazz trombonistss","https://en.wikipedia.org/wiki/List_of_jazz_trombonists"
"Michael Conner"," Michael Conner , publishing as Mike Conner from c. 1980, is an American science fiction writer. He won the 1991 Nebula Award for the novelette \"Guide Dog\". He is from Oakland, California .","","","","","","","","","","","","","https://en.wikipedia.org/wiki/Michael_Conner","list of jazz trombonistss","https://en.wikipedia.org/wiki/List_of_jazz_trombonists"
"Willie Cornish","[(1875–1942)] William Cornish (August 1, 1875 – January 12, 1942) was an early jazz musician – known for his being very active on the New Orleans scene playing, leading bands, and teaching music for decades.","","","","","","","","","","","","","https://en.wikipedia.org/wiki/Willie_Cornish","list of jazz trombonistss","https://en.wikipedia.org/wiki/List_of_jazz_trombonists"
"Hal Crook"," Hal Crook (born 28 July 1950 in Providence, Rhode Island ) is a jazz trombonist . He has a degree from the Berklee College of Music and is considered to be a leading teacher and author in the field of jazz improvisation.","","","","","","","","","","","","","https://en.wikipedia.org/wiki/Hal_Crook","list of jazz trombonistss","https://en.wikipedia.org/wiki/List_of_jazz_trombonists"
"Elmer Crumbley","[(1908–1993)] Elmer Crumbley (1 August 1908 – 1993) was an American trombonist. ","","","","","","","","","","","","","https://en.wikipedia.org/wiki/Elmer_Crumbley","list of jazz trombonistss","https://en.wikipedia.org/wiki/List_of_jazz_trombonists"
"Michael Davis"," Michael Davis (born August 13, 1961 in San Francisco , California ) is a jazz trombonist from San Jose, California .","","","","","","","","","","","","","https://en.wikipedia.org/wiki/Michael_Davis_(trombonist)","list of jazz trombonistss","https://en.wikipedia.org/wiki/List_of_jazz_trombonists"
"Steve Davis","[(1967)] Steve Davis (born April 14, 1967) is an American jazz trombonist.","","","U.S.","( 1967-04-14 ) April 14, 1967 (age 54), Worcester, Massachusetts , U.S.","","Jazz","Musician","Trombone","1980s–present","Brownstone , Criss Cross , Mapleshade , Posi-Tone , Smoke Sessions","One for All , Origin","","https://en.wikipedia.org/wiki/Steve_Davis_(trombonist)","list of jazz trombonistss","https://en.wikipedia.org/wiki/List_of_jazz_trombonists"
"Raul de Souza","[(1934–2021)] Raul de Souza (August 23, 1934 -– June 13, 2021), also known as Raulzinho , was a Brazilian trombonist who recorded with Sérgio Mendes , Flora Purim , Airto Moreira , Milton Nascimento , Sonny Rollins , Hermeto Pascoal , Cal Tjader and the jazz/fusion band Caldera . ","","","","","","","","","","","","","https://en.wikipedia.org/wiki/Raul_de_Souza","list of jazz trombonistss","https://en.wikipedia.org/wiki/List_of_jazz_trombonists"
"Michael Dease","[(born 1982)] Michael Patrick Dease (born August 25, 1982) is an American jazz tenor and bass trombonist , composer and producer. He also plays saxophone , trumpet , flugelhorn , bass and piano .","","","U.S.","( 1982-08-25 ) August 25, 1982 (age 38), Augusta, Georgia , U.S.","","Jazz","Musician","Trombone","2002–present","Jazz Legacy, Bluesback, D-Clef, Posi-Tone","David Sanborn, Christian McBride Big Band, Dizzy Gillespie All Stars, Roy Hargrove Big Band, Claudio Roditi, Michel Camilo, MSU Professors of Jazz","","https://en.wikipedia.org/wiki/Michael_Dease","list of jazz trombonistss","https://en.wikipedia.org/wiki/List_of_jazz_trombonists"
"Willie Dennis","[(1926–1965)] Willie Dennis ( née William DeBerardinis , January 10, 1926 – July 8, 1965) was an American jazz trombonist     known as a big band musician but who was also an excellent bebop soloist. ","William DeBerardinis","","Pennsylvania","( 1926-01-10 ) January 10, 1926, Philadelphia , Pennsylvania","July 8, 1965 (1965-07-08) (aged 39), New York City , New York","Jazz , bebop","Trombonist","Trombone","1946–1965","Debut Records","","","https://en.wikipedia.org/wiki/Willie_Dennis","list of jazz trombonistss","https://en.wikipedia.org/wiki/List_of_jazz_trombonists"
"Vic Dickenson","[(1906–1984)] Victor Dickenson (August 6, 1906 – November 16, 1984) was an American jazz trombonist.  His career began in the 1920s and continued through musical partnerships with Count Basie (1940–41), Sidney Bechet (1941), and Earl Hines .","Victor Dickenson","","U.S.","( 1906-08-06 ) August 6, 1906, Xenia , Ohio , U.S.","November 16, 1984 (1984-11-16) (aged 78), New York City","Jazz","Musician","Trombone","1920s–1980s","","Count Basie , Sidney Bechet , Earl Hines","","https://en.wikipedia.org/wiki/Vic_Dickenson","list of jazz trombonistss","https://en.wikipedia.org/wiki/List_of_jazz_trombonists"
"Tommy Dorsey","[(1905–1956)] Thomas Francis Dorsey Jr. (November 19, 1905 – November 26, 1956)  was an American jazz trombonist, composer, conductor and bandleader of the big band era. He was known as the \"Sentimental Gentleman of Swing\" because of his smooth-toned trombone playing.  His theme song was \" I'm Getting Sentimental Over You \". His technical skill on the trombone gave him renown among other musicians.  He was the younger brother of bandleader Jimmy Dorsey .  After Dorsey broke with his brother in the mid-1930s, he led an extremely popular and highly successful band from the late 1930s into the 1950s. He is best remembered for standards such as \" Opus One \", \" Song of India \", \"Marie\", \"On Treasure Island\", and his biggest hit single, \" I'll Never Smile Again \".","Thomas Francis Dorsey Jr.","","U.S.","( 1905-11-19 ) November 19, 1905, Shenandoah, Pennsylvania , U.S.","November 26, 1956 (1956-11-26) (aged 51), Greenwich, Connecticut , U.S.","Big band, swing, jazz","Bandleader, trombonist, conductor","Trombone, trumpet, cornet","1921–1956","RCA Victor, Brunswick, Decca, OKeh, Columbia","The California Ramblers, Jimmy Dorsey, Jean Goldkette, Paul Whiteman, Frank Sinatra, The Pied Pipers, Buddy DeFranco, Buddy Rich, Jo Stafford, Connie Haines, Glenn Miller, The Boswell Sisters, Dick Haymes, Gene Krupa, Sy Oliver, Nelson Riddle","","https://en.wikipedia.org/wiki/Tommy_Dorsey","list of jazz trombonistss","https://en.wikipedia.org/wiki/List_of_jazz_trombonists"
"Don Drummond","[(1932–1969)] Don Drummond (12 March 1932     – 6 May 1969) was a Jamaican ska trombonist and composer . He was one of the original members of The Skatalites , and composed many of their tunes. In 1966, Drummond was convicted of murdering his 23-year-old lover, Anita \"Marguerita\" Mahfood .","","","Jamaica","( 1932-03-12 ) 12 March 1932, Kingston, Jamaica","6 May 1969  ( 1969-05-07 ) (aged 37), Kingston, Jamaica","Ska","","Trombone","1950–1965","","The Skatalites","","https://en.wikipedia.org/wiki/Don_Drummond","list of jazz trombonistss","https://en.wikipedia.org/wiki/List_of_jazz_trombonists"
"Billy Eckstine","[(musician & singer) (1914–1993)] William Clarence Eckstine (July 8, 1914 – March 8, 1993)  was an American jazz and pop singer and a bandleader during the swing era . He was noted for his rich, almost operatic bass-baritone voice.  His recording of \" I Apologize \" (MGM, 1948) was given the Grammy Hall of Fame Award in 1999. The New York Times described him as an \"influential band leader\" whose \"suave bass-baritone\" and \"full-throated, sugary approach to popular songs inspired singers like Earl Coleman, Johnny Hartman, Joe Williams , Arthur Prysock and Lou Rawls .\" ","William Clarence Eckstein","","U.S.","( 1914-07-08 ) July 8, 1914, Pittsburgh, Pennsylvania , U.S.","March 8, 1993 (1993-03-08) (aged 78), Pittsburgh, Pennsylvania, U.S.","Jazz","Musician","Vocals, valve trombone, trumpet, guitar","1939–1990","","Dizzy Gillespie , Charlie Parker , Ray Vasquez , Sarah Vaughan","","https://en.wikipedia.org/wiki/Billy_Eckstine","list of jazz trombonistss","https://en.wikipedia.org/wiki/List_of_jazz_trombonists"
"Eddie Edwards","[(1891–1963)] Edwin Branford \"Eddie\" Edwards (May 22, 1891 – April 9, 1963) was an early jazz trombonist who was a member of the Original Dixieland Jass Band . ","Edwin Branford Edwards","","U.S.","( 1891-05-22 ) May 22, 1891, New Orleans, Louisiana, U.S.","April 9, 1963 (1963-04-09) (aged 71), New Orleans","Jazz","Musician","Trombone","","","Original Dixieland Jass Band","","https://en.wikipedia.org/wiki/Eddie_Edwards_(musician)","list of jazz trombonistss","https://en.wikipedia.org/wiki/List_of_jazz_trombonists"
"Bob Enevoldsen","[(1920–2005)] Robert Martin Enevoldsen (September 11, 1920 – November 19, 2005)  was a West Coast jazz tenor saxophonist and valve trombonist born in Billings, Montana , known for his work with Marty Paich .","Robert Martin Enevoldsen","","U.S.","September 11, 1920, Billings, Montana , U.S.","November 19, 2005 (aged 85), Woodland Hills, Los Angeles , California , U.S.","Jazz","","Tenor saxophone, Valve trombone","","","","","https://en.wikipedia.org/wiki/Bob_Enevoldsen","list of jazz trombonistss","https://en.wikipedia.org/wiki/List_of_jazz_trombonists"
"Robin Eubanks","[(born 1955)] Robin Eubanks (born October 25, 1955) is an American jazz and jazz fusion slide trombonist, the brother of guitarist Kevin Eubanks and trumpeter Duane Eubanks . His uncles are jazz pianist Ray Bryant and bassist Tommy Bryant . His mother, Vera Eubanks, was famed pianist Kenny Barron's first piano teacher.","","","U.S.","( 1955-10-25 ) October 25, 1955 (age 65), Philadelphia , Pennsylvania, U.S.","","Jazz","Musician","Trombone","","","","","https://en.wikipedia.org/wiki/Robin_Eubanks","list of jazz trombonistss","https://en.wikipedia.org/wiki/List_of_jazz_trombonists"
"Mike Fahn","[(born 1960)] Mike Fahn (born December 16, 1960 in Huntington, New York ) is an American jazz trombonist.","","","","","","","","","","","","","https://en.wikipedia.org/wiki/Mike_Fahn","list of jazz trombonistss","https://en.wikipedia.org/wiki/List_of_jazz_trombonists"
"Hugh Fraser","[(1958–2020)] Hugh Alexander Fraser (26 October 1958 – 17 June 2020) was a Canadian jazz musician known for his work as a pianist, trombonist and composer. ","","","","","","","","","","","","","https://en.wikipedia.org/wiki/Hugh_Fraser_(musician)","list of jazz trombonistss","https://en.wikipedia.org/wiki/List_of_jazz_trombonists"
"John Fedchock","[(born 1957)] John William Fedchock (born September 18, 1957 in Cleveland, Ohio) is an American jazz trombonist, bandleader, and arranger.","","","","","","","","","","","","","https://en.wikipedia.org/wiki/John_Fedchock","list of jazz trombonistss","https://en.wikipedia.org/wiki/List_of_jazz_trombonists"
"Glenn Ferris","[(born 1950)] Glenn Arthur Ferris (born June 27, 1950) is a jazz trombonist who has also worked in other fields. Outside of jazz he has played for Frank Zappa , Stevie Wonder , James Taylor , and Duran Duran .","Glenn Arthur Ferris","","U.S.","( 1950-06-27 ) June 27, 1950 (age 71), Los Angeles, California, U.S.","","Jazz , rock, pop","Musician","Trombone","","","","","https://en.wikipedia.org/wiki/Glenn_Ferris","list of jazz trombonistss","https://en.wikipedia.org/wiki/List_of_jazz_trombonists"
"Carl Fontana","[(1928–2008)] Carl Charles Fontana (July 18, 1928 - October 9, 2003) was an American jazz trombonist. After working in the big bands of Woody Herman , Lionel Hampton , and Stan Kenton , he devoted most of his career to playing music in Las Vegas.","Carl Charles Fontana","","U.S.","( 1928-07-18 ) July 18, 1928, Monroe, Louisiana, U.S.","October 9, 2003 (2003-10-09) (aged 75), Las Vegas, Nevada","Jazz","Musician","Trombone","1940–2000","","Supersax","","https://en.wikipedia.org/wiki/Carl_Fontana","list of jazz trombonistss","https://en.wikipedia.org/wiki/List_of_jazz_trombonists"
"Bruce Fowler"," Bruce Lambourne Fowler (born July 10, 1947)  is an American trombonist and composer . He played trombone on many Frank Zappa records, as well as with Captain Beefheart and in the Fowler Brothers Band. He composes and arranges music for movies, and has been the composer, orchestrator , or conductor for many popular films.","Bruce Lambourne Fowler","","","( 1947-07-10 ) July 10, 1947 (age 73)","","Rock , jazz , classical , experimental","Musician, composer, conductor","Trombone","1973–present","","Frank Zappa , Captain Beefheart , Ed Mann","","https://en.wikipedia.org/wiki/Bruce_Fowler","list of jazz trombonistss","https://en.wikipedia.org/wiki/List_of_jazz_trombonists"
"Curtis Fowlkes"," Curtis Fowlkes (born March 19, 1950) is an American jazz trombonist and singer. He is a founding member of The Jazz Passengers .","","","New York City","( 1950-03-19 ) March 19, 1950 (age 71), New York City","","Jazz , pop, rock","Musician, singer","Trombone","","Knitting Factory","The Jazz Passengers , The Lounge Lizards , Bill Frisell , Kansas City All-Stars","","https://en.wikipedia.org/wiki/Curtis_Fowlkes","list of jazz trombonistss","https://en.wikipedia.org/wiki/List_of_jazz_trombonists"
"Curtis Fuller","[(1932–2021)] Curtis DuBois Fuller (December 15, 1932 – May 8, 2021)  was an American jazz trombonist . He was a member of Art Blakey 's Jazz Messengers and contributed to many classic jazz recordings. ","Curtis DuBois Fuller","","U.S.","( 1932-12-15 ) December 15, 1932, Detroit , Michigan , U.S.","May 8, 2021 (2021-05-08) (aged 88) ","Jazz","Musician , composer , educator","Trombone","1953–2021","Blue Note , Prestige , Savory , Impulse! , Epic , Atlantic","","","https://en.wikipedia.org/wiki/Curtis_Fuller","list of jazz trombonistss","https://en.wikipedia.org/wiki/List_of_jazz_trombonists"
"G–L","","","","","","","","","","","","","","","list of jazz trombonistss","https://en.wikipedia.org/wiki/List_of_jazz_trombonists"
"Robert Gale"," Robert Gale is principal trombone with The Philadelphia Brass , the Opera Company of Philadelphia , the Chamber Orchestra of Philadelphia and a member of the pit orchestra of the Walnut Street Theatre . He has been a member of the music faculties of Swarthmore College and Valley Forge Military Academy and is currently on the faculty of The College of New Jersey . He has performed with the St. Louis and Richmond Symphonies and has recorded extensively for many vocal artists, television and major motion pictures. After graduating from the University of Illinois Bob began fifteen years of touring with the swing bands of Glenn Miller , Les Elgart , Jimmy Dorsey , and Bob Crosby , and the back-up bands for Bob Hope , Johnny Mathis , Donna Summer , Vic Damone , The Temptations , Manhattan Transfer , Natalie Cole and numerous others.","","","","","","","","","","","","","https://en.wikipedia.org/wiki/Robert_Gale_(musician)","list of jazz trombonistss","https://en.wikipedia.org/wiki/List_of_jazz_trombonists"
"Vincent Gardner","[(born 1972)] Vincent Gardner (born October 31, 1972) is an American trombonist and composer.","","","","","","","","","","","","","https://en.wikipedia.org/wiki/Vincent_Gardner","list of jazz trombonistss","https://en.wikipedia.org/wiki/List_of_jazz_trombonists"
"Clark Gayton","[(born 1963)] Clark Gayton is an American multi-instrumentalist, musician, composer and musicians' rights advocate.","","","","","","","","","","","","","https://en.wikipedia.org/wiki/Clark_Gayton","list of jazz trombonistss","https://en.wikipedia.org/wiki/List_of_jazz_trombonists"
"Matthew Gee","[(1929–1979)] Matthew Gee (November 25, 1925, Houston , Texas – July 18, 1979, New York City )  was an American bebop trombonist and part-time actor.","","","","","","","","","","","","","https://en.wikipedia.org/wiki/Matthew_Gee","list of jazz trombonistss","https://en.wikipedia.org/wiki/List_of_jazz_trombonists"
"Marshall Gilkes"," Marshall Gilkes (born September 30, 1978) is an American jazz trombonist and composer.","Marshall Allan Gilkes","","U.S.","( 1978-09-30 ) September 30, 1978, Camp Springs, Maryland , U.S.","","Jazz","Musician","Trombone","","","WDR Big Band","","https://en.wikipedia.org/wiki/Marshall_Gilkes","list of jazz trombonistss","https://en.wikipedia.org/wiki/List_of_jazz_trombonists"
"Tyree Glenn","[(1912–1974)] Tyree Glenn , born William Tyree Glenn (November 23, 1912, Corsicana , Texas   – May 18, 1974, Englewood, New Jersey ), was an American trombone and vibraphone player.","","","Corsicana, Texas , US","( 1912-11-23 ) November 23, 1912","May 18, 1974 (1974-05-18) (aged 61)","Swing","Trombone player, studio musician","","","","","","https://en.wikipedia.org/wiki/Tyree_Glenn","list of jazz trombonistss","https://en.wikipedia.org/wiki/List_of_jazz_trombonists"
"Wycliffe Gordon","[(born 1967)] Professor Wycliffe A. Gordon (born May 29, 1967) is an American jazz trombonist, arranger, composer, band leader, and music educator at the collegiate-conservatory level. Gordon also sings and plays didgeridoo , trumpet, tuba, and piano.  His nickname is \"Pinecone\".","","","U.S.","( 1967-05-29 ) May 29, 1967 (age 54), Waynesboro , Georgia, U.S.","","Jazz","Musician","Trombone","","WJ3 , Chesky , Criss Cross","Randy Sandke , Maurice Hines , Wynton Marsalis , Ligel Lambert","","https://en.wikipedia.org/wiki/Wycliffe_Gordon","list of jazz trombonistss","https://en.wikipedia.org/wiki/List_of_jazz_trombonists"
"Urbie Green","[(1926–2018)] Urban Clifford \"Urbie\" Green (August 8, 1926 – December 31, 2018) was an American jazz trombonist who toured with Woody Herman , Gene Krupa , Jan Savitt , and Frankie Carle .  He played on over 250 recordings and released more than two dozen albums as a soloist. He was inducted into the Alabama Jazz Hall of Fame in 1995.","Urban Clifford Green","","Alabama","( 1926-08-08 ) August 8, 1926, Mobile, Alabama","December 31, 2018 (2018-12-31) (aged 92), Hellertown, Pennsylvania","Jazz","Musician","Trombone","","Vanguard , Bethlehem , CTI , Paramount , Command , RCA","Woody Herman , Gene Krupa , Jan Savitt , Frankie Carle","","https://en.wikipedia.org/wiki/Urbie_Green","list of jazz trombonistss","https://en.wikipedia.org/wiki/List_of_jazz_trombonists"
"Al Grey","[(1925–2000)] Al Grey (June 6, 1925 – March 24, 2000) was an American jazz trombonist who was a member of the Count Basie orchestra. He was known for his plunger mute technique and wrote an instructional book in 1987 called Plunger Techniques . ","Albert Thornton Grey","","U.S.","( 1925-06-06 ) June 6, 1925, Aldie, Virginia , U.S.","March 24, 2000 (2000-03-24) (aged 74), Phoenix, Arizona","Jazz","Musician","Trombone","1946–1990","Argo ,","Dizzy Gillespie , Count Basie","","https://en.wikipedia.org/wiki/Al_Grey","list of jazz trombonistss","https://en.wikipedia.org/wiki/List_of_jazz_trombonists"
"Craig Harris","[(born 1953)] Craig S. Harris (born September 10, 1953) is a jazz trombonist who started working with Sun Ra in 1976. He also has worked with Abdullah Ibrahim , David Murray , Lester Bowie , Cecil Taylor , Sam Rivers , Muhal Richard Abrams , and Charlie Haden . He has recorded since 1983 as leader for India Navigation , Soul Note and JMT . For the latter he recorded with two groups. The Tailgaters Tails was a quintet with clarinetist Don Byron , trumpeter Eddie Allen , Anthony Cox on double bass, and Pheeroan akLaff on drums. His large ensemble Cold Sweat was a tribute to the music of James Brown .","Craig S. Harris","","U.S.","( 1953-09-10 ) September 10, 1953 (age 67), Hempstead , New York, U.S.","","Jazz","Musician","Trombone , didgeridoo","1976–present","India Navigation , Soul Note , JMT","Abdullah Ibrahim , David Murray , Lester Bowie , Cecil Taylor , Sam Rivers , Muhal Richard Abrams , Charlie Haden and Sun Ra","","https://en.wikipedia.org/wiki/Craig_S._Harris_(trombonist)","list of jazz trombonistss","https://en.wikipedia.org/wiki/List_of_jazz_trombonists"
"Jimmy Harrison","[(1900–1931)] James Henry Harrison (October 17, 1900, Louisville, Kentucky – July 23, 1931, New York City) was an American jazz trombonist.","","","","","","","","","","","","","https://en.wikipedia.org/wiki/Jimmy_Harrison","list of jazz trombonistss","https://en.wikipedia.org/wiki/List_of_jazz_trombonists"
"Bob Havens","[(born 1930)] Robert Havens (born May 3, 1930) is an American big band and jazz musician who appeared on The Lawrence Welk Show from 1960 to 1982. His instrument is the trombone . ","","","","","","","","","","","","","https://en.wikipedia.org/wiki/Bob_Havens","list of jazz trombonistss","https://en.wikipedia.org/wiki/List_of_jazz_trombonists"
"Thamon Hayes"," Thamon Hayes (October 11, 1899 – August 1, 1978  ) was a Dixieland jazz trombonist and composer of the early Kansas City jazz scene,  who along with Bennie Moten composed several of the hits of the Bennie Moten's Kansas City Orchestra such as \"South\" and the original 1927 version of \" Moten Swing \". He left the band in 1931 to form the Kansas City Rockets, which in 1936 became \"Leonard's Rockets\".   Hayes´ new band were billed by the Kansas City Call as \"the new wonder band of accomplished musicians\", and their first performance was met with unprecedented attention in Kansas City driving the crowds wild. ","","","","","","","","","","","","","https://en.wikipedia.org/wiki/Thamon_Hayes","list of jazz trombonistss","https://en.wikipedia.org/wiki/List_of_jazz_trombonists"
"Wayne Henderson","[(1939–2014)] Wayne Maurice Henderson (September 24, 1939 – April 5, 2014)  was an American soul jazz and hard bop trombonist and record producer . In 1961, he co-founded the soul jazz/hard bop group The Jazz Crusaders .  Henderson left the group (who by then had changed their name to The Crusaders) in 1976 to pursue a career in producing, but revived The Jazz Crusaders in 1995.","Wayne Maurice Henderson","","U.S.","( 1939-09-24 ) September 24, 1939, Houston , Texas , U.S.","April 5, 2014 (2014-04-05) (aged 74), Culver City, California , U.S.","Soul jazz , hard bop","Musician, record producer","Trombone","","","The Jazz Crusaders","","https://en.wikipedia.org/wiki/Wayne_Henderson_(musician)","list of jazz trombonistss","https://en.wikipedia.org/wiki/List_of_jazz_trombonists"
"Conrad Herwig","[(born 1959)] Lee Conrad Herwig III an American jazz trombonist from New York City.   ","Lee Conrad Herwig III","","U.S.","( 1959-11-01 ) November 1, 1959 (age 61), Lawton, Oklahoma , U.S.","","Jazz","Musician","Trombone","1980's–present","Ken , Half Note , Criss Cross","","","https://en.wikipedia.org/wiki/Conrad_Herwig","list of jazz trombonistss","https://en.wikipedia.org/wiki/List_of_jazz_trombonists"
"J. C. Higginbotham","[(1906–1973)] Jay C. (Jack) Higginbotham (May 11, 1906 – May 26, 1973) was an American jazz trombonist .  His playing was robust and swinging .","","","","( 1906-05-11 ) May 11, 1906","May 26, 1973 (1973-05-26) (aged 67), New York","Jazz","","Trombone","","Prestige","Luis Russell, Benny Carter, Red Allen","","https://en.wikipedia.org/wiki/J._C._Higginbotham","list of jazz trombonistss","https://en.wikipedia.org/wiki/List_of_jazz_trombonists"
"Dave Horler","[(born 1943)] David Ronald Horler (born 10 September 1943 in Lymington , Hampshire ) is an English jazz trombonist and is the brother of John Horler . ","","","","","","","","","","","","","https://en.wikipedia.org/wiki/Dave_Horler","list of jazz trombonistss","https://en.wikipedia.org/wiki/List_of_jazz_trombonists"
"Joseph Bowie"," Joseph Bowie (born October 17, 1953) is an American jazz trombonist and vocalist. The brother of trumpeter Lester Bowie , Joseph is known for leading the jazz-punk group Defunkt and for membership in the Ethnic Heritage Ensemble .","","","U.S.","( 1953-10-17 ) 17 October 1953 (age 67), St. Louis, Missouri, U.S.","","Jazz fusion , R&B , jazz , funk","Musician","Trombone","","Black Saint , DIW","Defunkt , Black Artists Group , Kosen-Rufu","","https://en.wikipedia.org/wiki/Joseph_Bowie","list of jazz trombonistss","https://en.wikipedia.org/wiki/List_of_jazz_trombonists"
"Pee Wee Hunt","[(1907–1979)] Walter Gerhardt \"Pee Wee\" Hunt (May 10, 1907 – June 22, 1979) was an American jazz trombonist , vocalist, and bandleader.  Hunt was born in Mount Healthy, Ohio .  He developed a musical interest at an early age, as his mother, Sadie, played the banjo and his father, Edgar C., played violin . He had a younger sister, Marian, and younger brother, Raymond. The teenage Hunt was a banjoist with a local band while he was attending college at Ohio State University where he majored in Electrical Engineering ,  and during his college years he switched from banjo to trombone. He graduated from the Cincinnati Conservatory of Music.  He joined Jean Goldkette 's Orchestra in 1928. ","Walter Gerhardt Hunt","","U.S.","( 1907-05-10 ) May 10, 1907, Mount Healthy, Ohio , U.S.","June 22, 1979 (1979-06-22) (aged 72), Plymouth, Massachusetts , U.S.","Jazz","Trombonist, vocalist, bandleader","Trombone","","","","","https://en.wikipedia.org/wiki/Pee_Wee_Hunt","list of jazz trombonistss","https://en.wikipedia.org/wiki/List_of_jazz_trombonists"
"Quentin Jackson","[(1909–1976)] Quentin \"Butter\" Jackson  (January 13, 1909 in Springfield, Ohio – October 2, 1976 in New York City ) was an American jazz trombonist. In the early stage of his career, he worked with Cab Calloway . Later, he was a member of the Duke Ellington Orchestra and worked with Charles Mingus , Kenny Burrell , and others.","","","","","","","","","","","","","https://en.wikipedia.org/wiki/Quentin_Jackson","list of jazz trombonistss","https://en.wikipedia.org/wiki/List_of_jazz_trombonists"
"Carol Jarvis","[(born 1977)] Carol Jarvis (born 17 November 1977) is a trombonist , keyboard player, arranger, musical director, professor, journalist, clinician and presenter.","","","England","( 1977-11-17 ) 17 November 1977 (age 43), Northampton , England","","","Musician","Trombone","","","London Symphony Orchestra, Bones Apart","","https://en.wikipedia.org/wiki/Carol_Jarvis","list of jazz trombonistss","https://en.wikipedia.org/wiki/List_of_jazz_trombonists"
"J. J. Johnson","[(1924–2001)] James Louis Johnson (January 22, 1924 – February 4, 2001)  was an American jazz trombonist, composer and arranger .","James Louis Johnson","Jay Jay Johnson","U.S.","( 1924-01-22 ) January 22, 1924, Indianapolis, Indiana , U.S.","February 4, 2001 (2001-02-04) (aged 77), Indianapolis, Indiana, U.S.","Jazz , bebop , hard bop , Third Stream","Musician, composer","Trombone","1942–1996","","","","https://en.wikipedia.org/wiki/J._J._Johnson","list of jazz trombonistss","https://en.wikipedia.org/wiki/List_of_jazz_trombonists"
"Ward Kimball","[(1914–2002)] Ward Walrath Kimball (March 4, 1914 – July 8, 2002) was an American animator employed by Walt Disney Animation Studios . He was part of Walt Disney 's main team of animators, known collectively as Disney's Nine Old Men . His films have been honored with two Academy Awards for Best Animated Short Film .","","","U.S.","Ward Walrath Kimball, ( 1914-03-04 ) March 4, 1914, Minneapolis, Minnesota , U.S.","July 8, 2002 (2002-07-08) (aged 88), Los Angeles, California , U.S.","","","","","","","","https://en.wikipedia.org/wiki/Ward_Kimball","list of jazz trombonistss","https://en.wikipedia.org/wiki/List_of_jazz_trombonists"
"Craig Klein"," Bonerama is a brass funk rock band from New Orleans.","","","New Orleans, Louisiana, U.S.","","","New Orleans Jazz , R&B , funk rock","","","1998–present","Basin Street","","* Mark Mullins, * Craig Klein, * Greg Hicks, * Bert Cotton, * Matt Perrine, * Walt Lundy, * Michael Mullins","https://en.wikipedia.org/wiki/Craig_Klein","list of jazz trombonistss","https://en.wikipedia.org/wiki/List_of_jazz_trombonists"
"Jimmy Knepper","[(1927–2003)] James Minter Knepper (November 22, 1927 – June 14, 2003) was an American jazz trombonist. In addition to his own recordings as leader, Knepper performed and recorded with Charlie Barnet , Woody Herman , Claude Thornhill , Stan Kenton , Benny Goodman , Gil Evans , Thad Jones and Mel Lewis , Toshiko Akiyoshi and Lew Tabackin , and, most famously, Charles Mingus in the late 1950s and early 1960s. Knepper died in 2003 of complications of Parkinson's disease.  ","James Minter Knepper","","U.S.","( 1927-11-22 ) November 22, 1927, Los Angeles, California, U.S.","June 14, 2003 (2003-06-14) (aged 75), Triadelphia , West Virginia","Jazz","Musician","Trombone","","","Charles Mingus , The Thad Jones/Mel Lewis Orchestra","","https://en.wikipedia.org/wiki/Jimmy_Knepper","list of jazz trombonistss","https://en.wikipedia.org/wiki/List_of_jazz_trombonists"
"René Laanen","[(born 1952)] Antonius Philippus René Laanen (born 23 January 1952) is a Dutch bass trombonist .  He is an artist/clinician for Michael Rath Trombones .  His personal instrument is a Rath R9 with Rotax valves.","","","","","","","","","","","","","https://en.wikipedia.org/wiki/René_Laanen","list of jazz trombonistss","https://en.wikipedia.org/wiki/List_of_jazz_trombonists"
"Frank Lacy","[(born 1959)] Frank Lacy (born August 9, 1958, Houston, Texas) is an American jazz trombonist who has spent many years as a member of the Mingus Big Band.","","Ku-umba Frank Lacy","U.S.","( 1958-08-09 ) August 9, 1958 (age 62), Houston, Texas, U.S.","","Jazz","Musician, composer, vocalist","Trombone, multi-instrumentalist","1970–present","Tutu","Mingus Big Band","","https://en.wikipedia.org/wiki/Frank_Lacy","list of jazz trombonistss","https://en.wikipedia.org/wiki/List_of_jazz_trombonists"
"Nils Landgren","[(born 1956)] Nils Landgren (born 15 February 1956) is a Swedish R&B , funk , and jazz trombone player and singer.  He is known as The Man with the Red Horn because he plays a red trombone. ","Nils Lennart Landgren","","Sweden","( 1956-02-15 ) 15 February 1956 (age 65), Degerfors , Sweden","","Jazz , R&B , funk","Musician","Trombone","1978–present","ACT","Ball of Fire, Nils Landgren Funk Unit","","https://en.wikipedia.org/wiki/Nils_Landgren_(musician)","list of jazz trombonistss","https://en.wikipedia.org/wiki/List_of_jazz_trombonists"
"George Lewis","[(born 1952)] George Emanuel Lewis (born July 14, 1952) is an American composer, electronic performer, installation artist, trombone player, and scholar in the fields of improvisation and experimental music .  He has been a member of the Association for the Advancement of Creative Musicians ( AACM ) since 1971 and is a pioneer of computer music . ","","","U.S.","( 1952-07-14 ) July 14, 1952 (age 68), Chicago, Illinois, U.S.","","Jazz , avant-garde jazz , computer music","Musician, composer, educator","Composer","","Sackville , Charly , Black Saint , Soul Note , Avant , Music & Arts , Pi , Incus , Tzadik","ICP Orchestra , Musica Elettronica Viva , Globe Unity Orchestra","","https://en.wikipedia.org/wiki/George_Lewis_(trombonist)","list of jazz trombonistss","https://en.wikipedia.org/wiki/List_of_jazz_trombonists"
"Melba Liston","[(1926–1999)] Melba Doretta Liston (January 13, 1926 – April 23, 1999) was an American jazz trombonist, arranger, and composer. Other than those playing in all-female bands she was the first woman trombonist to play in big bands during the 1940s and 1960s, but as her career progressed she became better known as an arranger ,  particularly in partnership with pianist Randy Weston .   Other major artists with whom she worked include Dizzy Gillespie , Billie Holiday , John Coltrane and Count Basie . ","Melba Doretta Liston","","U.S.","( 1926-01-13 ) January 13, 1926, Kansas City, Missouri , U.S.","April 23, 1999 (1999-04-23) (aged 73), Los Angeles, California , U.S.","Jazz","Musician, arranger","Trombone","1940s–1970s","","","","https://en.wikipedia.org/wiki/Melba_Liston","list of jazz trombonistss","https://en.wikipedia.org/wiki/List_of_jazz_trombonists"
"Frederick Lonzo","[(born 1950)] Fred Lonzo (born August 26, 1950), also known as Freddie Lonzo , is a jazz trombonist .","","","New Orleans, Louisiana","( 1950-08-26 ) August 26, 1950 (age 70)","","Jazz","","Trombone","","","","","https://en.wikipedia.org/wiki/Frederick_Lonzo","list of jazz trombonistss","https://en.wikipedia.org/wiki/List_of_jazz_trombonists"
"Lucien Barbarin","[(born 1956)] Lucien Barbarin (July 17, 1956 – January 30, 2020) was an American trombone player.  Barbarin toured internationally with the Preservation Hall Jazz Band and with Harry Connick Jr . ","","","U.S.","( 1956-07-17 ) July 17, 1956, New Orleans, Louisiana , U.S.","January 30, 2020 (2020-01-30) (aged 63)","Jazz","","Trombone","","","","","https://en.wikipedia.org/wiki/Lucien_Barbarin","list of jazz trombonistss","https://en.wikipedia.org/wiki/List_of_jazz_trombonists"
"M–P","","","","","","","","","","","","","","","list of jazz trombonistss","https://en.wikipedia.org/wiki/List_of_jazz_trombonists"
"Tom \"Bones\" Malone","[(born 1947)] Thomas \"Bones\" Malone (born June 16, 1947) is an American jazz musician, arranger, and producer. As his nickname implies, he specializes on the trombone but he also plays saxophone, trumpet, tuba, flute, and bass guitar.  He has been a member of The Blues Brothers , Saturday Night Live Band , and the CBS Orchestra , the house band for the Late Show with David Letterman .","Thomas Hugh Malone","","Hawaii","( 1947-06-16 ) June 16, 1947 (age 74), Honolulu , Hawaii","","Jazz , rock, pop","Musician, arranger, record producer","Trombone","1969-present","","The Blues Brothers , CBS Orchestra , Saturday Night Live Band , Gil Evans Lt. Dan Band","","https://en.wikipedia.org/wiki/Tom_\"Bones\"_Malone","list of jazz trombonistss","https://en.wikipedia.org/wiki/List_of_jazz_trombonists"
"Albert Mangelsdorff","[(1928–2005)] Albert Mangelsdorff (September 5, 1928 – July 25, 2005) was a German jazz trombonist. Working mainly in free jazz , he was an innovator in multiphonics .","","","Germany","( 1928-09-05 ) September 5, 1928, Frankfurt , Germany","July 25, 2005 (2005-07-25) (aged 76), Frankfurt","Jazz","Musician","Trombone","1948–2005","","United Jazz + Rock Ensemble , Hans Koller","","https://en.wikipedia.org/wiki/Albert_Mangelsdorff","list of jazz trombonistss","https://en.wikipedia.org/wiki/List_of_jazz_trombonists"
"Delfeayo Marsalis"," Delfeayo Marsalis ( / ˈ d ɛ l f iː oʊ / ; born July 28, 1965) is an American jazz trombonist, record producer and educator.","","","U.S.","( 1965-07-28 ) July 28, 1965 (age 55), New Orleans, Louisiana, U.S.","","Jazz","Musician, record producer, educator","Trombone","","Troubador Jass","Uptown Jazz Orchestra","","https://en.wikipedia.org/wiki/Delfeayo_Marsalis","list of jazz trombonistss","https://en.wikipedia.org/wiki/List_of_jazz_trombonists"
"Andy Martin"," Andy Martin is an American jazz trombonist. He is a member of Gordon Goodwin's Big Phat Band and was the featured soloist with Bill Holman big band for 15 years. He has played in over 350 movies, including the trombone solo in the opening credits of Monsters, Inc. and played the trombone solos in the movie LaLa Land and Secret Life Of Pets 1 & 2. Also is the trombone soloist for the character of Connie in the Pixar film 'Soul'. He has played on television shows such as Family Guy , King of the Hill , Dancing with the Stars , and American Dad! . Martin was the lead trombone on American Idol in seasons 1-3. He was initiated as an honorary member of Phi Mu Alpha Sinfonia in 2018 at the National Convention in New Orleans, Louisiana. He also recorded the trombone for Disney's Soul.","","","","","","","","","","","","","https://en.wikipedia.org/wiki/Andy_Martin_(American_musician)","list of jazz trombonistss","https://en.wikipedia.org/wiki/List_of_jazz_trombonists"
"Elliot Mason"," Elliot Mason (born 13 January 1977)  is an English jazz trombonist . He also plays the keyboard and the bass trumpet . He has been praised by such musicians as Michael Brecker for his technical facility and innovative harmonically complex improvisation. ","","","","","","","","","","","","","https://en.wikipedia.org/wiki/Elliot_Mason","list of jazz trombonistss","https://en.wikipedia.org/wiki/List_of_jazz_trombonists"
"Rob McConnell","[(valve trombone)] Robert Murray Gordon \"Rob\" McConnell , OC (14 February 1935 – 1 May 2010) was a Canadian jazz trombonist , composer, and arranger.  McConnell is best known for establishing and leading the big band The Boss Brass, which he directed from 1967 to 1999.","Robert Murray Gordon McConnell","","Canada","( 1935-02-14 ) February 14, 1935, London, Ontario, Canada","May 1, 2010 (2010-05-01) (aged 75), Toronto, Ontario, Canada","Jazz , big band","Musician, arranger, composer","Trombone","1960s–2000s","Concord , Pausa , MPS , Dark Orchid, Innovation","Boss Brass","","https://en.wikipedia.org/wiki/Rob_McConnell","list of jazz trombonistss","https://en.wikipedia.org/wiki/List_of_jazz_trombonists"
"Glenn Miller","[(1904–1944)] Alton Glenn Miller (March 1, 1904 – disappeared December 15, 1944)    was an American big-band trombonist, arranger, composer, and bandleader in the swing era. He was the best-selling recording artist from 1939 to 1942, leading one of the best-known big bands . Miller's recordings include \" In the Mood \", \" Moonlight Serenade \", \" Pennsylvania 6-5000 \", \" Chattanooga Choo Choo \", \" A String of Pearls \", \" At Last \", \" (I've Got a Gal In) Kalamazoo \", \" American Patrol \", \" Tuxedo Junction \", \" Elmer's Tune \", \"Little Brown Jug\" and \" Anvil Chorus \".  In just four years Glenn Miller scored 16 number-one records and 69 top ten hits—more than Elvis Presley (38 top 10s) and the Beatles (33 top 10s) did in their careers.   ","","","U.S.","Alton Glenn Miller, ( 1904-03-01 ) March 1, 1904, Clarinda, Iowa , U.S.","","Swing music , big band","Bandleader, musician, arranger, composer","Trombone","1923–1944","","Glenn Miller Orchestra , The Modernaires , Marion Hutton","","https://en.wikipedia.org/wiki/Glenn_Miller","list of jazz trombonistss","https://en.wikipedia.org/wiki/List_of_jazz_trombonists"
"Grover Mitchell"," Grover Mitchell, born Grover Curry Mitchell (March 17, 1930 – August 6, 2003) was a jazz trombonist who led the Count Basie Orchestra .","Grover Curry Mitchell","","U.S.","( 1930-03-17 ) 17 March 1930, Whatley , Alabama, U.S.","6 August 2003 (2003-08-06) (aged 73), New York City","Jazz","Musician, bandleader","Trombone","1960–2000","Stash , Ken","Count Basie Orchestra","","https://en.wikipedia.org/wiki/Grover_Mitchell","list of jazz trombonistss","https://en.wikipedia.org/wiki/List_of_jazz_trombonists"
"Miff Mole","[(1898–1961)] Irving Milfred Mole , known professionally as Miff Mole (March 11, 1898 – April 29, 1961) was a jazz trombonist and band leader. He is generally considered one of the greatest jazz trombonists  and credited with creating \"the first distinctive and influential solo jazz trombone style.\" ","Irving Milfred Mole","","U.S.","( 1898-03-11 ) March 11, 1898, Roosevelt , New York, U.S.","April 29, 1961 (1961-04-29) (aged 63), New York City , New York, U.S.","Jazz","Musician","Trombone","","","Miff Mole and his (Little) Molers","","https://en.wikipedia.org/wiki/Miff_Mole","list of jazz trombonistss","https://en.wikipedia.org/wiki/List_of_jazz_trombonists"
"Grachan Moncur III"," Grachan Moncur III (born June 3, 1937) is an American jazz trombonist. He is the son of jazz bassist Grachan Moncur II and the nephew of jazz saxophonist Al Cooper .","","","U.S.","( 1937-06-03 ) June 3, 1937 (age 84), New York City, New York, U.S.","","Jazz , free jazz , avant-garde jazz","Musician","Trombone","1959-present","","","","https://en.wikipedia.org/wiki/Grachan_Moncur_III","list of jazz trombonistss","https://en.wikipedia.org/wiki/List_of_jazz_trombonists"
"James Morrison"," James Lloyd Morrison AM (born 11 November 1962) is an Australian jazz musician. Although his main instrument is trumpet , he has also performed on trombone , tuba , euphonium , flugelhorn , saxophone , clarinet , double bass , guitar , and piano .  He is a composer, writing jazz charts for ensembles of various sizes and proficiency levels. ","James Lloyd Morrison","","Australia","( 1962-11-11 ) 11 November 1962 (age 58), Boorowa , New South Wales, Australia","","Jazz","Musician, songwriter, jazz educator, artistic director, TV presenter","Trumpet , multi-instrumentalist","1983–present","ABC , WEA , EastWest","","","https://en.wikipedia.org/wiki/James_Morrison_(musician)","list of jazz trombonistss","https://en.wikipedia.org/wiki/List_of_jazz_trombonists"
"Benny Morton"," Benny Morton (January 31, 1907 New York City – December 28, 1985) was a jazz trombonist most associated with the swing genre .","","","","","","","","","","","","","https://en.wikipedia.org/wiki/Benny_Morton","list of jazz trombonistss","https://en.wikipedia.org/wiki/List_of_jazz_trombonists"
"Christian Muthspiel"," Christian Muthspiel (born 1962 in Judenburg , Austria) is an Austrian composer, trombonist, and pianist most associated with jazz.","","","Austria","1962, Judenburg , Austria","","Jazz","Musician, composer","Trombone, piano","","","Wolfgang Muthspiel","","https://en.wikipedia.org/wiki/Christian_Muthspiel","list of jazz trombonistss","https://en.wikipedia.org/wiki/List_of_jazz_trombonists"
"Tricky Sam Nanton","[(1904–1946)] Joe \" Tricky Sam \" Nanton (February 1, 1904 – July 20, 1946) was an American trombonist with the Duke Ellington Orchestra .","Joseph Nanton","","","( 1904-02-01 ) February 1, 1904","July 20, 1946 (1946-07-20) (aged 42)","Jazz , swing","Musician","Trombone","","","Duke Ellington","","https://en.wikipedia.org/wiki/Tricky_Sam_Nanton","list of jazz trombonistss","https://en.wikipedia.org/wiki/List_of_jazz_trombonists"
"Dick Nash"," Richard Taylor Nash (born January 26, 1928) is an American jazz trombonist most associated with the swing and big band genres.","Richard Taylor Nash","","","( 1928-01-26 ) January 26, 1928 (age 93)","","Swing, big band, jazz","Musician","Trombone","","","","","https://en.wikipedia.org/wiki/Dick_Nash","list of jazz trombonistss","https://en.wikipedia.org/wiki/List_of_jazz_trombonists"
"Mark Nightingale","[(born 1967)] Mark Daryl Nightingale (born 29 May 1967) is an English jazz trombonist, composer, and arranger.","Mark Daryl Nightingale","","England","( 1967-05-29 ) 29 May 1967 (age 54), Evesham , Worcestershire , England","","Jazz","Musician, composer, arranger","Trombone","1980s–present","","","","https://en.wikipedia.org/wiki/Mark_Nightingale","list of jazz trombonistss","https://en.wikipedia.org/wiki/List_of_jazz_trombonists"
"Louis Nelson"," Louis Hall Nelson (September 17, 1902 – April 5, 1990) was a New Orleans jazz trombonist . ","","","","","","","","","","","","","https://en.wikipedia.org/wiki/Louis_Nelson","list of jazz trombonistss","https://en.wikipedia.org/wiki/List_of_jazz_trombonists"
"Sammy Nestico"," Samuel Louis Nistico (February 6, 1924 – January 17, 2021), better known as Sammy Nestico , was an American composer and arranger. Nestico is best known for his arrangements for the Count Basie orchestra. ","Samuel Louis Nistico","","U.S.","( 1924-02-06 ) February 6, 1924, Pittsburgh , Pennsylvania , U.S.","January 17, 2021 (2021-01-17) (aged 96)   ","Jazz","Composer, arranger","","","","Count Basie","","https://en.wikipedia.org/wiki/Sammy_Nestico","list of jazz trombonistss","https://en.wikipedia.org/wiki/List_of_jazz_trombonists"
"Ed Neumeister"," Ed Neumeister (born 1952) is a composer and jazz trombonist.  He was born in Topeka, Kansas . ","","","","","","","","","","","","","https://en.wikipedia.org/wiki/Ed_Neumeister","list of jazz trombonistss","https://en.wikipedia.org/wiki/List_of_jazz_trombonists"
"Paul Nowell","","","","","","","","","","","","","","https://en.wikipedia.org/w/index.php?title=Paul_Nowell&amp;action=edit&amp;redlink=1","list of jazz trombonistss","https://en.wikipedia.org/wiki/List_of_jazz_trombonists"
"Kid Ory","[(1886–1973)] Edward \" Kid \" Ory (December 25, 1886 – January 23, 1973) was a Black Creole jazz trombonist and bandleader . He was born on Woodland Plantation, near LaPlace, Louisiana .","Edouard Ory","","U.S.","( 1886-12-25 ) December 25, 1886, LaPlace, Louisiana , U.S.","January 23, 1973 (1973-01-23) (aged 86), Honolulu , Hawaii, U.S.","Jazz , traditional Creole","Musician, composer, promoter","Trombone","1910–1966","Columbia , Okeh Records , Exner, Crescent , Good Time Jazz , Verve","Louis Armstrong , Jelly Roll Morton, King Oliver, Ma Rainey, Benny Goodman, Charles Mingus","","https://en.wikipedia.org/wiki/Kid_Ory","list of jazz trombonistss","https://en.wikipedia.org/wiki/List_of_jazz_trombonists"
"Roy Palmer"," Roy Palmer (April 2, 1892, New Orleans, Louisiana – December 22, 1963, Chicago, Illinois) was an American jazz trombonist.","","","","","","","","","","","","","https://en.wikipedia.org/wiki/Roy_Palmer_(musician)","list of jazz trombonistss","https://en.wikipedia.org/wiki/List_of_jazz_trombonists"
"James Pankow"," James Carter Pankow is an American trombone player, songwriter and brass instrument player, best known as a founding member of the rock band Chicago . ","James Carter Pankow","","United States","St. Louis , Missouri, United States","","Rock, adult contemporary , jazz","Musician, songwriter, arranger","Trombone , keyboards, vocals, percussion","1967  ( 1967 ) –present","","Chicago ; Toto ; Three Dog Night ; Earth, Wind & Fire ; The Doobie Brothers ; Bee Gees","","https://en.wikipedia.org/wiki/James_Pankow","list of jazz trombonistss","https://en.wikipedia.org/wiki/List_of_jazz_trombonists"
"Frank Parr","[(1928–2012)] Francis David \"Frank\" Parr (1 June 1928 – 8 May 2012) was an English cricketer who played for Lancashire and a jazz trombonist with the Mick Mulligan Band .  ","","","England","( 1928-06-01 ) 1 June 1928, Wallasey , Cheshire , England","8 May 2012 (2012-05-08) (aged 83), Hampstead Hospice , Middlesex , England","","","","","","","","https://en.wikipedia.org/wiki/Frank_Parr_(musician)","list of jazz trombonistss","https://en.wikipedia.org/wiki/List_of_jazz_trombonists"
"Ake Persson","[(1932–1975)] Åke Persson (February 25, 1932 in Hässleholm – February 5, 1975 in Stockholm ) was a Swedish bebop jazz trombonist.","","","","","","","","","","","","","https://en.wikipedia.org/wiki/Ake_Persson","list of jazz trombonistss","https://en.wikipedia.org/wiki/List_of_jazz_trombonists"
"Jim Pugh"," James Edward Pugh (born November 12, 1950) is an American trombonist, composer, and educator. He is noted as the lead trombonist with Woody Herman 's Thundering Herd (1972–1976) and Chick Corea 's Return to Forever Band (1977–1978). For 25 years, he worked as a freelance trombonist in New York City. In recent years, he toured and recorded with the rock group Steely Dan , is a founding member of the Graham Ashton Brass Ensemble, and is on faculty as Distinguished Professor of Jazz Trombone at the University of Illinois at Urbana-Champaign .","James Edward Pugh","","U.S.","( 1950-11-12 ) November 12, 1950 (age 70), Camden, New Jersey , U.S.","","Jazz , classical , rock","Musician, composer","Trombone","","","Woody Herman , Return to Forever , Steely Dan , Graham Ashton Brass Ensemble","","https://en.wikipedia.org/wiki/James_E._Pugh","list of jazz trombonistss","https://en.wikipedia.org/wiki/List_of_jazz_trombonists"
"Julian Priester","[(born 1935)] Julian Priester (born June 29, 1935) is an American jazz trombonist and occasional euphoniumist.  He is sometimes credited \"Julian Priester Pepo Mtoto\". He has played with Sun Ra , Max Roach , Duke Ellington , John Coltrane , and Herbie Hancock .","","","U.S.","( 1935-06-29 ) June 29, 1935 (age 86), Chicago, Illinois, U.S.","","Jazz, avant-garde jazz","Musician, composer","Trombone, Euphonium","1950s–present","ECM , Postcards , Blue Note","","","https://en.wikipedia.org/wiki/Julian_Priester","list of jazz trombonistss","https://en.wikipedia.org/wiki/List_of_jazz_trombonists"
"Douglas Purviance"," Douglas Purviance (born Turner Station, Maryland, on July 18, 1952) is a jazz trombonist.  He began his professional career as a member of the Stan Kenton Orchestra , playing bass trombone and tuba from 1975 to 1977. Mostly, he works as a studio session bass trombonist and is not known for improvising.","","","","","","","","","","","","","https://en.wikipedia.org/wiki/Douglas_Purviance","list of jazz trombonistss","https://en.wikipedia.org/wiki/List_of_jazz_trombonists"
"R–T","","","","","","","","","","","","","","","list of jazz trombonistss","https://en.wikipedia.org/wiki/List_of_jazz_trombonists"
"Frank Rehak","[(1926–1987)] Frank Rehak (July 6, 1926, in New York City – June 22, 1987 Badger, California ) was an American jazz trombonist. He began on piano and cello before switching to trombone. He worked with Gil Evans and Miles Davis .  He also appeared with Davis on the broadcast \"The Sounds of Miles Davis.\" ","","","","","","","","","","","","","https://en.wikipedia.org/wiki/Frank_Rehak","list of jazz trombonistss","https://en.wikipedia.org/wiki/List_of_jazz_trombonists"
"Bill Reichenbach"," William Frank Reichenbach Jr. (born November 30, 1949) is an American jazz trombonist and composer. He is the son of Bill Reichenbach , who was the drummer for Charlie Byrd from 1962 to 1973. He is best known as a session musician for television, films, cartoons, and commercials.  He recorded a solo album, Special Edition , where he is featured on tenor as well as bass trombone.","William Frank Reichenbach Jr.","","U.S.","( 1949-11-30 ) November 30, 1949 (age 71), Takoma Park, Maryland , U.S.","","Jazz , jazz fusion , soul , R&B","Session musician , composer","Trombone , euphonium","","","Jerry Hey","","https://en.wikipedia.org/wiki/Bill_Reichenbach_Jr.","list of jazz trombonistss","https://en.wikipedia.org/wiki/List_of_jazz_trombonists"
"Ilja Reijngoud"," Ilja Reijngoud (born 5 July 1972) is a Dutch jazz trombonist , composer , arranger and educator who has played with many renowned artists.  He won the Thelonious Monk Award in 2003. ","","","The Netherlands","( 1972-07-05 ) 5 July 1972 (age 48), Leiden , The Netherlands","","","","","","","","","https://en.wikipedia.org/wiki/Ilja_Reijngoud","list of jazz trombonistss","https://en.wikipedia.org/wiki/List_of_jazz_trombonists"
"Nelson Riddle"," Nelson Smock Riddle Jr. (June 1, 1921 – October 6, 1985) was an American arranger , composer , bandleader and orchestrator whose career stretched from the late 1940s to the mid-1980s. He worked with many world-famous vocalists at Capitol Records , including Frank Sinatra , Ella Fitzgerald , Nat King Cole , Judy Garland , Dean Martin , Peggy Lee , Johnny Mathis , Rosemary Clooney and Keely Smith . He scored and arranged music for many films and television shows, earning an Academy Award and three Grammy Awards . He found commercial and critical success with a new generation in the 1980s, in a trio of Platinum albums with Linda Ronstadt .","Nelson Smock Riddle Jr.","","U.S.","( 1921-06-01 ) June 1, 1921, Oradell , New Jersey , U.S.","October 6, 1985 (1985-10-06) (aged 64), Los Angeles , California , U.S.","Traditional pop music , jazz , big band","Arranger , composer , bandleader, orchestrator","","1940s–1980s","Capitol , Liberty , Solid State , United Artists , Alshire , MPS , Capilano, Daybreak","Frank Sinatra , Ella Fitzgerald , Nat King Cole , Judy Garland , Dean Martin , Peggy Lee , Matt Monro , Johnny Mathis , Rosemary Clooney , Keely Smith , Linda Ronstadt","","https://en.wikipedia.org/wiki/Nelson_Riddle","list of jazz trombonistss","https://en.wikipedia.org/wiki/List_of_jazz_trombonists"
"George Roberts"," George Mortimer Roberts (known as \"Mr. Bass Trombone\") (March 22, 1928 - September 28, 2014)  was an American trombonist. ","","","","","","","","","","","","","https://en.wikipedia.org/wiki/George_Roberts_(trombonist)","list of jazz trombonistss","https://en.wikipedia.org/wiki/List_of_jazz_trombonists"
"Jim Robinson"," Jim Robinson , also known as Big Jim Robinson (December 25, 1892 – May 4, 1976) was an American jazz musician, based in New Orleans , renowned for his deep, wide-toned, robust \"tailgate\" style of trombone playing, using the slide to achieve a wide swoop between two notes (a technique that classical musicians call \"glissando\") and rhythmic effects.","","","","","","","","","","","","","https://en.wikipedia.org/wiki/Jim_Robinson_(trombonist)","list of jazz trombonistss","https://en.wikipedia.org/wiki/List_of_jazz_trombonists"
"Rico Rodriguez"," Emmanuel \" Rico \" Rodriguez MBE (17 October 1934 – 4 September 2015), also known as Rico , Reco or El Reco , was a Cuban-born Jamaican ska and reggae trombonist. He recorded with producers such as Karl Pitterson , Prince Buster , and Lloyd Daley . He was known as one of the first ska musicians. Beginning in the 1960s, he worked with The Members , The Specials , Jools Holland , and Paul Young .","Emmanuel Rodriguez","Reco, El Reco ","Kingston , Jamaica","( 1934-10-17 ) 17 October 1934, Havana , Cuba","4 September 2015 (2015-09-04) (aged 80), London , England","Ska , reggae ","Musician","Trombone","1958–2015","","The Specials , Jools Holland's Rhythm and Blues Orchestra","","https://en.wikipedia.org/wiki/Rico_Rodriguez_(musician)","list of jazz trombonistss","https://en.wikipedia.org/wiki/List_of_jazz_trombonists"
"Barry Rogers"," Barron W. \"Barry\" Rogers (May 22, 1935 – April 18, 1991) was an American jazz and salsa trombonist.","Barron W. Rogers","","New York","( 1935-05-22 ) May 22, 1935, The Bronx, New York","April 18, 1991 (1991-04-18) (aged 55), Washington Heights, Manhattan","Jazz , pop , salsa","Musician","Trombone","","","Average White Band , Dreams , Fania All-Stars , Machito , Eddie Palmieri , White Elephant Orchestra","","https://en.wikipedia.org/wiki/Barry_Rogers","list of jazz trombonistss","https://en.wikipedia.org/wiki/List_of_jazz_trombonists"
"Dennis Rollins"," Dennis Rollins (born 1964) is an English jazz trombonist , the founder and bandleader of BadBone and Co.","Dennis George Rollins","","Doncaster , England","1964","","Jazz , pop , jazz-funk","Musician , bandleader , record producer","Trombone","c. 1984 - present","Motéma Music","BadBone and Co, Boneyard, Gorillaz, Spacemonkeyz","","https://en.wikipedia.org/wiki/Dennis_Rollins","list of jazz trombonistss","https://en.wikipedia.org/wiki/List_of_jazz_trombonists"
"Gabriel Rosati"," Gabriel Rosati (born August 4, 1966 in Modena , Italy ) is an Italian-born musician.","","","","","","","","","","","","","https://en.wikipedia.org/wiki/Gabriel_Rosati","list of jazz trombonistss","https://en.wikipedia.org/wiki/List_of_jazz_trombonists"
"Frank Rosolino","[(1926–1978)] Frank Rosolino (August 20, 1926 – November 26, 1978) was an American jazz trombonist . ","","","U.S.","( 1926-08-20 ) August 20, 1926, Detroit, Michigan , U.S.","November 26, 1978 (1978-11-26) (aged 52), Van Nuys , California","Jazz","Musician","Trombone","1945 - 1978","","Gene Krupa , Stan Kenton , Carl Fontana , Curtis Fuller , J.J. Johnson","","https://en.wikipedia.org/wiki/Frank_Rosolino","list of jazz trombonistss","https://en.wikipedia.org/wiki/List_of_jazz_trombonists"
"Gregory Charles Royal","[(born 1961)] Gregory Charles Royal , also known as Chuck Royal , is an American musician, trombonist, composer, writer, co-founder of The BeBop Channel .   founder of the New York Jazz Film Festival, a judge on America's Hot Musician .   and the artistic director of the American Youth Symphony (AYS) in Washington, D.C. ","","","","","","","","","","","","","https://en.wikipedia.org/wiki/Gregory_Charles_Royal","list of jazz trombonistss","https://en.wikipedia.org/wiki/List_of_jazz_trombonists"
"Roswell Rudd","[(2017)] Roswell Hopkins Rudd Jr. (November 17, 1935 – December 21, 2017) was an American jazz trombonist and composer.","Roswell Hopkins Rudd Jr.","","U.S.","( 1935-11-17 ) 17 November 1935, Sharon, Connecticut , U.S.","21 December 2017 (2017-12-21) (aged 82), Kerhonkson, New York , U.S.","Avant-garde jazz , free jazz","Musician, composer, educator","Trombone","1957–2017","Columbia , Sunnyside , Universal , DIW , Verve","Eli's Chosen Six , New York Art Quartet , Archie Shepp , Thelonious Monk","","https://en.wikipedia.org/wiki/Roswell_Rudd","list of jazz trombonistss","https://en.wikipedia.org/wiki/List_of_jazz_trombonists"
"Tony Russell","[(1929–1970)] Keith Anthony Ceasar Russell (24 May 1929 – 20 July 1970), known as Tony Russell , was an English jazz musician and composer, pianist and trombonist. Notably, he worked extensively with Johnny Dankworth and created the score for The Matchgirls , together with writing theme tunes and background music for TV series such as On the Buses and the children's programme The Herbs . At the end of his life he turned from the jazz idiom to write a setting of a Mass.","","","England","Keith Anthony Ceasar Russell, ( 1929-05-24 ) 24 May 1929, London , England","20 July 1970 (1970-07-20) (aged 41), London","","","","","","","","https://en.wikipedia.org/wiki/Tony_Russell_(musician)","list of jazz trombonistss","https://en.wikipedia.org/wiki/List_of_jazz_trombonists"
"Sonny Russo","[(1929–2013)] Santo J. \"Sonny\" Russo (March 20, 1929 – February 23, 2013) was an American jazz trombonist.","","","","","","","","","","","","","https://en.wikipedia.org/wiki/Sonny_Russo","list of jazz trombonistss","https://en.wikipedia.org/wiki/List_of_jazz_trombonists"
"Slide Hampton","[(born 1932)] Locksley Wellington \" Slide \" Hampton (born April 21, 1932) is an American jazz trombonist , composer and arranger. Described by critics as a master composer, arranger and uniquely gifted trombone player, Hampton's career is among the most distinguished in jazz.  As his nickname implies, Hampton's main instrument is slide trombone , but he also occasionally plays tuba and flugelhorn .","Locksley Wellington Hampton","","U.S.","( 1932-04-21 ) April 21, 1932 (age 89), Jeannette , Pennsylvania, U.S.","","Jazz","Musician","Trombone, tuba, flugelhorn","1950s–present","MCG Jazz , Atlantic , Epic","","","https://en.wikipedia.org/wiki/Slide_Hampton","list of jazz trombonistss","https://en.wikipedia.org/wiki/List_of_jazz_trombonists"
"Louis Satterfield"," Louis Edward Satterfield (April 3, 1937 – September 27, 2004) was an American bassist and trombonist . Satterfield was a member of both The Pharaohs and the Phenix Horns . He also collaborated with prominent artists such as Earth, Wind & Fire , Muddy Waters , Phil Collins , B.B King , The Emotions , Ramsey Lewis , The Whispers , and The Gap Band .   ","Louis Edward Satterfield","","United States","( 1937-04-03 ) April 3, 1937, Shaw, Mississippi , United States","September 27, 2004 (2004-09-27) (aged 67), Chicago, Illinois , United States","Blues , soul, jazz , pop, rock, R&B , funk","Musician","bass, trombone , vocals","1971-2004","","The Pharaohs , Earth, Wind & Fire , Phenix Horns","","https://en.wikipedia.org/wiki/Louis_Satterfield","list of jazz trombonistss","https://en.wikipedia.org/wiki/List_of_jazz_trombonists"
"Even Kruse Skatrud","[(1977)] Even Kruse Skatrud (born 18 August 1977)  lecturer at the University of Oslo ,  a Norwegian Jazz musician, composer, Music arranger and Orchestra leader. He is the son of musician Harry Andersen and Marit Skatrud Andersen, married to singer-artist Anine Kruse Skatrud and son-in-law of the major Norwegian Contemporary composer Bjørn Kruse (b. 1946).","Even Skatrud Andersen","","Norway","( 1977-08-18 ) 18 August 1977 (age 43), Lørenskog , Akershus , Norway","","Jazz","Musician, music arranger, composer","Trombone","","","Eveneven Big Band, Funky Butt","","https://en.wikipedia.org/wiki/Even_Kruse_Skatrud","list of jazz trombonistss","https://en.wikipedia.org/wiki/List_of_jazz_trombonists"
"Tom and Matt Smith"," Tom Smith (along with son Matt Smith) are father and son jazz musicians best known for their work in the United States, Eastern Europe and China.","","","","","","","","","","","","","https://en.wikipedia.org/wiki/Tom_and_Matt_Smith","list of jazz trombonistss","https://en.wikipedia.org/wiki/List_of_jazz_trombonists"
"Steve Swell"," Steve Swell (born in Newark, New Jersey , December 6, 1954) is an American free jazz trombonist, composer, and educator.","","","U.S.","( 1954-12-06 ) December 6, 1954 (age 66), Newark, New Jersey , U.S.","","Jazz , free jazz","Musician","Trombone","1975–present","","","","https://en.wikipedia.org/wiki/Steve_Swell","list of jazz trombonistss","https://en.wikipedia.org/wiki/List_of_jazz_trombonists"
"Jack Teagarden","[(1905–1964)] Weldon Leo \" Jack \" Teagarden (August 20, 1905 – January 15, 1964) was an American jazz trombonist and singer.  According to critic Scott Yannow of Allmusic , Teagarden was the preeminent American jazz trombone player before the bebop era of the 1940s and \"one of the best jazz singers too\".  Teagarden's early career was as a sideman with the likes of Paul Whiteman and lifelong friend Louis Armstrong .","Weldon Leo Teagarden","","U.S.","( 1905-08-20 ) August 20, 1905, Vernon, Texas , U.S.","January 15, 1964 (1964-01-15) (aged 58), New Orleans , Louisiana","Jazz , dixieland , swing , big band","Musician","Trombone, vocals","1920–1964","","Peck Kelley , Louis Armstrong , Earl Hines , Benny Goodman , Bobby Hackett , Bix Beiderbecke , Glenn Miller , Paul Whiteman","","https://en.wikipedia.org/wiki/Jack_Teagarden","list of jazz trombonistss","https://en.wikipedia.org/wiki/List_of_jazz_trombonists"
"Aage Teigen","[(1944–2014)] Aage Teigen (17 July 1944 – 15 January 2014) was a Norwegian jazz musician ( trombone ) and economist born and raised in Oslo. He was from a number of orchestras and active on the Oslo jazz scene. He initiated the Oslo Jazzfestival and led the festival between 1986 and 2007. He has played in Per Borthen's Swing Dept. and Christiania Jazzband, as well as Christiania 12. Teigen received the Oslo City Culture Award in 2002 for his efforts for the Oslo Jazzfestival. Han mottok Oslo Jazzfestivals pris Ella prize in 2011. ","","","Norway","( 1944-07-17 ) 17 July 1944, Nore og Uvdal , Buskerud","15 January 2014 (2014-01-15) (aged 69), Oslo","Jazz","Musician, economist","Trombone","","","Oslo Jazzfestival","","https://en.wikipedia.org/wiki/Aage_Teigen","list of jazz trombonistss","https://en.wikipedia.org/wiki/List_of_jazz_trombonists"
"Eje Thelin","[(1938–1990)] Eje Thelin (born Eilert Ove Thelin ) (June 9, 1938 – May 18, 1990) was an innovative Swedish trombonist , widely admired among fellow trombonists for his facile technique and rhythmic intensity. He was, perhaps, the first jazz trombonist to translate that technique into the so-called \"sheets of sound\" style that characterized much of the music of tenor saxophonist John Coltrane and, in general, Free Jazz of the late 1960s and 1970s.","","","","","","","","","","","","","https://en.wikipedia.org/wiki/Eje_Thelin","list of jazz trombonistss","https://en.wikipedia.org/wiki/List_of_jazz_trombonists"
"Steve Turre"," Stephen Johnson Turre (born 12 September 1948 Omaha, Nebraska ) is an American jazz trombonist and a pioneer of using seashells as instruments, a composer, arranger, and educator at the collegiate-conservatory level. For fifty-seven years, Turre has been active in jazz , rock, and Latin jazz – in live venues, recording studios, television, and cinema production .  ","Stephen Johnson Turre","","U.S.","( 1948-09-12 ) September 12, 1948 (age 72), Omaha, Nebraska , U.S.","","Jazz","Musician, arranger, educator","Trombone, conch shells","1970–present","Verve , Telarc , HighNote , Smoke Sessions","Sanctified Shells, Rahsaan Roland Kirk , Carlos Santana , Ray Charles","","https://en.wikipedia.org/wiki/Steve_Turre","list of jazz trombonistss","https://en.wikipedia.org/wiki/List_of_jazz_trombonists"
"U–Z","","","","","","","","","","","","","","","list of jazz trombonistss","https://en.wikipedia.org/wiki/List_of_jazz_trombonists"
"Gary Valente"," Gary Valente (born June 26, 1953) is a jazz trombonist.","","","","","","","","","","","","","https://en.wikipedia.org/wiki/Gary_Valente","list of jazz trombonistss","https://en.wikipedia.org/wiki/List_of_jazz_trombonists"
"Jonathan Voltzok"," Jonathan Voltzok","","","","","","","","","","","","","https://en.wikipedia.org/wiki/Jonathan_Voltzok","list of jazz trombonistss","https://en.wikipedia.org/wiki/List_of_jazz_trombonists"
"Bill Watrous","[(1939–2018)] William Russell Watrous III (June 8, 1939 – July 2, 2018) was an American jazz trombonist. He is perhaps best known by casual fans of jazz music for his rendition of Sammy Nestico 's arrangement of the Johnny Mandel ballad \"A Time for Love\" which he recorded on a 1993 album of the same name. A self-described \"bop-oriented\" player, he was well known among fellow trombonists as a master technician and for his mellifluous sound.","William Russell Watrous III","","U.S.","( 1939-06-08 ) June 8, 1939, Middletown, Connecticut , U.S.","July 2, 2018 (2018-07-02) (aged 79), Los Angeles, California","Jazz","Musician","Trombone","","","Ten Wheel Drive, Manhattan Wildlife Refuge","","https://en.wikipedia.org/wiki/Bill_Watrous","list of jazz trombonistss","https://en.wikipedia.org/wiki/List_of_jazz_trombonists"
"Harry Watters"," Harry Watters (born in Huntsville , Alabama , U.S. ) is a noted jazz trombonist . He has performed across the United States with many jazz artists including Al Hirt , Pete Fountain , Shirley Jones , and many others. He has performed as a featured trombone soloist with the United States Army Orchestra , the West Virginia Symphony Orchestra , and the Syracuse Symphony, among others. He also appears annually at the Eastern Trombone Workshop .","","","Huntsville , Alabama , U.S.","","","Jazz","musician , band leader","trombone","","Summit Records","","","https://en.wikipedia.org/wiki/Harry_Watters","list of jazz trombonistss","https://en.wikipedia.org/wiki/List_of_jazz_trombonists"
"Dicky Wells","[(1907–1985)] William Wells (June 10, 1907 – November 12, 1985), known professionally as Dicky Wells (sometimes Dickie Wells ), was an American jazz trombonist.  ","William Wells","","U.S.","( 1907-06-10 ) June 10, 1907, Centerville, Tennessee , U.S.","November 12, 1985 (1985-11-12) (aged 78), New York City","Jazz","Musician","Trombone","","","Count Basie","","https://en.wikipedia.org/wiki/Dicky_Wells","list of jazz trombonistss","https://en.wikipedia.org/wiki/List_of_jazz_trombonists"
"Fred Wesley","[(born 1943)] Fred Wesley (born July 4, 1943)  is an American trombonist who worked with James Brown in the 1960s and 1970s and Parliament-Funkadelic in the second half of the 1970s.","","","Georgia","( 1943-07-04 ) July 4, 1943 (age 77), Columbus, Georgia","","Funk, R&B","Musician","Trombone","1960s–present","","James Brown , The J.B.'s , Parliament-Funkadelic , Soulive","","https://en.wikipedia.org/wiki/Fred_Wesley","list of jazz trombonistss","https://en.wikipedia.org/wiki/List_of_jazz_trombonists"
"Ron Westray"," Ronald Kenneth Westray, Jr. (born June 13, 1970 in Columbia , South Carolina) is an American jazz trombonist, composer, and educator. He holds a B.A. from South Carolina State University and a Master of Arts degree from Eastern Illinois University . He has played with Marcus Roberts , the Lincoln Center Jazz Orchestra (since its inception in 1993), and has been a regular member of the Mingus Big Band .  In 2005 he joined the faculty of the University of Texas at Austin . In 2009 he was appointed to the Oscar Peterson Chair in jazz performance at York University . He is widely regarded as one of the greatest university music professors of all time. ","Ronald Kenneth Westray, Jr.","","U.S.","( 1970-06-13 ) 13 June 1970 (age 51), Columbia , South Carolina, U.S.","","Jazz","Musician, composer, educator","Trombone","","Blue Canoe, New Jazz Renaissance, Atlantic","Mingus Big Band","","https://en.wikipedia.org/wiki/Ron_Westray","list of jazz trombonistss","https://en.wikipedia.org/wiki/List_of_jazz_trombonists"
"Jiggs Whigham"," Jiggs Whigham (born Oliver Haydn Whigham III ; 20 August 1943) is an American jazz trombonist.","Oliver Haydn Whigham III","","U.S.","( 1943-08-20 ) August 20, 1943 (age 77), Cleveland, Ohio, U.S.","","Jazz","Musician","Trombone","1960–present","","Stan Kenton , Ray McKinley , Phil Woods , Bud Shank , HR Big Band , Berlin Jazz Orchestra , Marc Secara , Bill Holman","","https://en.wikipedia.org/wiki/Jiggs_Whigham","list of jazz trombonistss","https://en.wikipedia.org/wiki/List_of_jazz_trombonists"
"Annie Whitehead"," Annie Whitehead (born 16 July 1955 in Oldham , Lancashire  ) is an English jazz trombone player.","Lena Annie Whitehead","","England","( 1955-07-16 ) 16 July 1955 (age 65), Oldham , Lancashire , England","","Jazz , big band , ska , pop","Musician","Trombone","1971–present","","Penguin Cafe Orchestra","","https://en.wikipedia.org/wiki/Annie_Whitehead","list of jazz trombonistss","https://en.wikipedia.org/wiki/List_of_jazz_trombonists"
"Spiegle Willcox","[(1903–1999)] Newell \"Spiegle\" Willcox (May 2, 1903 in Sherburne, New York – August 25, 1999 in Cortland, New York ) was a jazz trombonist . He was born Newell Lynn Willcox in upstate New York, and learned valve trombone as a youngster under the tuition of his father, Lynn Willcox, an amateur musician and bandleader. He acquired the familiar nickname Spiegle as a student at the Manlius Military Academy (he claimed he could not remember its specific origin), where he played in the school brass band.","","","","","","","","","","","","","https://en.wikipedia.org/wiki/Spiegle_Willcox","list of jazz trombonistss","https://en.wikipedia.org/wiki/List_of_jazz_trombonists"
"Phil Wilson"," Phillips Elder Wilson, Jr. (born January 19, 1937) is a jazz trombonist, arranger, and teacher. He has taught at the Berklee College of Music and the New England Conservatory of Music . He attended Phillips Exeter Academy and New England Conservatory . ","Phillips Elder Wilson Jr.","","U.S.","( 1937-01-19 ) January 19, 1937 (age 84), Belmont , Massachusetts, U.S.","","Jazz","Musician, composer, educator","Trombone","1950–present","","Woody Herman , Herb Pomeroy , Buddy Rich , Dorsey Brothers","","https://en.wikipedia.org/wiki/Phil_Wilson_(musician)","list of jazz trombonistss","https://en.wikipedia.org/wiki/List_of_jazz_trombonists"
"Wolter Wierbos"," Wolter Wierbos (born 1 September 1957, in Holten , Overijssel ) is a Dutch jazz trombonist .","","","","","","","","","","","","","https://en.wikipedia.org/wiki/Wolter_Wierbos","list of jazz trombonistss","https://en.wikipedia.org/wiki/List_of_jazz_trombonists"
"Steve Wiest"," Steve Wiest (né John Stephen Wiest ; born 1957) is an American trombonist , composer, arranger, big band director, music educator at the collegiate level, jazz clinician, author, and illustrator/cartoonist. From 1981 to 1985, he was a featured trombonist and arranger with the Maynard Ferguson Band .  Wiest is in his seventh year as Associate Professor of Jazz Studies and Commercial Music at the University of Denver Lamont School of Music . He is the Coordinator of the 21st Century Music Initiative at the school. Wiest has been a professor for thirty-two of the forty-one years that he has been a professional trombonist, composer, and arranger. From 2007 to 2014, Wiest was Associate Professor of Music in Jazz Studies at the University of North Texas College of Music and, from March 2009 to August 2014, he was director of the One O'Clock Lab Band and coordinator of the Lab Band program. At North Texas, Wiest also taught conducting, trombone, and oversaw The U-Tubes — the College of Music's jazz trombone band. Wiest is a three-time Grammy nominee — individually in 2008 for Best instrumental Arrangement   and in 2010 for Best Instrumental Composition ,  and collaboratively in 2010 for Best Large Jazz Ensemble Album ,   which he directed.  As of 2013, Wiest has in excess of 58 arrangements and compositions to his credit, which include 10 original compositions from his current project ( see 2013–2014 project , below ).","John Stephen Wiest","","","Cleveland","","Jazz","Musician, composer, cartoonist, music educator, author","Trombone","","Arabesque, ArtistShare","Maynard Ferguson, University of Denver Lamont School of Music","","https://en.wikipedia.org/wiki/Steve_Wiest","list of jazz trombonistss","https://en.wikipedia.org/wiki/List_of_jazz_trombonists"
"Vaughn Wiester"," Vaughn Wiester (born July 11, 1945) is an American jazz musician and educator. He has led his own big band, the Famous Jazz Orchestra. ","","","","","","","","","","","","","https://en.wikipedia.org/wiki/Vaughn_Wiester","list of jazz trombonistss","https://en.wikipedia.org/wiki/List_of_jazz_trombonists"
"Kai Winding","[(1922–1983)] Kai Chresten Winding ( / ˈ k aɪ ˈ w ɪ n d ɪ ŋ / ;  May 18, 1922 – May 6, 1983) was a Danish-born American trombonist and jazz composer. He is known for his collaborations with trombonist J. J. Johnson .","Kai Chresten Winding","","Denmark","( 1922-05-18 ) May 18, 1922, Aarhus , Denmark","May 6, 1983 (1983-05-06) (aged 60), New York City , New York , U.S.","Jazz","Musician, composer","Trombone","1940–1983","","J. J. Johnson , Paul Chambers , Benny Goodman","","https://en.wikipedia.org/wiki/Kai_Winding","list of jazz trombonistss","https://en.wikipedia.org/wiki/List_of_jazz_trombonists"
"Nils Wogram"," Nils Wogram (born November 7, 1972) is a jazz trombonist, composer and bandleader. He began classical study at the age of fifteen. He was a member in the National German Youth Big Band, participated in classical competitions and formed his own bands at the age of 16. In 1992 he received a scholarship for the New School of New York City and stayed until 1994. During this time he released his debut album \"New York Conversations\" (1994) with his own Nils Wogram Quintett. Since then he has released more than 20 albums as a bandleader. In 1999 he graduated from Cologne University. In 2010 he started his own record label nwog-records. Nils Wogram's bands play exclusively his own music, and other ensembles commission pieces by him. He currently lives in Zürich and teaches at the conservatory in Lucerne in Switzerland .","","","Germany","( 1972-11-07 ) November 7, 1972 (age 48), Braunschweig , Germany","","Jazz","Musician","Trombone","","","","","https://en.wikipedia.org/wiki/Nils_Wogram","list of jazz trombonistss","https://en.wikipedia.org/wiki/List_of_jazz_trombonists"
"Britt Woodman"," Britt Woodman (June 4, 1920 – October 13, 2000) was an American jazz trombonist. ","","","California","( 1920-06-04 ) June 4, 1920, Los Angeles, California","October 13, 2000 (2000-10-13) (aged 80), Hawthorne, California","Jazz","Musician","Trombone","1940s–1990s","","Duke Ellington , Charles Mingus","","https://en.wikipedia.org/wiki/Britt_Woodman","list of jazz trombonistss","https://en.wikipedia.org/wiki/List_of_jazz_trombonists"
"Trummy Young"," James \"Trummy\" Young (January 12, 1912 – September 10, 1984) was an American trombonist in the swing era . He established himself as a star during his 12 years playing opposite Louis Armstrong in Armstrong's All Stars. He had one hit with his version of \" Margie \", which he played and sang with Jimmie Lunceford 's orchestra in 1937.  During his years with Armstrong, Young changed his trombone style to fit Armstrong's approach to jazz.","James Osborne Young","","U.S.","( 1912-01-12 ) January 12, 1912, Savannah, Georgia , U.S.","September 10, 1984 (1984-09-10) (aged 72), San Jose, California","Jazz","Musician","Trombone","1928–1964","","","","https://en.wikipedia.org/wiki/Trummy_Young","list of jazz trombonistss","https://en.wikipedia.org/wiki/List_of_jazz_trombonists"
"Jerry Zigmont","[(born 1956)] Jerry Zigmont (born Gerald George Zigmont on February 24, 1958) is a New Orleans-style jazz trombonist . While growing up in Connecticut, Jerry began his musical studies at the age of 12. He performed in a variety of marching bands, drum corps, jazz bands, brass quintets, classical orchestras, and later earned degrees in Performance and Music Education at the University Of Connecticut .","Gerald George Zigmont","","U.S.","( 1958-02-24 ) February 24, 1958 (age 63), Bridgeport, Connecticut , U.S.","","jazz","trombonist","Trombone","1980– present","Sony","Woody Allen & His New Orleans Jazz Band","","https://en.wikipedia.org/wiki/Jerry_Zigmont","list of jazz trombonistss","https://en.wikipedia.org/wiki/List_of_jazz_trombonists"
