﻿"タイトル","コメント","出生名","別名","出身地","生誕","死没","ジャンル","職業","担当楽器","活動期間","レーベル","共同作業者","メンバー","URL","親リストタイトル","親リストURL"
"Alphabetically_by_last_name","","","","","","","","","","","","","","","List of jazz violinists","https://en.wikipedia.org/wiki/List_of_jazz_violinists"
"A","","","","","","","","","","","","","","","List of jazz violinists","https://en.wikipedia.org/wiki/List_of_jazz_violinists"
"Jason Anick","[(born 1985)] Jason Anick (born October 3, 1985, Framingham , Massachusetts) is an American jazz violinist , mandolin player and composer. He currently resides in Boston, Massachusetts , and teaches at the Berklee College of Music .","","","Massachusetts United States","( 1985-10-03 ) October 3, 1985 (age 35), Framingham , Massachusetts United States","","Jazz , World music","Musician, composer, educator","Violin, mandolin","","","","","https://en.wikipedia.org/wiki/Jason_Anick","List of jazz violinists","https://en.wikipedia.org/wiki/List_of_jazz_violinists"
"Svend Asmussen","[(1916–2017)] Svend Asmussen (28 February 1916 – 7 February 2017) was a Danish jazz violinist, known as \"The Fiddling Viking\".  A Swing style virtuoso, he played and recorded with many of the other jazz musicians, including Duke Ellington , Benny Goodman and Stephane Grappelli . He played publicly until 2010 when he had a blood clot, his career having spanned eight decades.","Svend Harald Christian Asmussen","","Denmark","( 1916-02-28 ) 28 February 1916, Copenhagen , Denmark","7 February 2017 (2017-02-07) (aged 100), Dronningmølle , Denmark","Jazz","Violinist","","1923–2010","","","","https://en.wikipedia.org/wiki/Svend_Asmussen","List of jazz violinists","https://en.wikipedia.org/wiki/List_of_jazz_violinists"
"B","","","","","","","","","","","","","","","List of jazz violinists","https://en.wikipedia.org/wiki/List_of_jazz_violinists"
"Elek Bacsik","[(1926–1993)] Elek Bacsik (22 May 1926 – 14 February 1993) was a Hungarian-American jazz guitarist and violinist. He was the cousin of guitarist Django Reinhardt . ","","","Hungary","( 1926-05-22 ) May 22, 1926, Budapest , Hungary","( 1993-02-14 ) February 14, 1993, Chicago, Illinois, U.S.","Jazz","Musician","Guitar, violin","1960s–1970s","Fontana","","","https://en.wikipedia.org/wiki/Elek_Bacsik","List of jazz violinists","https://en.wikipedia.org/wiki/List_of_jazz_violinists"
"Adam Bałdych","[(born 1986)] Adam Bałdych (born 18 May 1986 in Gorzów Wielkopolski , Poland ) is a Polish violinist, composer, music producer. Baldych is ACT MUSIC (Germany) recording artist. He is known from a series of record releases and collaborations with musicians like Marius Neset , Morten Lund & Lars Danielsson . ","","","Poland","( 1986-05-18 ) 18 May 1986 (age 35), Gorzów Wielkopolski","","Jazz","Musician, composer","","1999–present","ATC","\"The Baltic Gang»","","https://en.wikipedia.org/wiki/Adam_Bałdych","List of jazz violinists","https://en.wikipedia.org/wiki/List_of_jazz_violinists"
"Billy Bang","[(1947–2011)] Billy Bang (September 20, 1947 – April 11, 2011), born William Vincent Walker , was an American free jazz violinist and composer.","William Vincent Walker","","U.S.","( 1947-09-20 ) September 20, 1947, Mobile, Alabama , U.S.","April 11, 2011 (2011-04-11) (aged 63), Harlem, New York ,","Jazz , free jazz","Musician, composer","Violin","1972–2011","Soul Note , Justin Time , CIMP , Hat hut , TUM","","","https://en.wikipedia.org/wiki/Billy_Bang","List of jazz violinists","https://en.wikipedia.org/wiki/List_of_jazz_violinists"
"Èlia Bastida","[(born 1995)]","","","","","","","","","","","","","https://en.wikipedia.org/w/index.php?title=Èlia_Bastida&amp;action=edit&amp;redlink=1","List of jazz violinists","https://en.wikipedia.org/wiki/List_of_jazz_violinists"
"John Blake Jr","[(1947–2014)] John Edward Blake Jr. (July 3, 1947 – August 15, 2014) was an American jazz violinist from South Philadelphia . He performed most prominently as a sideman in groups led by Grover Washington Jr. (in the late 1970s) and McCoy Tyner (in the early 1980s), as well as led his own groups.  He died on August 15, 2014 from complications of multiple myeloma . ","","","Pennsylvania","( 1947-07-03 ) July 3, 1947, South Philadelphia , Pennsylvania","August 15, 2014 (2014-08-15) (aged 67), Philadelphia, Pennsylvania","Jazz","Violinist","Violin","","","Grover Washington Jr. , McCoy Tyner","","https://en.wikipedia.org/wiki/John_Blake_Jr.","List of jazz violinists","https://en.wikipedia.org/wiki/List_of_jazz_violinists"
"Polly Bradfield","[(born 1970)] Polly Bradfield is an American violinist from the New York City free improvisation scene of the late 1970s and early 1980s. Her closest musical associates were Eugene Chadbourne and John Zorn . She also played on records by William Parker and Frank Lowe . Her music career ended when she moved to California sometime in the 1980s. Her last appearance on record was on Zorn's The Big Gundown in 1986.","","","","","","Free improvisation","","Violin","1977–1986","Parachute","","","https://en.wikipedia.org/wiki/Polly_Bradfield","List of jazz violinists","https://en.wikipedia.org/wiki/List_of_jazz_violinists"
"Zach Brock","[(born 1974)] Zach Brock (born August 2, 1974) is an American jazz violinist and composer. He was a member of Snarky Puppy from 2007 to 2011 and in 2016. He worked with Stanley Clarke , Phil Markowitz , and Dave Liebman , as well as leading his own groups. ","","","U.S.","August 2, 1974, Lexington, Kentucky , U.S.","","Jazz","Musician, composer","Violin","","Secret Fort, Criss Cross , Ropeadope , GroundUp , Dot Time, Universal","Snarky Puppy , Stanley Clarke , Phil Markowitz , Dave Liebman , Wycliffe Gordon , Alexis Cole","","https://en.wikipedia.org/wiki/Zach_Brock","List of jazz violinists","https://en.wikipedia.org/wiki/List_of_jazz_violinists"
"Benedikt Brydern","[(born 1966)] Benedikt Brydern started as a musical protege on the violin giving his first public concerts at the age of 10. He lives in Los Angeles now and composes for film and the concert hall. He has won numerous awards and competitions. He studied with film composers David Raksin , Bruce Broughton , Christopher Young and Elmer Bernstein at the University of California Thornton School of Music in Los Angeles.Immediately after graduation he composed music for Jon Voight 's Showtime film The Tin Soldier.    ","","","Germany","Benedikt Brydern, ( 1966-01-30 ) 30 January 1966 (age 55), Karlsruhe , Germany","","","","","","","","","https://en.wikipedia.org/wiki/Benedikt_Brydern","List of jazz violinists","https://en.wikipedia.org/wiki/List_of_jazz_violinists"
"Charles Burnham","[(born 1950)] Charles Burnham (born 1950; also known as Charlie Burnham ) is an American violinist and composer. He has a unique highly imaginative style  that crosses genres, including bluegrass , delta punk,  free jazz , blues , classical and chamber jazz .  He often performs with a wah-wah pedal . He initially became renowned for his work on James \"Blood\" Ulmer 's Odyssey album. The musicians on that album later performed and recorded as Odyssey the Band , sometimes known as The Odyssey Band. He was also a member of the String Trio of New York , and currently plays in the 52nd Street Blues Project, Hidden City, We Free StRings, Improvising Chamber Ensemble  and the Kropotkins .","","Charlie Burnham","","1950","","jazz, pop","musician","violin, mandolin","1983–present","","Odyssey the Band, James \"Blood\" Ulmer, String Trio of New York, the Kropotkins, Hidden City, Living Colour","","https://en.wikipedia.org/wiki/Charles_Burnham_(musician)","List of jazz violinists","https://en.wikipedia.org/wiki/List_of_jazz_violinists"
"C","","","","","","","","","","","","","","","List of jazz violinists","https://en.wikipedia.org/wiki/List_of_jazz_violinists"
"Yilian Cañizares"," Yilian Cañizares is a Cuban -Swiss musician who has described as one of the most incredible talents of the new generation of Cuban musicians. ","","Yilian Cañizares","Havana , Cuba ,","","","jazz, World music , Music of Cuba","musician/composer","violin","2009—present","Planeta Y","","","https://en.wikipedia.org/wiki/Yilian_Cañizares","List of jazz violinists","https://en.wikipedia.org/wiki/List_of_jazz_violinists"
"Regina Carter","[(born 1966)] Regina Carter ( Detroit , August 6, 1966) is an American jazz violinist. She is the cousin of jazz saxophonist James Carter .","","","United States","( 1966-08-06 ) August 6, 1966 (age 54), Detroit, Michigan , United States","","Jazz , classical","Musician","Violin","1987-","Atlantic , Verve","","","https://en.wikipedia.org/wiki/Regina_Carter","List of jazz violinists","https://en.wikipedia.org/wiki/List_of_jazz_violinists"
"Sara Caswell","[(born 1978)] Sara Caswell is an American violinist who has worked with 9 Horses , Esperanza Spalding ,  and David Krakauer .","","","U.S.","( 1978-02-21 ) February 21, 1978, Bloomington , Indiana, U.S.","","Jazz , classical , experimental","Musician","Violin, Hardanger fiddle","","Sunnyside , Arbors","9 Horses , Joseph Brent , Esperanza Spalding , David Krakauer , Roseanna Vitro , Rose & the Nightingale","","https://en.wikipedia.org/wiki/Sara_Caswell","List of jazz violinists","https://en.wikipedia.org/wiki/List_of_jazz_violinists"
"Graham Clark","[(born 1959)] Graham Leslie Lionel Clark (born 16 December 1959) is an English jazz violinist based in Buxton , Derbyshire .","Graham Leslie Lionel Clark","","","( 1959-12-16 ) 16 December 1959 (age 61)","","Jazz","Instrumentalist","Violin , electric guitar","","","Daevid Allen","","https://en.wikipedia.org/wiki/Graham_Clark_(violinist)","List of jazz violinists","https://en.wikipedia.org/wiki/List_of_jazz_violinists"
"Vassar Clements","[(1928–2005)] Vassar Carlton Clements (April 25, 1928 – August 16, 2005) was a Grammy Award -winning American jazz, swing , and bluegrass fiddler . Clements has been dubbed the Father of Hillbilly Jazz, an improvisational style that blends and borrows from swing, hot jazz, and bluegrass along with roots also in country and other musical traditions. ","Vassar Carlton Clements","","Kinard, Florida","( 1928-04-25 ) April 25, 1928","August 16, 2005 (2005-08-16) (aged 77)","Bluegrass , country","Musician","Fiddle , viola , cello, double bass, mandolin , tenor banjo , guitar","","","Bill Monroe and The Blue Grass Boys , Jim and Jesse , Earl Scruggs , John Hartford , Norman Blake , Nitty Gritty Dirt Band , Old & In the Way , Jerry Garcia , The Grateful Dead , many others","","https://en.wikipedia.org/wiki/Vassar_Clements","List of jazz violinists","https://en.wikipedia.org/wiki/List_of_jazz_violinists"
"Blanche Coleman","[(1910–2008)] Blanche Coleman (28 February 1910 – 22 April 2008) was a British musician, the bandleader of the renowned Blanche Coleman And Her All Girls Band, one of the first women's bands of the 1940s.","","","England","Blanche Schwartz, 28 February 1910, London, England","22 April 2008","","","","","","","","https://en.wikipedia.org/wiki/Blanche_Coleman","List of jazz violinists","https://en.wikipedia.org/wiki/List_of_jazz_violinists"
"Ornette Coleman","[(1930–2015)] Randolph Denard Ornette Coleman (March 9, 1930 – June 11, 2015)  was an American jazz saxophonist, violinist, trumpeter, and composer known as a principal founder of the free jazz genre, a term derived from his 1960 album Free Jazz: A Collective Improvisation . His pioneering performances often abandoned the chordal and harmony -based structure found in bebop , instead emphasizing a jarring and avant-garde approach to improvisation . ","Randolph Denard Ornette Coleman","","U.S.","( 1930-03-09 ) March 9, 1930, Fort Worth, Texas , U.S.","June 11, 2015 (2015-06-11) (aged 85), New York City","Avant-garde jazz , free jazz , free funk , jazz fusion","Musician, composer","Alto saxophone , tenor saxophone , violin, trumpet","1940s–2015","Atlantic , Blue Note , Verve","Don Cherry , Charlie Haden , Bobby Bradford , Scott LaFaro , Billy Higgins , Ed Blackwell , Dewey Redman , Denardo Coleman , Ronald Shannon Jackson , Jamaaladeen Tacuma","","https://en.wikipedia.org/wiki/Ornette_Coleman","List of jazz violinists","https://en.wikipedia.org/wiki/List_of_jazz_violinists"
"Ian Cooper","[(born 1970)] Ian Cooper (born 14 August 1970) is an Australian violinist. He was commissioned to compose and perform the \"Tin Symphony\" for the opening ceremony of the Games of the XXVII Olympiad  in Sydney. The event was televised worldwide with an estimated 2.85 billion viewers. He performs many musical styles including Classical , Gypsy ,  Jazz ,  Irish & Country music and has appeared with Tommy Emmanuel ,  James Morrison ,  Olivia Newton-John , Barry White , Simon Tedeschi ,  Deni Hines , and Silverchair .","Ian Cooper","","Mona Vale, Sydney, Australia","( 1970-08-14 ) 14 August 1970 (age 50)","","Jazz , Gypsy , Classical , Irish , Country","Musician","Violin , Viola , Electric Cello","1986 – present","","","","https://en.wikipedia.org/wiki/Ian_Cooper_(violinist)","List of jazz violinists","https://en.wikipedia.org/wiki/List_of_jazz_violinists"
"D","","","","","","","","","","","","","","","List of jazz violinists","https://en.wikipedia.org/wiki/List_of_jazz_violinists"
"Jerald Daemyon"," Jerald Daemyon is an American electric violinist born in Detroit , Michigan . Daemyon rose to fame in 1995 with his debut album, Thinking About You. ","","","","","","","","","","","","","https://en.wikipedia.org/wiki/Jerald_Daemyon","List of jazz violinists","https://en.wikipedia.org/wiki/List_of_jazz_violinists"
"Diane Delin"," Diane Delin is an American jazz violinist, recording artist, composer, producer and educator based in the Chicago area.","","","","Illinois","","Jazz","Musician, recording artist, composer, producer, educator","Violin","","Blujazz","","","https://en.wikipedia.org/wiki/Diane_Delin","List of jazz violinists","https://en.wikipedia.org/wiki/List_of_jazz_violinists"
"Eddie Drennon"," Eddie Drennon (born Edward Allen Drennen ,  1940)  is an American musician, songwriter, record producer, and arranger. His range of musical genres has included R&B , pop, disco , Latin music , salsa , jazz , funk , and charanga.  He is best known for his transatlantic hit single , \"Let's Do The Latin Hustle\", recorded in 1975 with his then backing group, B.B.S. Unlimited. The track was written, produced and arranged by Drennon.  Other works of that period, including \"Do What You Gotta Do\", have been sampled by more contemporary musicians such as Grandmaster Flash , The Avalanches , Biz Markie ,  and Shaggy .  ","Edward Allen Drennen","Eddie Dee ","United States","1940 (age 80–81), Newark, New Jersey , United States","","R&B , pop, disco , Latin music , salsa , jazz , funk , charanga","Musician, songwriter, record producer, arranger","Violin","1960s–present","","Bo Diddley, Mongo Santamaría, Ray Barretto, Ike & Tina Turner, Eddie Drennon and B.B.S. Unlimited, Orquesta Novel, Umoja String Quartet","","https://en.wikipedia.org/wiki/Eddie_Drennon","List of jazz violinists","https://en.wikipedia.org/wiki/List_of_jazz_violinists"
"F","","","","","","","","","","","","","","","List of jazz violinists","https://en.wikipedia.org/wiki/List_of_jazz_violinists"
"David Favis-Mortlock","[(born 1953)] David T. Favis-Mortlock is an English geomorphologist and musician .","","","","","","","","","","","","","https://en.wikipedia.org/wiki/David_Favis-Mortlock","List of jazz violinists","https://en.wikipedia.org/wiki/List_of_jazz_violinists"
"Mark Feldman","[(born 1955)] Mark Feldman (born 1955 in Chicago ) is an American jazz violinist.","","","U.S.","( 1955-07-17 ) July 17, 1955 (age 65), Chicago , Illinois , U.S.","","Jazz , avant-garde","Musician, composer","violin","","Tzadik , Enja , ECM","Sylvie Courvoisier","","https://en.wikipedia.org/wiki/Mark_Feldman","List of jazz violinists","https://en.wikipedia.org/wiki/List_of_jazz_violinists"
"Johnny Frigo","[(1916–2007)] Johnny Frigo (December 27, 1916 – July 4, 2007) was an American jazz violinist and bassist. He appeared in the 1940s as a violinist before working as a bassist. He returned to the violin in the 1980s and enjoyed a comeback, recording several albums as a leader.","John Virgil Frigo","","U.S.","( 1916-12-27 ) December 27, 1916, Chicago, Illinois, U.S.","July 4, 2007 (2007-07-04) (aged 90), Chicago, Illinois, U.S.","Jazz","Musician","Violin, double bass","","Arbors , Chesky","Jimmy Dorsey , Bucky Pizzarelli , Jessica Molaskey , Harold Fethe","","https://en.wikipedia.org/wiki/Johnny_Frigo","List of jazz violinists","https://en.wikipedia.org/wiki/List_of_jazz_violinists"
"G","","","","","","","","","","","","","","","List of jazz violinists","https://en.wikipedia.org/wiki/List_of_jazz_violinists"
"Jerry Goodman","[(born 1949)] Jerry Goodman (born March 16, 1949) is an American violinist who played electric violin with The Flock and the jazz fusion ensemble Mahavishnu Orchestra .","","","","","","","","","","","","","https://en.wikipedia.org/wiki/Jerry_Goodman","List of jazz violinists","https://en.wikipedia.org/wiki/List_of_jazz_violinists"
"Stéphane Grappelli","[(1908–1997)] Stéphane Grappelli ( French pronunciation: ​  ; 26 January 1908 – 1 December 1997), born Stefano Grappelli , was a French-Italian jazz violinist. He is best known as a founder for the Quintette du Hot Club de France with guitarist Django Reinhardt in 1934. It was one of the first all-string jazz bands. He has been called \"the grandfather of jazz violinists\" and continued playing concerts around the world well into his eighties. ","Stefano Grappelli","","France","( 1908-01-26 ) 26 January 1908, Paris, France","1 December 1997 (1997-12-01) (aged 89), Paris, France","Swing , continental jazz , gypsy jazz","Musician","Violin, piano, saxophone, accordion","","","Django Reinhardt , Quintette du Hot Club de France , Yehudi Menuhin , Oscar Peterson , David Grisman","","https://en.wikipedia.org/wiki/Stéphane_Grappelli","List of jazz violinists","https://en.wikipedia.org/wiki/List_of_jazz_violinists"
"Valentin Gregor","[(born 1963)] Valentin Gregor (born May 1963 in Bonn, West Germany ) is a jazz violinist , singer and composer .","","","","","","","","","","","","","https://en.wikipedia.org/wiki/Valentin_Gregor","List of jazz violinists","https://en.wikipedia.org/wiki/List_of_jazz_violinists"
"Henry Grimes","[(1935-2020)] Henry Grimes (November 3, 1935 – April 15, 2020) was an American jazz double bassist and violinist.","Henry Alonzo Grimes","","US","( 1935-11-03 ) November 3, 1935, Philadelphia , Pennsylvania , US","April 15, 2020 (2020-04-15) (aged 84), New York City , US","Jazz , avant-garde","Musician, composer","Double bass, violin","Mid-1950s–1969, 2003–2020","Atlantic, Ayler, Blue Note, Columbia, ESP-Disk, ILK Music, Impulse!, JazzNewYork Productions, Pi Recordings, Porter, Prestige, Riverside, Verve","","","https://en.wikipedia.org/wiki/Henry_Grimes","List of jazz violinists","https://en.wikipedia.org/wiki/List_of_jazz_violinists"
"H","","","","","","","","","","","","","","","List of jazz violinists","https://en.wikipedia.org/wiki/List_of_jazz_violinists"
"Edward W. Hardy","[(born 1992)] Edward W. Hardy (born January 12, 1992) is an American composer, music director, violinist and violist.    He is known as the composer, co-conceiver, music director, and violinist of the Off-Broadway show The Woodsman    and is the owner of The Black Violin .","Edward Wellington Hardy, I","","United States","( 1992-01-12 ) January 12, 1992 (age 29), New York, NY , United States","","Modern, Classical, Romantic, Latin, Pop, Jazz","Composer * Musical Director * Multi-instrumentalist * Producer * Playwright","Violin , Viola","2014–present","","","","https://en.wikipedia.org/wiki/Edward_W._Hardy","List of jazz violinists","https://en.wikipedia.org/wiki/List_of_jazz_violinists"
"Don \"Sugarcane\" Harris","[(1938–1999)] Don Francis Bowman \"Sugarcane\" Harris (June 18, 1938 – November 30, 1999) was an American rock and roll violinist and guitarist. He is considered a pioneer in the amplification of the violin. ","Don Francis Bowman Harris","","California","( 1938-06-18 ) June 18, 1938, Pasadena, California","November 30, 1999 (1999-11-30) (aged 61), Los Angeles, California","Rock and roll , R&B","Musician","Violin, guitar","1960s–1999","Specialty","Don and Dewey , Tupelo Chain Sex , Frank Zappa , Johnny Otis , John Mayall & the Bluesbreakers , Pure Food and Drug Act","","https://en.wikipedia.org/wiki/Don_\"Sugarcane\"_Harris","List of jazz violinists","https://en.wikipedia.org/wiki/List_of_jazz_violinists"
"Christian Howes","[(born 1972)] Christian Howes (born February 21, 1972) is an American violinist, teacher, and composer. He is an associate professor at the Berklee College of Music . He has worked with Les Paul  and Greg Osby . In 2011 the DownBeat magazine Critics' Poll ranked him the No. 1 Rising Star in violin. ","Christian Llewellyn Howes","","U.S.","( 1972-02-21 ) February 21, 1972 (age 49), Rocky River, Ohio , U.S.","","Jazz","Musician, teacher, composer","Violin, viola , bass, guitar","1990–present","Resonance","","","https://en.wikipedia.org/wiki/Christian_Howes_(American)","List of jazz violinists","https://en.wikipedia.org/wiki/List_of_jazz_violinists"
"Jason Kao Hwang","[(born 1957)] Jason Kao Hwang (born 1957) is a Chinese American violinist and composer. He is known for his unconventional and improvisational jazz violin technique as well as his chamber opera The Floating Box: A Story in Chinatown which premiered in 2001 and was released in 2005 on New World Records .  ","","","Illinois","1957  ( 1957 ), Lake Forest, Illinois","","","","","","","","","https://en.wikipedia.org/wiki/Jason_Kao_Hwang","List of jazz violinists","https://en.wikipedia.org/wiki/List_of_jazz_violinists"
"J","","","","","","","","","","","","","","","List of jazz violinists","https://en.wikipedia.org/wiki/List_of_jazz_violinists"
"Leroy Jenkins","[(1932–2007)] Leroy Jenkins (Chicago, March 11, 1932 – February 24, 2007, New York City) was an American composer and violinist/violist.","","","U.S.","( 1932-03-11 ) March 11, 1932, Chicago , Illinois, U.S.","February 24, 2007 (2007-02-24) (aged 74), New York City","Contemporary classical music , Avant-garde jazz","Composer, Musician","Violin , Viola","1960s–2007","India Navigation , Black Saint ; Pi Recordings ","AACM , Revolutionary Ensemble , Creative Construction Company","","https://en.wikipedia.org/wiki/Leroy_Jenkins_(jazz_musician)","List of jazz violinists","https://en.wikipedia.org/wiki/List_of_jazz_violinists"
"James Jones","[(born 1998)] James Jones may refer to:","","","","","","","","","","","","","https://en.wikipedia.org/wiki/James_Jones","List of jazz violinists","https://en.wikipedia.org/wiki/List_of_jazz_violinists"
"Volt Witchuporn Jingjit","[(born 1991)]","","","","","","","","","","","","","https://en.wikipedia.org/w/index.php?title=Volt_Witchuporn_Jingjit&amp;action=edit&amp;redlink=1","List of jazz violinists","https://en.wikipedia.org/wiki/List_of_jazz_violinists"
"K","","","","","","","","","","","","","","","List of jazz violinists","https://en.wikipedia.org/wiki/List_of_jazz_violinists"
"Carla Kihlstedt","[(born 1971)] Carla Kihlstedt (born 1971)  is an American composer, violinist, vocalist, and multi-instrumentalist, originally from Lancaster , Pennsylvania and currently working from a home studio on Cape Cod . ","","","U.S.","1971 (age 49–50) , Lancaster, Pennsylvania , U.S.","","Avant-garde , experimental , free improvisation , contemporary classical","Musician, composer","Violin, keyboards, vocals","1998–present","Tzadik , Twelve Cups, Intakt","Sleepytime Gorilla Museum , Tin Hat , Causing a Tiger , Charming Hostess , 2 Foot Yard , Stolen Babies , The Book of Knots , Cosa Brava , Rabbit Rabbit","","https://en.wikipedia.org/wiki/Carla_Kihlstedt","List of jazz violinists","https://en.wikipedia.org/wiki/List_of_jazz_violinists"
"Tim Kliphuis","[(born 1974)] Tim Kliphuis (born 30 September 1974 in Utrecht , Netherlands) is a Dutch violinist renowned for mixing gypsy jazz with classical and folk music.","","","Netherlands","( 1974-09-30 ) September 30, 1974, Utrecht , Netherlands","","Jazz , classical , folk","Musician","Violin","","","Rosenberg Trio , Fapy Lafertin , Netherlands Chamber Orchestra","","https://en.wikipedia.org/wiki/Tim_Kliphuis","List of jazz violinists","https://en.wikipedia.org/wiki/List_of_jazz_violinists"
"Ola Kvernberg","[(born 1981)] Ola Kvernberg (born 16 June 1981) is a Norwegian jazz musician known for his virtuosic string swing violin playing and his international performances. He is the son of traditional musicians Liv Rypdal Kvernberg and Torbjørn Kvernberg, and the brother of traditional musicians Kari Kvernberg Dajani and fiddler Jorun Marie Kvernberg ,  and grandson of the fiddler and traditional music composer Peter L. Rypdal . Kvernberg studied classical violin from the age of nine, and won 3rd prize in a great classical violin competition in Italy when he was fourteen.  ","","","Norway","( 1981-06-16 ) 16 June 1981 (age 40), Fræna , Møre og Romsdal , Norway","","Jazz","Musician, composer","Violin","","Jazzland","Liarbird, Ola Kvernberg Trio","","https://en.wikipedia.org/wiki/Ola_Kvernberg","List of jazz violinists","https://en.wikipedia.org/wiki/List_of_jazz_violinists"
"L","","","","","","","","","","","","","","","List of jazz violinists","https://en.wikipedia.org/wiki/List_of_jazz_violinists"
"Didier Lockwood","[(1956–2018)] Didier Lockwood (11 February 1956 – 18 February 2018) was a French jazz violinist . He played in the progressive rock / jazz fusion band Magma in the 1970s and was known for his use of electric amplification and experimentation on different sounds on the electric violin.   ","","","France","( 1956-02-11 ) 11 February 1956, Calais , France","18 February 2018 (2018-02-18) (aged 62), Paris , France","Jazz , progressive rock","Musician","Violin","","JMS , Gramavision , Dreyfus","Aldo Romano , Daniel Humair , Surya","","https://en.wikipedia.org/wiki/Didier_Lockwood","List of jazz violinists","https://en.wikipedia.org/wiki/List_of_jazz_violinists"
"M","","","","","","","","","","","","","","","List of jazz violinists","https://en.wikipedia.org/wiki/List_of_jazz_violinists"
"Yehudi Menuhin","[(1916–1999)] He performed for Allied soldiers during World War II and, accompanied on the piano by English composer Benjamin Britten , for the surviving inmates of a number of concentration camps in July 1945 after their liberation in April of the same year, most famously the Bergen-Belsen . He returned to Germany in 1947 to play concerto concerts with the Berlin Philharmonic under Wilhelm Furtwängler as an act of reconciliation, the first Jewish musician to do so in the wake of the Holocaust , saying to Jewish critics that he wanted to rehabilitate Germany's music and spirit.","","","","","","","","","","","","","https://en.wikipedia.org/wiki/Yehudi_Menuhin","List of jazz violinists","https://en.wikipedia.org/wiki/List_of_jazz_violinists"
"Manoj George","[(born 1971)] Manoj George is an Indian violinist and a music composer .  He performed as the conductor, string arranger, violinist and choral arranger for the album Winds of Samsara , which won the Grammy Award for the Best New Age Album in 2015.  He is reported to be the first Indian violinist recognized by the National Academy of Recording Arts and Sciences , The Grammys , United States and the first Malayali musician to receive the honour.  Manoj George has won several accolades for his Music Compositions including a nomination to HollyWood Music in Media awards and Silver Medal from Global Music Awards .","","","Olarikkara , Thrissur , Kerala, India","","","World fusion , Indian classical , Classical, Indian blues , Indo jazz , Blues , Indian folk music , Folk music","Music Director , Violinist , Music composer , Music Arranger","Violin","1987–present","","","","https://en.wikipedia.org/wiki/Manoj_George","List of jazz violinists","https://en.wikipedia.org/wiki/List_of_jazz_violinists"
"Mat Maneri","[( born 1969)] Mat Maneri (born October 4, 1969) is an American composer, violin, and viola player. He is the son of the saxophonist Joe Maneri  and Sonja Maneri.","","","U.S.","( 1969-10-04 ) October 4, 1969 (age 51), Brooklyn , New York, U.S.","","Avant-garde jazz","Musician","Violin, viola","1980s–present","ECM , Leo , Hathut","","","https://en.wikipedia.org/wiki/Mat_Maneri","List of jazz violinists","https://en.wikipedia.org/wiki/List_of_jazz_violinists"
"N","","","","","","","","","","","","","","","List of jazz violinists","https://en.wikipedia.org/wiki/List_of_jazz_violinists"
"Stephen Nachmanovitch"," Stephen Nachmanovitch is a musician, author, computer artist, and educator. He is an improvisational violinist, and writes and teaches about improvisation, creativity, and systems approaches in many fields of activity.","","","","","","","","","","","","","https://en.wikipedia.org/wiki/Stephen_Nachmanovitch","List of jazz violinists","https://en.wikipedia.org/wiki/List_of_jazz_violinists"
"Reiko Nakano"," Reiko Nakano is a violinist, founder of Strings by Reiko, and director of Sound Roads Music (music school).","","","Japan","1983 (age 37–38), Tokyo, Japan","","","","","","","","","https://en.wikipedia.org/wiki/Reiko_Nakano","List of jazz violinists","https://en.wikipedia.org/wiki/List_of_jazz_violinists"
"Ray Nance","[(1913–1976)] Ray Willis Nance (December 10, 1913, in Chicago – January 28, 1976, in New York City ) was a jazz trumpeter , violinist and singer. He is best remembered for his long association with Duke Ellington and his orchestra.","Ray Willis Nance","","Chicago, Illinois , United States","( 1913-12-10 ) December 10, 1913","January 28, 1976 (1976-01-28) (aged 62)","Jazz","Trumpeter , vocalist , violinist","Trumpet , vocals , violin","","","Duke Ellington","","https://en.wikipedia.org/wiki/Ray_Nance","List of jazz violinists","https://en.wikipedia.org/wiki/List_of_jazz_violinists"
"Florin Niculescu","[(born 1967)] Florin Niculescu (born February 8, 1967 in Bucharest ) is a Romanian violinist of Romani (Gypsy) ethnicity. ","","","","","","","","","","","","","https://en.wikipedia.org/wiki/Florin_Niculescu","List of jazz violinists","https://en.wikipedia.org/wiki/List_of_jazz_violinists"
"P","","","","","","","","","","","","","","","List of jazz violinists","https://en.wikipedia.org/wiki/List_of_jazz_violinists"
"Jimmy Palao","[(1879–1925)] James Palao (February 19, 1879 – January 8, 1925) was an American jazz musician.","","","United States","( 1879-02-19 ) February 19, 1879, Algiers, New Orleans , Louisiana, United States","January 8, 1925 (1925-01-08) (aged 45), Chicago, Illinois","Jazz","Instrumentalist, bandleader","Violin, saxophone, cornet , mellophone","1890s–1924","","William Manuel Johnson , Buddy Bolden , George Baquet","","https://en.wikipedia.org/wiki/Jimmy_Palao","List of jazz violinists","https://en.wikipedia.org/wiki/List_of_jazz_violinists"
"Dominique Pifarély","[(born 1957)] Dominique Pifarély (born 1957) is a French jazz violinist. He works in avant-garde jazz , but he has also worked in post-bop and other contexts.","","","France","1957 (age 63–64), Bègles , France","","Jazz","Musician, composer, music conductor","Violin","","ECM","Aki Takase La Planète , Celea-Couturier Group, La Bande A Badault, Louis Sclavis , Mike Westbrook , Multicolor Feeling Fanfare","","https://en.wikipedia.org/wiki/Dominique_Pifarély","List of jazz violinists","https://en.wikipedia.org/wiki/List_of_jazz_violinists"
"Noel Pointer","[(1954–1994)] Noel Pointer (December 26, 1954 – December 19, 1994) was an American jazz violinist and record producer , whose life inspired a music foundation.","","","U.S.","( 1954-12-26 ) December 26, 1954, Brooklyn, New York , U.S.","December 19, 1994 (1994-12-19) (aged 39), Brooklyn, New York , U.S.","Smooth jazz , post-disco","Musician","Violin","1967–1994","United Artists , Liberty","","","https://en.wikipedia.org/wiki/Noel_Pointer","List of jazz violinists","https://en.wikipedia.org/wiki/List_of_jazz_violinists"
"Jean-Luc Ponty","[(born 1942)] Jean-Luc Ponty (born 29 September 1942) is a French jazz violinist and composer.","","","France","( 1942-09-29 ) 29 September 1942 (age 78), Avranches , France","","Jazz , jazz fusion","Musician","Violin, electric violin","1958–present","Atlantic , Columbia , Blue Note , Prestige , Philips , Epic , Koch , Polygram , J.L.P. Productions","Mahavishnu Orchestra , The Mothers of Invention , Return to Forever","","https://en.wikipedia.org/wiki/Jean-Luc_Ponty","List of jazz violinists","https://en.wikipedia.org/wiki/List_of_jazz_violinists"
"Ari Poutiainen","[(born 1972)] Ari Poutiainen (born 1972 in Kaarlela, Finland ) is a Finnish contemporary jazz violinist , violist , composer , and researcher. He is famous for employing a rare, hybrid 5-string viola (both acoustic and electric) beside violin , his main instrument . He often plucks either instrument with his fingers while holding it like a guitar . This instrumental approach enables him to produce unconventional chords and sounds on violin and viola. ","","","","","","","","","","","","","https://en.wikipedia.org/wiki/Ari_Poutiainen","List of jazz violinists","https://en.wikipedia.org/wiki/List_of_jazz_violinists"
"Tobias Preisig","[(born 1981)] Tobias Preisig (born September 18, 1981, Zurich ) is a Swiss violinist and composer . His style can be described as alternative jazz or experimental improvised jazz. ","","","Switzerland","( 1981-09-18 ) 18 September 1981 (age 39), Zurich , Switzerland","","Jazz alternative","Musician","Violin","","Traumton, ObliqSound , Qilin","","","https://en.wikipedia.org/wiki/Tobias_Preisig","List of jazz violinists","https://en.wikipedia.org/wiki/List_of_jazz_violinists"
"Omar Puente","[(born 1961)] Omar Puente (born 1961)  is a Cuban -born violinist and jazz musician, currently living in England . He has been called \"a classical violinist with a heart that beats with a Cuban rhythm, a soul that is African, and a home in West Yorkshire\". ","","","","","","","","","","","","","https://en.wikipedia.org/wiki/Omar_Puente","List of jazz violinists","https://en.wikipedia.org/wiki/List_of_jazz_violinists"
"R","","","","","","","","","","","","","","","List of jazz violinists","https://en.wikipedia.org/wiki/List_of_jazz_violinists"
"Sonya Robinson","[(born 1959)] Sonya L. Robinson (born July 29, 1959) is an American musician and songwriter.","","","","( 1959-07-29 ) July 29, 1959 (age 61)","","","","","","","","","https://en.wikipedia.org/wiki/Sonya_Robinson","List of jazz violinists","https://en.wikipedia.org/wiki/List_of_jazz_violinists"
"S","","","","","","","","","","","","","","","List of jazz violinists","https://en.wikipedia.org/wiki/List_of_jazz_violinists"
"Randy Sabien","[(born 1956)] Randy Sabien ( / s ə ˈ b iː n / ; born September 26, 1956) is an American jazz violinist , composer, and music educator known for his live performances and numerous recordings, many of them on Flying Fish Records and Red House Records . At the age of 21 he founded and chaired the Jazz Strings department at Boston's Berklee College of Music and since 2009 has been the chair of the Strings department of McNally Smith College of Music .","","","United States","( 1956-09-26 ) September 26, 1956 (age 64), Fort Bragg, North Carolina , United States","","Jazz , folk , blues","Musician, record producer, music educator","Violin, mandolin , guitar, piano","","Fiddlehead Music","","","https://en.wikipedia.org/wiki/Randy_Sabien","List of jazz violinists","https://en.wikipedia.org/wiki/List_of_jazz_violinists"
"Jenny Scheinman"," Jenny Scheinman is a jazz violinist. She has produced several critically acclaimed solo albums, including 12 Songs , named one of the Top Ten Albums of 2005 by The New York Times . She has played with Linda Perry , Norah Jones , Nels Cline , Lou Reed , Ani Difranco , Bruce Cockburn , Aretha Franklin , Lucinda Williams , Bono , Bill Frisell , the Hot Club of San Francisco, and Allison Miller . ","","","U.S.","( 1973-05-17 ) 17 May 1973 (age 48), San Francisco , California, U.S.","","Jazz , country , folk","Musician, singer, songwriter, producer","Violin","","Avant , Tzadik , Cryptogramophone","","","https://en.wikipedia.org/wiki/Jenny_Scheinman","List of jazz violinists","https://en.wikipedia.org/wiki/List_of_jazz_violinists"
"Zbigniew Seifert","[(1946–1979)] Zbigniew Seifert (7 June 1946 – 15 February 1979) was a Polish jazz violinist .","","","Kraków , Poland","( 1946-06-07 ) 7 June 1946","15 February 1979 (1979-02-15) (aged 32)","Jazz","","","1970–1979","MPS , EMI , Capitol , Mood","Tomasz Stańko, Hans Koller, Janusz Muniak, Oregon","","https://en.wikipedia.org/wiki/Zbigniew_Seifert","List of jazz violinists","https://en.wikipedia.org/wiki/List_of_jazz_violinists"
"Stuff Smith","[(1909–1967)] Hezekiah Leroy Gordon Smith (August 14, 1909 – September 25, 1967), better known as Stuff Smith , was an American jazz violinist .  He is well known for the song \" If You're a Viper \" (the original title was \"You'se a Viper\").","Hezekiah Leroy Gordon Smith","","U.S.","( 1909-08-14 ) August 14, 1909, Portsmouth, Ohio , U.S.","( 1967-09-25 ) September 25, 1967 (aged 58), Munich , Germany","Jazz","Musician, singer","Violin","","","","","https://en.wikipedia.org/wiki/Stuff_Smith","List of jazz violinists","https://en.wikipedia.org/wiki/List_of_jazz_violinists"
"Ginger Smock","[(1920–1995)] Emma Smock (4 June 1920  –1995), better known as Ginger Smock ,   was a violinist , orchestra leader, and local Los Angeles television personality. She is perhaps best known from her recordings with the Vivien Garry Quintet, though other recordings have surfaced recently. In addition to her work in jazz and rhythm & blues , she performed with the All City Symphony Orchestra of Los Angeles. ","Emma Smock","","Los Angeles , California , United States","( 1920-06-04 ) 4 June 1920","1995 (aged 74–75)","Jazz","Violinist","Violin","","","Vivien Garry","","https://en.wikipedia.org/wiki/Ginger_Smock","List of jazz violinists","https://en.wikipedia.org/wiki/List_of_jazz_violinists"
"Dave Soldier","[(born 1956)] David Sulzer is an American neuroscientist and musician. He is a professor at Columbia University Medical Center in the Departments of Psychiatry , Neurology , and Pharmacology . Sulzer's lab investigates the interaction between the synapses of the cerebral cortex and the basal ganglia , including the dopamine system, in habit formation, planning, decision making, and diseases of the system. His lab has developed the first means to optically measure neurotransmission, and has introduced new hypotheses of neurodegeneration in Parkinson's disease, and changes in synapses that produce autism  and habit learning. ","","","Carbondale , Illinois , U.S.","( 1956-11-06 ) November 6, 1956 (age 64)","","Experimental music, worldbeat, classical music, alternative rock","Musician , composer","Violin, keyboards, guitar, banjo, electronics","1988-present","Mulatta, Newport Classic","Soldier String Quartet, The Kropotkins, Thai Elephant Orchestra, Soldier Kane, Manhattan Chamber Orchestra, John Cale","","https://en.wikipedia.org/wiki/Dave_Soldier","List of jazz violinists","https://en.wikipedia.org/wiki/List_of_jazz_violinists"
"Eddie South","[(1904–1962)] Edward Otha South (November 27, 1904 – April 25, 1962) was an American jazz violinist.","Edward Otha South","","U.S.","( 1904-11-27 ) November 27, 1904, Louisiana, Missouri , U.S.","April 25, 1962 (1962-04-25) (aged 57), Chicago, Illinois","Jazz","Musician","Violin","","","","","https://en.wikipedia.org/wiki/Eddie_South","List of jazz violinists","https://en.wikipedia.org/wiki/List_of_jazz_violinists"
"T","","","","","","","","","","","","","","","List of jazz violinists","https://en.wikipedia.org/wiki/List_of_jazz_violinists"
"Adam Taubitz","[(born 1967)] Adam Georg Taubitz (born 7 October 1967) is a German jazz and classical musician.  He is perhaps best known for his work with the Berlin Philharmonic Jazz Group, which he established in 1999,  and with the Aura Quartett. ","Adam Georg Taubitz","","Poland","( 1967-10-07 ) 7 October 1967 (age 53), Chorzów , Upper Silesia , Poland","","Jazz , jazz fusion , classical","Musician","Violin , trumpet , flugelhorn , guitar","","TCB Records, EMI , Enja","","","https://en.wikipedia.org/wiki/Adam_Taubitz","List of jazz violinists","https://en.wikipedia.org/wiki/List_of_jazz_violinists"
"Scott Tixier","[(born 1986)] Scott Tixier (born February 26, 1986) is a French jazz violinist and professor of jazz violin at the University of North Texas . ","","","France","( 1986-02-26 ) February 26, 1986, Montreuil , France","","Jazz","Musician","Violin","2002–present","Sunnyside","Stevie Wonder , Elton John , Kenny Barron , Roger Waters , Pedrito Martinez , Anthony Braxton","","https://en.wikipedia.org/wiki/Scott_Tixier","List of jazz violinists","https://en.wikipedia.org/wiki/List_of_jazz_violinists"
"Mads Tolling","[(born 1980)] Mads Tolling (born July 5, 1980)  is a Danish-American violinist, violist, composer and two-time Grammy Award-Winner.","","","Denmark","( 1980-07-05 ) July 5, 1980 (age 40), Copenhagen , Denmark","","Classical , jazz","","Violin , viola","2003–present","","Mads Tolling Quartet, Mads Tolling & The Mads Men, Turtle Island Quartet , Stanley Clarke","","https://en.wikipedia.org/wiki/Mads_Tolling","List of jazz violinists","https://en.wikipedia.org/wiki/List_of_jazz_violinists"
"U","","","","","","","","","","","","","","","List of jazz violinists","https://en.wikipedia.org/wiki/List_of_jazz_violinists"
"Michał Urbaniak","[(born 1943)] Michał Urbaniak (born January 22, 1943) is a Polish jazz musician who plays violin , lyricon , and saxophone . His music includes elements of folk music , rhythm and blues , hip hop , and symphonic music .","","","Poland","( 1943-01-22 ) 22 January 1943 (age 78), Warsaw , Poland","","Jazz , jazz fusion , funk , hip hop","Musician","Violin , lyricon , saxophone","","Ubx","Urbanator, Miles Davis , UrbSymphony","","https://en.wikipedia.org/wiki/Michał_Urbaniak","List of jazz violinists","https://en.wikipedia.org/wiki/List_of_jazz_violinists"
"V","","","","","","","","","","","","","","","List of jazz violinists","https://en.wikipedia.org/wiki/List_of_jazz_violinists"
"Joe Venuti","[(1903–1978)] Giuseppe \" Joe \" Venuti (September 16, 1903    – August 14, 1978) was an American jazz musician and pioneer jazz violinist.","Giuseppe Venuti","","Pennsylvania","( 1903-09-16 ) September 16, 1903, Philadelphia, Pennsylvania","August 14, 1978 (1978-08-14) (aged 74), Seattle, Washington","Jazz","Musician","Violin","","Columbia , Okeh , Decca , Tempo , Chiaroscuro Everest","Eddie Lang , Benny Goodman , Dorsey Brothers , Bing Crosby , Bix Beiderbecke , Jack Teagarden , Boswell Sisters , Zoot Sims","","https://en.wikipedia.org/wiki/Joe_Venuti","List of jazz violinists","https://en.wikipedia.org/wiki/List_of_jazz_violinists"
"W","","","","","","","","","","","","","","","List of jazz violinists","https://en.wikipedia.org/wiki/List_of_jazz_violinists"
"Michel Warlop","[(1911–1947)] Michel Maurice Armand Warlop (23 January 1911 – 6 March 1947) was a French classical and jazz violinist professionally active from 1929 to 1947.","","","","","","","","","","","","","https://en.wikipedia.org/wiki/Michel_Warlop","List of jazz violinists","https://en.wikipedia.org/wiki/List_of_jazz_violinists"
"Noel Webb","[(born 1958)] Noel Webb is an American rock/jazz violinist , musical score composer, actor, and voice-over artist. He is also considered one of the first American rock violinists and electric violinists. ","","","","","","","","","","","","","https://en.wikipedia.org/wiki/Noel_Webb_(musician)","List of jazz violinists","https://en.wikipedia.org/wiki/List_of_jazz_violinists"
"Michael White","[(1930–2016)] Michael Walter White (24 May 1930 – 6 December 2016) was an American jazz violinist .  ","","","","","","","","","","","","","https://en.wikipedia.org/wiki/Michael_White_(violinist)","List of jazz violinists","https://en.wikipedia.org/wiki/List_of_jazz_violinists"
"Claude Williams","[(1908–2004)] Claude \"Fiddler\" Williams (February 22, 1908 – April 26, 2004) was an American jazz violinist and guitarist who recorded and performed into his 90s. He was the first guitarist to record with Count Basie and the first musician to be inducted into the Oklahoma Jazz Hall of Fame. ","Claude Gabriel Williams","","Oklahoma","( 1908-02-22 ) February 22, 1908, Muskogee, Oklahoma","April 26, 2004 (2004-04-26) (aged 96), Kansas City, Missouri","Jazz","Musician","Violin, guitar, Mandolin, Bass","1927–2000","SteepleChase , Arhoolie , Progressive , Black & Blue","Andy Kirk , Jay McShann","","https://en.wikipedia.org/wiki/Claude_Williams_(musician)","List of jazz violinists","https://en.wikipedia.org/wiki/List_of_jazz_violinists"
"Samuel \"Savoirfaire\" Williams","[(from Chicago)] Samuel \"Savoirfaire\" Williams is a classically-trained, American jazz violinist from Chicago.","","","","","","","","","","","","","https://en.wikipedia.org/wiki/Samuel_\"Savoirfaire\"_Williams","List of jazz violinists","https://en.wikipedia.org/wiki/List_of_jazz_violinists"
"Bob Wills","[(1905–1975)] James Robert Wills (March 6, 1905 – May 13, 1975) was an American Western swing musician, songwriter, and bandleader. Considered by music authorities as the co-founder of Western swing,    he was known widely as the King of Western Swing (although Spade Cooley self-promoted the moniker \"King of Western Swing\" from 1942 to 1969).","James Robert Wills","\"King of Western Swing\"","U.S.","( 1905-03-06 ) March 6, 1905, Kosse, Texas , U.S.","May 13, 1975 (1975-05-13) (aged 70), Fort Worth, Texas , U.S.","Western swing","","","1929‒1973","Vocalion , OKeh , Columbia , MGM , Liberty","The Strangers , Light Crust Doughboys , Texas Playboys","","https://en.wikipedia.org/wiki/Bob_Wills","List of jazz violinists","https://en.wikipedia.org/wiki/List_of_jazz_violinists"
"Z","","","","","","","","","","","","","","","List of jazz violinists","https://en.wikipedia.org/wiki/List_of_jazz_violinists"
"Helmut Zacharius","[(1920–2002)] Helmut Zacharias (27 January 1920 – 28 February 2002) was a German violinist and composer who created over 400 works and sold 14 million records. He also appeared in a number of films, usually playing musicians.  ","","Charly Thomas ","Germany","( 1920-01-27 ) 27 January 1920, Berlin, Germany","28 February 2002 (2002-02-28) (aged 82), Brissago , Switzerland","Classical , swing , jazz","Musician","Violin","1931–1990s","Lindström-Electrola, EMI","","","https://en.wikipedia.org/wiki/Helmut_Zacharias","List of jazz violinists","https://en.wikipedia.org/wiki/List_of_jazz_violinists"
